document_id,project_id,document_type,vendor_name,category,extracted_amount_inr,sanctioned_amount_inr,consistency_score,mismatch_flag,file_name
DOC0000001,PRJ000001,PURCHASE_BILL,ProSport Infrastructure & Turf Solutions,SPORTS_FACILITY,4560000.0,4560000.0,96.4,False,Purchase_Bill_PRJ000001.pdf
DOC0000002,PRJ000001,UTILIZATION_CERTIFICATE,Mumbai Municipal Corporation Infrastructure Cell,SPORTS_FACILITY,4560000.0,4560000.0,95.5,False,Utilization_Certificate_PRJ000001.pdf
DOC0000003,PRJ000002,PURCHASE_BILL,Speedway Repair & Resurfacing Contractors,ROAD_REPAIR,920000.0,920000.0,97.3,False,Purchase_Bill_PRJ000002.pdf
DOC0000004,PRJ000002,UTILIZATION_CERTIFICATE,Mumbai Municipal Corporation Infrastructure Cell,ROAD_REPAIR,465520.0,920000.0,99.1,False,Utilization_Certificate_PRJ000002.pdf
DOC0000005,PRJ000003,PURCHASE_BILL,National Civic Infrastructure Developers,COMMUNITY_HALL,4710000.0,4710000.0,97.0,False,Purchase_Bill_PRJ000003.pdf
DOC0000006,PRJ000003,UTILIZATION_CERTIFICATE,Thane District Rural Development Agency (DRDA),COMMUNITY_HALL,135348.1,4710000.0,96.7,False,Utilization_Certificate_PRJ000003.pdf
DOC0000007,PRJ000004,PURCHASE_BILL,CleanWater Sanitation & Drainage Works Pvt Ltd,SANITATION,1650000.0,1650000.0,94.4,False,Purchase_Bill_PRJ000004.pdf
DOC0000008,PRJ000004,UTILIZATION_CERTIFICATE,Thane District Rural Development Agency (DRDA),SANITATION,1509188.7,1650000.0,90.8,False,Utilization_Certificate_PRJ000004.pdf
DOC0000009,PRJ000005,PURCHASE_BILL,SwachhBharat Sanitation Infra Ltd,PUBLIC_TOILET,7990000.0,7990000.0,97.6,False,Purchase_Bill_PRJ000005.pdf
DOC0000010,PRJ000005,UTILIZATION_CERTIFICATE,Darjeeling Public Works Department (PWD),PUBLIC_TOILET,6008480.0,7990000.0,93.8,False,Utilization_Certificate_PRJ000005.pdf
DOC0000011,PRJ000006,PURCHASE_BILL,SwachhBharat Sanitation Infra Ltd,PUBLIC_TOILET,1140000.0,1140000.0,95.9,False,Purchase_Bill_PRJ000006.pdf
DOC0000012,PRJ000006,UTILIZATION_CERTIFICATE,Darjeeling Public Works Department (PWD),PUBLIC_TOILET,1140000.0,1140000.0,91.6,False,Utilization_Certificate_PRJ000006.pdf
DOC0000013,PRJ000007,PURCHASE_BILL,CleanWater Sanitation & Drainage Works Pvt Ltd,SANITATION,7800000.0,7800000.0,96.1,False,Purchase_Bill_PRJ000007.pdf
DOC0000014,PRJ000007,UTILIZATION_CERTIFICATE,Kolkata District Rural Development Agency (DRDA),SANITATION,5857800.0,7800000.0,99.0,False,Utilization_Certificate_PRJ000007.pdf
DOC0000015,PRJ000008,PURCHASE_BILL,SwachhBharat Sanitation Infra Ltd,PUBLIC_TOILET,1850000.0,1850000.0,95.7,False,Purchase_Bill_PRJ000008.pdf
DOC0000016,PRJ000008,UTILIZATION_CERTIFICATE,Kolkata District Rural Development Agency (DRDA),PUBLIC_TOILET,2257000.0,1850000.0,98.4,False,Utilization_Certificate_PRJ000008.pdf
DOC0000017,PRJ000009,PURCHASE_BILL,SunPower Renewable Energy Systems,SOLAR_ENERGY,5000000.0,5000000.0,91.8,False,Purchase_Bill_PRJ000009.pdf
DOC0000018,PRJ000009,UTILIZATION_CERTIFICATE,Madurai District Rural Development Agency (DRDA),SOLAR_ENERGY,5950000.0,5000000.0,96.2,False,Utilization_Certificate_PRJ000009.pdf
DOC0000019,PRJ000010,PURCHASE_BILL,Speedway Repair & Resurfacing Contractors,ROAD_REPAIR,4240000.0,4240000.0,88.8,False,Purchase_Bill_PRJ000010.pdf
DOC0000020,PRJ000010,UTILIZATION_CERTIFICATE,Madurai District Rural Development Agency (DRDA),ROAD_REPAIR,5300000.0,4240000.0,97.8,False,Utilization_Certificate_PRJ000010.pdf
DOC0000021,PRJ000011,PURCHASE_BILL,ProSport Infrastructure & Turf Solutions,SPORTS_FACILITY,1760000.0,1760000.0,96.6,False,Purchase_Bill_PRJ000011.pdf
DOC0000022,PRJ000011,UTILIZATION_CERTIFICATE,Raipur District Rural Development Agency (DRDA),SPORTS_FACILITY,1760000.0,1760000.0,94.0,False,Utilization_Certificate_PRJ000011.pdf
DOC0000023,PRJ000012,PURCHASE_BILL,MedTech Healthcare Infrastructure Ltd,HEALTHCARE,6190000.0,6190000.0,89.3,False,Purchase_Bill_PRJ000012.pdf
DOC0000024,PRJ000012,UTILIZATION_CERTIFICATE,Bhilai Municipal Corporation Infrastructure Cell,HEALTHCARE,2092220.0,6190000.0,92.7,False,Utilization_Certificate_PRJ000012.pdf
DOC0000025,PRJ000013,PURCHASE_BILL,SunPower Renewable Energy Systems,SOLAR_ENERGY,2260000.0,2260000.0,88.2,False,Purchase_Bill_PRJ000013.pdf
DOC0000026,PRJ000013,UTILIZATION_CERTIFICATE,Bengaluru Municipal Corporation Infrastructure Cell,SOLAR_ENERGY,845240.0,2260000.0,97.2,False,Utilization_Certificate_PRJ000013.pdf
DOC0000027,PRJ000014,PURCHASE_BILL,Speedway Repair & Resurfacing Contractors,ROAD_REPAIR,7310000.0,7310000.0,95.2,False,Purchase_Bill_PRJ000014.pdf
DOC0000028,PRJ000014,UTILIZATION_CERTIFICATE,Hubballi State Water Supply & Sanitation Board (WSSB),ROAD_REPAIR,3479560.0,7310000.0,90.1,False,Utilization_Certificate_PRJ000014.pdf
DOC0000029,PRJ000015,PURCHASE_BILL,MedTech Healthcare Infrastructure Ltd,HEALTHCARE,3610000.0,3610000.0,94.6,False,Purchase_Bill_PRJ000015.pdf
DOC0000030,PRJ000015,UTILIZATION_CERTIFICATE,Udaipur District Rural Development Agency (DRDA),HEALTHCARE,3034745.0,3610000.0,99.4,False,Utilization_Certificate_PRJ000015.pdf
DOC0000031,PRJ000016,PURCHASE_BILL,SunPower Renewable Energy Systems,SOLAR_ENERGY,5170000.0,5170000.0,89.6,False,Purchase_Bill_PRJ000016.pdf
DOC0000032,PRJ000016,UTILIZATION_CERTIFICATE,Udaipur Municipal Corporation Infrastructure Cell,SOLAR_ENERGY,3877500.0,5170000.0,99.7,False,Utilization_Certificate_PRJ000016.pdf
DOC0000033,PRJ000017,PURCHASE_BILL,UrbanDrain Civil Engineering Co,DRAINAGE,1130000.0,1130000.0,90.7,False,Purchase_Bill_PRJ000017.pdf
DOC0000034,PRJ000017,UTILIZATION_CERTIFICATE,Udaipur Municipal Corporation Infrastructure Cell,DRAINAGE,508500.0,1130000.0,94.2,False,Utilization_Certificate_PRJ000017.pdf
DOC0000035,PRJ000018,PURCHASE_BILL,MedTech Healthcare Infrastructure Ltd,HEALTHCARE,2240000.0,2240000.0,96.8,False,Purchase_Bill_PRJ000018.pdf
DOC0000036,PRJ000018,UTILIZATION_CERTIFICATE,Udaipur District Rural Development Agency (DRDA),HEALTHCARE,3180800.0,2240000.0,98.4,False,Utilization_Certificate_PRJ000018.pdf
DOC0000037,PRJ000019,PURCHASE_BILL,Speedway Repair & Resurfacing Contractors,ROAD_REPAIR,2400000.0,2400000.0,91.0,False,Purchase_Bill_PRJ000019.pdf
DOC0000038,PRJ000019,UTILIZATION_CERTIFICATE,Kolkata Municipal Corporation Infrastructure Cell,ROAD_REPAIR,2400000.0,2400000.0,95.8,False,Utilization_Certificate_PRJ000019.pdf
DOC0000039,PRJ000020,PURCHASE_BILL,National Civic Infrastructure Developers,COMMUNITY_HALL,7860000.0,7860000.0,94.6,False,Purchase_Bill_PRJ000020.pdf
DOC0000040,PRJ000020,UTILIZATION_CERTIFICATE,Kolkata Municipal Corporation Infrastructure Cell,COMMUNITY_HALL,3537000.0,7860000.0,93.6,False,Utilization_Certificate_PRJ000020.pdf
DOC0000041,PRJ000021,PURCHASE_BILL,SwachhBharat Sanitation Infra Ltd,PUBLIC_TOILET,5230000.0,5230000.0,95.9,False,Purchase_Bill_PRJ000021.pdf
DOC0000042,PRJ000021,UTILIZATION_CERTIFICATE,Aurangabad State Water Supply & Sanitation Board (WSSB),PUBLIC_TOILET,107128.74,5230000.0,92.7,False,Utilization_Certificate_PRJ000021.pdf
DOC0000043,PRJ000022,PURCHASE_BILL,BridgeTech Structures Pvt Ltd,BRIDGE,6800000.0,6800000.0,94.1,False,Purchase_Bill_PRJ000022.pdf
DOC0000044,PRJ000022,UTILIZATION_CERTIFICATE,Thane District Rural Development Agency (DRDA),BRIDGE,5759873.69,6800000.0,97.0,False,Utilization_Certificate_PRJ000022.pdf
DOC0000045,PRJ000023,PURCHASE_BILL,BridgeTech Structures Pvt Ltd,BRIDGE,6510000.0,6510000.0,94.9,False,Purchase_Bill_PRJ000023.pdf
DOC0000046,PRJ000023,UTILIZATION_CERTIFICATE,Darjeeling Public Works Department (PWD),BRIDGE,4882500.0,6510000.0,91.3,False,Utilization_Certificate_PRJ000023.pdf
DOC0000047,PRJ000024,PURCHASE_BILL,MedTech Healthcare Infrastructure Ltd,HEALTHCARE,5600000.0,5600000.0,96.9,False,Purchase_Bill_PRJ000024.pdf
DOC0000048,PRJ000024,UTILIZATION_CERTIFICATE,Kolkata District Rural Development Agency (DRDA),HEALTHCARE,4440800.0,5600000.0,90.9,False,Utilization_Certificate_PRJ000024.pdf
DOC0000049,PRJ000025,PURCHASE_BILL,Speedway Repair & Resurfacing Contractors,ROAD_REPAIR,1590000.0,1590000.0,95.0,False,Purchase_Bill_PRJ000025.pdf
DOC0000050,PRJ000025,UTILIZATION_CERTIFICATE,Kolkata Municipal Corporation Infrastructure Cell,ROAD_REPAIR,325950.0,1590000.0,98.2,False,Utilization_Certificate_PRJ000025.pdf
DOC0000051,PRJ000026,PURCHASE_BILL,ProSport Infrastructure & Turf Solutions,SPORTS_FACILITY,7020000.0,7020000.0,97.7,False,Purchase_Bill_PRJ000026.pdf
DOC0000052,PRJ000026,UTILIZATION_CERTIFICATE,Ujjain District Rural Development Agency (DRDA),SPORTS_FACILITY,9968400.0,7020000.0,92.1,False,Utilization_Certificate_PRJ000026.pdf
DOC0000053,PRJ000027,PURCHASE_BILL,MedTech Healthcare Infrastructure Ltd,HEALTHCARE,6920000.0,6920000.0,94.1,False,Purchase_Bill_PRJ000027.pdf
DOC0000054,PRJ000027,UTILIZATION_CERTIFICATE,Gwalior State Water Supply & Sanitation Board (WSSB),HEALTHCARE,3114000.0,6920000.0,90.9,False,Utilization_Certificate_PRJ000027.pdf
DOC0000055,PRJ000028,PURCHASE_BILL,Apex Infracon & Highway Contractors,ROAD_CONSTRUCTION,3150000.0,3150000.0,97.8,False,Purchase_Bill_PRJ000028.pdf
DOC0000056,PRJ000028,UTILIZATION_CERTIFICATE,Gwalior Public Works Department (PWD),ROAD_CONSTRUCTION,1045800.0,3150000.0,90.3,False,Utilization_Certificate_PRJ000028.pdf
DOC0000057,PRJ000029,PURCHASE_BILL,MedTech Healthcare Infrastructure Ltd,HEALTHCARE,6040000.0,6040000.0,97.8,False,Purchase_Bill_PRJ000029.pdf
DOC0000058,PRJ000029,UTILIZATION_CERTIFICATE,Sagar Municipal Corporation Infrastructure Cell,HEALTHCARE,4530000.0,6040000.0,91.1,False,Utilization_Certificate_PRJ000029.pdf
DOC0000059,PRJ000030,PURCHASE_BILL,SwachhBharat Sanitation Infra Ltd,PUBLIC_TOILET,5060000.0,5060000.0,92.6,False,Purchase_Bill_PRJ000030.pdf
DOC0000060,PRJ000030,UTILIZATION_CERTIFICATE,Ujjain District Rural Development Agency (DRDA),PUBLIC_TOILET,7235800.0,5060000.0,93.5,False,Utilization_Certificate_PRJ000030.pdf
DOC0000061,PRJ000031,PURCHASE_BILL,ProSport Infrastructure & Turf Solutions,SPORTS_FACILITY,2730000.0,2730000.0,96.0,False,Purchase_Bill_PRJ000031.pdf
DOC0000062,PRJ000031,UTILIZATION_CERTIFICATE,Sagar Municipal Corporation Infrastructure Cell,SPORTS_FACILITY,99322.52,2730000.0,99.6,False,Utilization_Certificate_PRJ000031.pdf
DOC0000063,PRJ000032,PURCHASE_BILL,SmartTransit Urban Infra Solutions,BUS_SHELTER,1510000.0,1510000.0,97.7,False,Purchase_Bill_PRJ000032.pdf
DOC0000064,PRJ000032,UTILIZATION_CERTIFICATE,Sagar Municipal Corporation Infrastructure Cell,BUS_SHELTER,466590.0,1510000.0,97.5,False,Utilization_Certificate_PRJ000032.pdf
DOC0000065,PRJ000033,PURCHASE_BILL,BridgeTech Structures Pvt Ltd,BRIDGE,2320000.0,2320000.0,88.4,False,Purchase_Bill_PRJ000033.pdf
DOC0000066,PRJ000033,UTILIZATION_CERTIFICATE,Hubballi State Water Supply & Sanitation Board (WSSB),BRIDGE,1067200.0,2320000.0,92.5,False,Utilization_Certificate_PRJ000033.pdf
DOC0000067,PRJ000034,PURCHASE_BILL,MedTech Healthcare Infrastructure Ltd,HEALTHCARE,4930000.0,4930000.0,95.8,False,Purchase_Bill_PRJ000034.pdf
DOC0000068,PRJ000034,UTILIZATION_CERTIFICATE,Hubballi State Water Supply & Sanitation Board (WSSB),HEALTHCARE,3697500.0,4930000.0,92.9,False,Utilization_Certificate_PRJ000034.pdf
DOC0000069,PRJ000035,PURCHASE_BILL,CleanWater Sanitation & Drainage Works Pvt Ltd,SANITATION,3150000.0,3150000.0,93.5,False,Purchase_Bill_PRJ000035.pdf
DOC0000070,PRJ000035,UTILIZATION_CERTIFICATE,Mysuru District Rural Development Agency (DRDA),SANITATION,2566179.05,3150000.0,94.6,False,Utilization_Certificate_PRJ000035.pdf
DOC0000071,PRJ000036,PURCHASE_BILL,ProSport Infrastructure & Turf Solutions,SPORTS_FACILITY,3510000.0,3510000.0,97.1,False,Purchase_Bill_PRJ000036.pdf
DOC0000072,PRJ000036,UTILIZATION_CERTIFICATE,Hubballi State Water Supply & Sanitation Board (WSSB),SPORTS_FACILITY,2632500.0,3510000.0,90.8,False,Utilization_Certificate_PRJ000036.pdf
DOC0000073,PRJ000037,PURCHASE_BILL,MedTech Healthcare Infrastructure Ltd,HEALTHCARE,7250000.0,7250000.0,96.4,False,Purchase_Bill_PRJ000037.pdf
DOC0000074,PRJ000037,UTILIZATION_CERTIFICATE,Bengaluru Public Works Department (PWD),HEALTHCARE,3262500.0,7250000.0,95.2,False,Utilization_Certificate_PRJ000037.pdf
DOC0000075,PRJ000038,PURCHASE_BILL,AquaPure Water Systems & Drilling Corp,WATER_SUPPLY,850000.0,850000.0,94.5,False,Purchase_Bill_PRJ000038.pdf
DOC0000076,PRJ000038,UTILIZATION_CERTIFICATE,Hubballi State Water Supply & Sanitation Board (WSSB),WATER_SUPPLY,382500.0,850000.0,94.7,False,Utilization_Certificate_PRJ000038.pdf
DOC0000077,PRJ000039,PURCHASE_BILL,TechLine IT & Lab Equipment Solutions Pvt Ltd,SCHOOL_INFRASTRUCTURE,4610000.0,4610000.0,91.9,False,Purchase_Bill_PRJ000039.pdf
DOC0000078,PRJ000039,UTILIZATION_CERTIFICATE,Varanasi District Rural Development Agency (DRDA),SCHOOL_INFRASTRUCTURE,6315700.0,4610000.0,90.9,False,Utilization_Certificate_PRJ000039.pdf
DOC0000079,PRJ000040,PURCHASE_BILL,AquaPure Water Systems & Drilling Corp,WATER_SUPPLY,3810000.0,3810000.0,90.8,False,Purchase_Bill_PRJ000040.pdf
DOC0000080,PRJ000040,UTILIZATION_CERTIFICATE,Varanasi Public Works Department (PWD),WATER_SUPPLY,1169670.0,3810000.0,96.5,False,Utilization_Certificate_PRJ000040.pdf
DOC0000081,PRJ000041,PURCHASE_BILL,MedTech Healthcare Infrastructure Ltd,HEALTHCARE,6110000.0,6110000.0,96.0,False,Purchase_Bill_PRJ000041.pdf
DOC0000082,PRJ000041,UTILIZATION_CERTIFICATE,Varanasi Public Works Department (PWD),HEALTHCARE,4490850.0,6110000.0,91.8,False,Utilization_Certificate_PRJ000041.pdf
DOC0000083,PRJ000042,PURCHASE_BILL,SwachhBharat Sanitation Infra Ltd,PUBLIC_TOILET,1170000.0,1170000.0,95.4,False,Purchase_Bill_PRJ000042.pdf
DOC0000084,PRJ000042,UTILIZATION_CERTIFICATE,Varanasi State Water Supply & Sanitation Board (WSSB),PUBLIC_TOILET,744120.0,1170000.0,95.9,False,Utilization_Certificate_PRJ000042.pdf
DOC0000085,PRJ000043,PURCHASE_BILL,Paramount Multi-Sector Construction Ltd,ROAD_CONSTRUCTION,7580000.0,7580000.0,97.7,False,Purchase_Bill_PRJ000043.pdf
DOC0000086,PRJ000043,UTILIZATION_CERTIFICATE,Kolkata District Rural Development Agency (DRDA),ROAD_CONSTRUCTION,3774840.0,7580000.0,93.4,False,Utilization_Certificate_PRJ000043.pdf
DOC0000087,PRJ000044,PURCHASE_BILL,BridgeTech Structures Pvt Ltd,BRIDGE,1230000.0,1230000.0,88.7,False,Purchase_Bill_PRJ000044.pdf
DOC0000088,PRJ000044,UTILIZATION_CERTIFICATE,Kolkata District Rural Development Agency (DRDA),BRIDGE,1881900.0,1230000.0,90.0,False,Utilization_Certificate_PRJ000044.pdf
DOC0000089,PRJ000045,PURCHASE_BILL,SwachhBharat Sanitation Infra Ltd,PUBLIC_TOILET,650000.0,650000.0,89.0,False,Purchase_Bill_PRJ000045.pdf
DOC0000090,PRJ000045,UTILIZATION_CERTIFICATE,Kolkata Municipal Corporation Infrastructure Cell,PUBLIC_TOILET,291200.0,650000.0,98.3,False,Utilization_Certificate_PRJ000045.pdf
DOC0000091,PRJ000046,PURCHASE_BILL,UrbanDrain Civil Engineering Co,DRAINAGE,6270000.0,6270000.0,89.0,False,Purchase_Bill_PRJ000046.pdf
DOC0000092,PRJ000046,UTILIZATION_CERTIFICATE,Siliguri State Water Supply & Sanitation Board (WSSB),DRAINAGE,257714.26,6270000.0,95.5,False,Utilization_Certificate_PRJ000046.pdf
DOC0000093,PRJ000047,PURCHASE_BILL,Apex Infracon & Highway Contractors,ROAD_CONSTRUCTION,2190000.0,2190000.0,94.4,False,Purchase_Bill_PRJ000047.pdf
DOC0000094,PRJ000047,UTILIZATION_CERTIFICATE,Manali State Water Supply & Sanitation Board (WSSB),ROAD_CONSTRUCTION,985500.0,2190000.0,93.9,False,Utilization_Certificate_PRJ000047.pdf
DOC0000095,PRJ000048,PURCHASE_BILL,Paramount Multi-Sector Construction Ltd,BUS_SHELTER,4540000.0,4540000.0,88.4,False,Purchase_Bill_PRJ000048.pdf
DOC0000096,PRJ000048,UTILIZATION_CERTIFICATE,Mandi District Rural Development Agency (DRDA),BUS_SHELTER,1266660.0,4540000.0,96.2,False,Utilization_Certificate_PRJ000048.pdf
DOC0000097,PRJ000049,PURCHASE_BILL,Apex Infracon & Highway Contractors,ROAD_CONSTRUCTION,4811362.38,3840000.0,58.9,True,Purchase_Bill_PRJ000049.pdf
DOC0000098,PRJ000049,UTILIZATION_CERTIFICATE,Mandi District Rural Development Agency (DRDA),ROAD_CONSTRUCTION,1532160.0,3840000.0,95.6,False,Utilization_Certificate_PRJ000049.pdf
DOC0000099,PRJ000050,PURCHASE_BILL,Paramount Multi-Sector Construction Ltd,ROAD_CONSTRUCTION,7110000.0,7110000.0,91.5,False,Purchase_Bill_PRJ000050.pdf
DOC0000100,PRJ000050,UTILIZATION_CERTIFICATE,Amritsar District Rural Development Agency (DRDA),ROAD_CONSTRUCTION,3128400.0,7110000.0,93.9,False,Utilization_Certificate_PRJ000050.pdf
DOC0000101,PRJ000051,PURCHASE_BILL,Apex Infracon & Highway Contractors,ROAD_CONSTRUCTION,3410000.0,3410000.0,96.7,False,Purchase_Bill_PRJ000051.pdf
DOC0000102,PRJ000051,UTILIZATION_CERTIFICATE,Amritsar District Rural Development Agency (DRDA),ROAD_CONSTRUCTION,5217300.0,3410000.0,90.3,False,Utilization_Certificate_PRJ000051.pdf
DOC0000103,PRJ000052,PURCHASE_BILL,Apex Infracon & Highway Contractors,ROAD_CONSTRUCTION,3450000.0,3450000.0,90.2,False,Purchase_Bill_PRJ000052.pdf
DOC0000104,PRJ000052,UTILIZATION_CERTIFICATE,Amritsar District Rural Development Agency (DRDA),ROAD_CONSTRUCTION,4692000.0,3450000.0,91.2,False,Utilization_Certificate_PRJ000052.pdf
DOC0000105,PRJ000053,PURCHASE_BILL,SmartTransit Urban Infra Solutions,BUS_SHELTER,7110000.0,7110000.0,91.4,False,Purchase_Bill_PRJ000053.pdf
DOC0000106,PRJ000053,UTILIZATION_CERTIFICATE,Amritsar District Rural Development Agency (DRDA),BUS_SHELTER,8816400.0,7110000.0,91.5,False,Utilization_Certificate_PRJ000053.pdf
DOC0000107,PRJ000054,PURCHASE_BILL,Speedway Repair & Resurfacing Contractors,ROAD_REPAIR,6700000.0,6700000.0,91.5,False,Purchase_Bill_PRJ000054.pdf
DOC0000108,PRJ000054,UTILIZATION_CERTIFICATE,Amritsar District Rural Development Agency (DRDA),ROAD_REPAIR,6051329.54,6700000.0,91.5,False,Utilization_Certificate_PRJ000054.pdf
DOC0000109,PRJ000055,PURCHASE_BILL,TechLine IT & Lab Equipment Solutions Pvt Ltd,SCHOOL_INFRASTRUCTURE,1180000.0,1180000.0,91.5,False,Purchase_Bill_PRJ000055.pdf
DOC0000110,PRJ000055,UTILIZATION_CERTIFICATE,Kolkata District Rural Development Agency (DRDA),SCHOOL_INFRASTRUCTURE,885000.0,1180000.0,91.0,False,Utilization_Certificate_PRJ000055.pdf
DOC0000111,PRJ000056,PURCHASE_BILL,AquaPure Water Systems & Drilling Corp,WATER_SUPPLY,2420000.0,2420000.0,89.4,False,Purchase_Bill_PRJ000056.pdf
DOC0000112,PRJ000056,UTILIZATION_CERTIFICATE,Darjeeling Public Works Department (PWD),WATER_SUPPLY,1151920.0,2420000.0,96.1,False,Utilization_Certificate_PRJ000056.pdf
DOC0000113,PRJ000057,PURCHASE_BILL,CleanWater Sanitation & Drainage Works Pvt Ltd,SANITATION,3240000.0,3240000.0,92.3,False,Purchase_Bill_PRJ000057.pdf
DOC0000114,PRJ000057,UTILIZATION_CERTIFICATE,Kolkata District Rural Development Agency (DRDA),SANITATION,2430000.0,3240000.0,96.1,False,Utilization_Certificate_PRJ000057.pdf
DOC0000115,PRJ000058,PURCHASE_BILL,SmartTransit Urban Infra Solutions,BUS_SHELTER,4460000.0,4460000.0,95.4,False,Purchase_Bill_PRJ000058.pdf
DOC0000116,PRJ000058,UTILIZATION_CERTIFICATE,Kolkata District Rural Development Agency (DRDA),BUS_SHELTER,2007000.0,4460000.0,98.7,False,Utilization_Certificate_PRJ000058.pdf
DOC0000117,PRJ000059,PURCHASE_BILL,Apex Infracon & Highway Contractors,ROAD_CONSTRUCTION,1720000.0,1720000.0,90.0,False,Purchase_Bill_PRJ000059.pdf
DOC0000118,PRJ000059,UTILIZATION_CERTIFICATE,Kolkata District Rural Development Agency (DRDA),ROAD_CONSTRUCTION,1440250.66,1720000.0,95.9,False,Utilization_Certificate_PRJ000059.pdf
DOC0000119,PRJ000060,PURCHASE_BILL,BridgeTech Structures Pvt Ltd,BRIDGE,5350000.0,5350000.0,97.9,False,Purchase_Bill_PRJ000060.pdf
DOC0000120,PRJ000060,UTILIZATION_CERTIFICATE,Patna State Water Supply & Sanitation Board (WSSB),BRIDGE,2407500.0,5350000.0,97.6,False,Utilization_Certificate_PRJ000060.pdf
DOC0000121,PRJ000061,PURCHASE_BILL,UrbanDrain Civil Engineering Co,DRAINAGE,3190000.0,3190000.0,92.7,False,Purchase_Bill_PRJ000061.pdf
DOC0000122,PRJ000061,UTILIZATION_CERTIFICATE,Muzaffarpur District Rural Development Agency (DRDA),DRAINAGE,2855309.65,3190000.0,96.0,False,Utilization_Certificate_PRJ000061.pdf
DOC0000123,PRJ000062,PURCHASE_BILL,BridgeTech Structures Pvt Ltd,BRIDGE,1370000.0,1370000.0,88.8,False,Purchase_Bill_PRJ000062.pdf
DOC0000124,PRJ000062,UTILIZATION_CERTIFICATE,Bhagalpur Public Works Department (PWD),BRIDGE,34252.21,1370000.0,91.8,False,Utilization_Certificate_PRJ000062.pdf
DOC0000125,PRJ000063,PURCHASE_BILL,BridgeTech Structures Pvt Ltd,BRIDGE,1270000.0,1270000.0,89.2,False,Purchase_Bill_PRJ000063.pdf
DOC0000126,PRJ000063,UTILIZATION_CERTIFICATE,Muzaffarpur District Rural Development Agency (DRDA),BRIDGE,1778000.0,1270000.0,100.0,False,Utilization_Certificate_PRJ000063.pdf
DOC0000127,PRJ000064,PURCHASE_BILL,Paramount Multi-Sector Construction Ltd,SPORTS_FACILITY,5910000.0,5910000.0,96.6,False,Purchase_Bill_PRJ000064.pdf
DOC0000128,PRJ000064,UTILIZATION_CERTIFICATE,Guntur District Rural Development Agency (DRDA),SPORTS_FACILITY,1962120.0,5910000.0,94.1,False,Utilization_Certificate_PRJ000064.pdf
DOC0000129,PRJ000065,PURCHASE_BILL,SunPower Renewable Energy Systems,SOLAR_ENERGY,2431594.81,1930000.0,55.7,True,Purchase_Bill_PRJ000065.pdf
DOC0000130,PRJ000065,UTILIZATION_CERTIFICATE,Visakhapatnam State Water Supply & Sanitation Board (WSSB),SOLAR_ENERGY,627250.0,1930000.0,90.5,False,Utilization_Certificate_PRJ000065.pdf
DOC0000131,PRJ000066,PURCHASE_BILL,SmartTransit Urban Infra Solutions,BUS_SHELTER,6380000.0,6380000.0,92.6,False,Purchase_Bill_PRJ000066.pdf
DOC0000132,PRJ000066,UTILIZATION_CERTIFICATE,Ujjain District Rural Development Agency (DRDA),BUS_SHELTER,4580840.0,6380000.0,96.2,False,Utilization_Certificate_PRJ000066.pdf
DOC0000133,PRJ000067,PURCHASE_BILL,Apex Infracon & Highway Contractors,ROAD_CONSTRUCTION,730000.0,730000.0,91.7,False,Purchase_Bill_PRJ000067.pdf
DOC0000134,PRJ000067,UTILIZATION_CERTIFICATE,Sagar Municipal Corporation Infrastructure Cell,ROAD_CONSTRUCTION,547500.0,730000.0,96.7,False,Utilization_Certificate_PRJ000067.pdf
DOC0000135,PRJ000068,PURCHASE_BILL,CleanWater Sanitation & Drainage Works Pvt Ltd,SANITATION,1200000.0,1200000.0,91.5,False,Purchase_Bill_PRJ000068.pdf
DOC0000136,PRJ000068,UTILIZATION_CERTIFICATE,Sagar Municipal Corporation Infrastructure Cell,SANITATION,883200.0,1200000.0,97.8,False,Utilization_Certificate_PRJ000068.pdf
DOC0000137,PRJ000069,PURCHASE_BILL,MedTech Healthcare Infrastructure Ltd,HEALTHCARE,5620000.0,5620000.0,92.7,False,Purchase_Bill_PRJ000069.pdf
DOC0000138,PRJ000069,UTILIZATION_CERTIFICATE,Sagar Municipal Corporation Infrastructure Cell,HEALTHCARE,2450320.0,5620000.0,99.1,False,Utilization_Certificate_PRJ000069.pdf
DOC0000139,PRJ000070,PURCHASE_BILL,SmartTransit Urban Infra Solutions,BUS_SHELTER,7920000.0,7920000.0,89.5,False,Purchase_Bill_PRJ000070.pdf
DOC0000140,PRJ000070,UTILIZATION_CERTIFICATE,Gwalior Public Works Department (PWD),BUS_SHELTER,363842.41,7920000.0,94.5,False,Utilization_Certificate_PRJ000070.pdf
DOC0000141,PRJ000071,PURCHASE_BILL,Apex Infracon & Highway Contractors,ROAD_CONSTRUCTION,1040000.0,1040000.0,96.3,False,Purchase_Bill_PRJ000071.pdf
DOC0000142,PRJ000071,UTILIZATION_CERTIFICATE,Durg State Water Supply & Sanitation Board (WSSB),ROAD_CONSTRUCTION,1040000.0,1040000.0,99.3,False,Utilization_Certificate_PRJ000071.pdf
DOC0000143,PRJ000072,PURCHASE_BILL,Paramount Multi-Sector Construction Ltd,SANITATION,5410000.0,5410000.0,91.2,False,Purchase_Bill_PRJ000072.pdf
DOC0000144,PRJ000072,UTILIZATION_CERTIFICATE,Raipur District Rural Development Agency (DRDA),SANITATION,1130690.0,5410000.0,92.5,False,Utilization_Certificate_PRJ000072.pdf
DOC0000145,PRJ000073,PURCHASE_BILL,Speedway Repair & Resurfacing Contractors,ROAD_REPAIR,820000.0,820000.0,94.3,False,Purchase_Bill_PRJ000073.pdf
DOC0000146,PRJ000073,UTILIZATION_CERTIFICATE,Muzaffarpur District Rural Development Agency (DRDA),ROAD_REPAIR,369000.0,820000.0,93.4,False,Utilization_Certificate_PRJ000073.pdf
DOC0000147,PRJ000074,PURCHASE_BILL,Paramount Multi-Sector Construction Ltd,SOLAR_ENERGY,4660000.0,4660000.0,94.5,False,Purchase_Bill_PRJ000074.pdf
DOC0000148,PRJ000074,UTILIZATION_CERTIFICATE,Muzaffarpur District Rural Development Agency (DRDA),SOLAR_ENERGY,2045740.0,4660000.0,97.6,False,Utilization_Certificate_PRJ000074.pdf
DOC0000149,PRJ000075,PURCHASE_BILL,Paramount Multi-Sector Construction Ltd,WATER_SUPPLY,890000.0,890000.0,94.5,False,Purchase_Bill_PRJ000075.pdf
DOC0000150,PRJ000075,UTILIZATION_CERTIFICATE,Muzaffarpur District Rural Development Agency (DRDA),WATER_SUPPLY,217160.0,890000.0,93.6,False,Utilization_Certificate_PRJ000075.pdf
DOC0000151,PRJ000076,PURCHASE_BILL,TechLine IT & Lab Equipment Solutions Pvt Ltd,SCHOOL_INFRASTRUCTURE,5340000.0,5340000.0,93.3,False,Purchase_Bill_PRJ000076.pdf
DOC0000152,PRJ000076,UTILIZATION_CERTIFICATE,Muzaffarpur District Rural Development Agency (DRDA),SCHOOL_INFRASTRUCTURE,4384140.0,5340000.0,93.5,False,Utilization_Certificate_PRJ000076.pdf
DOC0000153,PRJ000077,PURCHASE_BILL,National Civic Infrastructure Developers,COMMUNITY_HALL,2292241.95,1850000.0,67.9,True,Purchase_Bill_PRJ000077.pdf
DOC0000154,PRJ000077,UTILIZATION_CERTIFICATE,Patna Municipal Corporation Infrastructure Cell,COMMUNITY_HALL,682650.0,1850000.0,98.7,False,Utilization_Certificate_PRJ000077.pdf
DOC0000155,PRJ000078,PURCHASE_BILL,CleanWater Sanitation & Drainage Works Pvt Ltd,SANITATION,4620000.0,4620000.0,95.2,False,Purchase_Bill_PRJ000078.pdf
DOC0000156,PRJ000078,UTILIZATION_CERTIFICATE,Guntur Municipal Corporation Infrastructure Cell,SANITATION,4620000.0,4620000.0,92.3,False,Utilization_Certificate_PRJ000078.pdf
DOC0000157,PRJ000079,PURCHASE_BILL,CleanWater Sanitation & Drainage Works Pvt Ltd,SANITATION,3910000.0,3910000.0,90.8,False,Purchase_Bill_PRJ000079.pdf
DOC0000158,PRJ000079,UTILIZATION_CERTIFICATE,Guntur District Rural Development Agency (DRDA),SANITATION,5982300.0,3910000.0,98.9,False,Utilization_Certificate_PRJ000079.pdf
DOC0000159,PRJ000080,PURCHASE_BILL,UrbanDrain Civil Engineering Co,DRAINAGE,7170000.0,7170000.0,89.2,False,Purchase_Bill_PRJ000080.pdf
DOC0000160,PRJ000080,UTILIZATION_CERTIFICATE,Visakhapatnam State Water Supply & Sanitation Board (WSSB),DRAINAGE,5377500.0,7170000.0,90.6,False,Utilization_Certificate_PRJ000080.pdf
DOC0000161,PRJ000081,PURCHASE_BILL,MedTech Healthcare Infrastructure Ltd,HEALTHCARE,7620000.0,7620000.0,97.3,False,Purchase_Bill_PRJ000081.pdf
DOC0000162,PRJ000081,UTILIZATION_CERTIFICATE,Guntur Municipal Corporation Infrastructure Cell,HEALTHCARE,5715000.0,7620000.0,97.8,False,Utilization_Certificate_PRJ000081.pdf
DOC0000163,PRJ000082,PURCHASE_BILL,CleanWater Sanitation & Drainage Works Pvt Ltd,SANITATION,6250000.0,6250000.0,94.2,False,Purchase_Bill_PRJ000082.pdf
DOC0000164,PRJ000082,UTILIZATION_CERTIFICATE,Tirupati Public Works Department (PWD),SANITATION,4687500.0,6250000.0,94.0,False,Utilization_Certificate_PRJ000082.pdf
DOC0000165,PRJ000083,PURCHASE_BILL,BridgeTech Structures Pvt Ltd,BRIDGE,7850000.0,7850000.0,88.5,False,Purchase_Bill_PRJ000083.pdf
DOC0000166,PRJ000083,UTILIZATION_CERTIFICATE,Kollam Public Works Department (PWD),BRIDGE,7850000.0,7850000.0,90.2,False,Utilization_Certificate_PRJ000083.pdf
DOC0000167,PRJ000084,PURCHASE_BILL,TechLine IT & Lab Equipment Solutions Pvt Ltd,SCHOOL_INFRASTRUCTURE,4200000.0,4200000.0,93.3,False,Purchase_Bill_PRJ000084.pdf
DOC0000168,PRJ000084,UTILIZATION_CERTIFICATE,Alappuzha District Rural Development Agency (DRDA),SCHOOL_INFRASTRUCTURE,4200000.0,4200000.0,95.0,False,Utilization_Certificate_PRJ000084.pdf
DOC0000169,PRJ000085,PURCHASE_BILL,BridgeTech Structures Pvt Ltd,BRIDGE,7750000.0,7750000.0,88.8,False,Purchase_Bill_PRJ000085.pdf
DOC0000170,PRJ000085,UTILIZATION_CERTIFICATE,Varanasi State Water Supply & Sanitation Board (WSSB),BRIDGE,5812500.0,7750000.0,91.9,False,Utilization_Certificate_PRJ000085.pdf
DOC0000171,PRJ000086,PURCHASE_BILL,Apex Infracon & Highway Contractors,ROAD_CONSTRUCTION,6870000.0,6870000.0,97.6,False,Purchase_Bill_PRJ000086.pdf
DOC0000172,PRJ000086,UTILIZATION_CERTIFICATE,Varanasi Public Works Department (PWD),ROAD_CONSTRUCTION,394952.48,6870000.0,98.8,False,Utilization_Certificate_PRJ000086.pdf
DOC0000173,PRJ000087,PURCHASE_BILL,Paramount Multi-Sector Construction Ltd,DRAINAGE,1840000.0,1840000.0,95.0,False,Purchase_Bill_PRJ000087.pdf
DOC0000174,PRJ000087,UTILIZATION_CERTIFICATE,Varanasi District Rural Development Agency (DRDA),DRAINAGE,391920.0,1840000.0,97.8,False,Utilization_Certificate_PRJ000087.pdf
DOC0000175,PRJ000088,PURCHASE_BILL,ProSport Infrastructure & Turf Solutions,SPORTS_FACILITY,6990000.0,6990000.0,93.1,False,Purchase_Bill_PRJ000088.pdf
DOC0000176,PRJ000088,UTILIZATION_CERTIFICATE,Varanasi District Rural Development Agency (DRDA),SPORTS_FACILITY,10065600.0,6990000.0,97.3,False,Utilization_Certificate_PRJ000088.pdf
DOC0000177,PRJ000089,PURCHASE_BILL,Apex Infracon & Highway Contractors,ROAD_CONSTRUCTION,7920000.0,7920000.0,93.8,False,Purchase_Bill_PRJ000089.pdf
DOC0000178,PRJ000089,UTILIZATION_CERTIFICATE,Varanasi District Rural Development Agency (DRDA),ROAD_CONSTRUCTION,2217600.0,7920000.0,98.8,False,Utilization_Certificate_PRJ000089.pdf
DOC0000179,PRJ000090,PURCHASE_BILL,CleanWater Sanitation & Drainage Works Pvt Ltd,SANITATION,6680000.0,6680000.0,97.7,False,Purchase_Bill_PRJ000090.pdf
DOC0000180,PRJ000090,UTILIZATION_CERTIFICATE,Patna State Water Supply & Sanitation Board (WSSB),SANITATION,3006000.0,6680000.0,98.2,False,Utilization_Certificate_PRJ000090.pdf
DOC0000181,PRJ000091,PURCHASE_BILL,TechLine IT & Lab Equipment Solutions Pvt Ltd,SCHOOL_INFRASTRUCTURE,7910000.0,7910000.0,89.2,False,Purchase_Bill_PRJ000091.pdf
DOC0000182,PRJ000091,UTILIZATION_CERTIFICATE,Muzaffarpur District Rural Development Agency (DRDA),SCHOOL_INFRASTRUCTURE,2586570.0,7910000.0,98.9,False,Utilization_Certificate_PRJ000091.pdf
DOC0000183,PRJ000092,PURCHASE_BILL,National Civic Infrastructure Developers,COMMUNITY_HALL,3838562.17,3470000.0,71.5,True,Purchase_Bill_PRJ000092.pdf
DOC0000184,PRJ000092,UTILIZATION_CERTIFICATE,Durg State Water Supply & Sanitation Board (WSSB),COMMUNITY_HALL,1821750.0,3470000.0,90.1,False,Utilization_Certificate_PRJ000092.pdf
DOC0000185,PRJ000093,PURCHASE_BILL,BridgeTech Structures Pvt Ltd,BRIDGE,1660000.0,1660000.0,97.4,False,Purchase_Bill_PRJ000093.pdf
DOC0000186,PRJ000093,UTILIZATION_CERTIFICATE,Bhilai Municipal Corporation Infrastructure Cell,BRIDGE,747000.0,1660000.0,96.9,False,Utilization_Certificate_PRJ000093.pdf
DOC0000187,PRJ000094,PURCHASE_BILL,AquaPure Water Systems & Drilling Corp,WATER_SUPPLY,3240000.0,3240000.0,93.5,False,Purchase_Bill_PRJ000094.pdf
DOC0000188,PRJ000094,UTILIZATION_CERTIFICATE,Raipur District Rural Development Agency (DRDA),WATER_SUPPLY,2843656.77,3240000.0,90.1,False,Utilization_Certificate_PRJ000094.pdf
DOC0000189,PRJ000095,PURCHASE_BILL,Paramount Multi-Sector Construction Ltd,SOLAR_ENERGY,910000.0,910000.0,91.8,False,Purchase_Bill_PRJ000095.pdf
DOC0000190,PRJ000095,UTILIZATION_CERTIFICATE,Amritsar District Rural Development Agency (DRDA),SOLAR_ENERGY,244790.0,910000.0,93.6,False,Utilization_Certificate_PRJ000095.pdf
DOC0000191,PRJ000096,PURCHASE_BILL,BridgeTech Structures Pvt Ltd,BRIDGE,4440000.0,4440000.0,93.9,False,Purchase_Bill_PRJ000096.pdf
DOC0000192,PRJ000096,UTILIZATION_CERTIFICATE,Chandigarh State Water Supply & Sanitation Board (WSSB),BRIDGE,198690.9,4440000.0,96.3,False,Utilization_Certificate_PRJ000096.pdf
DOC0000193,PRJ000097,PURCHASE_BILL,TechLine IT & Lab Equipment Solutions Pvt Ltd,SCHOOL_INFRASTRUCTURE,960000.0,960000.0,97.0,False,Purchase_Bill_PRJ000097.pdf
DOC0000194,PRJ000097,UTILIZATION_CERTIFICATE,Hubballi State Water Supply & Sanitation Board (WSSB),SCHOOL_INFRASTRUCTURE,19837.03,960000.0,92.0,False,Utilization_Certificate_PRJ000097.pdf
DOC0000195,PRJ000098,PURCHASE_BILL,Apex Infracon & Highway Contractors,ROAD_CONSTRUCTION,7030000.0,7030000.0,97.8,False,Purchase_Bill_PRJ000098.pdf
DOC0000196,PRJ000098,UTILIZATION_CERTIFICATE,Hubballi State Water Supply & Sanitation Board (WSSB),ROAD_CONSTRUCTION,2326930.0,7030000.0,90.5,False,Utilization_Certificate_PRJ000098.pdf
DOC0000197,PRJ000099,PURCHASE_BILL,Apex Infracon & Highway Contractors,ROAD_CONSTRUCTION,1040000.0,1040000.0,91.4,False,Purchase_Bill_PRJ000099.pdf
DOC0000198,PRJ000099,UTILIZATION_CERTIFICATE,Hubballi State Water Supply & Sanitation Board (WSSB),ROAD_CONSTRUCTION,55087.71,1040000.0,93.7,False,Utilization_Certificate_PRJ000099.pdf
DOC0000199,PRJ000100,PURCHASE_BILL,SwachhBharat Sanitation Infra Ltd,PUBLIC_TOILET,1310000.0,1310000.0,89.6,False,Purchase_Bill_PRJ000100.pdf
DOC0000200,PRJ000100,UTILIZATION_CERTIFICATE,Sopore District Rural Development Agency (DRDA),PUBLIC_TOILET,1044070.0,1310000.0,93.5,False,Utilization_Certificate_PRJ000100.pdf
DOC0000201,PRJ000101,PURCHASE_BILL,MedTech Healthcare Infrastructure Ltd,HEALTHCARE,1130000.0,1130000.0,89.2,False,Purchase_Bill_PRJ000101.pdf
DOC0000202,PRJ000101,UTILIZATION_CERTIFICATE,Leh Public Works Department (PWD),HEALTHCARE,48122.37,1130000.0,90.2,False,Utilization_Certificate_PRJ000101.pdf
DOC0000203,PRJ000102,PURCHASE_BILL,SwachhBharat Sanitation Infra Ltd,PUBLIC_TOILET,6030000.0,6030000.0,97.4,False,Purchase_Bill_PRJ000102.pdf
DOC0000204,PRJ000102,UTILIZATION_CERTIFICATE,Sopore State Water Supply & Sanitation Board (WSSB),PUBLIC_TOILET,301376.87,6030000.0,97.0,False,Utilization_Certificate_PRJ000102.pdf
DOC0000205,PRJ000103,PURCHASE_BILL,ProSport Infrastructure & Turf Solutions,SPORTS_FACILITY,4170000.0,4170000.0,91.0,False,Purchase_Bill_PRJ000103.pdf
DOC0000206,PRJ000103,UTILIZATION_CERTIFICATE,Sopore District Rural Development Agency (DRDA),SPORTS_FACILITY,1876500.0,4170000.0,91.7,False,Utilization_Certificate_PRJ000103.pdf
DOC0000207,PRJ000104,PURCHASE_BILL,National Civic Infrastructure Developers,COMMUNITY_HALL,2420000.0,2420000.0,96.1,False,Purchase_Bill_PRJ000104.pdf
DOC0000208,PRJ000104,UTILIZATION_CERTIFICATE,Sopore District Rural Development Agency (DRDA),COMMUNITY_HALL,2420000.0,2420000.0,98.5,False,Utilization_Certificate_PRJ000104.pdf
DOC0000209,PRJ000105,PURCHASE_BILL,CleanWater Sanitation & Drainage Works Pvt Ltd,SANITATION,3530000.0,3530000.0,91.9,False,Purchase_Bill_PRJ000105.pdf
DOC0000210,PRJ000105,UTILIZATION_CERTIFICATE,Mysuru District Rural Development Agency (DRDA),SANITATION,3213935.05,3530000.0,90.5,False,Utilization_Certificate_PRJ000105.pdf
DOC0000211,PRJ000106,PURCHASE_BILL,SunPower Renewable Energy Systems,SOLAR_ENERGY,3230000.0,3230000.0,90.0,False,Purchase_Bill_PRJ000106.pdf
DOC0000212,PRJ000106,UTILIZATION_CERTIFICATE,Hubballi State Water Supply & Sanitation Board (WSSB),SOLAR_ENERGY,746130.0,3230000.0,94.7,False,Utilization_Certificate_PRJ000106.pdf
DOC0000213,PRJ000107,PURCHASE_BILL,ProSport Infrastructure & Turf Solutions,SPORTS_FACILITY,3980000.0,3980000.0,96.1,False,Purchase_Bill_PRJ000107.pdf
DOC0000214,PRJ000107,UTILIZATION_CERTIFICATE,Hubballi State Water Supply & Sanitation Board (WSSB),SPORTS_FACILITY,1524340.0,3980000.0,90.4,False,Utilization_Certificate_PRJ000107.pdf
DOC0000215,PRJ000108,PURCHASE_BILL,Apex Infracon & Highway Contractors,ROAD_CONSTRUCTION,4550000.0,4550000.0,91.9,False,Purchase_Bill_PRJ000108.pdf
DOC0000216,PRJ000108,UTILIZATION_CERTIFICATE,Hubballi State Water Supply & Sanitation Board (WSSB),ROAD_CONSTRUCTION,2061150.0,4550000.0,95.9,False,Utilization_Certificate_PRJ000108.pdf
DOC0000217,PRJ000109,PURCHASE_BILL,National Civic Infrastructure Developers,COMMUNITY_HALL,4600000.0,4600000.0,89.8,False,Purchase_Bill_PRJ000109.pdf
DOC0000218,PRJ000109,UTILIZATION_CERTIFICATE,Bengaluru Municipal Corporation Infrastructure Cell,COMMUNITY_HALL,1053400.0,4600000.0,95.8,False,Utilization_Certificate_PRJ000109.pdf
DOC0000219,PRJ000110,PURCHASE_BILL,National Civic Infrastructure Developers,COMMUNITY_HALL,1160000.0,1160000.0,96.1,False,Purchase_Bill_PRJ000110.pdf
DOC0000220,PRJ000110,UTILIZATION_CERTIFICATE,Varanasi State Water Supply & Sanitation Board (WSSB),COMMUNITY_HALL,539400.0,1160000.0,91.7,False,Utilization_Certificate_PRJ000110.pdf
DOC0000221,PRJ000111,PURCHASE_BILL,AquaPure Water Systems & Drilling Corp,WATER_SUPPLY,7690000.0,7690000.0,95.3,False,Purchase_Bill_PRJ000111.pdf
DOC0000222,PRJ000111,UTILIZATION_CERTIFICATE,Varanasi State Water Supply & Sanitation Board (WSSB),WATER_SUPPLY,197051.29,7690000.0,98.1,False,Utilization_Certificate_PRJ000111.pdf
DOC0000223,PRJ000112,PURCHASE_BILL,CleanWater Sanitation & Drainage Works Pvt Ltd,SANITATION,6320000.0,6320000.0,95.0,False,Purchase_Bill_PRJ000112.pdf
DOC0000224,PRJ000112,UTILIZATION_CERTIFICATE,Varanasi State Water Supply & Sanitation Board (WSSB),SANITATION,2376320.0,6320000.0,99.0,False,Utilization_Certificate_PRJ000112.pdf
DOC0000225,PRJ000113,PURCHASE_BILL,UrbanDrain Civil Engineering Co,DRAINAGE,5740000.0,5740000.0,97.8,False,Purchase_Bill_PRJ000113.pdf
DOC0000226,PRJ000113,UTILIZATION_CERTIFICATE,Varanasi Public Works Department (PWD),DRAINAGE,5740000.0,5740000.0,93.9,False,Utilization_Certificate_PRJ000113.pdf
DOC0000227,PRJ000114,PURCHASE_BILL,MedTech Healthcare Infrastructure Ltd,HEALTHCARE,5127925.23,4490000.0,55.7,True,Purchase_Bill_PRJ000114.pdf
DOC0000228,PRJ000114,UTILIZATION_CERTIFICATE,Varanasi Public Works Department (PWD),HEALTHCARE,2330310.0,4490000.0,94.2,False,Utilization_Certificate_PRJ000114.pdf
DOC0000229,PRJ000115,PURCHASE_BILL,MedTech Healthcare Infrastructure Ltd,HEALTHCARE,7720000.0,7720000.0,96.9,False,Purchase_Bill_PRJ000115.pdf
DOC0000230,PRJ000115,UTILIZATION_CERTIFICATE,Mysuru District Rural Development Agency (DRDA),HEALTHCARE,7720000.0,7720000.0,96.7,False,Utilization_Certificate_PRJ000115.pdf
DOC0000231,PRJ000116,PURCHASE_BILL,Speedway Repair & Resurfacing Contractors,ROAD_REPAIR,920000.0,920000.0,93.0,False,Purchase_Bill_PRJ000116.pdf
DOC0000232,PRJ000116,UTILIZATION_CERTIFICATE,Mysuru District Rural Development Agency (DRDA),ROAD_REPAIR,920000.0,920000.0,94.7,False,Utilization_Certificate_PRJ000116.pdf
DOC0000233,PRJ000117,PURCHASE_BILL,UrbanDrain Civil Engineering Co,DRAINAGE,1630000.0,1630000.0,88.7,False,Purchase_Bill_PRJ000117.pdf
DOC0000234,PRJ000117,UTILIZATION_CERTIFICATE,Bengaluru Municipal Corporation Infrastructure Cell,DRAINAGE,1273030.0,1630000.0,92.9,False,Utilization_Certificate_PRJ000117.pdf
DOC0000235,PRJ000118,PURCHASE_BILL,National Civic Infrastructure Developers,COMMUNITY_HALL,6790000.0,6790000.0,95.1,False,Purchase_Bill_PRJ000118.pdf
DOC0000236,PRJ000118,UTILIZATION_CERTIFICATE,Mumbai Municipal Corporation Infrastructure Cell,COMMUNITY_HALL,6790000.0,6790000.0,93.2,False,Utilization_Certificate_PRJ000118.pdf
DOC0000237,PRJ000119,PURCHASE_BILL,CleanWater Sanitation & Drainage Works Pvt Ltd,SANITATION,2050000.0,2050000.0,95.1,False,Purchase_Bill_PRJ000119.pdf
DOC0000238,PRJ000119,UTILIZATION_CERTIFICATE,Thane Public Works Department (PWD),SANITATION,58719.79,2050000.0,92.0,False,Utilization_Certificate_PRJ000119.pdf
DOC0000239,PRJ000120,PURCHASE_BILL,Paramount Multi-Sector Construction Ltd,DRAINAGE,5070000.0,5070000.0,95.1,False,Purchase_Bill_PRJ000120.pdf
DOC0000240,PRJ000120,UTILIZATION_CERTIFICATE,Thane District Rural Development Agency (DRDA),DRAINAGE,2413320.0,5070000.0,99.1,False,Utilization_Certificate_PRJ000120.pdf
DOC0000241,PRJ000121,PURCHASE_BILL,Paramount Multi-Sector Construction Ltd,SOLAR_ENERGY,2810000.0,2810000.0,94.7,False,Purchase_Bill_PRJ000121.pdf
DOC0000242,PRJ000121,UTILIZATION_CERTIFICATE,Thane District Rural Development Agency (DRDA),SOLAR_ENERGY,649110.0,2810000.0,96.2,False,Utilization_Certificate_PRJ000121.pdf
DOC0000243,PRJ000122,PURCHASE_BILL,ProSport Infrastructure & Turf Solutions,SPORTS_FACILITY,2680000.0,2680000.0,96.4,False,Purchase_Bill_PRJ000122.pdf
DOC0000244,PRJ000122,UTILIZATION_CERTIFICATE,Bengaluru Municipal Corporation Infrastructure Cell,SPORTS_FACILITY,1206000.0,2680000.0,95.5,False,Utilization_Certificate_PRJ000122.pdf
DOC0000245,PRJ000123,PURCHASE_BILL,SwachhBharat Sanitation Infra Ltd,PUBLIC_TOILET,2370000.0,2370000.0,90.2,False,Purchase_Bill_PRJ000123.pdf
DOC0000246,PRJ000123,UTILIZATION_CERTIFICATE,Bengaluru Municipal Corporation Infrastructure Cell,PUBLIC_TOILET,2370000.0,2370000.0,93.8,False,Utilization_Certificate_PRJ000123.pdf
DOC0000247,PRJ000124,PURCHASE_BILL,SmartTransit Urban Infra Solutions,BUS_SHELTER,3630000.0,3630000.0,97.0,False,Purchase_Bill_PRJ000124.pdf
DOC0000248,PRJ000124,UTILIZATION_CERTIFICATE,Bengaluru Public Works Department (PWD),BUS_SHELTER,3630000.0,3630000.0,95.1,False,Utilization_Certificate_PRJ000124.pdf
DOC0000249,PRJ000125,PURCHASE_BILL,SmartTransit Urban Infra Solutions,BUS_SHELTER,6000000.0,6000000.0,95.6,False,Purchase_Bill_PRJ000125.pdf
DOC0000250,PRJ000125,UTILIZATION_CERTIFICATE,Dehradun District Rural Development Agency (DRDA),BUS_SHELTER,8160000.0,6000000.0,91.8,False,Utilization_Certificate_PRJ000125.pdf
DOC0000251,PRJ000126,PURCHASE_BILL,CleanWater Sanitation & Drainage Works Pvt Ltd,SANITATION,5790000.0,5790000.0,95.9,False,Purchase_Bill_PRJ000126.pdf
DOC0000252,PRJ000126,UTILIZATION_CERTIFICATE,Haridwar State Water Supply & Sanitation Board (WSSB),SANITATION,5790000.0,5790000.0,90.2,False,Utilization_Certificate_PRJ000126.pdf
DOC0000253,PRJ000127,PURCHASE_BILL,SmartTransit Urban Infra Solutions,BUS_SHELTER,5340000.0,5340000.0,94.1,False,Purchase_Bill_PRJ000127.pdf
DOC0000254,PRJ000127,UTILIZATION_CERTIFICATE,Haridwar State Water Supply & Sanitation Board (WSSB),BUS_SHELTER,3310800.0,5340000.0,99.1,False,Utilization_Certificate_PRJ000127.pdf
DOC0000255,PRJ000128,PURCHASE_BILL,CleanWater Sanitation & Drainage Works Pvt Ltd,SANITATION,3950000.0,3950000.0,93.7,False,Purchase_Bill_PRJ000128.pdf
DOC0000256,PRJ000128,UTILIZATION_CERTIFICATE,Dehradun Municipal Corporation Infrastructure Cell,SANITATION,2520100.0,3950000.0,95.4,False,Utilization_Certificate_PRJ000128.pdf
DOC0000257,PRJ000129,PURCHASE_BILL,BridgeTech Structures Pvt Ltd,BRIDGE,6700000.0,6700000.0,94.1,False,Purchase_Bill_PRJ000129.pdf
DOC0000258,PRJ000129,UTILIZATION_CERTIFICATE,Gandhinagar State Water Supply & Sanitation Board (WSSB),BRIDGE,6700000.0,6700000.0,93.1,False,Utilization_Certificate_PRJ000129.pdf
DOC0000259,PRJ000130,PURCHASE_BILL,Apex Infracon & Highway Contractors,ROAD_CONSTRUCTION,7630000.0,7630000.0,92.4,False,Purchase_Bill_PRJ000130.pdf
DOC0000260,PRJ000130,UTILIZATION_CERTIFICATE,Bhavnagar Municipal Corporation Infrastructure Cell,ROAD_CONSTRUCTION,4059160.0,7630000.0,91.1,False,Utilization_Certificate_PRJ000130.pdf
DOC0000261,PRJ000131,PURCHASE_BILL,UrbanDrain Civil Engineering Co,DRAINAGE,3500000.0,3500000.0,93.5,False,Purchase_Bill_PRJ000131.pdf
DOC0000262,PRJ000131,UTILIZATION_CERTIFICATE,Gandhinagar State Water Supply & Sanitation Board (WSSB),DRAINAGE,2961000.0,3500000.0,91.3,False,Utilization_Certificate_PRJ000131.pdf
DOC0000263,PRJ000132,PURCHASE_BILL,SunPower Renewable Energy Systems,SOLAR_ENERGY,7180000.0,7180000.0,91.8,False,Purchase_Bill_PRJ000132.pdf
DOC0000264,PRJ000132,UTILIZATION_CERTIFICATE,Bhavnagar Municipal Corporation Infrastructure Cell,SOLAR_ENERGY,5385000.0,7180000.0,95.1,False,Utilization_Certificate_PRJ000132.pdf
DOC0000265,PRJ000133,PURCHASE_BILL,SmartTransit Urban Infra Solutions,BUS_SHELTER,4170000.0,4170000.0,95.5,False,Purchase_Bill_PRJ000133.pdf
DOC0000266,PRJ000133,UTILIZATION_CERTIFICATE,Bikaner Public Works Department (PWD),BUS_SHELTER,176724.0,4170000.0,93.6,False,Utilization_Certificate_PRJ000133.pdf
DOC0000267,PRJ000134,PURCHASE_BILL,ProSport Infrastructure & Turf Solutions,SPORTS_FACILITY,7340000.0,7340000.0,91.9,False,Purchase_Bill_PRJ000134.pdf
DOC0000268,PRJ000134,UTILIZATION_CERTIFICATE,Udaipur District Rural Development Agency (DRDA),SPORTS_FACILITY,8587800.0,7340000.0,91.9,False,Utilization_Certificate_PRJ000134.pdf
DOC0000269,PRJ000135,PURCHASE_BILL,ProSport Infrastructure & Turf Solutions,SPORTS_FACILITY,4170000.0,4170000.0,89.4,False,Purchase_Bill_PRJ000135.pdf
DOC0000270,PRJ000135,UTILIZATION_CERTIFICATE,Udaipur District Rural Development Agency (DRDA),SPORTS_FACILITY,6296700.0,4170000.0,90.7,False,Utilization_Certificate_PRJ000135.pdf
DOC0000271,PRJ000136,PURCHASE_BILL,TechLine IT & Lab Equipment Solutions Pvt Ltd,SCHOOL_INFRASTRUCTURE,2502492.03,2030000.0,58.7,True,Purchase_Bill_PRJ000136.pdf
DOC0000272,PRJ000136,UTILIZATION_CERTIFICATE,Bikaner Public Works Department (PWD),SCHOOL_INFRASTRUCTURE,682080.0,2030000.0,100.0,False,Utilization_Certificate_PRJ000136.pdf
DOC0000273,PRJ000137,PURCHASE_BILL,BridgeTech Structures Pvt Ltd,BRIDGE,1160000.0,1160000.0,95.4,False,Purchase_Bill_PRJ000137.pdf
DOC0000274,PRJ000137,UTILIZATION_CERTIFICATE,Kolkata District Rural Development Agency (DRDA),BRIDGE,1728400.0,1160000.0,100.0,False,Utilization_Certificate_PRJ000137.pdf
DOC0000275,PRJ000138,PURCHASE_BILL,Apex Infracon & Highway Contractors,ROAD_CONSTRUCTION,7040000.0,7040000.0,89.2,False,Purchase_Bill_PRJ000138.pdf
DOC0000276,PRJ000138,UTILIZATION_CERTIFICATE,Siliguri State Water Supply & Sanitation Board (WSSB),ROAD_CONSTRUCTION,5913600.0,7040000.0,95.8,False,Utilization_Certificate_PRJ000138.pdf
DOC0000277,PRJ000139,PURCHASE_BILL,UrbanDrain Civil Engineering Co,DRAINAGE,3530000.0,3530000.0,92.7,False,Purchase_Bill_PRJ000139.pdf
DOC0000278,PRJ000139,UTILIZATION_CERTIFICATE,Kolkata District Rural Development Agency (DRDA),DRAINAGE,5189100.0,3530000.0,91.4,False,Utilization_Certificate_PRJ000139.pdf
DOC0000279,PRJ000140,PURCHASE_BILL,TechLine IT & Lab Equipment Solutions Pvt Ltd,SCHOOL_INFRASTRUCTURE,4090000.0,4090000.0,93.7,False,Purchase_Bill_PRJ000140.pdf
DOC0000280,PRJ000140,UTILIZATION_CERTIFICATE,Siliguri State Water Supply & Sanitation Board (WSSB),SCHOOL_INFRASTRUCTURE,1537840.0,4090000.0,94.2,False,Utilization_Certificate_PRJ000140.pdf
DOC0000281,PRJ000141,PURCHASE_BILL,SwachhBharat Sanitation Infra Ltd,PUBLIC_TOILET,6730000.0,6730000.0,90.1,False,Purchase_Bill_PRJ000141.pdf
DOC0000282,PRJ000141,UTILIZATION_CERTIFICATE,Berhampur District Rural Development Agency (DRDA),PUBLIC_TOILET,180628.4,6730000.0,95.1,False,Utilization_Certificate_PRJ000141.pdf
DOC0000283,PRJ000142,PURCHASE_BILL,Speedway Repair & Resurfacing Contractors,ROAD_REPAIR,3000000.0,3000000.0,93.4,False,Purchase_Bill_PRJ000142.pdf
DOC0000284,PRJ000142,UTILIZATION_CERTIFICATE,Berhampur District Rural Development Agency (DRDA),ROAD_REPAIR,2726765.91,3000000.0,93.9,False,Utilization_Certificate_PRJ000142.pdf
DOC0000285,PRJ000143,PURCHASE_BILL,Speedway Repair & Resurfacing Contractors,ROAD_REPAIR,5700000.0,5700000.0,88.8,False,Purchase_Bill_PRJ000143.pdf
DOC0000286,PRJ000143,UTILIZATION_CERTIFICATE,Puri Municipal Corporation Infrastructure Cell,ROAD_REPAIR,259197.99,5700000.0,96.8,False,Utilization_Certificate_PRJ000143.pdf
DOC0000287,PRJ000144,PURCHASE_BILL,MedTech Healthcare Infrastructure Ltd,HEALTHCARE,4560000.0,4560000.0,98.0,False,Purchase_Bill_PRJ000144.pdf
DOC0000288,PRJ000144,UTILIZATION_CERTIFICATE,Kanpur Municipal Corporation Infrastructure Cell,HEALTHCARE,185172.67,4560000.0,93.6,False,Utilization_Certificate_PRJ000144.pdf
DOC0000289,PRJ000145,PURCHASE_BILL,SwachhBharat Sanitation Infra Ltd,PUBLIC_TOILET,3720000.0,3720000.0,88.2,False,Purchase_Bill_PRJ000145.pdf
DOC0000290,PRJ000145,UTILIZATION_CERTIFICATE,Kanpur Municipal Corporation Infrastructure Cell,PUBLIC_TOILET,1674000.0,3720000.0,98.4,False,Utilization_Certificate_PRJ000145.pdf
DOC0000291,PRJ000146,PURCHASE_BILL,AquaPure Water Systems & Drilling Corp,WATER_SUPPLY,2950000.0,2950000.0,90.1,False,Purchase_Bill_PRJ000146.pdf
DOC0000292,PRJ000146,UTILIZATION_CERTIFICATE,Varanasi State Water Supply & Sanitation Board (WSSB),WATER_SUPPLY,2950000.0,2950000.0,92.7,False,Utilization_Certificate_PRJ000146.pdf
DOC0000293,PRJ000147,PURCHASE_BILL,SwachhBharat Sanitation Infra Ltd,PUBLIC_TOILET,1620000.0,1620000.0,96.0,False,Purchase_Bill_PRJ000147.pdf
DOC0000294,PRJ000147,UTILIZATION_CERTIFICATE,Varanasi District Rural Development Agency (DRDA),PUBLIC_TOILET,871560.0,1620000.0,92.1,False,Utilization_Certificate_PRJ000147.pdf
DOC0000295,PRJ000148,PURCHASE_BILL,ProSport Infrastructure & Turf Solutions,SPORTS_FACILITY,5700000.0,5700000.0,90.3,False,Purchase_Bill_PRJ000148.pdf
DOC0000296,PRJ000148,UTILIZATION_CERTIFICATE,Varanasi Public Works Department (PWD),SPORTS_FACILITY,2565000.0,5700000.0,93.3,False,Utilization_Certificate_PRJ000148.pdf
DOC0000297,PRJ000149,PURCHASE_BILL,ProSport Infrastructure & Turf Solutions,SPORTS_FACILITY,2810000.0,2810000.0,96.7,False,Purchase_Bill_PRJ000149.pdf
DOC0000298,PRJ000149,UTILIZATION_CERTIFICATE,Central Delhi District Rural Development Agency (DRDA),SPORTS_FACILITY,3905900.0,2810000.0,96.2,False,Utilization_Certificate_PRJ000149.pdf
DOC0000299,PRJ000150,PURCHASE_BILL,Apex Infracon & Highway Contractors,ROAD_CONSTRUCTION,4567673.05,3980000.0,62.7,True,Purchase_Bill_PRJ000150.pdf
DOC0000300,PRJ000150,UTILIZATION_CERTIFICATE,East Delhi Public Works Department (PWD),ROAD_CONSTRUCTION,1444740.0,3980000.0,94.5,False,Utilization_Certificate_PRJ000150.pdf
DOC0000301,PRJ000151,PURCHASE_BILL,MedTech Healthcare Infrastructure Ltd,HEALTHCARE,4410000.0,4410000.0,93.5,False,Purchase_Bill_PRJ000151.pdf
DOC0000302,PRJ000151,UTILIZATION_CERTIFICATE,Central Delhi State Water Supply & Sanitation Board (WSSB),HEALTHCARE,4410000.0,4410000.0,97.7,False,Utilization_Certificate_PRJ000151.pdf
DOC0000303,PRJ000152,PURCHASE_BILL,National Civic Infrastructure Developers,COMMUNITY_HALL,6480000.0,6480000.0,93.7,False,Purchase_Bill_PRJ000152.pdf
DOC0000304,PRJ000152,UTILIZATION_CERTIFICATE,Kolkata District Rural Development Agency (DRDA),COMMUNITY_HALL,3207600.0,6480000.0,95.4,False,Utilization_Certificate_PRJ000152.pdf
DOC0000305,PRJ000153,PURCHASE_BILL,MedTech Healthcare Infrastructure Ltd,HEALTHCARE,2550000.0,2550000.0,88.1,False,Purchase_Bill_PRJ000153.pdf
DOC0000306,PRJ000153,UTILIZATION_CERTIFICATE,Siliguri State Water Supply & Sanitation Board (WSSB),HEALTHCARE,1328550.0,2550000.0,92.1,False,Utilization_Certificate_PRJ000153.pdf
DOC0000307,PRJ000154,PURCHASE_BILL,AquaPure Water Systems & Drilling Corp,WATER_SUPPLY,1670000.0,1670000.0,89.0,False,Purchase_Bill_PRJ000154.pdf
DOC0000308,PRJ000154,UTILIZATION_CERTIFICATE,Siliguri State Water Supply & Sanitation Board (WSSB),WATER_SUPPLY,751500.0,1670000.0,93.2,False,Utilization_Certificate_PRJ000154.pdf
DOC0000309,PRJ000155,PURCHASE_BILL,TechLine IT & Lab Equipment Solutions Pvt Ltd,SCHOOL_INFRASTRUCTURE,3850000.0,3850000.0,95.1,False,Purchase_Bill_PRJ000155.pdf
DOC0000310,PRJ000155,UTILIZATION_CERTIFICATE,Siliguri State Water Supply & Sanitation Board (WSSB),SCHOOL_INFRASTRUCTURE,3168550.0,3850000.0,95.2,False,Utilization_Certificate_PRJ000155.pdf
DOC0000311,PRJ000156,PURCHASE_BILL,SwachhBharat Sanitation Infra Ltd,PUBLIC_TOILET,4820000.0,4820000.0,92.5,False,Purchase_Bill_PRJ000156.pdf
DOC0000312,PRJ000156,UTILIZATION_CERTIFICATE,Kolkata District Rural Development Agency (DRDA),PUBLIC_TOILET,5976800.0,4820000.0,90.4,False,Utilization_Certificate_PRJ000156.pdf
DOC0000313,PRJ000157,PURCHASE_BILL,Apex Infracon & Highway Contractors,ROAD_CONSTRUCTION,7550000.0,7550000.0,91.0,False,Purchase_Bill_PRJ000157.pdf
DOC0000314,PRJ000157,UTILIZATION_CERTIFICATE,Kollam Public Works Department (PWD),ROAD_CONSTRUCTION,3450350.0,7550000.0,92.7,False,Utilization_Certificate_PRJ000157.pdf
DOC0000315,PRJ000158,PURCHASE_BILL,Paramount Multi-Sector Construction Ltd,DRAINAGE,2300000.0,2300000.0,92.3,False,Purchase_Bill_PRJ000158.pdf
DOC0000316,PRJ000158,UTILIZATION_CERTIFICATE,Alappuzha District Rural Development Agency (DRDA),DRAINAGE,860200.0,2300000.0,90.6,False,Utilization_Certificate_PRJ000158.pdf
DOC0000317,PRJ000159,PURCHASE_BILL,MedTech Healthcare Infrastructure Ltd,HEALTHCARE,7690000.0,7690000.0,90.7,False,Purchase_Bill_PRJ000159.pdf
DOC0000318,PRJ000159,UTILIZATION_CERTIFICATE,Varanasi State Water Supply & Sanitation Board (WSSB),HEALTHCARE,3714270.0,7690000.0,94.6,False,Utilization_Certificate_PRJ000159.pdf
DOC0000319,PRJ000160,PURCHASE_BILL,TechLine IT & Lab Equipment Solutions Pvt Ltd,SCHOOL_INFRASTRUCTURE,5490000.0,5490000.0,94.7,False,Purchase_Bill_PRJ000160.pdf
DOC0000320,PRJ000160,UTILIZATION_CERTIFICATE,Varanasi District Rural Development Agency (DRDA),SCHOOL_INFRASTRUCTURE,6752700.0,5490000.0,96.9,False,Utilization_Certificate_PRJ000160.pdf
DOC0000321,PRJ000161,PURCHASE_BILL,Apex Infracon & Highway Contractors,ROAD_CONSTRUCTION,4690000.0,4690000.0,91.2,False,Purchase_Bill_PRJ000161.pdf
DOC0000322,PRJ000161,UTILIZATION_CERTIFICATE,Varanasi Public Works Department (PWD),ROAD_CONSTRUCTION,1580530.0,4690000.0,90.1,False,Utilization_Certificate_PRJ000161.pdf
DOC0000323,PRJ000162,PURCHASE_BILL,BridgeTech Structures Pvt Ltd,BRIDGE,3290000.0,3290000.0,90.9,False,Purchase_Bill_PRJ000162.pdf
DOC0000324,PRJ000162,UTILIZATION_CERTIFICATE,Varanasi District Rural Development Agency (DRDA),BRIDGE,2830952.4,3290000.0,96.9,False,Utilization_Certificate_PRJ000162.pdf
DOC0000325,PRJ000163,PURCHASE_BILL,Speedway Repair & Resurfacing Contractors,ROAD_REPAIR,3650000.0,3650000.0,91.7,False,Purchase_Bill_PRJ000163.pdf
DOC0000326,PRJ000163,UTILIZATION_CERTIFICATE,Muzaffarpur District Rural Development Agency (DRDA),ROAD_REPAIR,4343500.0,3650000.0,96.3,False,Utilization_Certificate_PRJ000163.pdf
DOC0000327,PRJ000164,PURCHASE_BILL,BridgeTech Structures Pvt Ltd,BRIDGE,2830000.0,2830000.0,94.6,False,Purchase_Bill_PRJ000164.pdf
DOC0000328,PRJ000164,UTILIZATION_CERTIFICATE,Patna State Water Supply & Sanitation Board (WSSB),BRIDGE,2102690.0,2830000.0,91.8,False,Utilization_Certificate_PRJ000164.pdf
DOC0000329,PRJ000165,PURCHASE_BILL,National Civic Infrastructure Developers,COMMUNITY_HALL,2060000.0,2060000.0,93.9,False,Purchase_Bill_PRJ000165.pdf
DOC0000330,PRJ000165,UTILIZATION_CERTIFICATE,Muzaffarpur District Rural Development Agency (DRDA),COMMUNITY_HALL,1870740.5,2060000.0,94.8,False,Utilization_Certificate_PRJ000165.pdf
DOC0000331,PRJ000166,PURCHASE_BILL,TechLine IT & Lab Equipment Solutions Pvt Ltd,SCHOOL_INFRASTRUCTURE,6420000.0,6420000.0,96.1,False,Purchase_Bill_PRJ000166.pdf
DOC0000332,PRJ000166,UTILIZATION_CERTIFICATE,Udaipur District Rural Development Agency (DRDA),SCHOOL_INFRASTRUCTURE,9116400.0,6420000.0,99.3,False,Utilization_Certificate_PRJ000166.pdf
DOC0000333,PRJ000167,PURCHASE_BILL,UrbanDrain Civil Engineering Co,DRAINAGE,2670000.0,2670000.0,89.1,False,Purchase_Bill_PRJ000167.pdf
DOC0000334,PRJ000167,UTILIZATION_CERTIFICATE,Kota State Water Supply & Sanitation Board (WSSB),DRAINAGE,67272.32,2670000.0,97.8,False,Utilization_Certificate_PRJ000167.pdf
DOC0000335,PRJ000168,PURCHASE_BILL,Paramount Multi-Sector Construction Ltd,SANITATION,730000.0,730000.0,88.4,False,Purchase_Bill_PRJ000168.pdf
DOC0000336,PRJ000168,UTILIZATION_CERTIFICATE,Udaipur District Rural Development Agency (DRDA),SANITATION,235790.0,730000.0,92.2,False,Utilization_Certificate_PRJ000168.pdf
DOC0000337,PRJ000169,PURCHASE_BILL,CleanWater Sanitation & Drainage Works Pvt Ltd,SANITATION,1750000.0,1750000.0,91.5,False,Purchase_Bill_PRJ000169.pdf
DOC0000338,PRJ000169,UTILIZATION_CERTIFICATE,Hisar Municipal Corporation Infrastructure Cell,SANITATION,55669.16,1750000.0,96.9,False,Utilization_Certificate_PRJ000169.pdf
DOC0000339,PRJ000170,PURCHASE_BILL,AquaPure Water Systems & Drilling Corp,WATER_SUPPLY,7800000.0,7800000.0,94.7,False,Purchase_Bill_PRJ000170.pdf
DOC0000340,PRJ000170,UTILIZATION_CERTIFICATE,Ambala State Water Supply & Sanitation Board (WSSB),WATER_SUPPLY,4001400.0,7800000.0,94.9,False,Utilization_Certificate_PRJ000170.pdf
DOC0000341,PRJ000171,PURCHASE_BILL,SmartTransit Urban Infra Solutions,BUS_SHELTER,7730000.0,7730000.0,93.5,False,Purchase_Bill_PRJ000171.pdf
DOC0000342,PRJ000171,UTILIZATION_CERTIFICATE,Faridabad District Rural Development Agency (DRDA),BUS_SHELTER,2125750.0,7730000.0,95.1,False,Utilization_Certificate_PRJ000171.pdf
DOC0000343,PRJ000172,PURCHASE_BILL,UrbanDrain Civil Engineering Co,DRAINAGE,4600000.0,4600000.0,97.4,False,Purchase_Bill_PRJ000172.pdf
DOC0000344,PRJ000172,UTILIZATION_CERTIFICATE,Faridabad District Rural Development Agency (DRDA),DRAINAGE,2070000.0,4600000.0,96.3,False,Utilization_Certificate_PRJ000172.pdf
DOC0000345,PRJ000173,PURCHASE_BILL,Paramount Multi-Sector Construction Ltd,ROAD_CONSTRUCTION,4830000.0,4830000.0,96.1,False,Purchase_Bill_PRJ000173.pdf
DOC0000346,PRJ000173,UTILIZATION_CERTIFICATE,Faridabad District Rural Development Agency (DRDA),ROAD_CONSTRUCTION,1028790.0,4830000.0,91.6,False,Utilization_Certificate_PRJ000173.pdf
DOC0000347,PRJ000174,PURCHASE_BILL,National Civic Infrastructure Developers,COMMUNITY_HALL,6400000.0,6400000.0,88.8,False,Purchase_Bill_PRJ000174.pdf
DOC0000348,PRJ000174,UTILIZATION_CERTIFICATE,Muzaffarpur District Rural Development Agency (DRDA),COMMUNITY_HALL,5197182.27,6400000.0,90.2,False,Utilization_Certificate_PRJ000174.pdf
DOC0000349,PRJ000175,PURCHASE_BILL,SwachhBharat Sanitation Infra Ltd,PUBLIC_TOILET,6610000.0,6610000.0,96.7,False,Purchase_Bill_PRJ000175.pdf
DOC0000350,PRJ000175,UTILIZATION_CERTIFICATE,Patna Municipal Corporation Infrastructure Cell,PUBLIC_TOILET,2895180.0,6610000.0,96.1,False,Utilization_Certificate_PRJ000175.pdf
DOC0000351,PRJ000176,PURCHASE_BILL,SunPower Renewable Energy Systems,SOLAR_ENERGY,4130000.0,4130000.0,89.3,False,Purchase_Bill_PRJ000176.pdf
DOC0000352,PRJ000176,UTILIZATION_CERTIFICATE,Jamshedpur District Rural Development Agency (DRDA),SOLAR_ENERGY,5905900.0,4130000.0,96.1,False,Utilization_Certificate_PRJ000176.pdf
DOC0000353,PRJ000177,PURCHASE_BILL,BridgeTech Structures Pvt Ltd,BRIDGE,7880000.0,7880000.0,96.8,False,Purchase_Bill_PRJ000177.pdf
DOC0000354,PRJ000177,UTILIZATION_CERTIFICATE,Hazaribagh Municipal Corporation Infrastructure Cell,BRIDGE,1993640.0,7880000.0,99.5,False,Utilization_Certificate_PRJ000177.pdf
DOC0000355,PRJ000178,PURCHASE_BILL,Paramount Multi-Sector Construction Ltd,BRIDGE,1790000.0,1790000.0,92.0,False,Purchase_Bill_PRJ000178.pdf
DOC0000356,PRJ000178,UTILIZATION_CERTIFICATE,Jamshedpur District Rural Development Agency (DRDA),BRIDGE,818030.0,1790000.0,95.3,False,Utilization_Certificate_PRJ000178.pdf
DOC0000357,PRJ000179,PURCHASE_BILL,Paramount Multi-Sector Construction Ltd,SCHOOL_INFRASTRUCTURE,1920000.0,1920000.0,88.8,False,Purchase_Bill_PRJ000179.pdf
DOC0000358,PRJ000179,UTILIZATION_CERTIFICATE,Jamshedpur District Rural Development Agency (DRDA),SCHOOL_INFRASTRUCTURE,877440.0,1920000.0,99.5,False,Utilization_Certificate_PRJ000179.pdf
DOC0000359,PRJ000180,PURCHASE_BILL,AquaPure Water Systems & Drilling Corp,WATER_SUPPLY,1360000.0,1360000.0,96.3,False,Purchase_Bill_PRJ000180.pdf
DOC0000360,PRJ000180,UTILIZATION_CERTIFICATE,Ranchi State Water Supply & Sanitation Board (WSSB),WATER_SUPPLY,1360000.0,1360000.0,97.1,False,Utilization_Certificate_PRJ000180.pdf
DOC0000361,PRJ000181,PURCHASE_BILL,SunPower Renewable Energy Systems,SOLAR_ENERGY,1170000.0,1170000.0,91.6,False,Purchase_Bill_PRJ000181.pdf
DOC0000362,PRJ000181,UTILIZATION_CERTIFICATE,Thane Public Works Department (PWD),SOLAR_ENERGY,526500.0,1170000.0,91.3,False,Utilization_Certificate_PRJ000181.pdf
DOC0000363,PRJ000182,PURCHASE_BILL,SmartTransit Urban Infra Solutions,BUS_SHELTER,1420000.0,1420000.0,95.9,False,Purchase_Bill_PRJ000182.pdf
DOC0000364,PRJ000182,UTILIZATION_CERTIFICATE,Thane Public Works Department (PWD),BUS_SHELTER,639000.0,1420000.0,93.4,False,Utilization_Certificate_PRJ000182.pdf
DOC0000365,PRJ000183,PURCHASE_BILL,Speedway Repair & Resurfacing Contractors,ROAD_REPAIR,4060000.0,4060000.0,88.4,False,Purchase_Bill_PRJ000183.pdf
DOC0000366,PRJ000183,UTILIZATION_CERTIFICATE,Thane District Rural Development Agency (DRDA),ROAD_REPAIR,1347920.0,4060000.0,90.5,False,Utilization_Certificate_PRJ000183.pdf
DOC0000367,PRJ000184,PURCHASE_BILL,BridgeTech Structures Pvt Ltd,BRIDGE,1700000.0,1700000.0,89.5,False,Purchase_Bill_PRJ000184.pdf
DOC0000368,PRJ000184,UTILIZATION_CERTIFICATE,Kanpur Municipal Corporation Infrastructure Cell,BRIDGE,27263.15,1700000.0,90.1,False,Utilization_Certificate_PRJ000184.pdf
DOC0000369,PRJ000185,PURCHASE_BILL,Paramount Multi-Sector Construction Ltd,SPORTS_FACILITY,6400000.0,6400000.0,89.2,False,Purchase_Bill_PRJ000185.pdf
DOC0000370,PRJ000185,UTILIZATION_CERTIFICATE,Varanasi District Rural Development Agency (DRDA),SPORTS_FACILITY,2726400.0,6400000.0,96.1,False,Utilization_Certificate_PRJ000185.pdf
DOC0000371,PRJ000186,PURCHASE_BILL,BridgeTech Structures Pvt Ltd,BRIDGE,3210000.0,3210000.0,89.4,False,Purchase_Bill_PRJ000186.pdf
DOC0000372,PRJ000186,UTILIZATION_CERTIFICATE,Kanpur Municipal Corporation Infrastructure Cell,BRIDGE,2250210.0,3210000.0,96.3,False,Utilization_Certificate_PRJ000186.pdf
DOC0000373,PRJ000187,PURCHASE_BILL,CleanWater Sanitation & Drainage Works Pvt Ltd,SANITATION,3960000.0,3960000.0,89.0,False,Purchase_Bill_PRJ000187.pdf
DOC0000374,PRJ000187,UTILIZATION_CERTIFICATE,Varanasi State Water Supply & Sanitation Board (WSSB),SANITATION,1782000.0,3960000.0,97.8,False,Utilization_Certificate_PRJ000187.pdf
DOC0000375,PRJ000188,PURCHASE_BILL,National Civic Infrastructure Developers,COMMUNITY_HALL,4640000.0,4640000.0,90.7,False,Purchase_Bill_PRJ000188.pdf
DOC0000376,PRJ000188,UTILIZATION_CERTIFICATE,Patna Municipal Corporation Infrastructure Cell,COMMUNITY_HALL,2807200.0,4640000.0,90.3,False,Utilization_Certificate_PRJ000188.pdf
DOC0000377,PRJ000189,PURCHASE_BILL,Paramount Multi-Sector Construction Ltd,PUBLIC_TOILET,7030000.0,7030000.0,96.5,False,Purchase_Bill_PRJ000189.pdf
DOC0000378,PRJ000189,UTILIZATION_CERTIFICATE,Muzaffarpur District Rural Development Agency (DRDA),PUBLIC_TOILET,2748730.0,7030000.0,99.1,False,Utilization_Certificate_PRJ000189.pdf
DOC0000379,PRJ000190,PURCHASE_BILL,UrbanDrain Civil Engineering Co,DRAINAGE,6022544.92,4590000.0,64.4,True,Purchase_Bill_PRJ000190.pdf
DOC0000380,PRJ000190,UTILIZATION_CERTIFICATE,Chennai State Water Supply & Sanitation Board (WSSB),DRAINAGE,1152090.0,4590000.0,90.6,False,Utilization_Certificate_PRJ000190.pdf
DOC0000381,PRJ000191,PURCHASE_BILL,SwachhBharat Sanitation Infra Ltd,PUBLIC_TOILET,3040000.0,3040000.0,89.4,False,Purchase_Bill_PRJ000191.pdf
DOC0000382,PRJ000191,UTILIZATION_CERTIFICATE,Madurai District Rural Development Agency (DRDA),PUBLIC_TOILET,1368000.0,3040000.0,90.4,False,Utilization_Certificate_PRJ000191.pdf
DOC0000383,PRJ000192,PURCHASE_BILL,National Civic Infrastructure Developers,COMMUNITY_HALL,2830000.0,2830000.0,92.7,False,Purchase_Bill_PRJ000192.pdf
DOC0000384,PRJ000192,UTILIZATION_CERTIFICATE,Kolkata District Rural Development Agency (DRDA),COMMUNITY_HALL,2830000.0,2830000.0,94.5,False,Utilization_Certificate_PRJ000192.pdf
DOC0000385,PRJ000193,PURCHASE_BILL,SunPower Renewable Energy Systems,SOLAR_ENERGY,1590000.0,1590000.0,97.6,False,Purchase_Bill_PRJ000193.pdf
DOC0000386,PRJ000193,UTILIZATION_CERTIFICATE,Siliguri State Water Supply & Sanitation Board (WSSB),SOLAR_ENERGY,1346730.0,1590000.0,90.4,False,Utilization_Certificate_PRJ000193.pdf
DOC0000387,PRJ000194,PURCHASE_BILL,AquaPure Water Systems & Drilling Corp,WATER_SUPPLY,3080000.0,3080000.0,89.3,False,Purchase_Bill_PRJ000194.pdf
DOC0000388,PRJ000194,UTILIZATION_CERTIFICATE,Darjeeling Public Works Department (PWD),WATER_SUPPLY,1386000.0,3080000.0,94.8,False,Utilization_Certificate_PRJ000194.pdf
DOC0000389,PRJ000195,PURCHASE_BILL,ProSport Infrastructure & Turf Solutions,SPORTS_FACILITY,6720000.0,6720000.0,88.9,False,Purchase_Bill_PRJ000195.pdf
DOC0000390,PRJ000195,UTILIZATION_CERTIFICATE,Kolkata Municipal Corporation Infrastructure Cell,SPORTS_FACILITY,2560320.0,6720000.0,91.9,False,Utilization_Certificate_PRJ000195.pdf
DOC0000391,PRJ000196,PURCHASE_BILL,SmartTransit Urban Infra Solutions,BUS_SHELTER,3700000.0,3700000.0,94.3,False,Purchase_Bill_PRJ000196.pdf
DOC0000392,PRJ000196,UTILIZATION_CERTIFICATE,Jamshedpur District Rural Development Agency (DRDA),BUS_SHELTER,1665000.0,3700000.0,93.9,False,Utilization_Certificate_PRJ000196.pdf
DOC0000393,PRJ000197,PURCHASE_BILL,National Civic Infrastructure Developers,COMMUNITY_HALL,5020000.0,5020000.0,95.0,False,Purchase_Bill_PRJ000197.pdf
DOC0000394,PRJ000197,UTILIZATION_CERTIFICATE,Hazaribagh Municipal Corporation Infrastructure Cell,COMMUNITY_HALL,5020000.0,5020000.0,95.7,False,Utilization_Certificate_PRJ000197.pdf
DOC0000395,PRJ000198,PURCHASE_BILL,SunPower Renewable Energy Systems,SOLAR_ENERGY,2560000.0,2560000.0,98.0,False,Purchase_Bill_PRJ000198.pdf
DOC0000396,PRJ000198,UTILIZATION_CERTIFICATE,Jamshedpur District Rural Development Agency (DRDA),SOLAR_ENERGY,3891200.0,2560000.0,97.0,False,Utilization_Certificate_PRJ000198.pdf
DOC0000397,PRJ000199,PURCHASE_BILL,UrbanDrain Civil Engineering Co,DRAINAGE,4990000.0,4990000.0,91.3,False,Purchase_Bill_PRJ000199.pdf
DOC0000398,PRJ000199,UTILIZATION_CERTIFICATE,Varanasi Public Works Department (PWD),DRAINAGE,111701.35,4990000.0,96.2,False,Utilization_Certificate_PRJ000199.pdf
DOC0000399,PRJ000200,PURCHASE_BILL,UrbanDrain Civil Engineering Co,DRAINAGE,3840000.0,3840000.0,91.4,False,Purchase_Bill_PRJ000200.pdf
DOC0000400,PRJ000200,UTILIZATION_CERTIFICATE,Varanasi District Rural Development Agency (DRDA),DRAINAGE,5644800.0,3840000.0,94.0,False,Utilization_Certificate_PRJ000200.pdf
DOC0000401,PRJ000201,PURCHASE_BILL,BridgeTech Structures Pvt Ltd,BRIDGE,7830000.0,7830000.0,93.5,False,Purchase_Bill_PRJ000201.pdf
DOC0000402,PRJ000201,UTILIZATION_CERTIFICATE,Kanpur Municipal Corporation Infrastructure Cell,BRIDGE,7830000.0,7830000.0,90.3,False,Utilization_Certificate_PRJ000201.pdf
DOC0000403,PRJ000202,PURCHASE_BILL,BridgeTech Structures Pvt Ltd,BRIDGE,5170000.0,5170000.0,96.3,False,Purchase_Bill_PRJ000202.pdf
DOC0000404,PRJ000202,UTILIZATION_CERTIFICATE,Varanasi District Rural Development Agency (DRDA),BRIDGE,4670455.19,5170000.0,96.7,False,Utilization_Certificate_PRJ000202.pdf
DOC0000405,PRJ000203,PURCHASE_BILL,BridgeTech Structures Pvt Ltd,BRIDGE,1320000.0,1320000.0,91.8,False,Purchase_Bill_PRJ000203.pdf
DOC0000406,PRJ000203,UTILIZATION_CERTIFICATE,Ramagundam District Rural Development Agency (DRDA),BRIDGE,1570800.0,1320000.0,93.4,False,Utilization_Certificate_PRJ000203.pdf
DOC0000407,PRJ000204,PURCHASE_BILL,SunPower Renewable Energy Systems,SOLAR_ENERGY,6100000.0,6100000.0,91.9,False,Purchase_Bill_PRJ000204.pdf
DOC0000408,PRJ000204,UTILIZATION_CERTIFICATE,Ramagundam Public Works Department (PWD),SOLAR_ENERGY,3794200.0,6100000.0,91.9,False,Utilization_Certificate_PRJ000204.pdf
DOC0000409,PRJ000205,PURCHASE_BILL,National Civic Infrastructure Developers,COMMUNITY_HALL,7610000.0,7610000.0,96.4,False,Purchase_Bill_PRJ000205.pdf
DOC0000410,PRJ000205,UTILIZATION_CERTIFICATE,Hyderabad State Water Supply & Sanitation Board (WSSB),COMMUNITY_HALL,2937460.0,7610000.0,93.9,False,Utilization_Certificate_PRJ000205.pdf
DOC0000411,PRJ000206,PURCHASE_BILL,ProSport Infrastructure & Turf Solutions,SPORTS_FACILITY,4910000.0,4910000.0,91.8,False,Purchase_Bill_PRJ000206.pdf
DOC0000412,PRJ000206,UTILIZATION_CERTIFICATE,Khammam Municipal Corporation Infrastructure Cell,SPORTS_FACILITY,3682500.0,4910000.0,96.8,False,Utilization_Certificate_PRJ000206.pdf
DOC0000413,PRJ000207,PURCHASE_BILL,TechLine IT & Lab Equipment Solutions Pvt Ltd,SCHOOL_INFRASTRUCTURE,1070000.0,1070000.0,93.1,False,Purchase_Bill_PRJ000207.pdf
DOC0000414,PRJ000207,UTILIZATION_CERTIFICATE,Haridwar State Water Supply & Sanitation Board (WSSB),SCHOOL_INFRASTRUCTURE,1070000.0,1070000.0,94.9,False,Utilization_Certificate_PRJ000207.pdf
DOC0000415,PRJ000208,PURCHASE_BILL,SunPower Renewable Energy Systems,SOLAR_ENERGY,6290000.0,6290000.0,90.0,False,Purchase_Bill_PRJ000208.pdf
DOC0000416,PRJ000208,UTILIZATION_CERTIFICATE,Dehradun District Rural Development Agency (DRDA),SOLAR_ENERGY,3729970.0,6290000.0,97.2,False,Utilization_Certificate_PRJ000208.pdf
DOC0000417,PRJ000209,PURCHASE_BILL,MedTech Healthcare Infrastructure Ltd,HEALTHCARE,890000.0,890000.0,92.5,False,Purchase_Bill_PRJ000209.pdf
DOC0000418,PRJ000209,UTILIZATION_CERTIFICATE,Dehradun Public Works Department (PWD),HEALTHCARE,667500.0,890000.0,98.6,False,Utilization_Certificate_PRJ000209.pdf
DOC0000419,PRJ000210,PURCHASE_BILL,TechLine IT & Lab Equipment Solutions Pvt Ltd,SCHOOL_INFRASTRUCTURE,5930000.0,5930000.0,94.8,False,Purchase_Bill_PRJ000210.pdf
DOC0000420,PRJ000210,UTILIZATION_CERTIFICATE,Alappuzha Municipal Corporation Infrastructure Cell,SCHOOL_INFRASTRUCTURE,5930000.0,5930000.0,97.8,False,Utilization_Certificate_PRJ000210.pdf
DOC0000421,PRJ000211,PURCHASE_BILL,BridgeTech Structures Pvt Ltd,BRIDGE,5800000.0,5800000.0,97.7,False,Purchase_Bill_PRJ000211.pdf
DOC0000422,PRJ000211,UTILIZATION_CERTIFICATE,Alappuzha Municipal Corporation Infrastructure Cell,BRIDGE,2610000.0,5800000.0,93.6,False,Utilization_Certificate_PRJ000211.pdf
DOC0000423,PRJ000212,PURCHASE_BILL,CleanWater Sanitation & Drainage Works Pvt Ltd,SANITATION,2500000.0,2500000.0,96.1,False,Purchase_Bill_PRJ000212.pdf
DOC0000424,PRJ000212,UTILIZATION_CERTIFICATE,Alappuzha State Water Supply & Sanitation Board (WSSB),SANITATION,1530000.0,2500000.0,93.3,False,Utilization_Certificate_PRJ000212.pdf
DOC0000425,PRJ000213,PURCHASE_BILL,BridgeTech Structures Pvt Ltd,BRIDGE,6260000.0,6260000.0,97.9,False,Purchase_Bill_PRJ000213.pdf
DOC0000426,PRJ000213,UTILIZATION_CERTIFICATE,Guntur Municipal Corporation Infrastructure Cell,BRIDGE,2817000.0,6260000.0,95.6,False,Utilization_Certificate_PRJ000213.pdf
DOC0000427,PRJ000214,PURCHASE_BILL,Apex Infracon & Highway Contractors,ROAD_CONSTRUCTION,6080000.0,6080000.0,97.4,False,Purchase_Bill_PRJ000214.pdf
DOC0000428,PRJ000214,UTILIZATION_CERTIFICATE,Visakhapatnam State Water Supply & Sanitation Board (WSSB),ROAD_CONSTRUCTION,1416640.0,6080000.0,95.7,False,Utilization_Certificate_PRJ000214.pdf
DOC0000429,PRJ000215,PURCHASE_BILL,CleanWater Sanitation & Drainage Works Pvt Ltd,SANITATION,5580000.0,5580000.0,92.8,False,Purchase_Bill_PRJ000215.pdf
DOC0000430,PRJ000215,UTILIZATION_CERTIFICATE,Tirupati Public Works Department (PWD),SANITATION,1612620.0,5580000.0,97.8,False,Utilization_Certificate_PRJ000215.pdf
DOC0000431,PRJ000216,PURCHASE_BILL,TechLine IT & Lab Equipment Solutions Pvt Ltd,SCHOOL_INFRASTRUCTURE,7270000.0,7270000.0,97.0,False,Purchase_Bill_PRJ000216.pdf
DOC0000432,PRJ000216,UTILIZATION_CERTIFICATE,Guntur District Rural Development Agency (DRDA),SCHOOL_INFRASTRUCTURE,1657560.0,7270000.0,96.0,False,Utilization_Certificate_PRJ000216.pdf
DOC0000433,PRJ000217,PURCHASE_BILL,AquaPure Water Systems & Drilling Corp,WATER_SUPPLY,1160000.0,1160000.0,91.0,False,Purchase_Bill_PRJ000217.pdf
DOC0000434,PRJ000217,UTILIZATION_CERTIFICATE,Guntur Municipal Corporation Infrastructure Cell,WATER_SUPPLY,1160000.0,1160000.0,99.3,False,Utilization_Certificate_PRJ000217.pdf
DOC0000435,PRJ000218,PURCHASE_BILL,AquaPure Water Systems & Drilling Corp,WATER_SUPPLY,2520000.0,2520000.0,95.3,False,Purchase_Bill_PRJ000218.pdf
DOC0000436,PRJ000218,UTILIZATION_CERTIFICATE,Gwalior State Water Supply & Sanitation Board (WSSB),WATER_SUPPLY,122311.84,2520000.0,97.2,False,Utilization_Certificate_PRJ000218.pdf
DOC0000437,PRJ000219,PURCHASE_BILL,TechLine IT & Lab Equipment Solutions Pvt Ltd,SCHOOL_INFRASTRUCTURE,1650000.0,1650000.0,95.6,False,Purchase_Bill_PRJ000219.pdf
DOC0000438,PRJ000219,UTILIZATION_CERTIFICATE,Gwalior Public Works Department (PWD),SCHOOL_INFRASTRUCTURE,1003200.0,1650000.0,90.1,False,Utilization_Certificate_PRJ000219.pdf
DOC0000439,PRJ000220,PURCHASE_BILL,SunPower Renewable Energy Systems,SOLAR_ENERGY,1670000.0,1670000.0,94.3,False,Purchase_Bill_PRJ000220.pdf
DOC0000440,PRJ000220,UTILIZATION_CERTIFICATE,Ujjain District Rural Development Agency (DRDA),SOLAR_ENERGY,2037400.0,1670000.0,90.8,False,Utilization_Certificate_PRJ000220.pdf
DOC0000441,PRJ000221,PURCHASE_BILL,TechLine IT & Lab Equipment Solutions Pvt Ltd,SCHOOL_INFRASTRUCTURE,4080000.0,4080000.0,95.5,False,Purchase_Bill_PRJ000221.pdf
DOC0000442,PRJ000221,UTILIZATION_CERTIFICATE,Sagar Municipal Corporation Infrastructure Cell,SCHOOL_INFRASTRUCTURE,2513280.0,4080000.0,90.5,False,Utilization_Certificate_PRJ000221.pdf
DOC0000443,PRJ000222,PURCHASE_BILL,ProSport Infrastructure & Turf Solutions,SPORTS_FACILITY,7930000.0,7930000.0,95.1,False,Purchase_Bill_PRJ000222.pdf
DOC0000444,PRJ000222,UTILIZATION_CERTIFICATE,Gwalior State Water Supply & Sanitation Board (WSSB),SPORTS_FACILITY,6137820.0,7930000.0,92.3,False,Utilization_Certificate_PRJ000222.pdf
DOC0000445,PRJ000223,PURCHASE_BILL,CleanWater Sanitation & Drainage Works Pvt Ltd,SANITATION,5000000.0,5000000.0,96.9,False,Purchase_Bill_PRJ000223.pdf
DOC0000446,PRJ000223,UTILIZATION_CERTIFICATE,Muzaffarpur District Rural Development Agency (DRDA),SANITATION,4012923.38,5000000.0,98.1,False,Utilization_Certificate_PRJ000223.pdf
DOC0000447,PRJ000224,PURCHASE_BILL,Paramount Multi-Sector Construction Ltd,SOLAR_ENERGY,5710000.0,5710000.0,90.0,False,Purchase_Bill_PRJ000224.pdf
DOC0000448,PRJ000224,UTILIZATION_CERTIFICATE,Muzaffarpur District Rural Development Agency (DRDA),SOLAR_ENERGY,1735840.0,5710000.0,94.6,False,Utilization_Certificate_PRJ000224.pdf
DOC0000449,PRJ000225,PURCHASE_BILL,SunPower Renewable Energy Systems,SOLAR_ENERGY,5110000.0,5110000.0,88.6,False,Purchase_Bill_PRJ000225.pdf
DOC0000450,PRJ000225,UTILIZATION_CERTIFICATE,Muzaffarpur District Rural Development Agency (DRDA),SOLAR_ENERGY,2371040.0,5110000.0,96.5,False,Utilization_Certificate_PRJ000225.pdf
DOC0000451,PRJ000226,PURCHASE_BILL,TechLine IT & Lab Equipment Solutions Pvt Ltd,SCHOOL_INFRASTRUCTURE,7870000.0,7870000.0,97.6,False,Purchase_Bill_PRJ000226.pdf
DOC0000452,PRJ000226,UTILIZATION_CERTIFICATE,Bhagalpur Public Works Department (PWD),SCHOOL_INFRASTRUCTURE,3439190.0,7870000.0,97.1,False,Utilization_Certificate_PRJ000226.pdf
DOC0000453,PRJ000227,PURCHASE_BILL,SmartTransit Urban Infra Solutions,BUS_SHELTER,910000.0,910000.0,96.8,False,Purchase_Bill_PRJ000227.pdf
DOC0000454,PRJ000227,UTILIZATION_CERTIFICATE,Patna State Water Supply & Sanitation Board (WSSB),BUS_SHELTER,910000.0,910000.0,91.7,False,Utilization_Certificate_PRJ000227.pdf
DOC0000455,PRJ000228,PURCHASE_BILL,SmartTransit Urban Infra Solutions,BUS_SHELTER,6370000.0,6370000.0,88.4,False,Purchase_Bill_PRJ000228.pdf
DOC0000456,PRJ000228,UTILIZATION_CERTIFICATE,Alappuzha Municipal Corporation Infrastructure Cell,BUS_SHELTER,4669210.0,6370000.0,96.5,False,Utilization_Certificate_PRJ000228.pdf
DOC0000457,PRJ000229,PURCHASE_BILL,National Civic Infrastructure Developers,COMMUNITY_HALL,3250000.0,3250000.0,94.9,False,Purchase_Bill_PRJ000229.pdf
DOC0000458,PRJ000229,UTILIZATION_CERTIFICATE,Kollam Public Works Department (PWD),COMMUNITY_HALL,1462500.0,3250000.0,93.4,False,Utilization_Certificate_PRJ000229.pdf
DOC0000459,PRJ000230,PURCHASE_BILL,UrbanDrain Civil Engineering Co,DRAINAGE,2230000.0,2230000.0,88.5,False,Purchase_Bill_PRJ000230.pdf
DOC0000460,PRJ000230,UTILIZATION_CERTIFICATE,Guntur District Rural Development Agency (DRDA),DRAINAGE,1672500.0,2230000.0,97.2,False,Utilization_Certificate_PRJ000230.pdf
DOC0000461,PRJ000231,PURCHASE_BILL,UrbanDrain Civil Engineering Co,DRAINAGE,1280000.0,1280000.0,91.5,False,Purchase_Bill_PRJ000231.pdf
DOC0000462,PRJ000231,UTILIZATION_CERTIFICATE,Guntur District Rural Development Agency (DRDA),DRAINAGE,1689600.0,1280000.0,96.1,False,Utilization_Certificate_PRJ000231.pdf
DOC0000463,PRJ000232,PURCHASE_BILL,Paramount Multi-Sector Construction Ltd,SANITATION,690000.0,690000.0,90.3,False,Purchase_Bill_PRJ000232.pdf
DOC0000464,PRJ000232,UTILIZATION_CERTIFICATE,Berhampur District Rural Development Agency (DRDA),SANITATION,204930.0,690000.0,96.2,False,Utilization_Certificate_PRJ000232.pdf
DOC0000465,PRJ000233,PURCHASE_BILL,SwachhBharat Sanitation Infra Ltd,PUBLIC_TOILET,1770000.0,1770000.0,88.9,False,Purchase_Bill_PRJ000233.pdf
DOC0000466,PRJ000233,UTILIZATION_CERTIFICATE,Puri Public Works Department (PWD),PUBLIC_TOILET,1028370.0,1770000.0,94.7,False,Utilization_Certificate_PRJ000233.pdf
DOC0000467,PRJ000234,PURCHASE_BILL,Speedway Repair & Resurfacing Contractors,ROAD_REPAIR,1260000.0,1260000.0,92.6,False,Purchase_Bill_PRJ000234.pdf
DOC0000468,PRJ000234,UTILIZATION_CERTIFICATE,Puri Municipal Corporation Infrastructure Cell,ROAD_REPAIR,559440.0,1260000.0,98.4,False,Utilization_Certificate_PRJ000234.pdf
DOC0000469,PRJ000235,PURCHASE_BILL,TechLine IT & Lab Equipment Solutions Pvt Ltd,SCHOOL_INFRASTRUCTURE,7943369.04,6580000.0,70.9,True,Purchase_Bill_PRJ000235.pdf
DOC0000470,PRJ000235,UTILIZATION_CERTIFICATE,Patna Municipal Corporation Infrastructure Cell,SCHOOL_INFRASTRUCTURE,2671480.0,6580000.0,98.4,False,Utilization_Certificate_PRJ000235.pdf
DOC0000471,PRJ000236,PURCHASE_BILL,MedTech Healthcare Infrastructure Ltd,HEALTHCARE,1970000.0,1970000.0,95.4,False,Purchase_Bill_PRJ000236.pdf
DOC0000472,PRJ000236,UTILIZATION_CERTIFICATE,Muzaffarpur District Rural Development Agency (DRDA),HEALTHCARE,1477500.0,1970000.0,93.1,False,Utilization_Certificate_PRJ000236.pdf
DOC0000473,PRJ000237,PURCHASE_BILL,SunPower Renewable Energy Systems,SOLAR_ENERGY,560000.0,560000.0,95.7,False,Purchase_Bill_PRJ000237.pdf
DOC0000474,PRJ000237,UTILIZATION_CERTIFICATE,Muzaffarpur District Rural Development Agency (DRDA),SOLAR_ENERGY,420000.0,560000.0,92.8,False,Utilization_Certificate_PRJ000237.pdf
DOC0000475,PRJ000238,PURCHASE_BILL,SunPower Renewable Energy Systems,SOLAR_ENERGY,2050000.0,2050000.0,88.5,False,Purchase_Bill_PRJ000238.pdf
DOC0000476,PRJ000238,UTILIZATION_CERTIFICATE,Varanasi District Rural Development Agency (DRDA),SOLAR_ENERGY,1059850.0,2050000.0,90.8,False,Utilization_Certificate_PRJ000238.pdf
DOC0000477,PRJ000239,PURCHASE_BILL,MedTech Healthcare Infrastructure Ltd,HEALTHCARE,4910000.0,4910000.0,90.3,False,Purchase_Bill_PRJ000239.pdf
DOC0000478,PRJ000239,UTILIZATION_CERTIFICATE,Kanpur Municipal Corporation Infrastructure Cell,HEALTHCARE,1040920.0,4910000.0,90.4,False,Utilization_Certificate_PRJ000239.pdf
DOC0000479,PRJ000240,PURCHASE_BILL,Apex Infracon & Highway Contractors,ROAD_CONSTRUCTION,2960000.0,2960000.0,93.4,False,Purchase_Bill_PRJ000240.pdf
DOC0000480,PRJ000240,UTILIZATION_CERTIFICATE,Kanpur Municipal Corporation Infrastructure Cell,ROAD_CONSTRUCTION,2092720.0,2960000.0,92.4,False,Utilization_Certificate_PRJ000240.pdf
DOC0000481,PRJ000241,PURCHASE_BILL,SmartTransit Urban Infra Solutions,BUS_SHELTER,7530000.0,7530000.0,88.1,False,Purchase_Bill_PRJ000241.pdf
DOC0000482,PRJ000241,UTILIZATION_CERTIFICATE,Varanasi Public Works Department (PWD),BUS_SHELTER,5647500.0,7530000.0,94.3,False,Utilization_Certificate_PRJ000241.pdf
DOC0000483,PRJ000242,PURCHASE_BILL,Speedway Repair & Resurfacing Contractors,ROAD_REPAIR,2720000.0,2720000.0,88.4,False,Purchase_Bill_PRJ000242.pdf
DOC0000484,PRJ000242,UTILIZATION_CERTIFICATE,Varanasi Public Works Department (PWD),ROAD_REPAIR,2118880.0,2720000.0,100.0,False,Utilization_Certificate_PRJ000242.pdf
DOC0000485,PRJ000243,PURCHASE_BILL,SmartTransit Urban Infra Solutions,BUS_SHELTER,3270000.0,3270000.0,91.8,False,Purchase_Bill_PRJ000243.pdf
DOC0000486,PRJ000243,UTILIZATION_CERTIFICATE,Hyderabad State Water Supply & Sanitation Board (WSSB),BUS_SHELTER,2154930.0,3270000.0,90.9,False,Utilization_Certificate_PRJ000243.pdf
DOC0000487,PRJ000244,PURCHASE_BILL,UrbanDrain Civil Engineering Co,DRAINAGE,890000.0,890000.0,97.6,False,Purchase_Bill_PRJ000244.pdf
DOC0000488,PRJ000244,UTILIZATION_CERTIFICATE,Khammam Municipal Corporation Infrastructure Cell,DRAINAGE,227840.0,890000.0,93.5,False,Utilization_Certificate_PRJ000244.pdf
DOC0000489,PRJ000245,PURCHASE_BILL,ProSport Infrastructure & Turf Solutions,SPORTS_FACILITY,5000000.0,5000000.0,96.0,False,Purchase_Bill_PRJ000245.pdf
DOC0000490,PRJ000245,UTILIZATION_CERTIFICATE,Varanasi District Rural Development Agency (DRDA),SPORTS_FACILITY,4260895.73,5000000.0,94.0,False,Utilization_Certificate_PRJ000245.pdf
DOC0000491,PRJ000246,PURCHASE_BILL,CleanWater Sanitation & Drainage Works Pvt Ltd,SANITATION,4320000.0,4320000.0,88.1,False,Purchase_Bill_PRJ000246.pdf
DOC0000492,PRJ000246,UTILIZATION_CERTIFICATE,Varanasi District Rural Development Agency (DRDA),SANITATION,3783052.66,4320000.0,98.7,False,Utilization_Certificate_PRJ000246.pdf
DOC0000493,PRJ000247,PURCHASE_BILL,MedTech Healthcare Infrastructure Ltd,HEALTHCARE,2830000.0,2830000.0,97.3,False,Purchase_Bill_PRJ000247.pdf
DOC0000494,PRJ000247,UTILIZATION_CERTIFICATE,Varanasi Public Works Department (PWD),HEALTHCARE,851830.0,2830000.0,99.7,False,Utilization_Certificate_PRJ000247.pdf
DOC0000495,PRJ000248,PURCHASE_BILL,SwachhBharat Sanitation Infra Ltd,PUBLIC_TOILET,5330000.0,5330000.0,97.2,False,Purchase_Bill_PRJ000248.pdf
DOC0000496,PRJ000248,UTILIZATION_CERTIFICATE,Varanasi State Water Supply & Sanitation Board (WSSB),PUBLIC_TOILET,4525170.0,5330000.0,93.9,False,Utilization_Certificate_PRJ000248.pdf
DOC0000497,PRJ000249,PURCHASE_BILL,SwachhBharat Sanitation Infra Ltd,PUBLIC_TOILET,2350000.0,2350000.0,90.6,False,Purchase_Bill_PRJ000249.pdf
DOC0000498,PRJ000249,UTILIZATION_CERTIFICATE,Thane Public Works Department (PWD),PUBLIC_TOILET,1762500.0,2350000.0,96.7,False,Utilization_Certificate_PRJ000249.pdf
DOC0000499,PRJ000250,PURCHASE_BILL,SunPower Renewable Energy Systems,SOLAR_ENERGY,7880000.0,7880000.0,97.4,False,Purchase_Bill_PRJ000250.pdf
DOC0000500,PRJ000250,UTILIZATION_CERTIFICATE,Mumbai Municipal Corporation Infrastructure Cell,SOLAR_ENERGY,4885600.0,7880000.0,92.6,False,Utilization_Certificate_PRJ000250.pdf
DOC0000501,PRJ000251,PURCHASE_BILL,SwachhBharat Sanitation Infra Ltd,PUBLIC_TOILET,4780000.0,4780000.0,91.7,False,Purchase_Bill_PRJ000251.pdf
DOC0000502,PRJ000251,UTILIZATION_CERTIFICATE,Thane District Rural Development Agency (DRDA),PUBLIC_TOILET,2968380.0,4780000.0,93.0,False,Utilization_Certificate_PRJ000251.pdf
DOC0000503,PRJ000252,PURCHASE_BILL,National Civic Infrastructure Developers,COMMUNITY_HALL,2589342.89,2020000.0,69.6,True,Purchase_Bill_PRJ000252.pdf
DOC0000504,PRJ000252,UTILIZATION_CERTIFICATE,Thane District Rural Development Agency (DRDA),COMMUNITY_HALL,642360.0,2020000.0,93.1,False,Utilization_Certificate_PRJ000252.pdf
DOC0000505,PRJ000253,PURCHASE_BILL,ProSport Infrastructure & Turf Solutions,SPORTS_FACILITY,7450000.0,7450000.0,97.1,False,Purchase_Bill_PRJ000253.pdf
DOC0000506,PRJ000253,UTILIZATION_CERTIFICATE,Kanpur Municipal Corporation Infrastructure Cell,SPORTS_FACILITY,120473.41,7450000.0,94.9,False,Utilization_Certificate_PRJ000253.pdf
DOC0000507,PRJ000254,PURCHASE_BILL,Paramount Multi-Sector Construction Ltd,ROAD_CONSTRUCTION,3350000.0,3350000.0,88.8,False,Purchase_Bill_PRJ000254.pdf
DOC0000508,PRJ000254,UTILIZATION_CERTIFICATE,Varanasi District Rural Development Agency (DRDA),ROAD_CONSTRUCTION,1430450.0,3350000.0,93.5,False,Utilization_Certificate_PRJ000254.pdf
DOC0000509,PRJ000255,PURCHASE_BILL,BridgeTech Structures Pvt Ltd,BRIDGE,3020000.0,3020000.0,94.6,False,Purchase_Bill_PRJ000255.pdf
DOC0000510,PRJ000255,UTILIZATION_CERTIFICATE,Mysuru District Rural Development Agency (DRDA),BRIDGE,2265000.0,3020000.0,93.1,False,Utilization_Certificate_PRJ000255.pdf
DOC0000511,PRJ000256,PURCHASE_BILL,CleanWater Sanitation & Drainage Works Pvt Ltd,SANITATION,5290000.0,5290000.0,89.6,False,Purchase_Bill_PRJ000256.pdf
DOC0000512,PRJ000256,UTILIZATION_CERTIFICATE,Mysuru District Rural Development Agency (DRDA),SANITATION,2380500.0,5290000.0,91.3,False,Utilization_Certificate_PRJ000256.pdf
DOC0000513,PRJ000257,PURCHASE_BILL,SmartTransit Urban Infra Solutions,BUS_SHELTER,1150000.0,1150000.0,96.8,False,Purchase_Bill_PRJ000257.pdf
DOC0000514,PRJ000257,UTILIZATION_CERTIFICATE,Bengaluru Municipal Corporation Infrastructure Cell,BUS_SHELTER,25584.93,1150000.0,95.4,False,Utilization_Certificate_PRJ000257.pdf
DOC0000515,PRJ000258,PURCHASE_BILL,Speedway Repair & Resurfacing Contractors,ROAD_REPAIR,2770000.0,2770000.0,92.3,False,Purchase_Bill_PRJ000258.pdf
DOC0000516,PRJ000258,UTILIZATION_CERTIFICATE,Varanasi District Rural Development Agency (DRDA),ROAD_REPAIR,2383537.34,2770000.0,90.7,False,Utilization_Certificate_PRJ000258.pdf
DOC0000517,PRJ000259,PURCHASE_BILL,BridgeTech Structures Pvt Ltd,BRIDGE,3370000.0,3370000.0,93.2,False,Purchase_Bill_PRJ000259.pdf
DOC0000518,PRJ000259,UTILIZATION_CERTIFICATE,Varanasi District Rural Development Agency (DRDA),BRIDGE,4111400.0,3370000.0,90.8,False,Utilization_Certificate_PRJ000259.pdf
DOC0000519,PRJ000260,PURCHASE_BILL,SwachhBharat Sanitation Infra Ltd,PUBLIC_TOILET,2180000.0,2180000.0,91.0,False,Purchase_Bill_PRJ000260.pdf
DOC0000520,PRJ000260,UTILIZATION_CERTIFICATE,Varanasi State Water Supply & Sanitation Board (WSSB),PUBLIC_TOILET,34512.72,2180000.0,93.7,False,Utilization_Certificate_PRJ000260.pdf
DOC0000521,PRJ000261,PURCHASE_BILL,SmartTransit Urban Infra Solutions,BUS_SHELTER,3100000.0,3100000.0,98.0,False,Purchase_Bill_PRJ000261.pdf
DOC0000522,PRJ000261,UTILIZATION_CERTIFICATE,Kolkata Municipal Corporation Infrastructure Cell,BUS_SHELTER,2157600.0,3100000.0,94.4,False,Utilization_Certificate_PRJ000261.pdf
DOC0000523,PRJ000262,PURCHASE_BILL,Paramount Multi-Sector Construction Ltd,SOLAR_ENERGY,910000.0,910000.0,91.3,False,Purchase_Bill_PRJ000262.pdf
DOC0000524,PRJ000262,UTILIZATION_CERTIFICATE,Kolkata District Rural Development Agency (DRDA),SOLAR_ENERGY,224770.0,910000.0,98.8,False,Utilization_Certificate_PRJ000262.pdf
DOC0000525,PRJ000263,PURCHASE_BILL,Paramount Multi-Sector Construction Ltd,SOLAR_ENERGY,5390000.0,5390000.0,97.2,False,Purchase_Bill_PRJ000263.pdf
DOC0000526,PRJ000263,UTILIZATION_CERTIFICATE,Kolkata District Rural Development Agency (DRDA),SOLAR_ENERGY,1509200.0,5390000.0,95.5,False,Utilization_Certificate_PRJ000263.pdf
DOC0000527,PRJ000264,PURCHASE_BILL,Paramount Multi-Sector Construction Ltd,SANITATION,4520000.0,4520000.0,96.4,False,Purchase_Bill_PRJ000264.pdf
DOC0000528,PRJ000264,UTILIZATION_CERTIFICATE,Kolkata District Rural Development Agency (DRDA),SANITATION,2088240.0,4520000.0,99.6,False,Utilization_Certificate_PRJ000264.pdf
DOC0000529,PRJ000265,PURCHASE_BILL,MedTech Healthcare Infrastructure Ltd,HEALTHCARE,770000.0,770000.0,91.7,False,Purchase_Bill_PRJ000265.pdf
DOC0000530,PRJ000265,UTILIZATION_CERTIFICATE,Madurai Public Works Department (PWD),HEALTHCARE,433510.0,770000.0,97.0,False,Utilization_Certificate_PRJ000265.pdf
DOC0000531,PRJ000266,PURCHASE_BILL,MedTech Healthcare Infrastructure Ltd,HEALTHCARE,4659621.91,4010000.0,57.5,True,Purchase_Bill_PRJ000266.pdf
DOC0000532,PRJ000266,UTILIZATION_CERTIFICATE,Madurai District Rural Development Agency (DRDA),HEALTHCARE,1744350.0,4010000.0,99.7,False,Utilization_Certificate_PRJ000266.pdf
DOC0000533,PRJ000267,PURCHASE_BILL,Speedway Repair & Resurfacing Contractors,ROAD_REPAIR,6460000.0,6460000.0,91.6,False,Purchase_Bill_PRJ000267.pdf
DOC0000534,PRJ000267,UTILIZATION_CERTIFICATE,Varanasi District Rural Development Agency (DRDA),ROAD_REPAIR,9173200.0,6460000.0,98.8,False,Utilization_Certificate_PRJ000267.pdf
DOC0000535,PRJ000268,PURCHASE_BILL,AquaPure Water Systems & Drilling Corp,WATER_SUPPLY,7730000.0,7730000.0,92.2,False,Purchase_Bill_PRJ000268.pdf
DOC0000536,PRJ000268,UTILIZATION_CERTIFICATE,Varanasi Public Works Department (PWD),WATER_SUPPLY,3478500.0,7730000.0,97.2,False,Utilization_Certificate_PRJ000268.pdf
DOC0000537,PRJ000269,PURCHASE_BILL,UrbanDrain Civil Engineering Co,DRAINAGE,3000000.0,3000000.0,92.9,False,Purchase_Bill_PRJ000269.pdf
DOC0000538,PRJ000269,UTILIZATION_CERTIFICATE,Ramagundam District Rural Development Agency (DRDA),DRAINAGE,3480000.0,3000000.0,92.5,False,Utilization_Certificate_PRJ000269.pdf
DOC0000539,PRJ000270,PURCHASE_BILL,TechLine IT & Lab Equipment Solutions Pvt Ltd,SCHOOL_INFRASTRUCTURE,3501496.79,2710000.0,64.8,True,Purchase_Bill_PRJ000270.pdf
DOC0000540,PRJ000270,UTILIZATION_CERTIFICATE,Ramagundam District Rural Development Agency (DRDA),SCHOOL_INFRASTRUCTURE,1070450.0,2710000.0,98.4,False,Utilization_Certificate_PRJ000270.pdf
DOC0000541,PRJ000271,PURCHASE_BILL,UrbanDrain Civil Engineering Co,DRAINAGE,3260000.0,3260000.0,91.1,False,Purchase_Bill_PRJ000271.pdf
DOC0000542,PRJ000271,UTILIZATION_CERTIFICATE,Hyderabad State Water Supply & Sanitation Board (WSSB),DRAINAGE,1793000.0,3260000.0,96.3,False,Utilization_Certificate_PRJ000271.pdf
DOC0000543,PRJ000272,PURCHASE_BILL,BridgeTech Structures Pvt Ltd,BRIDGE,4310000.0,4310000.0,96.1,False,Purchase_Bill_PRJ000272.pdf
DOC0000544,PRJ000272,UTILIZATION_CERTIFICATE,Kanpur Municipal Corporation Infrastructure Cell,BRIDGE,2633410.0,4310000.0,93.1,False,Utilization_Certificate_PRJ000272.pdf
DOC0000545,PRJ000273,PURCHASE_BILL,SunPower Renewable Energy Systems,SOLAR_ENERGY,1880000.0,1880000.0,92.8,False,Purchase_Bill_PRJ000273.pdf
DOC0000546,PRJ000273,UTILIZATION_CERTIFICATE,Varanasi District Rural Development Agency (DRDA),SOLAR_ENERGY,2293600.0,1880000.0,99.9,False,Utilization_Certificate_PRJ000273.pdf
DOC0000547,PRJ000274,PURCHASE_BILL,ProSport Infrastructure & Turf Solutions,SPORTS_FACILITY,2770000.0,2770000.0,90.8,False,Purchase_Bill_PRJ000274.pdf
DOC0000548,PRJ000274,UTILIZATION_CERTIFICATE,Varanasi District Rural Development Agency (DRDA),SPORTS_FACILITY,1246500.0,2770000.0,90.9,False,Utilization_Certificate_PRJ000274.pdf
DOC0000549,PRJ000275,PURCHASE_BILL,SmartTransit Urban Infra Solutions,BUS_SHELTER,7760000.0,7760000.0,92.5,False,Purchase_Bill_PRJ000275.pdf
DOC0000550,PRJ000275,UTILIZATION_CERTIFICATE,Varanasi Public Works Department (PWD),BUS_SHELTER,2165040.0,7760000.0,93.3,False,Utilization_Certificate_PRJ000275.pdf
DOC0000551,PRJ000276,PURCHASE_BILL,TechLine IT & Lab Equipment Solutions Pvt Ltd,SCHOOL_INFRASTRUCTURE,1730000.0,1730000.0,92.2,False,Purchase_Bill_PRJ000276.pdf
DOC0000552,PRJ000276,UTILIZATION_CERTIFICATE,Guntur District Rural Development Agency (DRDA),SCHOOL_INFRASTRUCTURE,1521313.03,1730000.0,99.8,False,Utilization_Certificate_PRJ000276.pdf
DOC0000553,PRJ000277,PURCHASE_BILL,BridgeTech Structures Pvt Ltd,BRIDGE,4880000.0,4880000.0,93.4,False,Purchase_Bill_PRJ000277.pdf
DOC0000554,PRJ000277,UTILIZATION_CERTIFICATE,Guntur District Rural Development Agency (DRDA),BRIDGE,3660000.0,4880000.0,98.8,False,Utilization_Certificate_PRJ000277.pdf
DOC0000555,PRJ000278,PURCHASE_BILL,MedTech Healthcare Infrastructure Ltd,HEALTHCARE,7310000.0,7310000.0,92.4,False,Purchase_Bill_PRJ000278.pdf
DOC0000556,PRJ000278,UTILIZATION_CERTIFICATE,Varanasi District Rural Development Agency (DRDA),HEALTHCARE,6281847.02,7310000.0,93.0,False,Utilization_Certificate_PRJ000278.pdf
DOC0000557,PRJ000279,PURCHASE_BILL,BridgeTech Structures Pvt Ltd,BRIDGE,3280000.0,3280000.0,89.8,False,Purchase_Bill_PRJ000279.pdf
DOC0000558,PRJ000279,UTILIZATION_CERTIFICATE,Varanasi Public Works Department (PWD),BRIDGE,783920.0,3280000.0,96.8,False,Utilization_Certificate_PRJ000279.pdf
DOC0000559,PRJ000280,PURCHASE_BILL,UrbanDrain Civil Engineering Co,DRAINAGE,1040000.0,1040000.0,93.3,False,Purchase_Bill_PRJ000280.pdf
DOC0000560,PRJ000280,UTILIZATION_CERTIFICATE,Kanpur Municipal Corporation Infrastructure Cell,DRAINAGE,1040000.0,1040000.0,96.8,False,Utilization_Certificate_PRJ000280.pdf
DOC0000561,PRJ000281,PURCHASE_BILL,SmartTransit Urban Infra Solutions,BUS_SHELTER,4990000.0,4990000.0,89.7,False,Purchase_Bill_PRJ000281.pdf
DOC0000562,PRJ000281,UTILIZATION_CERTIFICATE,Varanasi State Water Supply & Sanitation Board (WSSB),BUS_SHELTER,2130730.0,4990000.0,92.2,False,Utilization_Certificate_PRJ000281.pdf
DOC0000563,PRJ000282,PURCHASE_BILL,UrbanDrain Civil Engineering Co,DRAINAGE,6820000.0,6820000.0,96.1,False,Purchase_Bill_PRJ000282.pdf
DOC0000564,PRJ000282,UTILIZATION_CERTIFICATE,Varanasi District Rural Development Agency (DRDA),DRAINAGE,3069000.0,6820000.0,93.3,False,Utilization_Certificate_PRJ000282.pdf
DOC0000565,PRJ000283,PURCHASE_BILL,MedTech Healthcare Infrastructure Ltd,HEALTHCARE,4230000.0,4230000.0,90.9,False,Purchase_Bill_PRJ000283.pdf
DOC0000566,PRJ000283,UTILIZATION_CERTIFICATE,Madurai District Rural Development Agency (DRDA),HEALTHCARE,3558422.88,4230000.0,97.0,False,Utilization_Certificate_PRJ000283.pdf
DOC0000567,PRJ000284,PURCHASE_BILL,MedTech Healthcare Infrastructure Ltd,HEALTHCARE,1500000.0,1500000.0,95.9,False,Purchase_Bill_PRJ000284.pdf
DOC0000568,PRJ000284,UTILIZATION_CERTIFICATE,Chennai State Water Supply & Sanitation Board (WSSB),HEALTHCARE,1138500.0,1500000.0,99.4,False,Utilization_Certificate_PRJ000284.pdf
DOC0000569,PRJ000285,PURCHASE_BILL,ProSport Infrastructure & Turf Solutions,SPORTS_FACILITY,1290000.0,1290000.0,94.3,False,Purchase_Bill_PRJ000285.pdf
DOC0000570,PRJ000285,UTILIZATION_CERTIFICATE,Hisar Municipal Corporation Infrastructure Cell,SPORTS_FACILITY,496650.0,1290000.0,90.3,False,Utilization_Certificate_PRJ000285.pdf
DOC0000571,PRJ000286,PURCHASE_BILL,TechLine IT & Lab Equipment Solutions Pvt Ltd,SCHOOL_INFRASTRUCTURE,3310000.0,3310000.0,92.7,False,Purchase_Bill_PRJ000286.pdf
DOC0000572,PRJ000286,UTILIZATION_CERTIFICATE,Ambala State Water Supply & Sanitation Board (WSSB),SCHOOL_INFRASTRUCTURE,1883390.0,3310000.0,95.9,False,Utilization_Certificate_PRJ000286.pdf
DOC0000573,PRJ000287,PURCHASE_BILL,TechLine IT & Lab Equipment Solutions Pvt Ltd,SCHOOL_INFRASTRUCTURE,2110000.0,2110000.0,95.1,False,Purchase_Bill_PRJ000287.pdf
DOC0000574,PRJ000287,UTILIZATION_CERTIFICATE,Hisar Public Works Department (PWD),SCHOOL_INFRASTRUCTURE,571810.0,2110000.0,91.1,False,Utilization_Certificate_PRJ000287.pdf
DOC0000575,PRJ000288,PURCHASE_BILL,Paramount Multi-Sector Construction Ltd,COMMUNITY_HALL,1990000.0,1990000.0,88.5,False,Purchase_Bill_PRJ000288.pdf
DOC0000576,PRJ000288,UTILIZATION_CERTIFICATE,Thane District Rural Development Agency (DRDA),COMMUNITY_HALL,600980.0,1990000.0,90.3,False,Utilization_Certificate_PRJ000288.pdf
DOC0000577,PRJ000289,PURCHASE_BILL,MedTech Healthcare Infrastructure Ltd,HEALTHCARE,860000.0,860000.0,93.5,False,Purchase_Bill_PRJ000289.pdf
DOC0000578,PRJ000289,UTILIZATION_CERTIFICATE,Aurangabad State Water Supply & Sanitation Board (WSSB),HEALTHCARE,860000.0,860000.0,99.7,False,Utilization_Certificate_PRJ000289.pdf
DOC0000579,PRJ000290,PURCHASE_BILL,SwachhBharat Sanitation Infra Ltd,PUBLIC_TOILET,1570000.0,1570000.0,88.8,False,Purchase_Bill_PRJ000290.pdf
DOC0000580,PRJ000290,UTILIZATION_CERTIFICATE,Varanasi State Water Supply & Sanitation Board (WSSB),PUBLIC_TOILET,1177500.0,1570000.0,92.7,False,Utilization_Certificate_PRJ000290.pdf
DOC0000581,PRJ000291,PURCHASE_BILL,CleanWater Sanitation & Drainage Works Pvt Ltd,SANITATION,4370000.0,4370000.0,91.5,False,Purchase_Bill_PRJ000291.pdf
DOC0000582,PRJ000291,UTILIZATION_CERTIFICATE,Varanasi State Water Supply & Sanitation Board (WSSB),SANITATION,1040060.0,4370000.0,94.0,False,Utilization_Certificate_PRJ000291.pdf
DOC0000583,PRJ000292,PURCHASE_BILL,ProSport Infrastructure & Turf Solutions,SPORTS_FACILITY,7980000.0,7980000.0,95.2,False,Purchase_Bill_PRJ000292.pdf
DOC0000584,PRJ000292,UTILIZATION_CERTIFICATE,Varanasi District Rural Development Agency (DRDA),SPORTS_FACILITY,11092200.0,7980000.0,94.2,False,Utilization_Certificate_PRJ000292.pdf
DOC0000585,PRJ000293,PURCHASE_BILL,Paramount Multi-Sector Construction Ltd,SOLAR_ENERGY,700000.0,700000.0,90.9,False,Purchase_Bill_PRJ000293.pdf
DOC0000586,PRJ000293,UTILIZATION_CERTIFICATE,Ujjain District Rural Development Agency (DRDA),SOLAR_ENERGY,233100.0,700000.0,97.5,False,Utilization_Certificate_PRJ000293.pdf
DOC0000587,PRJ000294,PURCHASE_BILL,BridgeTech Structures Pvt Ltd,BRIDGE,4060000.0,4060000.0,93.2,False,Purchase_Bill_PRJ000294.pdf
DOC0000588,PRJ000294,UTILIZATION_CERTIFICATE,Ujjain District Rural Development Agency (DRDA),BRIDGE,1270780.0,4060000.0,94.4,False,Utilization_Certificate_PRJ000294.pdf
DOC0000589,PRJ000295,PURCHASE_BILL,BridgeTech Structures Pvt Ltd,BRIDGE,6240000.0,6240000.0,92.7,False,Purchase_Bill_PRJ000295.pdf
DOC0000590,PRJ000295,UTILIZATION_CERTIFICATE,Thane District Rural Development Agency (DRDA),BRIDGE,5728144.71,6240000.0,94.4,False,Utilization_Certificate_PRJ000295.pdf
DOC0000591,PRJ000296,PURCHASE_BILL,SwachhBharat Sanitation Infra Ltd,PUBLIC_TOILET,7640000.0,7640000.0,96.1,False,Purchase_Bill_PRJ000296.pdf
DOC0000592,PRJ000296,UTILIZATION_CERTIFICATE,Mumbai Municipal Corporation Infrastructure Cell,PUBLIC_TOILET,1741920.0,7640000.0,97.3,False,Utilization_Certificate_PRJ000296.pdf
DOC0000593,PRJ000297,PURCHASE_BILL,TechLine IT & Lab Equipment Solutions Pvt Ltd,SCHOOL_INFRASTRUCTURE,4220000.0,4220000.0,95.6,False,Purchase_Bill_PRJ000297.pdf
DOC0000594,PRJ000297,UTILIZATION_CERTIFICATE,Thane Public Works Department (PWD),SCHOOL_INFRASTRUCTURE,1899000.0,4220000.0,91.3,False,Utilization_Certificate_PRJ000297.pdf
DOC0000595,PRJ000298,PURCHASE_BILL,SwachhBharat Sanitation Infra Ltd,PUBLIC_TOILET,1110000.0,1110000.0,94.8,False,Purchase_Bill_PRJ000298.pdf
DOC0000596,PRJ000298,UTILIZATION_CERTIFICATE,Thane District Rural Development Agency (DRDA),PUBLIC_TOILET,893563.07,1110000.0,99.4,False,Utilization_Certificate_PRJ000298.pdf
DOC0000597,PRJ000299,PURCHASE_BILL,MedTech Healthcare Infrastructure Ltd,HEALTHCARE,3410000.0,3410000.0,95.2,False,Purchase_Bill_PRJ000299.pdf
DOC0000598,PRJ000299,UTILIZATION_CERTIFICATE,Thane District Rural Development Agency (DRDA),HEALTHCARE,4057900.0,3410000.0,93.1,False,Utilization_Certificate_PRJ000299.pdf
DOC0000599,PRJ000300,PURCHASE_BILL,BridgeTech Structures Pvt Ltd,BRIDGE,3500000.0,3500000.0,92.0,False,Purchase_Bill_PRJ000300.pdf
DOC0000600,PRJ000300,UTILIZATION_CERTIFICATE,Hisar Public Works Department (PWD),BRIDGE,2625000.0,3500000.0,94.4,False,Utilization_Certificate_PRJ000300.pdf
DOC0000601,PRJ000301,PURCHASE_BILL,National Civic Infrastructure Developers,COMMUNITY_HALL,4720000.0,4720000.0,91.3,False,Purchase_Bill_PRJ000301.pdf
DOC0000602,PRJ000301,UTILIZATION_CERTIFICATE,Hisar Municipal Corporation Infrastructure Cell,COMMUNITY_HALL,2959440.0,4720000.0,94.9,False,Utilization_Certificate_PRJ000301.pdf
DOC0000603,PRJ000302,PURCHASE_BILL,National Civic Infrastructure Developers,COMMUNITY_HALL,6420000.0,6420000.0,95.3,False,Purchase_Bill_PRJ000302.pdf
DOC0000604,PRJ000302,UTILIZATION_CERTIFICATE,Hisar Public Works Department (PWD),COMMUNITY_HALL,2889000.0,6420000.0,92.6,False,Utilization_Certificate_PRJ000302.pdf
DOC0000605,PRJ000303,PURCHASE_BILL,ProSport Infrastructure & Turf Solutions,SPORTS_FACILITY,4160000.0,4160000.0,95.4,False,Purchase_Bill_PRJ000303.pdf
DOC0000606,PRJ000303,UTILIZATION_CERTIFICATE,Mysuru District Rural Development Agency (DRDA),SPORTS_FACILITY,4992000.0,4160000.0,99.2,False,Utilization_Certificate_PRJ000303.pdf
DOC0000607,PRJ000304,PURCHASE_BILL,SwachhBharat Sanitation Infra Ltd,PUBLIC_TOILET,1770000.0,1770000.0,94.8,False,Purchase_Bill_PRJ000304.pdf
DOC0000608,PRJ000304,UTILIZATION_CERTIFICATE,Hubballi State Water Supply & Sanitation Board (WSSB),PUBLIC_TOILET,1770000.0,1770000.0,91.2,False,Utilization_Certificate_PRJ000304.pdf
DOC0000609,PRJ000305,PURCHASE_BILL,TechLine IT & Lab Equipment Solutions Pvt Ltd,SCHOOL_INFRASTRUCTURE,6700000.0,6700000.0,96.4,False,Purchase_Bill_PRJ000305.pdf
DOC0000610,PRJ000305,UTILIZATION_CERTIFICATE,Mysuru District Rural Development Agency (DRDA),SCHOOL_INFRASTRUCTURE,3015000.0,6700000.0,90.9,False,Utilization_Certificate_PRJ000305.pdf
DOC0000611,PRJ000306,PURCHASE_BILL,AquaPure Water Systems & Drilling Corp,WATER_SUPPLY,2060000.0,2060000.0,92.8,False,Purchase_Bill_PRJ000306.pdf
DOC0000612,PRJ000306,UTILIZATION_CERTIFICATE,Mysuru District Rural Development Agency (DRDA),WATER_SUPPLY,927000.0,2060000.0,94.7,False,Utilization_Certificate_PRJ000306.pdf
DOC0000613,PRJ000307,PURCHASE_BILL,CleanWater Sanitation & Drainage Works Pvt Ltd,SANITATION,4570000.0,4570000.0,90.8,False,Purchase_Bill_PRJ000307.pdf
DOC0000614,PRJ000307,UTILIZATION_CERTIFICATE,Guwahati District Rural Development Agency (DRDA),SANITATION,6169500.0,4570000.0,90.2,False,Utilization_Certificate_PRJ000307.pdf
DOC0000615,PRJ000308,PURCHASE_BILL,SmartTransit Urban Infra Solutions,BUS_SHELTER,6010000.0,6010000.0,88.6,False,Purchase_Bill_PRJ000308.pdf
DOC0000616,PRJ000308,UTILIZATION_CERTIFICATE,Guwahati District Rural Development Agency (DRDA),BUS_SHELTER,4904160.0,6010000.0,90.3,False,Utilization_Certificate_PRJ000308.pdf
DOC0000617,PRJ000309,PURCHASE_BILL,ProSport Infrastructure & Turf Solutions,SPORTS_FACILITY,5470000.0,5470000.0,91.2,False,Purchase_Bill_PRJ000309.pdf
DOC0000618,PRJ000309,UTILIZATION_CERTIFICATE,Jorhat State Water Supply & Sanitation Board (WSSB),SPORTS_FACILITY,3303880.0,5470000.0,93.4,False,Utilization_Certificate_PRJ000309.pdf
DOC0000619,PRJ000310,PURCHASE_BILL,AquaPure Water Systems & Drilling Corp,WATER_SUPPLY,6600000.0,6600000.0,94.5,False,Purchase_Bill_PRJ000310.pdf
DOC0000620,PRJ000310,UTILIZATION_CERTIFICATE,Silchar Municipal Corporation Infrastructure Cell,WATER_SUPPLY,4349400.0,6600000.0,92.6,False,Utilization_Certificate_PRJ000310.pdf
DOC0000621,PRJ000311,PURCHASE_BILL,UrbanDrain Civil Engineering Co,DRAINAGE,1870000.0,1870000.0,92.6,False,Purchase_Bill_PRJ000311.pdf
DOC0000622,PRJ000311,UTILIZATION_CERTIFICATE,Kolkata District Rural Development Agency (DRDA),DRAINAGE,1580150.0,1870000.0,94.3,False,Utilization_Certificate_PRJ000311.pdf
DOC0000623,PRJ000312,PURCHASE_BILL,AquaPure Water Systems & Drilling Corp,WATER_SUPPLY,3350000.0,3350000.0,97.6,False,Purchase_Bill_PRJ000312.pdf
DOC0000624,PRJ000312,UTILIZATION_CERTIFICATE,Darjeeling Public Works Department (PWD),WATER_SUPPLY,1216050.0,3350000.0,91.3,False,Utilization_Certificate_PRJ000312.pdf
DOC0000625,PRJ000313,PURCHASE_BILL,BridgeTech Structures Pvt Ltd,BRIDGE,2920000.0,2920000.0,97.0,False,Purchase_Bill_PRJ000313.pdf
DOC0000626,PRJ000313,UTILIZATION_CERTIFICATE,Kolkata District Rural Development Agency (DRDA),BRIDGE,4234000.0,2920000.0,98.5,False,Utilization_Certificate_PRJ000313.pdf
DOC0000627,PRJ000314,PURCHASE_BILL,MedTech Healthcare Infrastructure Ltd,HEALTHCARE,3370000.0,3370000.0,94.6,False,Purchase_Bill_PRJ000314.pdf
DOC0000628,PRJ000314,UTILIZATION_CERTIFICATE,Chandigarh State Water Supply & Sanitation Board (WSSB),HEALTHCARE,2426400.0,3370000.0,93.4,False,Utilization_Certificate_PRJ000314.pdf
DOC0000629,PRJ000315,PURCHASE_BILL,TechLine IT & Lab Equipment Solutions Pvt Ltd,SCHOOL_INFRASTRUCTURE,5980000.0,5980000.0,91.3,False,Purchase_Bill_PRJ000315.pdf
DOC0000630,PRJ000315,UTILIZATION_CERTIFICATE,Jalandhar Public Works Department (PWD),SCHOOL_INFRASTRUCTURE,154949.31,5980000.0,93.6,False,Utilization_Certificate_PRJ000315.pdf
DOC0000631,PRJ000316,PURCHASE_BILL,National Civic Infrastructure Developers,COMMUNITY_HALL,3200000.0,3200000.0,97.4,False,Purchase_Bill_PRJ000316.pdf
DOC0000632,PRJ000316,UTILIZATION_CERTIFICATE,Amritsar District Rural Development Agency (DRDA),COMMUNITY_HALL,1177600.0,3200000.0,97.2,False,Utilization_Certificate_PRJ000316.pdf
DOC0000633,PRJ000317,PURCHASE_BILL,Paramount Multi-Sector Construction Ltd,SANITATION,2780000.0,2780000.0,97.7,False,Purchase_Bill_PRJ000317.pdf
DOC0000634,PRJ000317,UTILIZATION_CERTIFICATE,Amritsar District Rural Development Agency (DRDA),SANITATION,1139800.0,2780000.0,99.7,False,Utilization_Certificate_PRJ000317.pdf
DOC0000635,PRJ000318,PURCHASE_BILL,Apex Infracon & Highway Contractors,ROAD_CONSTRUCTION,5460000.0,5460000.0,92.0,False,Purchase_Bill_PRJ000318.pdf
DOC0000636,PRJ000318,UTILIZATION_CERTIFICATE,Muzaffarpur District Rural Development Agency (DRDA),ROAD_CONSTRUCTION,2457000.0,5460000.0,96.2,False,Utilization_Certificate_PRJ000318.pdf
DOC0000637,PRJ000319,PURCHASE_BILL,SunPower Renewable Energy Systems,SOLAR_ENERGY,2300000.0,2300000.0,96.9,False,Purchase_Bill_PRJ000319.pdf
DOC0000638,PRJ000319,UTILIZATION_CERTIFICATE,Muzaffarpur District Rural Development Agency (DRDA),SOLAR_ENERGY,2760000.0,2300000.0,98.2,False,Utilization_Certificate_PRJ000319.pdf
DOC0000639,PRJ000320,PURCHASE_BILL,National Civic Infrastructure Developers,COMMUNITY_HALL,4760000.0,4760000.0,90.2,False,Purchase_Bill_PRJ000320.pdf
DOC0000640,PRJ000320,UTILIZATION_CERTIFICATE,Mumbai Municipal Corporation Infrastructure Cell,COMMUNITY_HALL,2832200.0,4760000.0,98.4,False,Utilization_Certificate_PRJ000320.pdf
DOC0000641,PRJ000321,PURCHASE_BILL,National Civic Infrastructure Developers,COMMUNITY_HALL,6930000.0,6930000.0,89.9,False,Purchase_Bill_PRJ000321.pdf
DOC0000642,PRJ000321,UTILIZATION_CERTIFICATE,Thane District Rural Development Agency (DRDA),COMMUNITY_HALL,3499650.0,6930000.0,95.5,False,Utilization_Certificate_PRJ000321.pdf
DOC0000643,PRJ000322,PURCHASE_BILL,ProSport Infrastructure & Turf Solutions,SPORTS_FACILITY,2800000.0,2800000.0,96.0,False,Purchase_Bill_PRJ000322.pdf
DOC0000644,PRJ000322,UTILIZATION_CERTIFICATE,Thane Public Works Department (PWD),SPORTS_FACILITY,786800.0,2800000.0,98.5,False,Utilization_Certificate_PRJ000322.pdf
DOC0000645,PRJ000323,PURCHASE_BILL,Speedway Repair & Resurfacing Contractors,ROAD_REPAIR,2260000.0,2260000.0,93.0,False,Purchase_Bill_PRJ000323.pdf
DOC0000646,PRJ000323,UTILIZATION_CERTIFICATE,Thane District Rural Development Agency (DRDA),ROAD_REPAIR,2260000.0,2260000.0,94.3,False,Utilization_Certificate_PRJ000323.pdf
DOC0000647,PRJ000324,PURCHASE_BILL,Speedway Repair & Resurfacing Contractors,ROAD_REPAIR,4990000.0,4990000.0,96.8,False,Purchase_Bill_PRJ000324.pdf
DOC0000648,PRJ000324,UTILIZATION_CERTIFICATE,Muzaffarpur District Rural Development Agency (DRDA),ROAD_REPAIR,2679630.0,4990000.0,99.8,False,Utilization_Certificate_PRJ000324.pdf
DOC0000649,PRJ000325,PURCHASE_BILL,TechLine IT & Lab Equipment Solutions Pvt Ltd,SCHOOL_INFRASTRUCTURE,1310000.0,1310000.0,88.5,False,Purchase_Bill_PRJ000325.pdf
DOC0000650,PRJ000325,UTILIZATION_CERTIFICATE,Patna State Water Supply & Sanitation Board (WSSB),SCHOOL_INFRASTRUCTURE,982500.0,1310000.0,98.1,False,Utilization_Certificate_PRJ000325.pdf
DOC0000651,PRJ000326,PURCHASE_BILL,TechLine IT & Lab Equipment Solutions Pvt Ltd,SCHOOL_INFRASTRUCTURE,6219510.24,4870000.0,59.7,True,Purchase_Bill_PRJ000326.pdf
DOC0000652,PRJ000326,UTILIZATION_CERTIFICATE,Bhavnagar Municipal Corporation Infrastructure Cell,SCHOOL_INFRASTRUCTURE,2045400.0,4870000.0,99.9,False,Utilization_Certificate_PRJ000326.pdf
DOC0000653,PRJ000327,PURCHASE_BILL,CleanWater Sanitation & Drainage Works Pvt Ltd,SANITATION,4320000.0,4320000.0,97.9,False,Purchase_Bill_PRJ000327.pdf
DOC0000654,PRJ000327,UTILIZATION_CERTIFICATE,Ahmedabad Public Works Department (PWD),SANITATION,1317600.0,4320000.0,99.7,False,Utilization_Certificate_PRJ000327.pdf
DOC0000655,PRJ000328,PURCHASE_BILL,BridgeTech Structures Pvt Ltd,BRIDGE,6900000.0,6900000.0,96.8,False,Purchase_Bill_PRJ000328.pdf
DOC0000656,PRJ000328,UTILIZATION_CERTIFICATE,Ahmedabad District Rural Development Agency (DRDA),BRIDGE,4278000.0,6900000.0,92.3,False,Utilization_Certificate_PRJ000328.pdf
DOC0000657,PRJ000329,PURCHASE_BILL,SunPower Renewable Energy Systems,SOLAR_ENERGY,6590000.0,6590000.0,93.1,False,Purchase_Bill_PRJ000329.pdf
DOC0000658,PRJ000329,UTILIZATION_CERTIFICATE,Patna Municipal Corporation Infrastructure Cell,SOLAR_ENERGY,5548780.0,6590000.0,95.7,False,Utilization_Certificate_PRJ000329.pdf
DOC0000659,PRJ000330,PURCHASE_BILL,BridgeTech Structures Pvt Ltd,BRIDGE,2240000.0,2240000.0,93.3,False,Purchase_Bill_PRJ000330.pdf
DOC0000660,PRJ000330,UTILIZATION_CERTIFICATE,Patna State Water Supply & Sanitation Board (WSSB),BRIDGE,1762880.0,2240000.0,95.9,False,Utilization_Certificate_PRJ000330.pdf
DOC0000661,PRJ000331,PURCHASE_BILL,BridgeTech Structures Pvt Ltd,BRIDGE,1090000.0,1090000.0,91.6,False,Purchase_Bill_PRJ000331.pdf
DOC0000662,PRJ000331,UTILIZATION_CERTIFICATE,Muzaffarpur District Rural Development Agency (DRDA),BRIDGE,1635000.0,1090000.0,94.2,False,Utilization_Certificate_PRJ000331.pdf
DOC0000663,PRJ000332,PURCHASE_BILL,SmartTransit Urban Infra Solutions,BUS_SHELTER,1970000.0,1970000.0,88.9,False,Purchase_Bill_PRJ000332.pdf
DOC0000664,PRJ000332,UTILIZATION_CERTIFICATE,Bhagalpur Public Works Department (PWD),BUS_SHELTER,46286.86,1970000.0,96.4,False,Utilization_Certificate_PRJ000332.pdf
DOC0000665,PRJ000333,PURCHASE_BILL,AquaPure Water Systems & Drilling Corp,WATER_SUPPLY,3660000.0,3660000.0,88.0,False,Purchase_Bill_PRJ000333.pdf
DOC0000666,PRJ000333,UTILIZATION_CERTIFICATE,Bikaner Public Works Department (PWD),WATER_SUPPLY,1522560.0,3660000.0,93.2,False,Utilization_Certificate_PRJ000333.pdf
DOC0000667,PRJ000334,PURCHASE_BILL,BridgeTech Structures Pvt Ltd,BRIDGE,2530000.0,2530000.0,95.7,False,Purchase_Bill_PRJ000334.pdf
DOC0000668,PRJ000334,UTILIZATION_CERTIFICATE,Udaipur Municipal Corporation Infrastructure Cell,BRIDGE,2530000.0,2530000.0,97.7,False,Utilization_Certificate_PRJ000334.pdf
DOC0000669,PRJ000335,PURCHASE_BILL,Apex Infracon & Highway Contractors,ROAD_CONSTRUCTION,7060000.0,7060000.0,92.7,False,Purchase_Bill_PRJ000335.pdf
DOC0000670,PRJ000335,UTILIZATION_CERTIFICATE,Udaipur District Rural Development Agency (DRDA),ROAD_CONSTRUCTION,10590000.0,7060000.0,91.7,False,Utilization_Certificate_PRJ000335.pdf
DOC0000671,PRJ000336,PURCHASE_BILL,BridgeTech Structures Pvt Ltd,BRIDGE,3430000.0,3430000.0,96.4,False,Purchase_Bill_PRJ000336.pdf
DOC0000672,PRJ000336,UTILIZATION_CERTIFICATE,Udaipur Municipal Corporation Infrastructure Cell,BRIDGE,1262240.0,3430000.0,94.9,False,Utilization_Certificate_PRJ000336.pdf
DOC0000673,PRJ000337,PURCHASE_BILL,Speedway Repair & Resurfacing Contractors,ROAD_REPAIR,4450000.0,4450000.0,97.2,False,Purchase_Bill_PRJ000337.pdf
DOC0000674,PRJ000337,UTILIZATION_CERTIFICATE,Varanasi District Rural Development Agency (DRDA),ROAD_REPAIR,6630500.0,4450000.0,95.9,False,Utilization_Certificate_PRJ000337.pdf
DOC0000675,PRJ000338,PURCHASE_BILL,Apex Infracon & Highway Contractors,ROAD_CONSTRUCTION,7479359.93,6080000.0,46.4,True,Purchase_Bill_PRJ000338.pdf
DOC0000676,PRJ000338,UTILIZATION_CERTIFICATE,Varanasi District Rural Development Agency (DRDA),ROAD_CONSTRUCTION,2067200.0,6080000.0,91.4,False,Utilization_Certificate_PRJ000338.pdf
DOC0000677,PRJ000339,PURCHASE_BILL,Speedway Repair & Resurfacing Contractors,ROAD_REPAIR,6860000.0,6860000.0,95.8,False,Purchase_Bill_PRJ000339.pdf
DOC0000678,PRJ000339,UTILIZATION_CERTIFICATE,Kanpur Municipal Corporation Infrastructure Cell,ROAD_REPAIR,2538200.0,6860000.0,92.1,False,Utilization_Certificate_PRJ000339.pdf
DOC0000679,PRJ000340,PURCHASE_BILL,Paramount Multi-Sector Construction Ltd,HEALTHCARE,4350000.0,4350000.0,91.2,False,Purchase_Bill_PRJ000340.pdf
DOC0000680,PRJ000340,UTILIZATION_CERTIFICATE,Varanasi District Rural Development Agency (DRDA),HEALTHCARE,1861800.0,4350000.0,98.4,False,Utilization_Certificate_PRJ000340.pdf
DOC0000681,PRJ000341,PURCHASE_BILL,MedTech Healthcare Infrastructure Ltd,HEALTHCARE,920000.0,920000.0,91.6,False,Purchase_Bill_PRJ000341.pdf
DOC0000682,PRJ000341,UTILIZATION_CERTIFICATE,Varanasi Public Works Department (PWD),HEALTHCARE,599840.0,920000.0,92.5,False,Utilization_Certificate_PRJ000341.pdf
DOC0000683,PRJ000342,PURCHASE_BILL,UrbanDrain Civil Engineering Co,DRAINAGE,5760000.0,5760000.0,88.1,False,Purchase_Bill_PRJ000342.pdf
DOC0000684,PRJ000342,UTILIZATION_CERTIFICATE,Sagar Municipal Corporation Infrastructure Cell,DRAINAGE,4279680.0,5760000.0,99.3,False,Utilization_Certificate_PRJ000342.pdf
DOC0000685,PRJ000343,PURCHASE_BILL,Speedway Repair & Resurfacing Contractors,ROAD_REPAIR,6080000.0,6080000.0,90.7,False,Purchase_Bill_PRJ000343.pdf
DOC0000686,PRJ000343,UTILIZATION_CERTIFICATE,Ujjain District Rural Development Agency (DRDA),ROAD_REPAIR,5030222.01,6080000.0,99.8,False,Utilization_Certificate_PRJ000343.pdf
DOC0000687,PRJ000344,PURCHASE_BILL,Speedway Repair & Resurfacing Contractors,ROAD_REPAIR,7670000.0,7670000.0,95.1,False,Purchase_Bill_PRJ000344.pdf
DOC0000688,PRJ000344,UTILIZATION_CERTIFICATE,Sagar Municipal Corporation Infrastructure Cell,ROAD_REPAIR,104723.68,7670000.0,90.2,False,Utilization_Certificate_PRJ000344.pdf
DOC0000689,PRJ000345,PURCHASE_BILL,BridgeTech Structures Pvt Ltd,BRIDGE,6570000.0,6570000.0,88.6,False,Purchase_Bill_PRJ000345.pdf
DOC0000690,PRJ000345,UTILIZATION_CERTIFICATE,Ujjain District Rural Development Agency (DRDA),BRIDGE,5713850.0,6570000.0,95.4,False,Utilization_Certificate_PRJ000345.pdf
DOC0000691,PRJ000346,PURCHASE_BILL,SwachhBharat Sanitation Infra Ltd,PUBLIC_TOILET,1580000.0,1580000.0,94.9,False,Purchase_Bill_PRJ000346.pdf
DOC0000692,PRJ000346,UTILIZATION_CERTIFICATE,Dehradun District Rural Development Agency (DRDA),PUBLIC_TOILET,1001720.0,1580000.0,95.7,False,Utilization_Certificate_PRJ000346.pdf
DOC0000693,PRJ000347,PURCHASE_BILL,Apex Infracon & Highway Contractors,ROAD_CONSTRUCTION,7390000.0,7390000.0,90.0,False,Purchase_Bill_PRJ000347.pdf
DOC0000694,PRJ000347,UTILIZATION_CERTIFICATE,Dehradun Municipal Corporation Infrastructure Cell,ROAD_CONSTRUCTION,2719520.0,7390000.0,90.0,False,Utilization_Certificate_PRJ000347.pdf
DOC0000695,PRJ000348,PURCHASE_BILL,Apex Infracon & Highway Contractors,ROAD_CONSTRUCTION,7710000.0,7710000.0,97.9,False,Purchase_Bill_PRJ000348.pdf
DOC0000696,PRJ000348,UTILIZATION_CERTIFICATE,Ujjain District Rural Development Agency (DRDA),ROAD_CONSTRUCTION,11025300.0,7710000.0,95.5,False,Utilization_Certificate_PRJ000348.pdf
DOC0000697,PRJ000349,PURCHASE_BILL,UrbanDrain Civil Engineering Co,DRAINAGE,6060000.0,6060000.0,89.1,False,Purchase_Bill_PRJ000349.pdf
DOC0000698,PRJ000349,UTILIZATION_CERTIFICATE,Sagar Municipal Corporation Infrastructure Cell,DRAINAGE,2727000.0,6060000.0,97.4,False,Utilization_Certificate_PRJ000349.pdf
DOC0000699,PRJ000350,PURCHASE_BILL,SmartTransit Urban Infra Solutions,BUS_SHELTER,610000.0,610000.0,97.9,False,Purchase_Bill_PRJ000350.pdf
DOC0000700,PRJ000350,UTILIZATION_CERTIFICATE,Ujjain District Rural Development Agency (DRDA),BUS_SHELTER,786900.0,610000.0,93.8,False,Utilization_Certificate_PRJ000350.pdf
DOC0000701,PRJ000351,PURCHASE_BILL,SunPower Renewable Energy Systems,SOLAR_ENERGY,5710000.0,5710000.0,89.7,False,Purchase_Bill_PRJ000351.pdf
DOC0000702,PRJ000351,UTILIZATION_CERTIFICATE,Ujjain District Rural Development Agency (DRDA),SOLAR_ENERGY,4877182.64,5710000.0,93.3,False,Utilization_Certificate_PRJ000351.pdf
DOC0000703,PRJ000352,PURCHASE_BILL,TechLine IT & Lab Equipment Solutions Pvt Ltd,SCHOOL_INFRASTRUCTURE,6310000.0,6310000.0,97.5,False,Purchase_Bill_PRJ000352.pdf
DOC0000704,PRJ000352,UTILIZATION_CERTIFICATE,Sagar Municipal Corporation Infrastructure Cell,SCHOOL_INFRASTRUCTURE,2839500.0,6310000.0,97.9,False,Utilization_Certificate_PRJ000352.pdf
DOC0000705,PRJ000353,PURCHASE_BILL,Apex Infracon & Highway Contractors,ROAD_CONSTRUCTION,2440000.0,2440000.0,89.6,False,Purchase_Bill_PRJ000353.pdf
DOC0000706,PRJ000353,UTILIZATION_CERTIFICATE,Faridabad District Rural Development Agency (DRDA),ROAD_CONSTRUCTION,3416000.0,2440000.0,91.9,False,Utilization_Certificate_PRJ000353.pdf
DOC0000707,PRJ000354,PURCHASE_BILL,AquaPure Water Systems & Drilling Corp,WATER_SUPPLY,2490000.0,2490000.0,95.2,False,Purchase_Bill_PRJ000354.pdf
DOC0000708,PRJ000354,UTILIZATION_CERTIFICATE,Ambala State Water Supply & Sanitation Board (WSSB),WATER_SUPPLY,1713120.0,2490000.0,99.0,False,Utilization_Certificate_PRJ000354.pdf
DOC0000709,PRJ000355,PURCHASE_BILL,CleanWater Sanitation & Drainage Works Pvt Ltd,SANITATION,1280000.0,1280000.0,89.1,False,Purchase_Bill_PRJ000355.pdf
DOC0000710,PRJ000355,UTILIZATION_CERTIFICATE,Hisar Public Works Department (PWD),SANITATION,666880.0,1280000.0,94.6,False,Utilization_Certificate_PRJ000355.pdf
DOC0000711,PRJ000356,PURCHASE_BILL,Paramount Multi-Sector Construction Ltd,ROAD_REPAIR,1160000.0,1160000.0,93.0,False,Purchase_Bill_PRJ000356.pdf
DOC0000712,PRJ000356,UTILIZATION_CERTIFICATE,Faridabad District Rural Development Agency (DRDA),ROAD_REPAIR,495320.0,1160000.0,99.5,False,Utilization_Certificate_PRJ000356.pdf
DOC0000713,PRJ000357,PURCHASE_BILL,TechLine IT & Lab Equipment Solutions Pvt Ltd,SCHOOL_INFRASTRUCTURE,7690000.0,7690000.0,95.4,False,Purchase_Bill_PRJ000357.pdf
DOC0000714,PRJ000357,UTILIZATION_CERTIFICATE,Ahmedabad Public Works Department (PWD),SCHOOL_INFRASTRUCTURE,7690000.0,7690000.0,93.7,False,Utilization_Certificate_PRJ000357.pdf
DOC0000715,PRJ000358,PURCHASE_BILL,SmartTransit Urban Infra Solutions,BUS_SHELTER,4710000.0,4710000.0,89.4,False,Purchase_Bill_PRJ000358.pdf
DOC0000716,PRJ000358,UTILIZATION_CERTIFICATE,Bhavnagar Municipal Corporation Infrastructure Cell,BUS_SHELTER,3367650.0,4710000.0,99.9,False,Utilization_Certificate_PRJ000358.pdf
DOC0000717,PRJ000359,PURCHASE_BILL,CleanWater Sanitation & Drainage Works Pvt Ltd,SANITATION,4760000.0,4760000.0,94.5,False,Purchase_Bill_PRJ000359.pdf
DOC0000718,PRJ000359,UTILIZATION_CERTIFICATE,Gandhinagar State Water Supply & Sanitation Board (WSSB),SANITATION,1013880.0,4760000.0,96.3,False,Utilization_Certificate_PRJ000359.pdf
DOC0000719,PRJ000360,PURCHASE_BILL,ProSport Infrastructure & Turf Solutions,SPORTS_FACILITY,4340000.0,4340000.0,89.3,False,Purchase_Bill_PRJ000360.pdf
DOC0000720,PRJ000360,UTILIZATION_CERTIFICATE,Ahmedabad District Rural Development Agency (DRDA),SPORTS_FACILITY,1953000.0,4340000.0,90.9,False,Utilization_Certificate_PRJ000360.pdf
DOC0000721,PRJ000361,PURCHASE_BILL,SunPower Renewable Energy Systems,SOLAR_ENERGY,6840000.0,6840000.0,90.3,False,Purchase_Bill_PRJ000361.pdf
DOC0000722,PRJ000361,UTILIZATION_CERTIFICATE,Varanasi District Rural Development Agency (DRDA),SOLAR_ENERGY,4972680.0,6840000.0,94.3,False,Utilization_Certificate_PRJ000361.pdf
DOC0000723,PRJ000362,PURCHASE_BILL,AquaPure Water Systems & Drilling Corp,WATER_SUPPLY,7260000.0,7260000.0,90.4,False,Purchase_Bill_PRJ000362.pdf
DOC0000724,PRJ000362,UTILIZATION_CERTIFICATE,Varanasi District Rural Development Agency (DRDA),WATER_SUPPLY,7260000.0,7260000.0,99.1,False,Utilization_Certificate_PRJ000362.pdf
DOC0000725,PRJ000363,PURCHASE_BILL,National Civic Infrastructure Developers,COMMUNITY_HALL,4010000.0,4010000.0,89.3,False,Purchase_Bill_PRJ000363.pdf
DOC0000726,PRJ000363,UTILIZATION_CERTIFICATE,Thane District Rural Development Agency (DRDA),COMMUNITY_HALL,5213000.0,4010000.0,91.3,False,Utilization_Certificate_PRJ000363.pdf
DOC0000727,PRJ000364,PURCHASE_BILL,Paramount Multi-Sector Construction Ltd,COMMUNITY_HALL,5700000.0,5700000.0,91.5,False,Purchase_Bill_PRJ000364.pdf
DOC0000728,PRJ000364,UTILIZATION_CERTIFICATE,Thane District Rural Development Agency (DRDA),COMMUNITY_HALL,2798700.0,5700000.0,90.7,False,Utilization_Certificate_PRJ000364.pdf
DOC0000729,PRJ000365,PURCHASE_BILL,CleanWater Sanitation & Drainage Works Pvt Ltd,SANITATION,1430000.0,1430000.0,91.7,False,Purchase_Bill_PRJ000365.pdf
DOC0000730,PRJ000365,UTILIZATION_CERTIFICATE,Thane District Rural Development Agency (DRDA),SANITATION,1072500.0,1430000.0,95.4,False,Utilization_Certificate_PRJ000365.pdf
DOC0000731,PRJ000366,PURCHASE_BILL,Speedway Repair & Resurfacing Contractors,ROAD_REPAIR,7170000.0,7170000.0,93.0,False,Purchase_Bill_PRJ000366.pdf
DOC0000732,PRJ000366,UTILIZATION_CERTIFICATE,Thane District Rural Development Agency (DRDA),ROAD_REPAIR,2086470.0,7170000.0,95.4,False,Utilization_Certificate_PRJ000366.pdf
DOC0000733,PRJ000367,PURCHASE_BILL,UrbanDrain Civil Engineering Co,DRAINAGE,6700000.0,6700000.0,92.4,False,Purchase_Bill_PRJ000367.pdf
DOC0000734,PRJ000367,UTILIZATION_CERTIFICATE,Thane District Rural Development Agency (DRDA),DRAINAGE,4368400.0,6700000.0,92.5,False,Utilization_Certificate_PRJ000367.pdf
DOC0000735,PRJ000368,PURCHASE_BILL,MedTech Healthcare Infrastructure Ltd,HEALTHCARE,5940000.0,5940000.0,89.1,False,Purchase_Bill_PRJ000368.pdf
DOC0000736,PRJ000368,UTILIZATION_CERTIFICATE,Senapati Public Works Department (PWD),HEALTHCARE,1437480.0,5940000.0,90.2,False,Utilization_Certificate_PRJ000368.pdf
DOC0000737,PRJ000369,PURCHASE_BILL,Apex Infracon & Highway Contractors,ROAD_CONSTRUCTION,3810000.0,3810000.0,93.0,False,Purchase_Bill_PRJ000369.pdf
DOC0000738,PRJ000369,UTILIZATION_CERTIFICATE,Churachandpur District Rural Development Agency (DRDA),ROAD_CONSTRUCTION,3332461.46,3810000.0,90.6,False,Utilization_Certificate_PRJ000369.pdf
DOC0000739,PRJ000370,PURCHASE_BILL,CleanWater Sanitation & Drainage Works Pvt Ltd,SANITATION,5050000.0,5050000.0,90.7,False,Purchase_Bill_PRJ000370.pdf
DOC0000740,PRJ000370,UTILIZATION_CERTIFICATE,Churachandpur District Rural Development Agency (DRDA),SANITATION,7524500.0,5050000.0,95.5,False,Utilization_Certificate_PRJ000370.pdf
DOC0000741,PRJ000371,PURCHASE_BILL,CleanWater Sanitation & Drainage Works Pvt Ltd,SANITATION,4420000.0,4420000.0,91.2,False,Purchase_Bill_PRJ000371.pdf
DOC0000742,PRJ000371,UTILIZATION_CERTIFICATE,Senapati Public Works Department (PWD),SANITATION,2382380.0,4420000.0,91.1,False,Utilization_Certificate_PRJ000371.pdf
DOC0000743,PRJ000372,PURCHASE_BILL,Apex Infracon & Highway Contractors,ROAD_CONSTRUCTION,700000.0,700000.0,88.3,False,Purchase_Bill_PRJ000372.pdf
DOC0000744,PRJ000372,UTILIZATION_CERTIFICATE,Senapati Public Works Department (PWD),ROAD_CONSTRUCTION,206500.0,700000.0,92.7,False,Utilization_Certificate_PRJ000372.pdf
DOC0000745,PRJ000373,PURCHASE_BILL,AquaPure Water Systems & Drilling Corp,WATER_SUPPLY,8225200.97,7060000.0,68.6,True,Purchase_Bill_PRJ000373.pdf
DOC0000746,PRJ000373,UTILIZATION_CERTIFICATE,Ujjain District Rural Development Agency (DRDA),WATER_SUPPLY,2188600.0,7060000.0,96.9,False,Utilization_Certificate_PRJ000373.pdf
DOC0000747,PRJ000374,PURCHASE_BILL,Apex Infracon & Highway Contractors,ROAD_CONSTRUCTION,1450000.0,1450000.0,93.2,False,Purchase_Bill_PRJ000374.pdf
DOC0000748,PRJ000374,UTILIZATION_CERTIFICATE,Gwalior Public Works Department (PWD),ROAD_CONSTRUCTION,652500.0,1450000.0,94.8,False,Utilization_Certificate_PRJ000374.pdf
DOC0000749,PRJ000375,PURCHASE_BILL,UrbanDrain Civil Engineering Co,DRAINAGE,6450000.0,6450000.0,96.6,False,Purchase_Bill_PRJ000375.pdf
DOC0000750,PRJ000375,UTILIZATION_CERTIFICATE,Gwalior State Water Supply & Sanitation Board (WSSB),DRAINAGE,369573.65,6450000.0,95.7,False,Utilization_Certificate_PRJ000375.pdf
DOC0000751,PRJ000376,PURCHASE_BILL,AquaPure Water Systems & Drilling Corp,WATER_SUPPLY,3480000.0,3480000.0,97.4,False,Purchase_Bill_PRJ000376.pdf
DOC0000752,PRJ000376,UTILIZATION_CERTIFICATE,Guntur Municipal Corporation Infrastructure Cell,WATER_SUPPLY,3480000.0,3480000.0,91.5,False,Utilization_Certificate_PRJ000376.pdf
DOC0000753,PRJ000377,PURCHASE_BILL,CleanWater Sanitation & Drainage Works Pvt Ltd,SANITATION,1569851.17,1420000.0,66.8,True,Purchase_Bill_PRJ000377.pdf
DOC0000754,PRJ000377,UTILIZATION_CERTIFICATE,Guntur Municipal Corporation Infrastructure Cell,SANITATION,704320.0,1420000.0,96.2,False,Utilization_Certificate_PRJ000377.pdf
DOC0000755,PRJ000378,PURCHASE_BILL,SunPower Renewable Energy Systems,SOLAR_ENERGY,5620000.0,5620000.0,92.1,False,Purchase_Bill_PRJ000378.pdf
DOC0000756,PRJ000378,UTILIZATION_CERTIFICATE,Kolkata District Rural Development Agency (DRDA),SOLAR_ENERGY,6631600.0,5620000.0,95.6,False,Utilization_Certificate_PRJ000378.pdf
DOC0000757,PRJ000379,PURCHASE_BILL,Apex Infracon & Highway Contractors,ROAD_CONSTRUCTION,1400000.0,1400000.0,89.9,False,Purchase_Bill_PRJ000379.pdf
DOC0000758,PRJ000379,UTILIZATION_CERTIFICATE,Siliguri State Water Supply & Sanitation Board (WSSB),ROAD_CONSTRUCTION,630000.0,1400000.0,95.3,False,Utilization_Certificate_PRJ000379.pdf
DOC0000759,PRJ000380,PURCHASE_BILL,ProSport Infrastructure & Turf Solutions,SPORTS_FACILITY,7890000.0,7890000.0,91.7,False,Purchase_Bill_PRJ000380.pdf
DOC0000760,PRJ000380,UTILIZATION_CERTIFICATE,Siliguri State Water Supply & Sanitation Board (WSSB),SPORTS_FACILITY,7890000.0,7890000.0,96.6,False,Utilization_Certificate_PRJ000380.pdf
DOC0000761,PRJ000381,PURCHASE_BILL,MedTech Healthcare Infrastructure Ltd,HEALTHCARE,7140000.0,7140000.0,95.8,False,Purchase_Bill_PRJ000381.pdf
DOC0000762,PRJ000381,UTILIZATION_CERTIFICATE,Madurai District Rural Development Agency (DRDA),HEALTHCARE,9710400.0,7140000.0,99.4,False,Utilization_Certificate_PRJ000381.pdf
DOC0000763,PRJ000382,PURCHASE_BILL,ProSport Infrastructure & Turf Solutions,SPORTS_FACILITY,6370000.0,6370000.0,95.9,False,Purchase_Bill_PRJ000382.pdf
DOC0000764,PRJ000382,UTILIZATION_CERTIFICATE,Madurai District Rural Development Agency (DRDA),SPORTS_FACILITY,4611880.0,6370000.0,90.3,False,Utilization_Certificate_PRJ000382.pdf
DOC0000765,PRJ000383,PURCHASE_BILL,AquaPure Water Systems & Drilling Corp,WATER_SUPPLY,7290000.0,7290000.0,94.6,False,Purchase_Bill_PRJ000383.pdf
DOC0000766,PRJ000383,UTILIZATION_CERTIFICATE,Madurai District Rural Development Agency (DRDA),WATER_SUPPLY,9914400.0,7290000.0,94.9,False,Utilization_Certificate_PRJ000383.pdf
DOC0000767,PRJ000384,PURCHASE_BILL,Speedway Repair & Resurfacing Contractors,ROAD_REPAIR,5700000.0,5700000.0,91.0,False,Purchase_Bill_PRJ000384.pdf
DOC0000768,PRJ000384,UTILIZATION_CERTIFICATE,Chennai State Water Supply & Sanitation Board (WSSB),ROAD_REPAIR,4280700.0,5700000.0,99.6,False,Utilization_Certificate_PRJ000384.pdf
DOC0000769,PRJ000385,PURCHASE_BILL,SunPower Renewable Energy Systems,SOLAR_ENERGY,3610000.0,3610000.0,89.4,False,Purchase_Bill_PRJ000385.pdf
DOC0000770,PRJ000385,UTILIZATION_CERTIFICATE,Muzaffarpur District Rural Development Agency (DRDA),SOLAR_ENERGY,3153999.19,3610000.0,93.4,False,Utilization_Certificate_PRJ000385.pdf
DOC0000771,PRJ000386,PURCHASE_BILL,CleanWater Sanitation & Drainage Works Pvt Ltd,SANITATION,2140000.0,2140000.0,96.3,False,Purchase_Bill_PRJ000386.pdf
DOC0000772,PRJ000386,UTILIZATION_CERTIFICATE,Muzaffarpur District Rural Development Agency (DRDA),SANITATION,1016500.0,2140000.0,93.4,False,Utilization_Certificate_PRJ000386.pdf
DOC0000773,PRJ000387,PURCHASE_BILL,TechLine IT & Lab Equipment Solutions Pvt Ltd,SCHOOL_INFRASTRUCTURE,5730000.0,5730000.0,91.9,False,Purchase_Bill_PRJ000387.pdf
DOC0000774,PRJ000387,UTILIZATION_CERTIFICATE,Muzaffarpur District Rural Development Agency (DRDA),SCHOOL_INFRASTRUCTURE,5730000.0,5730000.0,90.1,False,Utilization_Certificate_PRJ000387.pdf
DOC0000775,PRJ000388,PURCHASE_BILL,Apex Infracon & Highway Contractors,ROAD_CONSTRUCTION,5377269.94,4140000.0,69.4,True,Purchase_Bill_PRJ000388.pdf
DOC0000776,PRJ000388,UTILIZATION_CERTIFICATE,Muzaffarpur District Rural Development Agency (DRDA),ROAD_CONSTRUCTION,2442600.0,4140000.0,97.5,False,Utilization_Certificate_PRJ000388.pdf
DOC0000777,PRJ000389,PURCHASE_BILL,ProSport Infrastructure & Turf Solutions,SPORTS_FACILITY,6740000.0,6740000.0,96.6,False,Purchase_Bill_PRJ000389.pdf
DOC0000778,PRJ000389,UTILIZATION_CERTIFICATE,Patna State Water Supply & Sanitation Board (WSSB),SPORTS_FACILITY,2062440.0,6740000.0,99.3,False,Utilization_Certificate_PRJ000389.pdf
DOC0000779,PRJ000390,PURCHASE_BILL,TechLine IT & Lab Equipment Solutions Pvt Ltd,SCHOOL_INFRASTRUCTURE,1240000.0,1240000.0,92.2,False,Purchase_Bill_PRJ000390.pdf
DOC0000780,PRJ000390,UTILIZATION_CERTIFICATE,Muzaffarpur District Rural Development Agency (DRDA),SCHOOL_INFRASTRUCTURE,1065153.95,1240000.0,96.6,False,Utilization_Certificate_PRJ000390.pdf
DOC0000781,PRJ000391,PURCHASE_BILL,AquaPure Water Systems & Drilling Corp,WATER_SUPPLY,5210000.0,5210000.0,97.5,False,Purchase_Bill_PRJ000391.pdf
DOC0000782,PRJ000391,UTILIZATION_CERTIFICATE,Bhagalpur Public Works Department (PWD),WATER_SUPPLY,87473.73,5210000.0,97.3,False,Utilization_Certificate_PRJ000391.pdf
DOC0000783,PRJ000392,PURCHASE_BILL,SmartTransit Urban Infra Solutions,BUS_SHELTER,5850000.0,5850000.0,91.2,False,Purchase_Bill_PRJ000392.pdf
DOC0000784,PRJ000392,UTILIZATION_CERTIFICATE,Muzaffarpur District Rural Development Agency (DRDA),BUS_SHELTER,4925700.0,5850000.0,98.6,False,Utilization_Certificate_PRJ000392.pdf
DOC0000785,PRJ000393,PURCHASE_BILL,BridgeTech Structures Pvt Ltd,BRIDGE,3770000.0,3770000.0,91.5,False,Purchase_Bill_PRJ000393.pdf
DOC0000786,PRJ000393,UTILIZATION_CERTIFICATE,Patna State Water Supply & Sanitation Board (WSSB),BRIDGE,2835040.0,3770000.0,91.3,False,Utilization_Certificate_PRJ000393.pdf
DOC0000787,PRJ000394,PURCHASE_BILL,Speedway Repair & Resurfacing Contractors,ROAD_REPAIR,3010000.0,3010000.0,93.9,False,Purchase_Bill_PRJ000394.pdf
DOC0000788,PRJ000394,UTILIZATION_CERTIFICATE,Bengaluru Municipal Corporation Infrastructure Cell,ROAD_REPAIR,1053500.0,3010000.0,99.6,False,Utilization_Certificate_PRJ000394.pdf
DOC0000789,PRJ000395,PURCHASE_BILL,UrbanDrain Civil Engineering Co,DRAINAGE,2950000.0,2950000.0,94.0,False,Purchase_Bill_PRJ000395.pdf
DOC0000790,PRJ000395,UTILIZATION_CERTIFICATE,Mysuru District Rural Development Agency (DRDA),DRAINAGE,2950000.0,2950000.0,93.1,False,Utilization_Certificate_PRJ000395.pdf
DOC0000791,PRJ000396,PURCHASE_BILL,UrbanDrain Civil Engineering Co,DRAINAGE,3740000.0,3740000.0,93.6,False,Purchase_Bill_PRJ000396.pdf
DOC0000792,PRJ000396,UTILIZATION_CERTIFICATE,Bikaner Public Works Department (PWD),DRAINAGE,1683000.0,3740000.0,97.1,False,Utilization_Certificate_PRJ000396.pdf
DOC0000793,PRJ000397,PURCHASE_BILL,Paramount Multi-Sector Construction Ltd,SPORTS_FACILITY,6820000.0,6820000.0,89.7,False,Purchase_Bill_PRJ000397.pdf
DOC0000794,PRJ000397,UTILIZATION_CERTIFICATE,Udaipur District Rural Development Agency (DRDA),SPORTS_FACILITY,1991440.0,6820000.0,93.6,False,Utilization_Certificate_PRJ000397.pdf
DOC0000795,PRJ000398,PURCHASE_BILL,SunPower Renewable Energy Systems,SOLAR_ENERGY,5740000.0,5740000.0,92.4,False,Purchase_Bill_PRJ000398.pdf
DOC0000796,PRJ000398,UTILIZATION_CERTIFICATE,Patna State Water Supply & Sanitation Board (WSSB),SOLAR_ENERGY,4305000.0,5740000.0,98.3,False,Utilization_Certificate_PRJ000398.pdf
DOC0000797,PRJ000399,PURCHASE_BILL,Paramount Multi-Sector Construction Ltd,WATER_SUPPLY,7690000.0,7690000.0,97.7,False,Purchase_Bill_PRJ000399.pdf
DOC0000798,PRJ000399,UTILIZATION_CERTIFICATE,Muzaffarpur District Rural Development Agency (DRDA),WATER_SUPPLY,3275940.0,7690000.0,95.0,False,Utilization_Certificate_PRJ000399.pdf
DOC0000799,PRJ000400,PURCHASE_BILL,ProSport Infrastructure & Turf Solutions,SPORTS_FACILITY,7450000.0,7450000.0,95.2,False,Purchase_Bill_PRJ000400.pdf
DOC0000800,PRJ000400,UTILIZATION_CERTIFICATE,Muzaffarpur District Rural Development Agency (DRDA),SPORTS_FACILITY,6293623.43,7450000.0,95.5,False,Utilization_Certificate_PRJ000400.pdf
DOC0000801,PRJ000401,PURCHASE_BILL,CleanWater Sanitation & Drainage Works Pvt Ltd,SANITATION,2030000.0,2030000.0,94.4,False,Purchase_Bill_PRJ000401.pdf
DOC0000802,PRJ000401,UTILIZATION_CERTIFICATE,Thane District Rural Development Agency (DRDA),SANITATION,913500.0,2030000.0,97.3,False,Utilization_Certificate_PRJ000401.pdf
DOC0000803,PRJ000402,PURCHASE_BILL,Apex Infracon & Highway Contractors,ROAD_CONSTRUCTION,5030000.0,5030000.0,93.0,False,Purchase_Bill_PRJ000402.pdf
DOC0000804,PRJ000402,UTILIZATION_CERTIFICATE,Mumbai Municipal Corporation Infrastructure Cell,ROAD_CONSTRUCTION,2590450.0,5030000.0,91.1,False,Utilization_Certificate_PRJ000402.pdf
DOC0000805,PRJ000403,PURCHASE_BILL,Speedway Repair & Resurfacing Contractors,ROAD_REPAIR,3680000.0,3680000.0,97.4,False,Purchase_Bill_PRJ000403.pdf
DOC0000806,PRJ000403,UTILIZATION_CERTIFICATE,Aurangabad State Water Supply & Sanitation Board (WSSB),ROAD_REPAIR,3680000.0,3680000.0,93.6,False,Utilization_Certificate_PRJ000403.pdf
DOC0000807,PRJ000404,PURCHASE_BILL,Paramount Multi-Sector Construction Ltd,DRAINAGE,2700000.0,2700000.0,96.1,False,Purchase_Bill_PRJ000404.pdf
DOC0000808,PRJ000404,UTILIZATION_CERTIFICATE,Thane District Rural Development Agency (DRDA),DRAINAGE,688500.0,2700000.0,96.9,False,Utilization_Certificate_PRJ000404.pdf
DOC0000809,PRJ000405,PURCHASE_BILL,SmartTransit Urban Infra Solutions,BUS_SHELTER,2206905.5,1780000.0,68.8,True,Purchase_Bill_PRJ000405.pdf
DOC0000810,PRJ000405,UTILIZATION_CERTIFICATE,Thane District Rural Development Agency (DRDA),BUS_SHELTER,776080.0,1780000.0,97.3,False,Utilization_Certificate_PRJ000405.pdf
DOC0000811,PRJ000406,PURCHASE_BILL,MedTech Healthcare Infrastructure Ltd,HEALTHCARE,5080000.0,5080000.0,89.5,False,Purchase_Bill_PRJ000406.pdf
DOC0000812,PRJ000406,UTILIZATION_CERTIFICATE,Madurai District Rural Development Agency (DRDA),HEALTHCARE,7670800.0,5080000.0,98.7,False,Utilization_Certificate_PRJ000406.pdf
DOC0000813,PRJ000407,PURCHASE_BILL,Apex Infracon & Highway Contractors,ROAD_CONSTRUCTION,4860000.0,4860000.0,97.3,False,Purchase_Bill_PRJ000407.pdf
DOC0000814,PRJ000407,UTILIZATION_CERTIFICATE,Tiruchirappalli Municipal Corporation Infrastructure Cell,ROAD_CONSTRUCTION,3965760.0,4860000.0,92.2,False,Utilization_Certificate_PRJ000407.pdf
DOC0000815,PRJ000408,PURCHASE_BILL,UrbanDrain Civil Engineering Co,DRAINAGE,3600000.0,3600000.0,96.8,False,Purchase_Bill_PRJ000408.pdf
DOC0000816,PRJ000408,UTILIZATION_CERTIFICATE,Chennai State Water Supply & Sanitation Board (WSSB),DRAINAGE,1494000.0,3600000.0,97.3,False,Utilization_Certificate_PRJ000408.pdf
DOC0000817,PRJ000409,PURCHASE_BILL,National Civic Infrastructure Developers,COMMUNITY_HALL,4990000.0,4990000.0,91.9,False,Purchase_Bill_PRJ000409.pdf
DOC0000818,PRJ000409,UTILIZATION_CERTIFICATE,Bhagalpur Public Works Department (PWD),COMMUNITY_HALL,3867250.0,4990000.0,99.6,False,Utilization_Certificate_PRJ000409.pdf
DOC0000819,PRJ000410,PURCHASE_BILL,SwachhBharat Sanitation Infra Ltd,PUBLIC_TOILET,4680000.0,4680000.0,96.1,False,Purchase_Bill_PRJ000410.pdf
DOC0000820,PRJ000410,UTILIZATION_CERTIFICATE,Bhagalpur Public Works Department (PWD),PUBLIC_TOILET,3009240.0,4680000.0,96.1,False,Utilization_Certificate_PRJ000410.pdf
DOC0000821,PRJ000411,PURCHASE_BILL,Speedway Repair & Resurfacing Contractors,ROAD_REPAIR,9692400.6,7310000.0,56.4,True,Purchase_Bill_PRJ000411.pdf
DOC0000822,PRJ000411,UTILIZATION_CERTIFICATE,Bikaner Public Works Department (PWD),ROAD_REPAIR,3669620.0,7310000.0,93.7,False,Utilization_Certificate_PRJ000411.pdf
DOC0000823,PRJ000412,PURCHASE_BILL,SmartTransit Urban Infra Solutions,BUS_SHELTER,3120000.0,3120000.0,95.7,False,Purchase_Bill_PRJ000412.pdf
DOC0000824,PRJ000412,UTILIZATION_CERTIFICATE,Udaipur Municipal Corporation Infrastructure Cell,BUS_SHELTER,1934400.0,3120000.0,99.8,False,Utilization_Certificate_PRJ000412.pdf
DOC0000825,PRJ000413,PURCHASE_BILL,BridgeTech Structures Pvt Ltd,BRIDGE,2070000.0,2070000.0,88.8,False,Purchase_Bill_PRJ000413.pdf
DOC0000826,PRJ000413,UTILIZATION_CERTIFICATE,Udaipur District Rural Development Agency (DRDA),BRIDGE,1823994.43,2070000.0,98.0,False,Utilization_Certificate_PRJ000413.pdf
DOC0000827,PRJ000414,PURCHASE_BILL,UrbanDrain Civil Engineering Co,DRAINAGE,6170000.0,6170000.0,90.7,False,Purchase_Bill_PRJ000414.pdf
DOC0000828,PRJ000414,UTILIZATION_CERTIFICATE,Udaipur District Rural Development Agency (DRDA),DRAINAGE,3078830.0,6170000.0,98.9,False,Utilization_Certificate_PRJ000414.pdf
DOC0000829,PRJ000415,PURCHASE_BILL,MedTech Healthcare Infrastructure Ltd,HEALTHCARE,4980000.0,4980000.0,96.8,False,Purchase_Bill_PRJ000415.pdf
DOC0000830,PRJ000415,UTILIZATION_CERTIFICATE,Chennai State Water Supply & Sanitation Board (WSSB),HEALTHCARE,2241000.0,4980000.0,99.4,False,Utilization_Certificate_PRJ000415.pdf
DOC0000831,PRJ000416,PURCHASE_BILL,AquaPure Water Systems & Drilling Corp,WATER_SUPPLY,5030000.0,5030000.0,96.0,False,Purchase_Bill_PRJ000416.pdf
DOC0000832,PRJ000416,UTILIZATION_CERTIFICATE,Tiruchirappalli Municipal Corporation Infrastructure Cell,WATER_SUPPLY,244824.09,5030000.0,97.6,False,Utilization_Certificate_PRJ000416.pdf
DOC0000833,PRJ000417,PURCHASE_BILL,Apex Infracon & Highway Contractors,ROAD_CONSTRUCTION,7700000.0,7700000.0,92.0,False,Purchase_Bill_PRJ000417.pdf
DOC0000834,PRJ000417,UTILIZATION_CERTIFICATE,Madurai District Rural Development Agency (DRDA),ROAD_CONSTRUCTION,6223901.97,7700000.0,92.4,False,Utilization_Certificate_PRJ000417.pdf
DOC0000835,PRJ000418,PURCHASE_BILL,MedTech Healthcare Infrastructure Ltd,HEALTHCARE,2240000.0,2240000.0,89.7,False,Purchase_Bill_PRJ000418.pdf
DOC0000836,PRJ000418,UTILIZATION_CERTIFICATE,Chennai State Water Supply & Sanitation Board (WSSB),HEALTHCARE,544320.0,2240000.0,90.3,False,Utilization_Certificate_PRJ000418.pdf
DOC0000837,PRJ000419,PURCHASE_BILL,UrbanDrain Civil Engineering Co,DRAINAGE,3120000.0,3120000.0,93.1,False,Purchase_Bill_PRJ000419.pdf
DOC0000838,PRJ000419,UTILIZATION_CERTIFICATE,Dehradun District Rural Development Agency (DRDA),DRAINAGE,1092000.0,3120000.0,98.2,False,Utilization_Certificate_PRJ000419.pdf
DOC0000839,PRJ000420,PURCHASE_BILL,SwachhBharat Sanitation Infra Ltd,PUBLIC_TOILET,5416443.36,4850000.0,63.8,True,Purchase_Bill_PRJ000420.pdf
DOC0000840,PRJ000420,UTILIZATION_CERTIFICATE,Dehradun District Rural Development Agency (DRDA),PUBLIC_TOILET,2070950.0,4850000.0,99.7,False,Utilization_Certificate_PRJ000420.pdf
DOC0000841,PRJ000421,PURCHASE_BILL,TechLine IT & Lab Equipment Solutions Pvt Ltd,SCHOOL_INFRASTRUCTURE,3610000.0,3610000.0,92.0,False,Purchase_Bill_PRJ000421.pdf
DOC0000842,PRJ000421,UTILIZATION_CERTIFICATE,Mumbai Municipal Corporation Infrastructure Cell,SCHOOL_INFRASTRUCTURE,1588400.0,3610000.0,94.5,False,Utilization_Certificate_PRJ000421.pdf
DOC0000843,PRJ000422,PURCHASE_BILL,ProSport Infrastructure & Turf Solutions,SPORTS_FACILITY,3190000.0,3190000.0,94.7,False,Purchase_Bill_PRJ000422.pdf
DOC0000844,PRJ000422,UTILIZATION_CERTIFICATE,Aurangabad State Water Supply & Sanitation Board (WSSB),SPORTS_FACILITY,3190000.0,3190000.0,95.0,False,Utilization_Certificate_PRJ000422.pdf
DOC0000845,PRJ000423,PURCHASE_BILL,TechLine IT & Lab Equipment Solutions Pvt Ltd,SCHOOL_INFRASTRUCTURE,1150000.0,1150000.0,89.0,False,Purchase_Bill_PRJ000423.pdf
DOC0000846,PRJ000423,UTILIZATION_CERTIFICATE,Ahmedabad District Rural Development Agency (DRDA),SCHOOL_INFRASTRUCTURE,53766.08,1150000.0,95.3,False,Utilization_Certificate_PRJ000423.pdf
DOC0000847,PRJ000424,PURCHASE_BILL,TechLine IT & Lab Equipment Solutions Pvt Ltd,SCHOOL_INFRASTRUCTURE,1790000.0,1790000.0,91.5,False,Purchase_Bill_PRJ000424.pdf
DOC0000848,PRJ000424,UTILIZATION_CERTIFICATE,Ahmedabad District Rural Development Agency (DRDA),SCHOOL_INFRASTRUCTURE,1557782.87,1790000.0,97.0,False,Utilization_Certificate_PRJ000424.pdf
DOC0000849,PRJ000425,PURCHASE_BILL,BridgeTech Structures Pvt Ltd,BRIDGE,3730000.0,3730000.0,90.9,False,Purchase_Bill_PRJ000425.pdf
DOC0000850,PRJ000425,UTILIZATION_CERTIFICATE,Amritsar District Rural Development Agency (DRDA),BRIDGE,2450610.0,3730000.0,95.0,False,Utilization_Certificate_PRJ000425.pdf
DOC0000851,PRJ000426,PURCHASE_BILL,SunPower Renewable Energy Systems,SOLAR_ENERGY,3130000.0,3130000.0,94.8,False,Purchase_Bill_PRJ000426.pdf
DOC0000852,PRJ000426,UTILIZATION_CERTIFICATE,Patiala Municipal Corporation Infrastructure Cell,SOLAR_ENERGY,2347500.0,3130000.0,96.4,False,Utilization_Certificate_PRJ000426.pdf
DOC0000853,PRJ000427,PURCHASE_BILL,SwachhBharat Sanitation Infra Ltd,PUBLIC_TOILET,9401202.91,7870000.0,69.9,True,Purchase_Bill_PRJ000427.pdf
DOC0000854,PRJ000427,UTILIZATION_CERTIFICATE,Madurai Public Works Department (PWD),PUBLIC_TOILET,2408220.0,7870000.0,93.5,False,Utilization_Certificate_PRJ000427.pdf
DOC0000855,PRJ000428,PURCHASE_BILL,ProSport Infrastructure & Turf Solutions,SPORTS_FACILITY,4350000.0,4350000.0,88.1,False,Purchase_Bill_PRJ000428.pdf
DOC0000856,PRJ000428,UTILIZATION_CERTIFICATE,Chennai State Water Supply & Sanitation Board (WSSB),SPORTS_FACILITY,236395.95,4350000.0,91.0,False,Utilization_Certificate_PRJ000428.pdf
DOC0000857,PRJ000429,PURCHASE_BILL,National Civic Infrastructure Developers,COMMUNITY_HALL,6660000.0,6660000.0,91.9,False,Purchase_Bill_PRJ000429.pdf
DOC0000858,PRJ000429,UTILIZATION_CERTIFICATE,Madurai Public Works Department (PWD),COMMUNITY_HALL,4875120.0,6660000.0,98.8,False,Utilization_Certificate_PRJ000429.pdf
DOC0000859,PRJ000430,PURCHASE_BILL,TechLine IT & Lab Equipment Solutions Pvt Ltd,SCHOOL_INFRASTRUCTURE,4750000.0,4750000.0,97.6,False,Purchase_Bill_PRJ000430.pdf
DOC0000860,PRJ000430,UTILIZATION_CERTIFICATE,Tiruchirappalli Municipal Corporation Infrastructure Cell,SCHOOL_INFRASTRUCTURE,2137500.0,4750000.0,90.7,False,Utilization_Certificate_PRJ000430.pdf
DOC0000861,PRJ000431,PURCHASE_BILL,Speedway Repair & Resurfacing Contractors,ROAD_REPAIR,4390000.0,4390000.0,94.6,False,Purchase_Bill_PRJ000431.pdf
DOC0000862,PRJ000431,UTILIZATION_CERTIFICATE,Chennai State Water Supply & Sanitation Board (WSSB),ROAD_REPAIR,143007.42,4390000.0,93.1,False,Utilization_Certificate_PRJ000431.pdf
DOC0000863,PRJ000432,PURCHASE_BILL,MedTech Healthcare Infrastructure Ltd,HEALTHCARE,5600000.0,5600000.0,90.2,False,Purchase_Bill_PRJ000432.pdf
DOC0000864,PRJ000432,UTILIZATION_CERTIFICATE,Puri State Water Supply & Sanitation Board (WSSB),HEALTHCARE,4558400.0,5600000.0,95.8,False,Utilization_Certificate_PRJ000432.pdf
DOC0000865,PRJ000433,PURCHASE_BILL,ProSport Infrastructure & Turf Solutions,SPORTS_FACILITY,5040000.0,5040000.0,96.5,False,Purchase_Bill_PRJ000433.pdf
DOC0000866,PRJ000433,UTILIZATION_CERTIFICATE,Berhampur District Rural Development Agency (DRDA),SPORTS_FACILITY,1627920.0,5040000.0,96.7,False,Utilization_Certificate_PRJ000433.pdf
DOC0000867,PRJ000434,PURCHASE_BILL,Apex Infracon & Highway Contractors,ROAD_CONSTRUCTION,3910000.0,3910000.0,96.9,False,Purchase_Bill_PRJ000434.pdf
DOC0000868,PRJ000434,UTILIZATION_CERTIFICATE,Puri Municipal Corporation Infrastructure Cell,ROAD_CONSTRUCTION,1747770.0,3910000.0,95.5,False,Utilization_Certificate_PRJ000434.pdf
DOC0000869,PRJ000435,PURCHASE_BILL,SwachhBharat Sanitation Infra Ltd,PUBLIC_TOILET,850000.0,850000.0,90.9,False,Purchase_Bill_PRJ000435.pdf
DOC0000870,PRJ000435,UTILIZATION_CERTIFICATE,Udaipur Municipal Corporation Infrastructure Cell,PUBLIC_TOILET,850000.0,850000.0,98.3,False,Utilization_Certificate_PRJ000435.pdf
DOC0000871,PRJ000436,PURCHASE_BILL,UrbanDrain Civil Engineering Co,DRAINAGE,4180000.0,4180000.0,96.8,False,Purchase_Bill_PRJ000436.pdf
DOC0000872,PRJ000436,UTILIZATION_CERTIFICATE,Kota State Water Supply & Sanitation Board (WSSB),DRAINAGE,4180000.0,4180000.0,95.3,False,Utilization_Certificate_PRJ000436.pdf
DOC0000873,PRJ000437,PURCHASE_BILL,CleanWater Sanitation & Drainage Works Pvt Ltd,SANITATION,1920000.0,1920000.0,96.3,False,Purchase_Bill_PRJ000437.pdf
DOC0000874,PRJ000437,UTILIZATION_CERTIFICATE,Udaipur District Rural Development Agency (DRDA),SANITATION,2976000.0,1920000.0,99.7,False,Utilization_Certificate_PRJ000437.pdf
DOC0000875,PRJ000438,PURCHASE_BILL,BridgeTech Structures Pvt Ltd,BRIDGE,1030000.0,1030000.0,88.7,False,Purchase_Bill_PRJ000438.pdf
DOC0000876,PRJ000438,UTILIZATION_CERTIFICATE,Bikaner Public Works Department (PWD),BRIDGE,1030000.0,1030000.0,90.5,False,Utilization_Certificate_PRJ000438.pdf
DOC0000877,PRJ000439,PURCHASE_BILL,Speedway Repair & Resurfacing Contractors,ROAD_REPAIR,4210000.0,4210000.0,96.7,False,Purchase_Bill_PRJ000439.pdf
DOC0000878,PRJ000439,UTILIZATION_CERTIFICATE,Bikaner Public Works Department (PWD),ROAD_REPAIR,2580730.0,4210000.0,93.0,False,Utilization_Certificate_PRJ000439.pdf
DOC0000879,PRJ000440,PURCHASE_BILL,Paramount Multi-Sector Construction Ltd,BUS_SHELTER,2050000.0,2050000.0,97.3,False,Purchase_Bill_PRJ000440.pdf
DOC0000880,PRJ000440,UTILIZATION_CERTIFICATE,Muzaffarpur District Rural Development Agency (DRDA),BUS_SHELTER,785150.0,2050000.0,91.5,False,Utilization_Certificate_PRJ000440.pdf
DOC0000881,PRJ000441,PURCHASE_BILL,ProSport Infrastructure & Turf Solutions,SPORTS_FACILITY,6850000.0,6850000.0,91.0,False,Purchase_Bill_PRJ000441.pdf
DOC0000882,PRJ000441,UTILIZATION_CERTIFICATE,Bhagalpur Public Works Department (PWD),SPORTS_FACILITY,3527750.0,6850000.0,95.1,False,Utilization_Certificate_PRJ000441.pdf
DOC0000883,PRJ000442,PURCHASE_BILL,AquaPure Water Systems & Drilling Corp,WATER_SUPPLY,1620000.0,1620000.0,97.8,False,Purchase_Bill_PRJ000442.pdf
DOC0000884,PRJ000442,UTILIZATION_CERTIFICATE,Patna Municipal Corporation Infrastructure Cell,WATER_SUPPLY,1190700.0,1620000.0,92.4,False,Utilization_Certificate_PRJ000442.pdf
DOC0000885,PRJ000443,PURCHASE_BILL,SmartTransit Urban Infra Solutions,BUS_SHELTER,7590000.0,7590000.0,93.7,False,Purchase_Bill_PRJ000443.pdf
DOC0000886,PRJ000443,UTILIZATION_CERTIFICATE,Muzaffarpur District Rural Development Agency (DRDA),BUS_SHELTER,7590000.0,7590000.0,99.5,False,Utilization_Certificate_PRJ000443.pdf
DOC0000887,PRJ000444,PURCHASE_BILL,AquaPure Water Systems & Drilling Corp,WATER_SUPPLY,3600000.0,3600000.0,94.0,False,Purchase_Bill_PRJ000444.pdf
DOC0000888,PRJ000444,UTILIZATION_CERTIFICATE,Varanasi District Rural Development Agency (DRDA),WATER_SUPPLY,3600000.0,3600000.0,99.5,False,Utilization_Certificate_PRJ000444.pdf
DOC0000889,PRJ000445,PURCHASE_BILL,ProSport Infrastructure & Turf Solutions,SPORTS_FACILITY,4010000.0,4010000.0,90.2,False,Purchase_Bill_PRJ000445.pdf
DOC0000890,PRJ000445,UTILIZATION_CERTIFICATE,Kanpur Municipal Corporation Infrastructure Cell,SPORTS_FACILITY,970420.0,4010000.0,99.8,False,Utilization_Certificate_PRJ000445.pdf
DOC0000891,PRJ000446,PURCHASE_BILL,AquaPure Water Systems & Drilling Corp,WATER_SUPPLY,5930000.0,5930000.0,96.5,False,Purchase_Bill_PRJ000446.pdf
DOC0000892,PRJ000446,UTILIZATION_CERTIFICATE,Varanasi State Water Supply & Sanitation Board (WSSB),WATER_SUPPLY,3741830.0,5930000.0,94.6,False,Utilization_Certificate_PRJ000446.pdf
DOC0000893,PRJ000447,PURCHASE_BILL,TechLine IT & Lab Equipment Solutions Pvt Ltd,SCHOOL_INFRASTRUCTURE,2250000.0,2250000.0,96.1,False,Purchase_Bill_PRJ000447.pdf
DOC0000894,PRJ000447,UTILIZATION_CERTIFICATE,Khammam Municipal Corporation Infrastructure Cell,SCHOOL_INFRASTRUCTURE,1012500.0,2250000.0,91.4,False,Utilization_Certificate_PRJ000447.pdf
DOC0000895,PRJ000448,PURCHASE_BILL,Paramount Multi-Sector Construction Ltd,COMMUNITY_HALL,5180000.0,5180000.0,88.9,False,Purchase_Bill_PRJ000448.pdf
DOC0000896,PRJ000448,UTILIZATION_CERTIFICATE,Ramagundam District Rural Development Agency (DRDA),COMMUNITY_HALL,2564100.0,5180000.0,95.4,False,Utilization_Certificate_PRJ000448.pdf
DOC0000897,PRJ000449,PURCHASE_BILL,SmartTransit Urban Infra Solutions,BUS_SHELTER,3210000.0,3210000.0,90.0,False,Purchase_Bill_PRJ000449.pdf
DOC0000898,PRJ000449,UTILIZATION_CERTIFICATE,Hyderabad State Water Supply & Sanitation Board (WSSB),BUS_SHELTER,651630.0,3210000.0,91.3,False,Utilization_Certificate_PRJ000449.pdf
DOC0000899,PRJ000450,PURCHASE_BILL,TechLine IT & Lab Equipment Solutions Pvt Ltd,SCHOOL_INFRASTRUCTURE,9384768.44,7260000.0,45.0,True,Purchase_Bill_PRJ000450.pdf
DOC0000900,PRJ000450,UTILIZATION_CERTIFICATE,Tirupati Public Works Department (PWD),SCHOOL_INFRASTRUCTURE,3608220.0,7260000.0,99.2,False,Utilization_Certificate_PRJ000450.pdf
DOC0000901,PRJ000451,PURCHASE_BILL,SunPower Renewable Energy Systems,SOLAR_ENERGY,6010000.0,6010000.0,94.6,False,Purchase_Bill_PRJ000451.pdf
DOC0000902,PRJ000451,UTILIZATION_CERTIFICATE,Guntur District Rural Development Agency (DRDA),SOLAR_ENERGY,5515871.18,6010000.0,96.5,False,Utilization_Certificate_PRJ000451.pdf
DOC0000903,PRJ000452,PURCHASE_BILL,Apex Infracon & Highway Contractors,ROAD_CONSTRUCTION,6330000.0,6330000.0,91.7,False,Purchase_Bill_PRJ000452.pdf
DOC0000904,PRJ000452,UTILIZATION_CERTIFICATE,Guntur District Rural Development Agency (DRDA),ROAD_CONSTRUCTION,250746.75,6330000.0,99.2,False,Utilization_Certificate_PRJ000452.pdf
DOC0000905,PRJ000453,PURCHASE_BILL,ProSport Infrastructure & Turf Solutions,SPORTS_FACILITY,4370000.0,4370000.0,97.8,False,Purchase_Bill_PRJ000453.pdf
DOC0000906,PRJ000453,UTILIZATION_CERTIFICATE,Visakhapatnam State Water Supply & Sanitation Board (WSSB),SPORTS_FACILITY,1394030.0,4370000.0,93.5,False,Utilization_Certificate_PRJ000453.pdf
DOC0000907,PRJ000454,PURCHASE_BILL,BridgeTech Structures Pvt Ltd,BRIDGE,1000000.0,1000000.0,94.0,False,Purchase_Bill_PRJ000454.pdf
DOC0000908,PRJ000454,UTILIZATION_CERTIFICATE,Guntur District Rural Development Agency (DRDA),BRIDGE,890371.46,1000000.0,91.2,False,Utilization_Certificate_PRJ000454.pdf
DOC0000909,PRJ000455,PURCHASE_BILL,Apex Infracon & Highway Contractors,ROAD_CONSTRUCTION,1830000.0,1830000.0,94.6,False,Purchase_Bill_PRJ000455.pdf
DOC0000910,PRJ000455,UTILIZATION_CERTIFICATE,Siliguri State Water Supply & Sanitation Board (WSSB),ROAD_CONSTRUCTION,1372500.0,1830000.0,95.2,False,Utilization_Certificate_PRJ000455.pdf
DOC0000911,PRJ000456,PURCHASE_BILL,UrbanDrain Civil Engineering Co,DRAINAGE,5850000.0,5850000.0,92.3,False,Purchase_Bill_PRJ000456.pdf
DOC0000912,PRJ000456,UTILIZATION_CERTIFICATE,Kolkata Municipal Corporation Infrastructure Cell,DRAINAGE,2790450.0,5850000.0,96.0,False,Utilization_Certificate_PRJ000456.pdf
DOC0000913,PRJ000457,PURCHASE_BILL,Paramount Multi-Sector Construction Ltd,SPORTS_FACILITY,4090000.0,4090000.0,89.6,False,Purchase_Bill_PRJ000457.pdf
DOC0000914,PRJ000457,UTILIZATION_CERTIFICATE,Kolkata District Rural Development Agency (DRDA),SPORTS_FACILITY,1157470.0,4090000.0,98.7,False,Utilization_Certificate_PRJ000457.pdf
DOC0000915,PRJ000458,PURCHASE_BILL,UrbanDrain Civil Engineering Co,DRAINAGE,7080000.0,7080000.0,97.5,False,Purchase_Bill_PRJ000458.pdf
DOC0000916,PRJ000458,UTILIZATION_CERTIFICATE,Kolkata District Rural Development Agency (DRDA),DRAINAGE,3186000.0,7080000.0,96.2,False,Utilization_Certificate_PRJ000458.pdf
DOC0000917,PRJ000459,PURCHASE_BILL,SwachhBharat Sanitation Infra Ltd,PUBLIC_TOILET,1010000.0,1010000.0,93.2,False,Purchase_Bill_PRJ000459.pdf
DOC0000918,PRJ000459,UTILIZATION_CERTIFICATE,Siliguri State Water Supply & Sanitation Board (WSSB),PUBLIC_TOILET,55560.64,1010000.0,96.3,False,Utilization_Certificate_PRJ000459.pdf
DOC0000919,PRJ000460,PURCHASE_BILL,SunPower Renewable Energy Systems,SOLAR_ENERGY,2830000.0,2830000.0,92.4,False,Purchase_Bill_PRJ000460.pdf
DOC0000920,PRJ000460,UTILIZATION_CERTIFICATE,Kolkata District Rural Development Agency (DRDA),SOLAR_ENERGY,2830000.0,2830000.0,97.4,False,Utilization_Certificate_PRJ000460.pdf
DOC0000921,PRJ000461,PURCHASE_BILL,MedTech Healthcare Infrastructure Ltd,HEALTHCARE,5730000.0,5730000.0,93.7,False,Purchase_Bill_PRJ000461.pdf
DOC0000922,PRJ000461,UTILIZATION_CERTIFICATE,Kolkata District Rural Development Agency (DRDA),HEALTHCARE,5730000.0,5730000.0,98.5,False,Utilization_Certificate_PRJ000461.pdf
DOC0000923,PRJ000462,PURCHASE_BILL,Paramount Multi-Sector Construction Ltd,PUBLIC_TOILET,1840000.0,1840000.0,97.8,False,Purchase_Bill_PRJ000462.pdf
DOC0000924,PRJ000462,UTILIZATION_CERTIFICATE,Kolkata District Rural Development Agency (DRDA),PUBLIC_TOILET,912640.0,1840000.0,99.1,False,Utilization_Certificate_PRJ000462.pdf
DOC0000925,PRJ000463,PURCHASE_BILL,CleanWater Sanitation & Drainage Works Pvt Ltd,SANITATION,2320000.0,2320000.0,93.4,False,Purchase_Bill_PRJ000463.pdf
DOC0000926,PRJ000463,UTILIZATION_CERTIFICATE,Gwalior Public Works Department (PWD),SANITATION,1740000.0,2320000.0,99.8,False,Utilization_Certificate_PRJ000463.pdf
DOC0000927,PRJ000464,PURCHASE_BILL,Apex Infracon & Highway Contractors,ROAD_CONSTRUCTION,3980000.0,3980000.0,96.6,False,Purchase_Bill_PRJ000464.pdf
DOC0000928,PRJ000464,UTILIZATION_CERTIFICATE,Ujjain District Rural Development Agency (DRDA),ROAD_CONSTRUCTION,1050720.0,3980000.0,99.2,False,Utilization_Certificate_PRJ000464.pdf
DOC0000929,PRJ000465,PURCHASE_BILL,MedTech Healthcare Infrastructure Ltd,HEALTHCARE,2220000.0,2220000.0,96.0,False,Purchase_Bill_PRJ000465.pdf
DOC0000930,PRJ000465,UTILIZATION_CERTIFICATE,Sagar Municipal Corporation Infrastructure Cell,HEALTHCARE,999000.0,2220000.0,97.2,False,Utilization_Certificate_PRJ000465.pdf
DOC0000931,PRJ000466,PURCHASE_BILL,ProSport Infrastructure & Turf Solutions,SPORTS_FACILITY,5640000.0,5640000.0,94.3,False,Purchase_Bill_PRJ000466.pdf
DOC0000932,PRJ000466,UTILIZATION_CERTIFICATE,Gwalior State Water Supply & Sanitation Board (WSSB),SPORTS_FACILITY,5640000.0,5640000.0,99.5,False,Utilization_Certificate_PRJ000466.pdf
DOC0000933,PRJ000467,PURCHASE_BILL,SmartTransit Urban Infra Solutions,BUS_SHELTER,5650000.0,5650000.0,89.5,False,Purchase_Bill_PRJ000467.pdf
DOC0000934,PRJ000467,UTILIZATION_CERTIFICATE,Gwalior State Water Supply & Sanitation Board (WSSB),BUS_SHELTER,4237500.0,5650000.0,98.7,False,Utilization_Certificate_PRJ000467.pdf
DOC0000935,PRJ000468,PURCHASE_BILL,SmartTransit Urban Infra Solutions,BUS_SHELTER,8998261.92,7590000.0,63.1,True,Purchase_Bill_PRJ000468.pdf
DOC0000936,PRJ000468,UTILIZATION_CERTIFICATE,Ahmedabad Public Works Department (PWD),BUS_SHELTER,1806420.0,7590000.0,96.2,False,Utilization_Certificate_PRJ000468.pdf
DOC0000937,PRJ000469,PURCHASE_BILL,TechLine IT & Lab Equipment Solutions Pvt Ltd,SCHOOL_INFRASTRUCTURE,1930000.0,1930000.0,96.5,False,Purchase_Bill_PRJ000469.pdf
DOC0000938,PRJ000469,UTILIZATION_CERTIFICATE,Ahmedabad District Rural Development Agency (DRDA),SCHOOL_INFRASTRUCTURE,1675849.12,1930000.0,95.9,False,Utilization_Certificate_PRJ000469.pdf
DOC0000939,PRJ000470,PURCHASE_BILL,ProSport Infrastructure & Turf Solutions,SPORTS_FACILITY,1360000.0,1360000.0,91.2,False,Purchase_Bill_PRJ000470.pdf
DOC0000940,PRJ000470,UTILIZATION_CERTIFICATE,Ahmedabad District Rural Development Agency (DRDA),SPORTS_FACILITY,1134532.6,1360000.0,98.5,False,Utilization_Certificate_PRJ000470.pdf
DOC0000941,PRJ000471,PURCHASE_BILL,Speedway Repair & Resurfacing Contractors,ROAD_REPAIR,1360000.0,1360000.0,96.8,False,Purchase_Bill_PRJ000471.pdf
DOC0000942,PRJ000471,UTILIZATION_CERTIFICATE,Ahmedabad District Rural Development Agency (DRDA),ROAD_REPAIR,1686400.0,1360000.0,91.5,False,Utilization_Certificate_PRJ000471.pdf
DOC0000943,PRJ000472,PURCHASE_BILL,SunPower Renewable Energy Systems,SOLAR_ENERGY,3840000.0,3840000.0,92.7,False,Purchase_Bill_PRJ000472.pdf
DOC0000944,PRJ000472,UTILIZATION_CERTIFICATE,Bhavnagar Municipal Corporation Infrastructure Cell,SOLAR_ENERGY,1728000.0,3840000.0,96.4,False,Utilization_Certificate_PRJ000472.pdf
DOC0000945,PRJ000473,PURCHASE_BILL,CleanWater Sanitation & Drainage Works Pvt Ltd,SANITATION,5440000.0,5440000.0,97.1,False,Purchase_Bill_PRJ000473.pdf
DOC0000946,PRJ000473,UTILIZATION_CERTIFICATE,Varanasi District Rural Development Agency (DRDA),SANITATION,1338240.0,5440000.0,91.5,False,Utilization_Certificate_PRJ000473.pdf
DOC0000947,PRJ000474,PURCHASE_BILL,TechLine IT & Lab Equipment Solutions Pvt Ltd,SCHOOL_INFRASTRUCTURE,3700000.0,3700000.0,90.8,False,Purchase_Bill_PRJ000474.pdf
DOC0000948,PRJ000474,UTILIZATION_CERTIFICATE,Varanasi Public Works Department (PWD),SCHOOL_INFRASTRUCTURE,788100.0,3700000.0,93.8,False,Utilization_Certificate_PRJ000474.pdf
DOC0000949,PRJ000475,PURCHASE_BILL,AquaPure Water Systems & Drilling Corp,WATER_SUPPLY,2240000.0,2240000.0,90.2,False,Purchase_Bill_PRJ000475.pdf
DOC0000950,PRJ000475,UTILIZATION_CERTIFICATE,Ujjain District Rural Development Agency (DRDA),WATER_SUPPLY,1985807.2,2240000.0,95.2,False,Utilization_Certificate_PRJ000475.pdf
DOC0000951,PRJ000476,PURCHASE_BILL,National Civic Infrastructure Developers,COMMUNITY_HALL,4650000.0,4650000.0,94.8,False,Purchase_Bill_PRJ000476.pdf
DOC0000952,PRJ000476,UTILIZATION_CERTIFICATE,Ujjain District Rural Development Agency (DRDA),COMMUNITY_HALL,4083440.13,4650000.0,96.0,False,Utilization_Certificate_PRJ000476.pdf
DOC0000953,PRJ000477,PURCHASE_BILL,BridgeTech Structures Pvt Ltd,BRIDGE,2184037.7,1870000.0,63.5,True,Purchase_Bill_PRJ000477.pdf
DOC0000954,PRJ000477,UTILIZATION_CERTIFICATE,Ujjain District Rural Development Agency (DRDA),BRIDGE,396440.0,1870000.0,96.5,False,Utilization_Certificate_PRJ000477.pdf
DOC0000955,PRJ000478,PURCHASE_BILL,National Civic Infrastructure Developers,COMMUNITY_HALL,5570000.0,5570000.0,90.8,False,Purchase_Bill_PRJ000478.pdf
DOC0000956,PRJ000478,UTILIZATION_CERTIFICATE,Gwalior State Water Supply & Sanitation Board (WSSB),COMMUNITY_HALL,2506500.0,5570000.0,98.2,False,Utilization_Certificate_PRJ000478.pdf
DOC0000957,PRJ000479,PURCHASE_BILL,National Civic Infrastructure Developers,COMMUNITY_HALL,1920000.0,1920000.0,96.0,False,Purchase_Bill_PRJ000479.pdf
DOC0000958,PRJ000479,UTILIZATION_CERTIFICATE,Gwalior Public Works Department (PWD),COMMUNITY_HALL,1920000.0,1920000.0,99.0,False,Utilization_Certificate_PRJ000479.pdf
DOC0000959,PRJ000480,PURCHASE_BILL,National Civic Infrastructure Developers,COMMUNITY_HALL,6840000.0,6840000.0,94.3,False,Purchase_Bill_PRJ000480.pdf
DOC0000960,PRJ000480,UTILIZATION_CERTIFICATE,Varanasi District Rural Development Agency (DRDA),COMMUNITY_HALL,10465200.0,6840000.0,92.0,False,Utilization_Certificate_PRJ000480.pdf
DOC0000961,PRJ000481,PURCHASE_BILL,CleanWater Sanitation & Drainage Works Pvt Ltd,SANITATION,1710000.0,1710000.0,91.6,False,Purchase_Bill_PRJ000481.pdf
DOC0000962,PRJ000481,UTILIZATION_CERTIFICATE,Varanasi District Rural Development Agency (DRDA),SANITATION,1159380.0,1710000.0,99.1,False,Utilization_Certificate_PRJ000481.pdf
DOC0000963,PRJ000482,PURCHASE_BILL,UrbanDrain Civil Engineering Co,DRAINAGE,6930000.0,6930000.0,94.5,False,Purchase_Bill_PRJ000482.pdf
DOC0000964,PRJ000482,UTILIZATION_CERTIFICATE,Kolkata District Rural Development Agency (DRDA),DRAINAGE,6148941.08,6930000.0,95.2,False,Utilization_Certificate_PRJ000482.pdf
DOC0000965,PRJ000483,PURCHASE_BILL,SwachhBharat Sanitation Infra Ltd,PUBLIC_TOILET,6880000.0,6880000.0,97.4,False,Purchase_Bill_PRJ000483.pdf
DOC0000966,PRJ000483,UTILIZATION_CERTIFICATE,Kolkata Municipal Corporation Infrastructure Cell,PUBLIC_TOILET,4313760.0,6880000.0,98.4,False,Utilization_Certificate_PRJ000483.pdf
DOC0000967,PRJ000484,PURCHASE_BILL,National Civic Infrastructure Developers,COMMUNITY_HALL,3710000.0,3710000.0,88.6,False,Purchase_Bill_PRJ000484.pdf
DOC0000968,PRJ000484,UTILIZATION_CERTIFICATE,Ahmedabad District Rural Development Agency (DRDA),COMMUNITY_HALL,1669500.0,3710000.0,93.5,False,Utilization_Certificate_PRJ000484.pdf
DOC0000969,PRJ000485,PURCHASE_BILL,SmartTransit Urban Infra Solutions,BUS_SHELTER,7740000.0,7740000.0,97.9,False,Purchase_Bill_PRJ000485.pdf
DOC0000970,PRJ000485,UTILIZATION_CERTIFICATE,Ahmedabad District Rural Development Agency (DRDA),BUS_SHELTER,7008921.39,7740000.0,98.6,False,Utilization_Certificate_PRJ000485.pdf
DOC0000971,PRJ000486,PURCHASE_BILL,National Civic Infrastructure Developers,COMMUNITY_HALL,1170000.0,1170000.0,89.0,False,Purchase_Bill_PRJ000486.pdf
DOC0000972,PRJ000486,UTILIZATION_CERTIFICATE,Ahmedabad District Rural Development Agency (DRDA),COMMUNITY_HALL,1696500.0,1170000.0,94.7,False,Utilization_Certificate_PRJ000486.pdf
DOC0000973,PRJ000487,PURCHASE_BILL,SmartTransit Urban Infra Solutions,BUS_SHELTER,650000.0,650000.0,89.1,False,Purchase_Bill_PRJ000487.pdf
DOC0000974,PRJ000487,UTILIZATION_CERTIFICATE,Varanasi District Rural Development Agency (DRDA),BUS_SHELTER,845000.0,650000.0,91.7,False,Utilization_Certificate_PRJ000487.pdf
DOC0000975,PRJ000488,PURCHASE_BILL,MedTech Healthcare Infrastructure Ltd,HEALTHCARE,1140000.0,1140000.0,95.2,False,Purchase_Bill_PRJ000488.pdf
DOC0000976,PRJ000488,UTILIZATION_CERTIFICATE,Varanasi District Rural Development Agency (DRDA),HEALTHCARE,1045454.22,1140000.0,92.5,False,Utilization_Certificate_PRJ000488.pdf
DOC0000977,PRJ000489,PURCHASE_BILL,Speedway Repair & Resurfacing Contractors,ROAD_REPAIR,1916532.9,1610000.0,68.6,True,Purchase_Bill_PRJ000489.pdf
DOC0000978,PRJ000489,UTILIZATION_CERTIFICATE,Patna Municipal Corporation Infrastructure Cell,ROAD_REPAIR,600530.0,1610000.0,97.6,False,Utilization_Certificate_PRJ000489.pdf
DOC0000979,PRJ000490,PURCHASE_BILL,Speedway Repair & Resurfacing Contractors,ROAD_REPAIR,2240000.0,2240000.0,96.5,False,Purchase_Bill_PRJ000490.pdf
DOC0000980,PRJ000490,UTILIZATION_CERTIFICATE,Muzaffarpur District Rural Development Agency (DRDA),ROAD_REPAIR,3001600.0,2240000.0,91.8,False,Utilization_Certificate_PRJ000490.pdf
DOC0000981,PRJ000491,PURCHASE_BILL,ProSport Infrastructure & Turf Solutions,SPORTS_FACILITY,6900000.0,6900000.0,95.4,False,Purchase_Bill_PRJ000491.pdf
DOC0000982,PRJ000491,UTILIZATION_CERTIFICATE,Muzaffarpur District Rural Development Agency (DRDA),SPORTS_FACILITY,8280000.0,6900000.0,99.2,False,Utilization_Certificate_PRJ000491.pdf
DOC0000983,PRJ000492,PURCHASE_BILL,Apex Infracon & Highway Contractors,ROAD_CONSTRUCTION,6370000.0,6370000.0,90.5,False,Purchase_Bill_PRJ000492.pdf
DOC0000984,PRJ000492,UTILIZATION_CERTIFICATE,Muzaffarpur District Rural Development Agency (DRDA),ROAD_CONSTRUCTION,9427600.0,6370000.0,98.7,False,Utilization_Certificate_PRJ000492.pdf
DOC0000985,PRJ000493,PURCHASE_BILL,Paramount Multi-Sector Construction Ltd,SPORTS_FACILITY,7360000.0,7360000.0,91.6,False,Purchase_Bill_PRJ000493.pdf
DOC0000986,PRJ000493,UTILIZATION_CERTIFICATE,Khowai District Rural Development Agency (DRDA),SPORTS_FACILITY,3385600.0,7360000.0,95.3,False,Utilization_Certificate_PRJ000493.pdf
DOC0000987,PRJ000494,PURCHASE_BILL,National Civic Infrastructure Developers,COMMUNITY_HALL,3220000.0,3220000.0,92.6,False,Purchase_Bill_PRJ000494.pdf
DOC0000988,PRJ000494,UTILIZATION_CERTIFICATE,Belonia Public Works Department (PWD),COMMUNITY_HALL,2415000.0,3220000.0,90.0,False,Utilization_Certificate_PRJ000494.pdf
DOC0000989,PRJ000495,PURCHASE_BILL,ProSport Infrastructure & Turf Solutions,SPORTS_FACILITY,5090000.0,5090000.0,94.4,False,Purchase_Bill_PRJ000495.pdf
DOC0000990,PRJ000495,UTILIZATION_CERTIFICATE,Sabroom State Water Supply & Sanitation Board (WSSB),SPORTS_FACILITY,3817500.0,5090000.0,98.6,False,Utilization_Certificate_PRJ000495.pdf
DOC0000991,PRJ000496,PURCHASE_BILL,SmartTransit Urban Infra Solutions,BUS_SHELTER,2430000.0,2430000.0,97.4,False,Purchase_Bill_PRJ000496.pdf
DOC0000992,PRJ000496,UTILIZATION_CERTIFICATE,Sabroom State Water Supply & Sanitation Board (WSSB),BUS_SHELTER,2430000.0,2430000.0,90.2,False,Utilization_Certificate_PRJ000496.pdf
DOC0000993,PRJ000497,PURCHASE_BILL,CleanWater Sanitation & Drainage Works Pvt Ltd,SANITATION,1860000.0,1860000.0,94.4,False,Purchase_Bill_PRJ000497.pdf
DOC0000994,PRJ000497,UTILIZATION_CERTIFICATE,Thane Public Works Department (PWD),SANITATION,829560.0,1860000.0,97.9,False,Utilization_Certificate_PRJ000497.pdf
DOC0000995,PRJ000498,PURCHASE_BILL,Apex Infracon & Highway Contractors,ROAD_CONSTRUCTION,1370000.0,1370000.0,96.7,False,Purchase_Bill_PRJ000498.pdf
DOC0000996,PRJ000498,UTILIZATION_CERTIFICATE,Thane District Rural Development Agency (DRDA),ROAD_CONSTRUCTION,2000200.0,1370000.0,93.5,False,Utilization_Certificate_PRJ000498.pdf
DOC0000997,PRJ000499,PURCHASE_BILL,Speedway Repair & Resurfacing Contractors,ROAD_REPAIR,3950000.0,3950000.0,88.8,False,Purchase_Bill_PRJ000499.pdf
DOC0000998,PRJ000499,UTILIZATION_CERTIFICATE,Thane Public Works Department (PWD),ROAD_REPAIR,3950000.0,3950000.0,91.4,False,Utilization_Certificate_PRJ000499.pdf
DOC0000999,PRJ000500,PURCHASE_BILL,CleanWater Sanitation & Drainage Works Pvt Ltd,SANITATION,580000.0,580000.0,95.1,False,Purchase_Bill_PRJ000500.pdf
DOC0001000,PRJ000500,UTILIZATION_CERTIFICATE,Aurangabad State Water Supply & Sanitation Board (WSSB),SANITATION,435000.0,580000.0,91.2,False,Utilization_Certificate_PRJ000500.pdf
DOC0001001,PRJ000501,PURCHASE_BILL,BridgeTech Structures Pvt Ltd,BRIDGE,3218409.2,2720000.0,71.2,True,Purchase_Bill_PRJ000501.pdf
DOC0001002,PRJ000501,UTILIZATION_CERTIFICATE,Alappuzha Municipal Corporation Infrastructure Cell,BRIDGE,1136960.0,2720000.0,93.8,False,Utilization_Certificate_PRJ000501.pdf
DOC0001003,PRJ000502,PURCHASE_BILL,National Civic Infrastructure Developers,COMMUNITY_HALL,2100000.0,2100000.0,96.0,False,Purchase_Bill_PRJ000502.pdf
DOC0001004,PRJ000502,UTILIZATION_CERTIFICATE,Alappuzha District Rural Development Agency (DRDA),COMMUNITY_HALL,2100000.0,2100000.0,97.5,False,Utilization_Certificate_PRJ000502.pdf
DOC0001005,PRJ000503,PURCHASE_BILL,Apex Infracon & Highway Contractors,ROAD_CONSTRUCTION,3120000.0,3120000.0,91.8,False,Purchase_Bill_PRJ000503.pdf
DOC0001006,PRJ000503,UTILIZATION_CERTIFICATE,Alappuzha District Rural Development Agency (DRDA),ROAD_CONSTRUCTION,3120000.0,3120000.0,95.2,False,Utilization_Certificate_PRJ000503.pdf
DOC0001007,PRJ000504,PURCHASE_BILL,UrbanDrain Civil Engineering Co,DRAINAGE,4030000.0,4030000.0,97.9,False,Purchase_Bill_PRJ000504.pdf
DOC0001008,PRJ000504,UTILIZATION_CERTIFICATE,Alappuzha Municipal Corporation Infrastructure Cell,DRAINAGE,1813500.0,4030000.0,96.6,False,Utilization_Certificate_PRJ000504.pdf
DOC0001009,PRJ000505,PURCHASE_BILL,MedTech Healthcare Infrastructure Ltd,HEALTHCARE,6720000.0,6720000.0,90.4,False,Purchase_Bill_PRJ000505.pdf
DOC0001010,PRJ000505,UTILIZATION_CERTIFICATE,Alappuzha Municipal Corporation Infrastructure Cell,HEALTHCARE,258124.21,6720000.0,94.2,False,Utilization_Certificate_PRJ000505.pdf
DOC0001011,PRJ000506,PURCHASE_BILL,AquaPure Water Systems & Drilling Corp,WATER_SUPPLY,1730000.0,1730000.0,96.0,False,Purchase_Bill_PRJ000506.pdf
DOC0001012,PRJ000506,UTILIZATION_CERTIFICATE,Alappuzha Municipal Corporation Infrastructure Cell,WATER_SUPPLY,1031080.0,1730000.0,94.0,False,Utilization_Certificate_PRJ000506.pdf
DOC0001013,PRJ000507,PURCHASE_BILL,Speedway Repair & Resurfacing Contractors,ROAD_REPAIR,2410000.0,2410000.0,95.3,False,Purchase_Bill_PRJ000507.pdf
DOC0001014,PRJ000507,UTILIZATION_CERTIFICATE,Alappuzha State Water Supply & Sanitation Board (WSSB),ROAD_REPAIR,1084500.0,2410000.0,98.5,False,Utilization_Certificate_PRJ000507.pdf
DOC0001015,PRJ000508,PURCHASE_BILL,SwachhBharat Sanitation Infra Ltd,PUBLIC_TOILET,1500000.0,1500000.0,90.3,False,Purchase_Bill_PRJ000508.pdf
DOC0001016,PRJ000508,UTILIZATION_CERTIFICATE,Muzaffarpur District Rural Development Agency (DRDA),PUBLIC_TOILET,1371243.83,1500000.0,99.8,False,Utilization_Certificate_PRJ000508.pdf
DOC0001017,PRJ000509,PURCHASE_BILL,CleanWater Sanitation & Drainage Works Pvt Ltd,SANITATION,6660000.0,6660000.0,92.2,False,Purchase_Bill_PRJ000509.pdf
DOC0001018,PRJ000509,UTILIZATION_CERTIFICATE,Bhagalpur Public Works Department (PWD),SANITATION,5034960.0,6660000.0,92.7,False,Utilization_Certificate_PRJ000509.pdf
DOC0001019,PRJ000510,PURCHASE_BILL,National Civic Infrastructure Developers,COMMUNITY_HALL,1580000.0,1580000.0,95.5,False,Purchase_Bill_PRJ000510.pdf
DOC0001020,PRJ000510,UTILIZATION_CERTIFICATE,Muzaffarpur District Rural Development Agency (DRDA),COMMUNITY_HALL,526140.0,1580000.0,90.2,False,Utilization_Certificate_PRJ000510.pdf
DOC0001021,PRJ000511,PURCHASE_BILL,Speedway Repair & Resurfacing Contractors,ROAD_REPAIR,3280000.0,3280000.0,97.3,False,Purchase_Bill_PRJ000511.pdf
DOC0001022,PRJ000511,UTILIZATION_CERTIFICATE,Rajnandgaon Public Works Department (PWD),ROAD_REPAIR,3280000.0,3280000.0,97.9,False,Utilization_Certificate_PRJ000511.pdf
DOC0001023,PRJ000512,PURCHASE_BILL,CleanWater Sanitation & Drainage Works Pvt Ltd,SANITATION,2690000.0,2690000.0,89.4,False,Purchase_Bill_PRJ000512.pdf
DOC0001024,PRJ000512,UTILIZATION_CERTIFICATE,Durg State Water Supply & Sanitation Board (WSSB),SANITATION,2690000.0,2690000.0,93.7,False,Utilization_Certificate_PRJ000512.pdf
DOC0001025,PRJ000513,PURCHASE_BILL,CleanWater Sanitation & Drainage Works Pvt Ltd,SANITATION,5280000.0,5280000.0,94.1,False,Purchase_Bill_PRJ000513.pdf
DOC0001026,PRJ000513,UTILIZATION_CERTIFICATE,Siliguri State Water Supply & Sanitation Board (WSSB),SANITATION,3717120.0,5280000.0,99.4,False,Utilization_Certificate_PRJ000513.pdf
DOC0001027,PRJ000514,PURCHASE_BILL,UrbanDrain Civil Engineering Co,DRAINAGE,7840000.0,7840000.0,96.4,False,Purchase_Bill_PRJ000514.pdf
DOC0001028,PRJ000514,UTILIZATION_CERTIFICATE,Kolkata District Rural Development Agency (DRDA),DRAINAGE,5205760.0,7840000.0,91.0,False,Utilization_Certificate_PRJ000514.pdf
DOC0001029,PRJ000515,PURCHASE_BILL,TechLine IT & Lab Equipment Solutions Pvt Ltd,SCHOOL_INFRASTRUCTURE,1820000.0,1820000.0,97.0,False,Purchase_Bill_PRJ000515.pdf
DOC0001030,PRJ000515,UTILIZATION_CERTIFICATE,Khammam Municipal Corporation Infrastructure Cell,SCHOOL_INFRASTRUCTURE,819000.0,1820000.0,90.6,False,Utilization_Certificate_PRJ000515.pdf
DOC0001031,PRJ000516,PURCHASE_BILL,UrbanDrain Civil Engineering Co,DRAINAGE,6280000.0,6280000.0,93.8,False,Purchase_Bill_PRJ000516.pdf
DOC0001032,PRJ000516,UTILIZATION_CERTIFICATE,Ramagundam District Rural Development Agency (DRDA),DRAINAGE,3975240.0,6280000.0,99.4,False,Utilization_Certificate_PRJ000516.pdf
DOC0001033,PRJ000517,PURCHASE_BILL,SmartTransit Urban Infra Solutions,BUS_SHELTER,5730000.0,5730000.0,93.8,False,Purchase_Bill_PRJ000517.pdf
DOC0001034,PRJ000517,UTILIZATION_CERTIFICATE,Ramagundam District Rural Development Agency (DRDA),BUS_SHELTER,5730000.0,5730000.0,91.0,False,Utilization_Certificate_PRJ000517.pdf
DOC0001035,PRJ000518,PURCHASE_BILL,ProSport Infrastructure & Turf Solutions,SPORTS_FACILITY,9020066.64,7540000.0,56.5,True,Purchase_Bill_PRJ000518.pdf
DOC0001036,PRJ000518,UTILIZATION_CERTIFICATE,Gwalior State Water Supply & Sanitation Board (WSSB),SPORTS_FACILITY,4282720.0,7540000.0,94.0,False,Utilization_Certificate_PRJ000518.pdf
DOC0001037,PRJ000519,PURCHASE_BILL,CleanWater Sanitation & Drainage Works Pvt Ltd,SANITATION,1720000.0,1720000.0,92.7,False,Purchase_Bill_PRJ000519.pdf
DOC0001038,PRJ000519,UTILIZATION_CERTIFICATE,Gwalior Public Works Department (PWD),SANITATION,448920.0,1720000.0,91.8,False,Utilization_Certificate_PRJ000519.pdf
DOC0001039,PRJ000520,PURCHASE_BILL,Speedway Repair & Resurfacing Contractors,ROAD_REPAIR,3250000.0,3250000.0,92.5,False,Purchase_Bill_PRJ000520.pdf
DOC0001040,PRJ000520,UTILIZATION_CERTIFICATE,Gwalior Public Works Department (PWD),ROAD_REPAIR,2437500.0,3250000.0,98.8,False,Utilization_Certificate_PRJ000520.pdf
DOC0001041,PRJ000521,PURCHASE_BILL,Paramount Multi-Sector Construction Ltd,SCHOOL_INFRASTRUCTURE,6180000.0,6180000.0,89.4,False,Purchase_Bill_PRJ000521.pdf
DOC0001042,PRJ000521,UTILIZATION_CERTIFICATE,Ujjain District Rural Development Agency (DRDA),SCHOOL_INFRASTRUCTURE,2793360.0,6180000.0,99.2,False,Utilization_Certificate_PRJ000521.pdf
DOC0001043,PRJ000522,PURCHASE_BILL,UrbanDrain Civil Engineering Co,DRAINAGE,3900000.0,3900000.0,92.8,False,Purchase_Bill_PRJ000522.pdf
DOC0001044,PRJ000522,UTILIZATION_CERTIFICATE,Patna State Water Supply & Sanitation Board (WSSB),DRAINAGE,1146600.0,3900000.0,94.1,False,Utilization_Certificate_PRJ000522.pdf
DOC0001045,PRJ000523,PURCHASE_BILL,CleanWater Sanitation & Drainage Works Pvt Ltd,SANITATION,2740000.0,2740000.0,93.9,False,Purchase_Bill_PRJ000523.pdf
DOC0001046,PRJ000523,UTILIZATION_CERTIFICATE,Patna State Water Supply & Sanitation Board (WSSB),SANITATION,1257660.0,2740000.0,98.5,False,Utilization_Certificate_PRJ000523.pdf
DOC0001047,PRJ000524,PURCHASE_BILL,Paramount Multi-Sector Construction Ltd,ROAD_REPAIR,3200000.0,3200000.0,94.0,False,Purchase_Bill_PRJ000524.pdf
DOC0001048,PRJ000524,UTILIZATION_CERTIFICATE,Thane District Rural Development Agency (DRDA),ROAD_REPAIR,886400.0,3200000.0,99.0,False,Utilization_Certificate_PRJ000524.pdf
DOC0001049,PRJ000525,PURCHASE_BILL,Apex Infracon & Highway Contractors,ROAD_CONSTRUCTION,1110000.0,1110000.0,97.1,False,Purchase_Bill_PRJ000525.pdf
DOC0001050,PRJ000525,UTILIZATION_CERTIFICATE,Thane District Rural Development Agency (DRDA),ROAD_CONSTRUCTION,607170.0,1110000.0,90.5,False,Utilization_Certificate_PRJ000525.pdf
DOC0001051,PRJ000526,PURCHASE_BILL,BridgeTech Structures Pvt Ltd,BRIDGE,7460000.0,7460000.0,95.4,False,Purchase_Bill_PRJ000526.pdf
DOC0001052,PRJ000526,UTILIZATION_CERTIFICATE,Thane Public Works Department (PWD),BRIDGE,302848.76,7460000.0,99.7,False,Utilization_Certificate_PRJ000526.pdf
DOC0001053,PRJ000527,PURCHASE_BILL,Apex Infracon & Highway Contractors,ROAD_CONSTRUCTION,1630000.0,1630000.0,92.7,False,Purchase_Bill_PRJ000527.pdf
DOC0001054,PRJ000527,UTILIZATION_CERTIFICATE,Aurangabad State Water Supply & Sanitation Board (WSSB),ROAD_CONSTRUCTION,38476.93,1630000.0,97.9,False,Utilization_Certificate_PRJ000527.pdf
DOC0001055,PRJ000528,PURCHASE_BILL,SwachhBharat Sanitation Infra Ltd,PUBLIC_TOILET,7690000.0,7690000.0,95.3,False,Purchase_Bill_PRJ000528.pdf
DOC0001056,PRJ000528,UTILIZATION_CERTIFICATE,Aurangabad State Water Supply & Sanitation Board (WSSB),PUBLIC_TOILET,3460500.0,7690000.0,98.9,False,Utilization_Certificate_PRJ000528.pdf
DOC0001057,PRJ000529,PURCHASE_BILL,AquaPure Water Systems & Drilling Corp,WATER_SUPPLY,6210000.0,6210000.0,95.1,False,Purchase_Bill_PRJ000529.pdf
DOC0001058,PRJ000529,UTILIZATION_CERTIFICATE,Thane District Rural Development Agency (DRDA),WATER_SUPPLY,4924530.0,6210000.0,96.4,False,Utilization_Certificate_PRJ000529.pdf
DOC0001059,PRJ000530,PURCHASE_BILL,ProSport Infrastructure & Turf Solutions,SPORTS_FACILITY,4220000.0,4220000.0,95.0,False,Purchase_Bill_PRJ000530.pdf
DOC0001060,PRJ000530,UTILIZATION_CERTIFICATE,Aurangabad State Water Supply & Sanitation Board (WSSB),SPORTS_FACILITY,1899000.0,4220000.0,93.5,False,Utilization_Certificate_PRJ000530.pdf
DOC0001061,PRJ000531,PURCHASE_BILL,Apex Infracon & Highway Contractors,ROAD_CONSTRUCTION,7470000.0,7470000.0,92.0,False,Purchase_Bill_PRJ000531.pdf
DOC0001062,PRJ000531,UTILIZATION_CERTIFICATE,Madurai Public Works Department (PWD),ROAD_CONSTRUCTION,3361500.0,7470000.0,93.4,False,Utilization_Certificate_PRJ000531.pdf
DOC0001063,PRJ000532,PURCHASE_BILL,MedTech Healthcare Infrastructure Ltd,HEALTHCARE,2280000.0,2280000.0,93.1,False,Purchase_Bill_PRJ000532.pdf
DOC0001064,PRJ000532,UTILIZATION_CERTIFICATE,Chennai State Water Supply & Sanitation Board (WSSB),HEALTHCARE,1085280.0,2280000.0,91.2,False,Utilization_Certificate_PRJ000532.pdf
DOC0001065,PRJ000533,PURCHASE_BILL,SmartTransit Urban Infra Solutions,BUS_SHELTER,3590000.0,3590000.0,90.1,False,Purchase_Bill_PRJ000533.pdf
DOC0001066,PRJ000533,UTILIZATION_CERTIFICATE,Chennai State Water Supply & Sanitation Board (WSSB),BUS_SHELTER,3590000.0,3590000.0,91.6,False,Utilization_Certificate_PRJ000533.pdf
DOC0001067,PRJ000534,PURCHASE_BILL,UrbanDrain Civil Engineering Co,DRAINAGE,1390000.0,1390000.0,95.9,False,Purchase_Bill_PRJ000534.pdf
DOC0001068,PRJ000534,UTILIZATION_CERTIFICATE,Thane District Rural Development Agency (DRDA),DRAINAGE,1122635.93,1390000.0,96.1,False,Utilization_Certificate_PRJ000534.pdf
DOC0001069,PRJ000535,PURCHASE_BILL,CleanWater Sanitation & Drainage Works Pvt Ltd,SANITATION,4900000.0,4900000.0,90.1,False,Purchase_Bill_PRJ000535.pdf
DOC0001070,PRJ000535,UTILIZATION_CERTIFICATE,Thane Public Works Department (PWD),SANITATION,1935500.0,4900000.0,95.5,False,Utilization_Certificate_PRJ000535.pdf
DOC0001071,PRJ000536,PURCHASE_BILL,AquaPure Water Systems & Drilling Corp,WATER_SUPPLY,4470000.0,4470000.0,90.0,False,Purchase_Bill_PRJ000536.pdf
DOC0001072,PRJ000536,UTILIZATION_CERTIFICATE,Siliguri State Water Supply & Sanitation Board (WSSB),WATER_SUPPLY,213767.71,4470000.0,97.9,False,Utilization_Certificate_PRJ000536.pdf
DOC0001073,PRJ000537,PURCHASE_BILL,UrbanDrain Civil Engineering Co,DRAINAGE,4570000.0,4570000.0,90.7,False,Purchase_Bill_PRJ000537.pdf
DOC0001074,PRJ000537,UTILIZATION_CERTIFICATE,Kolkata District Rural Development Agency (DRDA),DRAINAGE,232832.86,4570000.0,92.4,False,Utilization_Certificate_PRJ000537.pdf
DOC0001075,PRJ000538,PURCHASE_BILL,MedTech Healthcare Infrastructure Ltd,HEALTHCARE,7620000.0,7620000.0,88.8,False,Purchase_Bill_PRJ000538.pdf
DOC0001076,PRJ000538,UTILIZATION_CERTIFICATE,Kolkata District Rural Development Agency (DRDA),HEALTHCARE,10820400.0,7620000.0,96.3,False,Utilization_Certificate_PRJ000538.pdf
DOC0001077,PRJ000539,PURCHASE_BILL,Apex Infracon & Highway Contractors,ROAD_CONSTRUCTION,5350000.0,5350000.0,91.6,False,Purchase_Bill_PRJ000539.pdf
DOC0001078,PRJ000539,UTILIZATION_CERTIFICATE,Thane District Rural Development Agency (DRDA),ROAD_CONSTRUCTION,4389698.36,5350000.0,99.6,False,Utilization_Certificate_PRJ000539.pdf
DOC0001079,PRJ000540,PURCHASE_BILL,Paramount Multi-Sector Construction Ltd,BRIDGE,6010000.0,6010000.0,97.2,False,Purchase_Bill_PRJ000540.pdf
DOC0001080,PRJ000540,UTILIZATION_CERTIFICATE,Thane District Rural Development Agency (DRDA),BRIDGE,1821030.0,6010000.0,96.8,False,Utilization_Certificate_PRJ000540.pdf
DOC0001081,PRJ000541,PURCHASE_BILL,National Civic Infrastructure Developers,COMMUNITY_HALL,6940000.0,6940000.0,95.0,False,Purchase_Bill_PRJ000541.pdf
DOC0001082,PRJ000541,UTILIZATION_CERTIFICATE,Aurangabad State Water Supply & Sanitation Board (WSSB),COMMUNITY_HALL,5121720.0,6940000.0,91.7,False,Utilization_Certificate_PRJ000541.pdf
DOC0001083,PRJ000542,PURCHASE_BILL,TechLine IT & Lab Equipment Solutions Pvt Ltd,SCHOOL_INFRASTRUCTURE,5750000.0,5750000.0,92.3,False,Purchase_Bill_PRJ000542.pdf
DOC0001084,PRJ000542,UTILIZATION_CERTIFICATE,Mumbai Municipal Corporation Infrastructure Cell,SCHOOL_INFRASTRUCTURE,1334000.0,5750000.0,94.4,False,Utilization_Certificate_PRJ000542.pdf
DOC0001085,PRJ000543,PURCHASE_BILL,SunPower Renewable Energy Systems,SOLAR_ENERGY,2450000.0,2450000.0,91.8,False,Purchase_Bill_PRJ000543.pdf
DOC0001086,PRJ000543,UTILIZATION_CERTIFICATE,Thane District Rural Development Agency (DRDA),SOLAR_ENERGY,1685600.0,2450000.0,90.4,False,Utilization_Certificate_PRJ000543.pdf
DOC0001087,PRJ000544,PURCHASE_BILL,National Civic Infrastructure Developers,COMMUNITY_HALL,3390000.0,3390000.0,89.6,False,Purchase_Bill_PRJ000544.pdf
DOC0001088,PRJ000544,UTILIZATION_CERTIFICATE,Bhagalpur Public Works Department (PWD),COMMUNITY_HALL,1996710.0,3390000.0,96.7,False,Utilization_Certificate_PRJ000544.pdf
DOC0001089,PRJ000545,PURCHASE_BILL,UrbanDrain Civil Engineering Co,DRAINAGE,3770000.0,3770000.0,88.7,False,Purchase_Bill_PRJ000545.pdf
DOC0001090,PRJ000545,UTILIZATION_CERTIFICATE,Patna State Water Supply & Sanitation Board (WSSB),DRAINAGE,2420340.0,3770000.0,98.7,False,Utilization_Certificate_PRJ000545.pdf
DOC0001091,PRJ000546,PURCHASE_BILL,TechLine IT & Lab Equipment Solutions Pvt Ltd,SCHOOL_INFRASTRUCTURE,4400000.0,4400000.0,94.2,False,Purchase_Bill_PRJ000546.pdf
DOC0001092,PRJ000546,UTILIZATION_CERTIFICATE,Muzaffarpur District Rural Development Agency (DRDA),SCHOOL_INFRASTRUCTURE,4400000.0,4400000.0,98.8,False,Utilization_Certificate_PRJ000546.pdf
DOC0001093,PRJ000547,PURCHASE_BILL,ProSport Infrastructure & Turf Solutions,SPORTS_FACILITY,6510000.0,6510000.0,92.9,False,Purchase_Bill_PRJ000547.pdf
DOC0001094,PRJ000547,UTILIZATION_CERTIFICATE,Jalandhar Public Works Department (PWD),SPORTS_FACILITY,2929500.0,6510000.0,91.1,False,Utilization_Certificate_PRJ000547.pdf
DOC0001095,PRJ000548,PURCHASE_BILL,National Civic Infrastructure Developers,COMMUNITY_HALL,7670000.0,7670000.0,96.7,False,Purchase_Bill_PRJ000548.pdf
DOC0001096,PRJ000548,UTILIZATION_CERTIFICATE,Patiala Municipal Corporation Infrastructure Cell,COMMUNITY_HALL,5752500.0,7670000.0,93.7,False,Utilization_Certificate_PRJ000548.pdf
DOC0001097,PRJ000549,PURCHASE_BILL,UrbanDrain Civil Engineering Co,DRAINAGE,7010000.0,7010000.0,95.8,False,Purchase_Bill_PRJ000549.pdf
DOC0001098,PRJ000549,UTILIZATION_CERTIFICATE,Chandigarh State Water Supply & Sanitation Board (WSSB),DRAINAGE,2888120.0,7010000.0,91.0,False,Utilization_Certificate_PRJ000549.pdf
DOC0001099,PRJ000550,PURCHASE_BILL,Speedway Repair & Resurfacing Contractors,ROAD_REPAIR,4839856.26,3950000.0,65.6,True,Purchase_Bill_PRJ000550.pdf
DOC0001100,PRJ000550,UTILIZATION_CERTIFICATE,Patiala Municipal Corporation Infrastructure Cell,ROAD_REPAIR,1718250.0,3950000.0,95.5,False,Utilization_Certificate_PRJ000550.pdf
DOC0001101,PRJ000551,PURCHASE_BILL,TechLine IT & Lab Equipment Solutions Pvt Ltd,SCHOOL_INFRASTRUCTURE,1980000.0,1980000.0,92.6,False,Purchase_Bill_PRJ000551.pdf
DOC0001102,PRJ000551,UTILIZATION_CERTIFICATE,Puri Public Works Department (PWD),SCHOOL_INFRASTRUCTURE,89086.35,1980000.0,95.2,False,Utilization_Certificate_PRJ000551.pdf
DOC0001103,PRJ000552,PURCHASE_BILL,BridgeTech Structures Pvt Ltd,BRIDGE,3680000.0,3680000.0,88.3,False,Purchase_Bill_PRJ000552.pdf
DOC0001104,PRJ000552,UTILIZATION_CERTIFICATE,Puri Municipal Corporation Infrastructure Cell,BRIDGE,70957.53,3680000.0,96.1,False,Utilization_Certificate_PRJ000552.pdf
DOC0001105,PRJ000553,PURCHASE_BILL,National Civic Infrastructure Developers,COMMUNITY_HALL,1960000.0,1960000.0,90.1,False,Purchase_Bill_PRJ000553.pdf
DOC0001106,PRJ000553,UTILIZATION_CERTIFICATE,Berhampur District Rural Development Agency (DRDA),COMMUNITY_HALL,1599405.98,1960000.0,90.2,False,Utilization_Certificate_PRJ000553.pdf
DOC0001107,PRJ000554,PURCHASE_BILL,UrbanDrain Civil Engineering Co,DRAINAGE,7580000.0,7580000.0,94.1,False,Purchase_Bill_PRJ000554.pdf
DOC0001108,PRJ000554,UTILIZATION_CERTIFICATE,Berhampur District Rural Development Agency (DRDA),DRAINAGE,11370000.0,7580000.0,92.8,False,Utilization_Certificate_PRJ000554.pdf
DOC0001109,PRJ000555,PURCHASE_BILL,UrbanDrain Civil Engineering Co,DRAINAGE,3530000.0,3530000.0,94.3,False,Purchase_Bill_PRJ000555.pdf
DOC0001110,PRJ000555,UTILIZATION_CERTIFICATE,Puri State Water Supply & Sanitation Board (WSSB),DRAINAGE,1814420.0,3530000.0,99.6,False,Utilization_Certificate_PRJ000555.pdf
DOC0001111,PRJ000556,PURCHASE_BILL,CleanWater Sanitation & Drainage Works Pvt Ltd,SANITATION,5070000.0,5070000.0,94.7,False,Purchase_Bill_PRJ000556.pdf
DOC0001112,PRJ000556,UTILIZATION_CERTIFICATE,Visakhapatnam State Water Supply & Sanitation Board (WSSB),SANITATION,2469090.0,5070000.0,96.1,False,Utilization_Certificate_PRJ000556.pdf
DOC0001113,PRJ000557,PURCHASE_BILL,Paramount Multi-Sector Construction Ltd,BUS_SHELTER,3690000.0,3690000.0,97.8,False,Purchase_Bill_PRJ000557.pdf
DOC0001114,PRJ000557,UTILIZATION_CERTIFICATE,Guntur District Rural Development Agency (DRDA),BUS_SHELTER,1420650.0,3690000.0,98.0,False,Utilization_Certificate_PRJ000557.pdf
DOC0001115,PRJ000558,PURCHASE_BILL,Speedway Repair & Resurfacing Contractors,ROAD_REPAIR,6269191.85,5400000.0,55.7,True,Purchase_Bill_PRJ000558.pdf
DOC0001116,PRJ000558,UTILIZATION_CERTIFICATE,Guntur Municipal Corporation Infrastructure Cell,ROAD_REPAIR,2997000.0,5400000.0,98.3,False,Utilization_Certificate_PRJ000558.pdf
DOC0001117,PRJ000559,PURCHASE_BILL,AquaPure Water Systems & Drilling Corp,WATER_SUPPLY,3510000.0,3510000.0,91.5,False,Purchase_Bill_PRJ000559.pdf
DOC0001118,PRJ000559,UTILIZATION_CERTIFICATE,Visakhapatnam State Water Supply & Sanitation Board (WSSB),WATER_SUPPLY,3510000.0,3510000.0,91.2,False,Utilization_Certificate_PRJ000559.pdf
DOC0001119,PRJ000560,PURCHASE_BILL,TechLine IT & Lab Equipment Solutions Pvt Ltd,SCHOOL_INFRASTRUCTURE,2040000.0,2040000.0,92.5,False,Purchase_Bill_PRJ000560.pdf
DOC0001120,PRJ000560,UTILIZATION_CERTIFICATE,Varanasi District Rural Development Agency (DRDA),SCHOOL_INFRASTRUCTURE,87229.22,2040000.0,94.6,False,Utilization_Certificate_PRJ000560.pdf
DOC0001121,PRJ000561,PURCHASE_BILL,SunPower Renewable Energy Systems,SOLAR_ENERGY,5630000.0,5630000.0,90.2,False,Purchase_Bill_PRJ000561.pdf
DOC0001122,PRJ000561,UTILIZATION_CERTIFICATE,Varanasi District Rural Development Agency (DRDA),SOLAR_ENERGY,4708307.45,5630000.0,90.0,False,Utilization_Certificate_PRJ000561.pdf
DOC0001123,PRJ000562,PURCHASE_BILL,SunPower Renewable Energy Systems,SOLAR_ENERGY,4050000.0,4050000.0,95.7,False,Purchase_Bill_PRJ000562.pdf
DOC0001124,PRJ000562,UTILIZATION_CERTIFICATE,Varanasi District Rural Development Agency (DRDA),SOLAR_ENERGY,1304100.0,4050000.0,95.8,False,Utilization_Certificate_PRJ000562.pdf
DOC0001125,PRJ000563,PURCHASE_BILL,SmartTransit Urban Infra Solutions,BUS_SHELTER,5590000.0,5590000.0,89.2,False,Purchase_Bill_PRJ000563.pdf
DOC0001126,PRJ000563,UTILIZATION_CERTIFICATE,Varanasi State Water Supply & Sanitation Board (WSSB),BUS_SHELTER,4477590.0,5590000.0,96.2,False,Utilization_Certificate_PRJ000563.pdf
DOC0001127,PRJ000564,PURCHASE_BILL,CleanWater Sanitation & Drainage Works Pvt Ltd,SANITATION,3560000.0,3560000.0,91.1,False,Purchase_Bill_PRJ000564.pdf
DOC0001128,PRJ000564,UTILIZATION_CERTIFICATE,Varanasi District Rural Development Agency (DRDA),SANITATION,811680.0,3560000.0,98.4,False,Utilization_Certificate_PRJ000564.pdf
DOC0001129,PRJ000565,PURCHASE_BILL,MedTech Healthcare Infrastructure Ltd,HEALTHCARE,1130000.0,1130000.0,90.9,False,Purchase_Bill_PRJ000565.pdf
DOC0001130,PRJ000565,UTILIZATION_CERTIFICATE,Varanasi District Rural Development Agency (DRDA),HEALTHCARE,1130000.0,1130000.0,90.3,False,Utilization_Certificate_PRJ000565.pdf
DOC0001131,PRJ000566,PURCHASE_BILL,Apex Infracon & Highway Contractors,ROAD_CONSTRUCTION,1960000.0,1960000.0,96.2,False,Purchase_Bill_PRJ000566.pdf
DOC0001132,PRJ000566,UTILIZATION_CERTIFICATE,Varanasi District Rural Development Agency (DRDA),ROAD_CONSTRUCTION,2371600.0,1960000.0,99.0,False,Utilization_Certificate_PRJ000566.pdf
DOC0001133,PRJ000567,PURCHASE_BILL,BridgeTech Structures Pvt Ltd,BRIDGE,6760000.0,6760000.0,94.4,False,Purchase_Bill_PRJ000567.pdf
DOC0001134,PRJ000567,UTILIZATION_CERTIFICATE,Varanasi Public Works Department (PWD),BRIDGE,2210520.0,6760000.0,99.1,False,Utilization_Certificate_PRJ000567.pdf
DOC0001135,PRJ000568,PURCHASE_BILL,CleanWater Sanitation & Drainage Works Pvt Ltd,SANITATION,1800000.0,1800000.0,91.6,False,Purchase_Bill_PRJ000568.pdf
DOC0001136,PRJ000568,UTILIZATION_CERTIFICATE,Varanasi State Water Supply & Sanitation Board (WSSB),SANITATION,1350000.0,1800000.0,92.1,False,Utilization_Certificate_PRJ000568.pdf
DOC0001137,PRJ000569,PURCHASE_BILL,Paramount Multi-Sector Construction Ltd,ROAD_CONSTRUCTION,7480000.0,7480000.0,95.6,False,Purchase_Bill_PRJ000569.pdf
DOC0001138,PRJ000569,UTILIZATION_CERTIFICATE,Varanasi District Rural Development Agency (DRDA),ROAD_CONSTRUCTION,3081760.0,7480000.0,95.2,False,Utilization_Certificate_PRJ000569.pdf
DOC0001139,PRJ000570,PURCHASE_BILL,Apex Infracon & Highway Contractors,ROAD_CONSTRUCTION,7780000.0,7780000.0,90.6,False,Purchase_Bill_PRJ000570.pdf
DOC0001140,PRJ000570,UTILIZATION_CERTIFICATE,Kanpur Municipal Corporation Infrastructure Cell,ROAD_CONSTRUCTION,404333.13,7780000.0,98.9,False,Utilization_Certificate_PRJ000570.pdf
DOC0001141,PRJ000571,PURCHASE_BILL,SwachhBharat Sanitation Infra Ltd,PUBLIC_TOILET,5060000.0,5060000.0,97.3,False,Purchase_Bill_PRJ000571.pdf
DOC0001142,PRJ000571,UTILIZATION_CERTIFICATE,Varanasi District Rural Development Agency (DRDA),PUBLIC_TOILET,4519752.1,5060000.0,97.8,False,Utilization_Certificate_PRJ000571.pdf
DOC0001143,PRJ000572,PURCHASE_BILL,AquaPure Water Systems & Drilling Corp,WATER_SUPPLY,5280000.0,5280000.0,96.9,False,Purchase_Bill_PRJ000572.pdf
DOC0001144,PRJ000572,UTILIZATION_CERTIFICATE,Ujjain District Rural Development Agency (DRDA),WATER_SUPPLY,3960000.0,5280000.0,99.2,False,Utilization_Certificate_PRJ000572.pdf
DOC0001145,PRJ000573,PURCHASE_BILL,TechLine IT & Lab Equipment Solutions Pvt Ltd,SCHOOL_INFRASTRUCTURE,5700000.0,5700000.0,89.3,False,Purchase_Bill_PRJ000573.pdf
DOC0001146,PRJ000573,UTILIZATION_CERTIFICATE,Gwalior State Water Supply & Sanitation Board (WSSB),SCHOOL_INFRASTRUCTURE,3750600.0,5700000.0,95.4,False,Utilization_Certificate_PRJ000573.pdf
DOC0001147,PRJ000574,PURCHASE_BILL,UrbanDrain Civil Engineering Co,DRAINAGE,7860000.0,7860000.0,92.3,False,Purchase_Bill_PRJ000574.pdf
DOC0001148,PRJ000574,UTILIZATION_CERTIFICATE,Ujjain District Rural Development Agency (DRDA),DRAINAGE,6411768.82,7860000.0,94.0,False,Utilization_Certificate_PRJ000574.pdf
DOC0001149,PRJ000575,PURCHASE_BILL,AquaPure Water Systems & Drilling Corp,WATER_SUPPLY,5470000.0,5470000.0,93.6,False,Purchase_Bill_PRJ000575.pdf
DOC0001150,PRJ000575,UTILIZATION_CERTIFICATE,Sagar Municipal Corporation Infrastructure Cell,WATER_SUPPLY,3391400.0,5470000.0,95.5,False,Utilization_Certificate_PRJ000575.pdf
DOC0001151,PRJ000576,PURCHASE_BILL,UrbanDrain Civil Engineering Co,DRAINAGE,1890000.0,1890000.0,90.3,False,Purchase_Bill_PRJ000576.pdf
DOC0001152,PRJ000576,UTILIZATION_CERTIFICATE,Bhagalpur Public Works Department (PWD),DRAINAGE,1098090.0,1890000.0,92.3,False,Utilization_Certificate_PRJ000576.pdf
DOC0001153,PRJ000577,PURCHASE_BILL,MedTech Healthcare Infrastructure Ltd,HEALTHCARE,4200000.0,4200000.0,96.4,False,Purchase_Bill_PRJ000577.pdf
DOC0001154,PRJ000577,UTILIZATION_CERTIFICATE,Muzaffarpur District Rural Development Agency (DRDA),HEALTHCARE,5922000.0,4200000.0,92.6,False,Utilization_Certificate_PRJ000577.pdf
DOC0001155,PRJ000578,PURCHASE_BILL,Paramount Multi-Sector Construction Ltd,SANITATION,3150000.0,3150000.0,97.7,False,Purchase_Bill_PRJ000578.pdf
DOC0001156,PRJ000578,UTILIZATION_CERTIFICATE,Varanasi District Rural Development Agency (DRDA),SANITATION,1304100.0,3150000.0,93.6,False,Utilization_Certificate_PRJ000578.pdf
DOC0001157,PRJ000579,PURCHASE_BILL,ProSport Infrastructure & Turf Solutions,SPORTS_FACILITY,8902278.47,7690000.0,69.9,True,Purchase_Bill_PRJ000579.pdf
DOC0001158,PRJ000579,UTILIZATION_CERTIFICATE,Varanasi State Water Supply & Sanitation Board (WSSB),SPORTS_FACILITY,4367920.0,7690000.0,97.0,False,Utilization_Certificate_PRJ000579.pdf
DOC0001159,PRJ000580,PURCHASE_BILL,UrbanDrain Civil Engineering Co,DRAINAGE,2690000.0,2690000.0,95.8,False,Purchase_Bill_PRJ000580.pdf
DOC0001160,PRJ000580,UTILIZATION_CERTIFICATE,Varanasi District Rural Development Agency (DRDA),DRAINAGE,567590.0,2690000.0,96.5,False,Utilization_Certificate_PRJ000580.pdf
DOC0001161,PRJ000581,PURCHASE_BILL,Apex Infracon & Highway Contractors,ROAD_CONSTRUCTION,7610000.0,7610000.0,88.1,False,Purchase_Bill_PRJ000581.pdf
DOC0001162,PRJ000581,UTILIZATION_CERTIFICATE,Varanasi State Water Supply & Sanitation Board (WSSB),ROAD_CONSTRUCTION,6445670.0,7610000.0,91.4,False,Utilization_Certificate_PRJ000581.pdf
DOC0001163,PRJ000582,PURCHASE_BILL,BridgeTech Structures Pvt Ltd,BRIDGE,4490000.0,4490000.0,96.3,False,Purchase_Bill_PRJ000582.pdf
DOC0001164,PRJ000582,UTILIZATION_CERTIFICATE,Kanpur Municipal Corporation Infrastructure Cell,BRIDGE,4490000.0,4490000.0,92.5,False,Utilization_Certificate_PRJ000582.pdf
DOC0001165,PRJ000583,PURCHASE_BILL,CleanWater Sanitation & Drainage Works Pvt Ltd,SANITATION,7980000.0,7980000.0,93.0,False,Purchase_Bill_PRJ000583.pdf
DOC0001166,PRJ000583,UTILIZATION_CERTIFICATE,Madurai District Rural Development Agency (DRDA),SANITATION,6296220.0,7980000.0,99.2,False,Utilization_Certificate_PRJ000583.pdf
DOC0001167,PRJ000584,PURCHASE_BILL,UrbanDrain Civil Engineering Co,DRAINAGE,7440000.0,7440000.0,91.9,False,Purchase_Bill_PRJ000584.pdf
DOC0001168,PRJ000584,UTILIZATION_CERTIFICATE,Madurai District Rural Development Agency (DRDA),DRAINAGE,2127840.0,7440000.0,90.9,False,Utilization_Certificate_PRJ000584.pdf
DOC0001169,PRJ000585,PURCHASE_BILL,CleanWater Sanitation & Drainage Works Pvt Ltd,SANITATION,5780000.0,5780000.0,95.8,False,Purchase_Bill_PRJ000585.pdf
DOC0001170,PRJ000585,UTILIZATION_CERTIFICATE,Varanasi Public Works Department (PWD),SANITATION,2601000.0,5780000.0,90.5,False,Utilization_Certificate_PRJ000585.pdf
DOC0001171,PRJ000586,PURCHASE_BILL,Paramount Multi-Sector Construction Ltd,SOLAR_ENERGY,2560000.0,2560000.0,90.5,False,Purchase_Bill_PRJ000586.pdf
DOC0001172,PRJ000586,UTILIZATION_CERTIFICATE,Varanasi District Rural Development Agency (DRDA),SOLAR_ENERGY,686080.0,2560000.0,99.1,False,Utilization_Certificate_PRJ000586.pdf
DOC0001173,PRJ000587,PURCHASE_BILL,SunPower Renewable Energy Systems,SOLAR_ENERGY,7890000.0,7890000.0,94.9,False,Purchase_Bill_PRJ000587.pdf
DOC0001174,PRJ000587,UTILIZATION_CERTIFICATE,Madurai District Rural Development Agency (DRDA),SOLAR_ENERGY,6703945.26,7890000.0,99.9,False,Utilization_Certificate_PRJ000587.pdf
DOC0001175,PRJ000588,PURCHASE_BILL,Speedway Repair & Resurfacing Contractors,ROAD_REPAIR,2740000.0,2740000.0,97.6,False,Purchase_Bill_PRJ000588.pdf
DOC0001176,PRJ000588,UTILIZATION_CERTIFICATE,Chennai State Water Supply & Sanitation Board (WSSB),ROAD_REPAIR,1630300.0,2740000.0,96.6,False,Utilization_Certificate_PRJ000588.pdf
DOC0001177,PRJ000589,PURCHASE_BILL,BridgeTech Structures Pvt Ltd,BRIDGE,2390000.0,2390000.0,93.7,False,Purchase_Bill_PRJ000589.pdf
DOC0001178,PRJ000589,UTILIZATION_CERTIFICATE,Mysuru District Rural Development Agency (DRDA),BRIDGE,3011400.0,2390000.0,99.8,False,Utilization_Certificate_PRJ000589.pdf
DOC0001179,PRJ000590,PURCHASE_BILL,MedTech Healthcare Infrastructure Ltd,HEALTHCARE,1570000.0,1570000.0,89.5,False,Purchase_Bill_PRJ000590.pdf
DOC0001180,PRJ000590,UTILIZATION_CERTIFICATE,Bengaluru Public Works Department (PWD),HEALTHCARE,706500.0,1570000.0,94.8,False,Utilization_Certificate_PRJ000590.pdf
DOC0001181,PRJ000591,PURCHASE_BILL,SwachhBharat Sanitation Infra Ltd,PUBLIC_TOILET,5260000.0,5260000.0,88.4,False,Purchase_Bill_PRJ000591.pdf
DOC0001182,PRJ000591,UTILIZATION_CERTIFICATE,Bengaluru Municipal Corporation Infrastructure Cell,PUBLIC_TOILET,4160660.0,5260000.0,97.0,False,Utilization_Certificate_PRJ000591.pdf
DOC0001183,PRJ000592,PURCHASE_BILL,Speedway Repair & Resurfacing Contractors,ROAD_REPAIR,1560000.0,1560000.0,97.9,False,Purchase_Bill_PRJ000592.pdf
DOC0001184,PRJ000592,UTILIZATION_CERTIFICATE,Hubballi State Water Supply & Sanitation Board (WSSB),ROAD_REPAIR,619320.0,1560000.0,99.2,False,Utilization_Certificate_PRJ000592.pdf
DOC0001185,PRJ000593,PURCHASE_BILL,SmartTransit Urban Infra Solutions,BUS_SHELTER,7690000.0,7690000.0,89.0,False,Purchase_Bill_PRJ000593.pdf
DOC0001186,PRJ000593,UTILIZATION_CERTIFICATE,Varanasi District Rural Development Agency (DRDA),BUS_SHELTER,2060920.0,7690000.0,96.0,False,Utilization_Certificate_PRJ000593.pdf
DOC0001187,PRJ000594,PURCHASE_BILL,SunPower Renewable Energy Systems,SOLAR_ENERGY,5360000.0,5360000.0,89.5,False,Purchase_Bill_PRJ000594.pdf
DOC0001188,PRJ000594,UTILIZATION_CERTIFICATE,Varanasi State Water Supply & Sanitation Board (WSSB),SOLAR_ENERGY,2412000.0,5360000.0,96.4,False,Utilization_Certificate_PRJ000594.pdf
DOC0001189,PRJ000595,PURCHASE_BILL,SmartTransit Urban Infra Solutions,BUS_SHELTER,3530000.0,3530000.0,96.6,False,Purchase_Bill_PRJ000595.pdf
DOC0001190,PRJ000595,UTILIZATION_CERTIFICATE,Varanasi Public Works Department (PWD),BUS_SHELTER,1743820.0,3530000.0,92.1,False,Utilization_Certificate_PRJ000595.pdf
DOC0001191,PRJ000596,PURCHASE_BILL,National Civic Infrastructure Developers,COMMUNITY_HALL,5840000.0,5840000.0,90.6,False,Purchase_Bill_PRJ000596.pdf
DOC0001192,PRJ000596,UTILIZATION_CERTIFICATE,Varanasi District Rural Development Agency (DRDA),COMMUNITY_HALL,5239942.57,5840000.0,98.2,False,Utilization_Certificate_PRJ000596.pdf
DOC0001193,PRJ000597,PURCHASE_BILL,National Civic Infrastructure Developers,COMMUNITY_HALL,2310000.0,2310000.0,98.0,False,Purchase_Bill_PRJ000597.pdf
DOC0001194,PRJ000597,UTILIZATION_CERTIFICATE,Varanasi State Water Supply & Sanitation Board (WSSB),COMMUNITY_HALL,1039500.0,2310000.0,93.6,False,Utilization_Certificate_PRJ000597.pdf
DOC0001195,PRJ000598,PURCHASE_BILL,AquaPure Water Systems & Drilling Corp,WATER_SUPPLY,1950000.0,1950000.0,91.1,False,Purchase_Bill_PRJ000598.pdf
DOC0001196,PRJ000598,UTILIZATION_CERTIFICATE,Varanasi State Water Supply & Sanitation Board (WSSB),WATER_SUPPLY,887250.0,1950000.0,98.1,False,Utilization_Certificate_PRJ000598.pdf
DOC0001197,PRJ000599,PURCHASE_BILL,Apex Infracon & Highway Contractors,ROAD_CONSTRUCTION,2150000.0,2150000.0,97.7,False,Purchase_Bill_PRJ000599.pdf
DOC0001198,PRJ000599,UTILIZATION_CERTIFICATE,Varanasi District Rural Development Agency (DRDA),ROAD_CONSTRUCTION,608450.0,2150000.0,97.2,False,Utilization_Certificate_PRJ000599.pdf
DOC0001199,PRJ000600,PURCHASE_BILL,ProSport Infrastructure & Turf Solutions,SPORTS_FACILITY,1860000.0,1860000.0,93.5,False,Purchase_Bill_PRJ000600.pdf
DOC0001200,PRJ000600,UTILIZATION_CERTIFICATE,Varanasi State Water Supply & Sanitation Board (WSSB),SPORTS_FACILITY,1395000.0,1860000.0,97.2,False,Utilization_Certificate_PRJ000600.pdf
DOC0001201,PRJ000601,PURCHASE_BILL,BridgeTech Structures Pvt Ltd,BRIDGE,7790000.0,7790000.0,90.0,False,Purchase_Bill_PRJ000601.pdf
DOC0001202,PRJ000601,UTILIZATION_CERTIFICATE,Kanpur Municipal Corporation Infrastructure Cell,BRIDGE,2290260.0,7790000.0,98.3,False,Utilization_Certificate_PRJ000601.pdf
DOC0001203,PRJ000602,PURCHASE_BILL,SunPower Renewable Energy Systems,SOLAR_ENERGY,4900000.0,4900000.0,90.0,False,Purchase_Bill_PRJ000602.pdf
DOC0001204,PRJ000602,UTILIZATION_CERTIFICATE,Madurai District Rural Development Agency (DRDA),SOLAR_ENERGY,2205000.0,4900000.0,94.1,False,Utilization_Certificate_PRJ000602.pdf
DOC0001205,PRJ000603,PURCHASE_BILL,TechLine IT & Lab Equipment Solutions Pvt Ltd,SCHOOL_INFRASTRUCTURE,2968534.11,2320000.0,50.3,True,Purchase_Bill_PRJ000603.pdf
DOC0001206,PRJ000603,UTILIZATION_CERTIFICATE,Madurai District Rural Development Agency (DRDA),SCHOOL_INFRASTRUCTURE,1266720.0,2320000.0,96.4,False,Utilization_Certificate_PRJ000603.pdf
DOC0001207,PRJ000604,PURCHASE_BILL,ProSport Infrastructure & Turf Solutions,SPORTS_FACILITY,7970000.0,7970000.0,88.6,False,Purchase_Bill_PRJ000604.pdf
DOC0001208,PRJ000604,UTILIZATION_CERTIFICATE,Madurai District Rural Development Agency (DRDA),SPORTS_FACILITY,2406940.0,7970000.0,97.5,False,Utilization_Certificate_PRJ000604.pdf
DOC0001209,PRJ000605,PURCHASE_BILL,AquaPure Water Systems & Drilling Corp,WATER_SUPPLY,720000.0,720000.0,91.3,False,Purchase_Bill_PRJ000605.pdf
DOC0001210,PRJ000605,UTILIZATION_CERTIFICATE,Srinagar Municipal Corporation Infrastructure Cell,WATER_SUPPLY,166320.0,720000.0,91.4,False,Utilization_Certificate_PRJ000605.pdf
DOC0001211,PRJ000606,PURCHASE_BILL,MedTech Healthcare Infrastructure Ltd,HEALTHCARE,6540000.0,6540000.0,95.0,False,Purchase_Bill_PRJ000606.pdf
DOC0001212,PRJ000606,UTILIZATION_CERTIFICATE,Sopore State Water Supply & Sanitation Board (WSSB),HEALTHCARE,6540000.0,6540000.0,96.4,False,Utilization_Certificate_PRJ000606.pdf
DOC0001213,PRJ000607,PURCHASE_BILL,UrbanDrain Civil Engineering Co,DRAINAGE,580000.0,580000.0,92.2,False,Purchase_Bill_PRJ000607.pdf
DOC0001214,PRJ000607,UTILIZATION_CERTIFICATE,Srinagar Municipal Corporation Infrastructure Cell,DRAINAGE,261000.0,580000.0,97.4,False,Utilization_Certificate_PRJ000607.pdf
DOC0001215,PRJ000608,PURCHASE_BILL,BridgeTech Structures Pvt Ltd,BRIDGE,7600000.0,7600000.0,88.1,False,Purchase_Bill_PRJ000608.pdf
DOC0001216,PRJ000608,UTILIZATION_CERTIFICATE,Sopore State Water Supply & Sanitation Board (WSSB),BRIDGE,1877200.0,7600000.0,99.3,False,Utilization_Certificate_PRJ000608.pdf
DOC0001217,PRJ000609,PURCHASE_BILL,SunPower Renewable Energy Systems,SOLAR_ENERGY,6130000.0,6130000.0,97.2,False,Purchase_Bill_PRJ000609.pdf
DOC0001218,PRJ000609,UTILIZATION_CERTIFICATE,Raipur District Rural Development Agency (DRDA),SOLAR_ENERGY,1563150.0,6130000.0,97.0,False,Utilization_Certificate_PRJ000609.pdf
DOC0001219,PRJ000610,PURCHASE_BILL,AquaPure Water Systems & Drilling Corp,WATER_SUPPLY,7890000.0,7890000.0,94.9,False,Purchase_Bill_PRJ000610.pdf
DOC0001220,PRJ000610,UTILIZATION_CERTIFICATE,Durg State Water Supply & Sanitation Board (WSSB),WATER_SUPPLY,5309970.0,7890000.0,95.5,False,Utilization_Certificate_PRJ000610.pdf
DOC0001221,PRJ000611,PURCHASE_BILL,AquaPure Water Systems & Drilling Corp,WATER_SUPPLY,3100000.0,3100000.0,96.0,False,Purchase_Bill_PRJ000611.pdf
DOC0001222,PRJ000611,UTILIZATION_CERTIFICATE,Bhilai Municipal Corporation Infrastructure Cell,WATER_SUPPLY,1395000.0,3100000.0,90.7,False,Utilization_Certificate_PRJ000611.pdf
DOC0001223,PRJ000612,PURCHASE_BILL,ProSport Infrastructure & Turf Solutions,SPORTS_FACILITY,3300000.0,3300000.0,94.9,False,Purchase_Bill_PRJ000612.pdf
DOC0001224,PRJ000612,UTILIZATION_CERTIFICATE,Durg State Water Supply & Sanitation Board (WSSB),SPORTS_FACILITY,3300000.0,3300000.0,98.7,False,Utilization_Certificate_PRJ000612.pdf
DOC0001225,PRJ000613,PURCHASE_BILL,National Civic Infrastructure Developers,COMMUNITY_HALL,5020000.0,5020000.0,89.1,False,Purchase_Bill_PRJ000613.pdf
DOC0001226,PRJ000613,UTILIZATION_CERTIFICATE,Durg State Water Supply & Sanitation Board (WSSB),COMMUNITY_HALL,5020000.0,5020000.0,90.1,False,Utilization_Certificate_PRJ000613.pdf
DOC0001227,PRJ000614,PURCHASE_BILL,ProSport Infrastructure & Turf Solutions,SPORTS_FACILITY,4433773.72,3990000.0,55.8,True,Purchase_Bill_PRJ000614.pdf
DOC0001228,PRJ000614,UTILIZATION_CERTIFICATE,Thane Public Works Department (PWD),SPORTS_FACILITY,1328670.0,3990000.0,97.6,False,Utilization_Certificate_PRJ000614.pdf
DOC0001229,PRJ000615,PURCHASE_BILL,SunPower Renewable Energy Systems,SOLAR_ENERGY,3870000.0,3870000.0,90.8,False,Purchase_Bill_PRJ000615.pdf
DOC0001230,PRJ000615,UTILIZATION_CERTIFICATE,Thane District Rural Development Agency (DRDA),SOLAR_ENERGY,4605300.0,3870000.0,94.1,False,Utilization_Certificate_PRJ000615.pdf
DOC0001231,PRJ000616,PURCHASE_BILL,Speedway Repair & Resurfacing Contractors,ROAD_REPAIR,790000.0,790000.0,96.0,False,Purchase_Bill_PRJ000616.pdf
DOC0001232,PRJ000616,UTILIZATION_CERTIFICATE,Ambala State Water Supply & Sanitation Board (WSSB),ROAD_REPAIR,455830.0,790000.0,93.5,False,Utilization_Certificate_PRJ000616.pdf
DOC0001233,PRJ000617,PURCHASE_BILL,SunPower Renewable Energy Systems,SOLAR_ENERGY,6110000.0,6110000.0,90.4,False,Purchase_Bill_PRJ000617.pdf
DOC0001234,PRJ000617,UTILIZATION_CERTIFICATE,Faridabad District Rural Development Agency (DRDA),SOLAR_ENERGY,7576400.0,6110000.0,90.8,False,Utilization_Certificate_PRJ000617.pdf
DOC0001235,PRJ000618,PURCHASE_BILL,Paramount Multi-Sector Construction Ltd,SCHOOL_INFRASTRUCTURE,610000.0,610000.0,90.8,False,Purchase_Bill_PRJ000618.pdf
DOC0001236,PRJ000618,UTILIZATION_CERTIFICATE,Varanasi District Rural Development Agency (DRDA),SCHOOL_INFRASTRUCTURE,239120.0,610000.0,99.9,False,Utilization_Certificate_PRJ000618.pdf
DOC0001237,PRJ000619,PURCHASE_BILL,Paramount Multi-Sector Construction Ltd,HEALTHCARE,670000.0,670000.0,91.7,False,Purchase_Bill_PRJ000619.pdf
DOC0001238,PRJ000619,UTILIZATION_CERTIFICATE,Varanasi District Rural Development Agency (DRDA),HEALTHCARE,291450.0,670000.0,97.7,False,Utilization_Certificate_PRJ000619.pdf
DOC0001239,PRJ000620,PURCHASE_BILL,BridgeTech Structures Pvt Ltd,BRIDGE,710000.0,710000.0,97.0,False,Purchase_Bill_PRJ000620.pdf
DOC0001240,PRJ000620,UTILIZATION_CERTIFICATE,Varanasi District Rural Development Agency (DRDA),BRIDGE,561610.0,710000.0,99.9,False,Utilization_Certificate_PRJ000620.pdf
DOC0001241,PRJ000621,PURCHASE_BILL,SmartTransit Urban Infra Solutions,BUS_SHELTER,700000.0,700000.0,88.9,False,Purchase_Bill_PRJ000621.pdf
DOC0001242,PRJ000621,UTILIZATION_CERTIFICATE,Varanasi State Water Supply & Sanitation Board (WSSB),BUS_SHELTER,191100.0,700000.0,99.5,False,Utilization_Certificate_PRJ000621.pdf
DOC0001243,PRJ000622,PURCHASE_BILL,Speedway Repair & Resurfacing Contractors,ROAD_REPAIR,6430000.0,6430000.0,88.4,False,Purchase_Bill_PRJ000622.pdf
DOC0001244,PRJ000622,UTILIZATION_CERTIFICATE,Varanasi State Water Supply & Sanitation Board (WSSB),ROAD_REPAIR,2977090.0,6430000.0,98.3,False,Utilization_Certificate_PRJ000622.pdf
DOC0001245,PRJ000623,PURCHASE_BILL,National Civic Infrastructure Developers,COMMUNITY_HALL,1230000.0,1230000.0,94.1,False,Purchase_Bill_PRJ000623.pdf
DOC0001246,PRJ000623,UTILIZATION_CERTIFICATE,Silchar Municipal Corporation Infrastructure Cell,COMMUNITY_HALL,305040.0,1230000.0,91.1,False,Utilization_Certificate_PRJ000623.pdf
DOC0001247,PRJ000624,PURCHASE_BILL,TechLine IT & Lab Equipment Solutions Pvt Ltd,SCHOOL_INFRASTRUCTURE,1570000.0,1570000.0,96.1,False,Purchase_Bill_PRJ000624.pdf
DOC0001248,PRJ000624,UTILIZATION_CERTIFICATE,Tezpur Public Works Department (PWD),SCHOOL_INFRASTRUCTURE,1208900.0,1570000.0,92.7,False,Utilization_Certificate_PRJ000624.pdf
DOC0001249,PRJ000625,PURCHASE_BILL,BridgeTech Structures Pvt Ltd,BRIDGE,7570000.0,7570000.0,97.5,False,Purchase_Bill_PRJ000625.pdf
DOC0001250,PRJ000625,UTILIZATION_CERTIFICATE,Silchar Municipal Corporation Infrastructure Cell,BRIDGE,3406500.0,7570000.0,96.6,False,Utilization_Certificate_PRJ000625.pdf
DOC0001251,PRJ000626,PURCHASE_BILL,TechLine IT & Lab Equipment Solutions Pvt Ltd,SCHOOL_INFRASTRUCTURE,4680000.0,4680000.0,97.0,False,Purchase_Bill_PRJ000626.pdf
DOC0001252,PRJ000626,UTILIZATION_CERTIFICATE,Guwahati District Rural Development Agency (DRDA),SCHOOL_INFRASTRUCTURE,1324440.0,4680000.0,96.4,False,Utilization_Certificate_PRJ000626.pdf
DOC0001253,PRJ000627,PURCHASE_BILL,MedTech Healthcare Infrastructure Ltd,HEALTHCARE,4560000.0,4560000.0,95.7,False,Purchase_Bill_PRJ000627.pdf
DOC0001254,PRJ000627,UTILIZATION_CERTIFICATE,Guwahati District Rural Development Agency (DRDA),HEALTHCARE,2052000.0,4560000.0,95.4,False,Utilization_Certificate_PRJ000627.pdf
DOC0001255,PRJ000628,PURCHASE_BILL,SmartTransit Urban Infra Solutions,BUS_SHELTER,6430000.0,6430000.0,88.9,False,Purchase_Bill_PRJ000628.pdf
DOC0001256,PRJ000628,UTILIZATION_CERTIFICATE,Kolkata District Rural Development Agency (DRDA),BUS_SHELTER,3896580.0,6430000.0,91.1,False,Utilization_Certificate_PRJ000628.pdf
DOC0001257,PRJ000629,PURCHASE_BILL,AquaPure Water Systems & Drilling Corp,WATER_SUPPLY,3440000.0,3440000.0,93.1,False,Purchase_Bill_PRJ000629.pdf
DOC0001258,PRJ000629,UTILIZATION_CERTIFICATE,Kolkata Municipal Corporation Infrastructure Cell,WATER_SUPPLY,2346080.0,3440000.0,93.9,False,Utilization_Certificate_PRJ000629.pdf
DOC0001259,PRJ000630,PURCHASE_BILL,ProSport Infrastructure & Turf Solutions,SPORTS_FACILITY,6410000.0,6410000.0,90.4,False,Purchase_Bill_PRJ000630.pdf
DOC0001260,PRJ000630,UTILIZATION_CERTIFICATE,Chandigarh State Water Supply & Sanitation Board (WSSB),SPORTS_FACILITY,6410000.0,6410000.0,98.7,False,Utilization_Certificate_PRJ000630.pdf
DOC0001261,PRJ000631,PURCHASE_BILL,SunPower Renewable Energy Systems,SOLAR_ENERGY,4030000.0,4030000.0,94.1,False,Purchase_Bill_PRJ000631.pdf
DOC0001262,PRJ000631,UTILIZATION_CERTIFICATE,Chandigarh State Water Supply & Sanitation Board (WSSB),SOLAR_ENERGY,2897570.0,4030000.0,95.2,False,Utilization_Certificate_PRJ000631.pdf
DOC0001263,PRJ000632,PURCHASE_BILL,Apex Infracon & Highway Contractors,ROAD_CONSTRUCTION,3870000.0,3870000.0,97.4,False,Purchase_Bill_PRJ000632.pdf
DOC0001264,PRJ000632,UTILIZATION_CERTIFICATE,Amritsar District Rural Development Agency (DRDA),ROAD_CONSTRUCTION,5572800.0,3870000.0,94.2,False,Utilization_Certificate_PRJ000632.pdf
DOC0001265,PRJ000633,PURCHASE_BILL,ProSport Infrastructure & Turf Solutions,SPORTS_FACILITY,770000.0,770000.0,95.1,False,Purchase_Bill_PRJ000633.pdf
DOC0001266,PRJ000633,UTILIZATION_CERTIFICATE,Amritsar District Rural Development Agency (DRDA),SPORTS_FACILITY,1047200.0,770000.0,93.5,False,Utilization_Certificate_PRJ000633.pdf
DOC0001267,PRJ000634,PURCHASE_BILL,Speedway Repair & Resurfacing Contractors,ROAD_REPAIR,3910000.0,3910000.0,92.7,False,Purchase_Bill_PRJ000634.pdf
DOC0001268,PRJ000634,UTILIZATION_CERTIFICATE,Ujjain District Rural Development Agency (DRDA),ROAD_REPAIR,3317721.53,3910000.0,98.7,False,Utilization_Certificate_PRJ000634.pdf
DOC0001269,PRJ000635,PURCHASE_BILL,SmartTransit Urban Infra Solutions,BUS_SHELTER,2146199.79,1860000.0,53.1,True,Purchase_Bill_PRJ000635.pdf
DOC0001270,PRJ000635,UTILIZATION_CERTIFICATE,Gwalior Public Works Department (PWD),BUS_SHELTER,576600.0,1860000.0,90.5,False,Utilization_Certificate_PRJ000635.pdf
DOC0001271,PRJ000636,PURCHASE_BILL,SmartTransit Urban Infra Solutions,BUS_SHELTER,5828406.06,4330000.0,58.4,True,Purchase_Bill_PRJ000636.pdf
DOC0001272,PRJ000636,UTILIZATION_CERTIFICATE,Gwalior Public Works Department (PWD),BUS_SHELTER,1506840.0,4330000.0,93.2,False,Utilization_Certificate_PRJ000636.pdf
DOC0001273,PRJ000637,PURCHASE_BILL,Speedway Repair & Resurfacing Contractors,ROAD_REPAIR,2390000.0,2390000.0,91.6,False,Purchase_Bill_PRJ000637.pdf
DOC0001274,PRJ000637,UTILIZATION_CERTIFICATE,Gwalior Public Works Department (PWD),ROAD_REPAIR,1792500.0,2390000.0,95.6,False,Utilization_Certificate_PRJ000637.pdf
DOC0001275,PRJ000638,PURCHASE_BILL,AquaPure Water Systems & Drilling Corp,WATER_SUPPLY,5720000.0,5720000.0,93.6,False,Purchase_Bill_PRJ000638.pdf
DOC0001276,PRJ000638,UTILIZATION_CERTIFICATE,Bengaluru Municipal Corporation Infrastructure Cell,WATER_SUPPLY,4290000.0,5720000.0,97.6,False,Utilization_Certificate_PRJ000638.pdf
DOC0001277,PRJ000639,PURCHASE_BILL,CleanWater Sanitation & Drainage Works Pvt Ltd,SANITATION,7750000.0,7750000.0,92.2,False,Purchase_Bill_PRJ000639.pdf
DOC0001278,PRJ000639,UTILIZATION_CERTIFICATE,Bengaluru Public Works Department (PWD),SANITATION,7750000.0,7750000.0,92.8,False,Utilization_Certificate_PRJ000639.pdf
DOC0001279,PRJ000640,PURCHASE_BILL,Apex Infracon & Highway Contractors,ROAD_CONSTRUCTION,3450000.0,3450000.0,92.6,False,Purchase_Bill_PRJ000640.pdf
DOC0001280,PRJ000640,UTILIZATION_CERTIFICATE,Mysuru District Rural Development Agency (DRDA),ROAD_CONSTRUCTION,3450000.0,3450000.0,97.2,False,Utilization_Certificate_PRJ000640.pdf
DOC0001281,PRJ000641,PURCHASE_BILL,BridgeTech Structures Pvt Ltd,BRIDGE,4290000.0,4290000.0,95.9,False,Purchase_Bill_PRJ000641.pdf
DOC0001282,PRJ000641,UTILIZATION_CERTIFICATE,Ramagundam District Rural Development Agency (DRDA),BRIDGE,3630810.09,4290000.0,95.5,False,Utilization_Certificate_PRJ000641.pdf
DOC0001283,PRJ000642,PURCHASE_BILL,CleanWater Sanitation & Drainage Works Pvt Ltd,SANITATION,2090000.0,2090000.0,92.3,False,Purchase_Bill_PRJ000642.pdf
DOC0001284,PRJ000642,UTILIZATION_CERTIFICATE,Khammam Municipal Corporation Infrastructure Cell,SANITATION,940500.0,2090000.0,95.6,False,Utilization_Certificate_PRJ000642.pdf
DOC0001285,PRJ000643,PURCHASE_BILL,SunPower Renewable Energy Systems,SOLAR_ENERGY,5930000.0,5930000.0,94.6,False,Purchase_Bill_PRJ000643.pdf
DOC0001286,PRJ000643,UTILIZATION_CERTIFICATE,Khammam Municipal Corporation Infrastructure Cell,SOLAR_ENERGY,1298670.0,5930000.0,93.1,False,Utilization_Certificate_PRJ000643.pdf
DOC0001287,PRJ000644,PURCHASE_BILL,CleanWater Sanitation & Drainage Works Pvt Ltd,SANITATION,5000000.0,5000000.0,91.3,False,Purchase_Bill_PRJ000644.pdf
DOC0001288,PRJ000644,UTILIZATION_CERTIFICATE,Ramagundam District Rural Development Agency (DRDA),SANITATION,1655000.0,5000000.0,90.6,False,Utilization_Certificate_PRJ000644.pdf
DOC0001289,PRJ000645,PURCHASE_BILL,Paramount Multi-Sector Construction Ltd,SPORTS_FACILITY,1810000.0,1810000.0,93.5,False,Purchase_Bill_PRJ000645.pdf
DOC0001290,PRJ000645,UTILIZATION_CERTIFICATE,Ramagundam District Rural Development Agency (DRDA),SPORTS_FACILITY,559290.0,1810000.0,91.0,False,Utilization_Certificate_PRJ000645.pdf
DOC0001291,PRJ000646,PURCHASE_BILL,SwachhBharat Sanitation Infra Ltd,PUBLIC_TOILET,4178191.53,3350000.0,69.9,True,Purchase_Bill_PRJ000646.pdf
DOC0001292,PRJ000646,UTILIZATION_CERTIFICATE,Patna Municipal Corporation Infrastructure Cell,PUBLIC_TOILET,1185900.0,3350000.0,92.9,False,Utilization_Certificate_PRJ000646.pdf
DOC0001293,PRJ000647,PURCHASE_BILL,SunPower Renewable Energy Systems,SOLAR_ENERGY,5760000.0,5760000.0,90.6,False,Purchase_Bill_PRJ000647.pdf
DOC0001294,PRJ000647,UTILIZATION_CERTIFICATE,Bhagalpur Public Works Department (PWD),SOLAR_ENERGY,2592000.0,5760000.0,91.1,False,Utilization_Certificate_PRJ000647.pdf
DOC0001295,PRJ000648,PURCHASE_BILL,SwachhBharat Sanitation Infra Ltd,PUBLIC_TOILET,3680000.0,3680000.0,89.9,False,Purchase_Bill_PRJ000648.pdf
DOC0001296,PRJ000648,UTILIZATION_CERTIFICATE,Muzaffarpur District Rural Development Agency (DRDA),PUBLIC_TOILET,5556800.0,3680000.0,95.4,False,Utilization_Certificate_PRJ000648.pdf
DOC0001297,PRJ000649,PURCHASE_BILL,Speedway Repair & Resurfacing Contractors,ROAD_REPAIR,5950000.0,5950000.0,96.9,False,Purchase_Bill_PRJ000649.pdf
DOC0001298,PRJ000649,UTILIZATION_CERTIFICATE,Bhagalpur Public Works Department (PWD),ROAD_REPAIR,1255450.0,5950000.0,90.9,False,Utilization_Certificate_PRJ000649.pdf
DOC0001299,PRJ000650,PURCHASE_BILL,TechLine IT & Lab Equipment Solutions Pvt Ltd,SCHOOL_INFRASTRUCTURE,7260000.0,7260000.0,94.2,False,Purchase_Bill_PRJ000650.pdf
DOC0001300,PRJ000650,UTILIZATION_CERTIFICATE,Muzaffarpur District Rural Development Agency (DRDA),SCHOOL_INFRASTRUCTURE,2040060.0,7260000.0,91.8,False,Utilization_Certificate_PRJ000650.pdf
DOC0001301,PRJ000651,PURCHASE_BILL,SwachhBharat Sanitation Infra Ltd,PUBLIC_TOILET,4780000.0,4780000.0,96.0,False,Purchase_Bill_PRJ000651.pdf
DOC0001302,PRJ000651,UTILIZATION_CERTIFICATE,Patna State Water Supply & Sanitation Board (WSSB),PUBLIC_TOILET,4780000.0,4780000.0,99.2,False,Utilization_Certificate_PRJ000651.pdf
DOC0001303,PRJ000652,PURCHASE_BILL,SmartTransit Urban Infra Solutions,BUS_SHELTER,4810000.0,4810000.0,90.7,False,Purchase_Bill_PRJ000652.pdf
DOC0001304,PRJ000652,UTILIZATION_CERTIFICATE,Patna Municipal Corporation Infrastructure Cell,BUS_SHELTER,2164500.0,4810000.0,99.3,False,Utilization_Certificate_PRJ000652.pdf
DOC0001305,PRJ000653,PURCHASE_BILL,National Civic Infrastructure Developers,COMMUNITY_HALL,5570000.0,5570000.0,96.1,False,Purchase_Bill_PRJ000653.pdf
DOC0001306,PRJ000653,UTILIZATION_CERTIFICATE,Udaipur District Rural Development Agency (DRDA),COMMUNITY_HALL,8299300.0,5570000.0,95.1,False,Utilization_Certificate_PRJ000653.pdf
DOC0001307,PRJ000654,PURCHASE_BILL,UrbanDrain Civil Engineering Co,DRAINAGE,4080000.0,4080000.0,96.5,False,Purchase_Bill_PRJ000654.pdf
DOC0001308,PRJ000654,UTILIZATION_CERTIFICATE,Udaipur District Rural Development Agency (DRDA),DRAINAGE,5263200.0,4080000.0,95.3,False,Utilization_Certificate_PRJ000654.pdf
DOC0001309,PRJ000655,PURCHASE_BILL,SunPower Renewable Energy Systems,SOLAR_ENERGY,2060000.0,2060000.0,89.1,False,Purchase_Bill_PRJ000655.pdf
DOC0001310,PRJ000655,UTILIZATION_CERTIFICATE,Udaipur Municipal Corporation Infrastructure Cell,SOLAR_ENERGY,1545000.0,2060000.0,96.4,False,Utilization_Certificate_PRJ000655.pdf
DOC0001311,PRJ000656,PURCHASE_BILL,SunPower Renewable Energy Systems,SOLAR_ENERGY,1970000.0,1970000.0,92.6,False,Purchase_Bill_PRJ000656.pdf
DOC0001312,PRJ000656,UTILIZATION_CERTIFICATE,Bikaner Public Works Department (PWD),SOLAR_ENERGY,748600.0,1970000.0,96.3,False,Utilization_Certificate_PRJ000656.pdf
DOC0001313,PRJ000657,PURCHASE_BILL,TechLine IT & Lab Equipment Solutions Pvt Ltd,SCHOOL_INFRASTRUCTURE,1650000.0,1650000.0,96.6,False,Purchase_Bill_PRJ000657.pdf
DOC0001314,PRJ000657,UTILIZATION_CERTIFICATE,Udaipur District Rural Development Agency (DRDA),SCHOOL_INFRASTRUCTURE,1369299.29,1650000.0,91.5,False,Utilization_Certificate_PRJ000657.pdf
DOC0001315,PRJ000658,PURCHASE_BILL,Apex Infracon & Highway Contractors,ROAD_CONSTRUCTION,890000.0,890000.0,91.9,False,Purchase_Bill_PRJ000658.pdf
DOC0001316,PRJ000658,UTILIZATION_CERTIFICATE,Jamshedpur District Rural Development Agency (DRDA),ROAD_CONSTRUCTION,677290.0,890000.0,94.5,False,Utilization_Certificate_PRJ000658.pdf
DOC0001317,PRJ000659,PURCHASE_BILL,MedTech Healthcare Infrastructure Ltd,HEALTHCARE,520000.0,520000.0,92.9,False,Purchase_Bill_PRJ000659.pdf
DOC0001318,PRJ000659,UTILIZATION_CERTIFICATE,Ranchi State Water Supply & Sanitation Board (WSSB),HEALTHCARE,390000.0,520000.0,95.8,False,Utilization_Certificate_PRJ000659.pdf
DOC0001319,PRJ000660,PURCHASE_BILL,SwachhBharat Sanitation Infra Ltd,PUBLIC_TOILET,5520000.0,5520000.0,96.7,False,Purchase_Bill_PRJ000660.pdf
DOC0001320,PRJ000660,UTILIZATION_CERTIFICATE,Ranchi State Water Supply & Sanitation Board (WSSB),PUBLIC_TOILET,5520000.0,5520000.0,97.6,False,Utilization_Certificate_PRJ000660.pdf
DOC0001321,PRJ000661,PURCHASE_BILL,AquaPure Water Systems & Drilling Corp,WATER_SUPPLY,4070000.0,4070000.0,95.8,False,Purchase_Bill_PRJ000661.pdf
DOC0001322,PRJ000661,UTILIZATION_CERTIFICATE,Madurai District Rural Development Agency (DRDA),WATER_SUPPLY,3602293.27,4070000.0,95.9,False,Utilization_Certificate_PRJ000661.pdf
DOC0001323,PRJ000662,PURCHASE_BILL,SwachhBharat Sanitation Infra Ltd,PUBLIC_TOILET,7410000.0,7410000.0,92.8,False,Purchase_Bill_PRJ000662.pdf
DOC0001324,PRJ000662,UTILIZATION_CERTIFICATE,Tiruchirappalli Municipal Corporation Infrastructure Cell,PUBLIC_TOILET,3223350.0,7410000.0,99.7,False,Utilization_Certificate_PRJ000662.pdf
DOC0001325,PRJ000663,PURCHASE_BILL,TechLine IT & Lab Equipment Solutions Pvt Ltd,SCHOOL_INFRASTRUCTURE,6260000.0,6260000.0,90.2,False,Purchase_Bill_PRJ000663.pdf
DOC0001326,PRJ000663,UTILIZATION_CERTIFICATE,Madurai Public Works Department (PWD),SCHOOL_INFRASTRUCTURE,2829520.0,6260000.0,96.8,False,Utilization_Certificate_PRJ000663.pdf
DOC0001327,PRJ000664,PURCHASE_BILL,National Civic Infrastructure Developers,COMMUNITY_HALL,6270000.0,6270000.0,91.5,False,Purchase_Bill_PRJ000664.pdf
DOC0001328,PRJ000664,UTILIZATION_CERTIFICATE,Tiruchirappalli Municipal Corporation Infrastructure Cell,COMMUNITY_HALL,2821500.0,6270000.0,94.2,False,Utilization_Certificate_PRJ000664.pdf
DOC0001329,PRJ000665,PURCHASE_BILL,BridgeTech Structures Pvt Ltd,BRIDGE,4510000.0,4510000.0,95.5,False,Purchase_Bill_PRJ000665.pdf
DOC0001330,PRJ000665,UTILIZATION_CERTIFICATE,Madurai District Rural Development Agency (DRDA),BRIDGE,1095930.0,4510000.0,96.0,False,Utilization_Certificate_PRJ000665.pdf
DOC0001331,PRJ000666,PURCHASE_BILL,UrbanDrain Civil Engineering Co,DRAINAGE,4860000.0,4860000.0,96.6,False,Purchase_Bill_PRJ000666.pdf
DOC0001332,PRJ000666,UTILIZATION_CERTIFICATE,Varanasi State Water Supply & Sanitation Board (WSSB),DRAINAGE,4860000.0,4860000.0,99.9,False,Utilization_Certificate_PRJ000666.pdf
DOC0001333,PRJ000667,PURCHASE_BILL,MedTech Healthcare Infrastructure Ltd,HEALTHCARE,880000.0,880000.0,92.1,False,Purchase_Bill_PRJ000667.pdf
DOC0001334,PRJ000667,UTILIZATION_CERTIFICATE,Varanasi State Water Supply & Sanitation Board (WSSB),HEALTHCARE,417120.0,880000.0,93.8,False,Utilization_Certificate_PRJ000667.pdf
DOC0001335,PRJ000668,PURCHASE_BILL,Paramount Multi-Sector Construction Ltd,DRAINAGE,6600000.0,6600000.0,91.0,False,Purchase_Bill_PRJ000668.pdf
DOC0001336,PRJ000668,UTILIZATION_CERTIFICATE,Varanasi District Rural Development Agency (DRDA),DRAINAGE,2230800.0,6600000.0,90.4,False,Utilization_Certificate_PRJ000668.pdf
DOC0001337,PRJ000669,PURCHASE_BILL,TechLine IT & Lab Equipment Solutions Pvt Ltd,SCHOOL_INFRASTRUCTURE,5960000.0,5960000.0,91.1,False,Purchase_Bill_PRJ000669.pdf
DOC0001338,PRJ000669,UTILIZATION_CERTIFICATE,Varanasi District Rural Development Agency (DRDA),SCHOOL_INFRASTRUCTURE,5960000.0,5960000.0,92.9,False,Utilization_Certificate_PRJ000669.pdf
DOC0001339,PRJ000670,PURCHASE_BILL,Apex Infracon & Highway Contractors,ROAD_CONSTRUCTION,5250000.0,5250000.0,88.3,False,Purchase_Bill_PRJ000670.pdf
DOC0001340,PRJ000670,UTILIZATION_CERTIFICATE,Berhampur District Rural Development Agency (DRDA),ROAD_CONSTRUCTION,4276628.28,5250000.0,94.6,False,Utilization_Certificate_PRJ000670.pdf
DOC0001341,PRJ000671,PURCHASE_BILL,Apex Infracon & Highway Contractors,ROAD_CONSTRUCTION,2230000.0,2230000.0,89.7,False,Purchase_Bill_PRJ000671.pdf
DOC0001342,PRJ000671,UTILIZATION_CERTIFICATE,Puri State Water Supply & Sanitation Board (WSSB),ROAD_CONSTRUCTION,27569.16,2230000.0,98.8,False,Utilization_Certificate_PRJ000671.pdf
DOC0001343,PRJ000672,PURCHASE_BILL,SmartTransit Urban Infra Solutions,BUS_SHELTER,4670000.0,4670000.0,92.8,False,Purchase_Bill_PRJ000672.pdf
DOC0001344,PRJ000672,UTILIZATION_CERTIFICATE,Berhampur District Rural Development Agency (DRDA),BUS_SHELTER,1559780.0,4670000.0,91.5,False,Utilization_Certificate_PRJ000672.pdf
DOC0001345,PRJ000673,PURCHASE_BILL,SwachhBharat Sanitation Infra Ltd,PUBLIC_TOILET,540000.0,540000.0,94.5,False,Purchase_Bill_PRJ000673.pdf
DOC0001346,PRJ000673,UTILIZATION_CERTIFICATE,Berhampur District Rural Development Agency (DRDA),PUBLIC_TOILET,111240.0,540000.0,99.9,False,Utilization_Certificate_PRJ000673.pdf
DOC0001347,PRJ000674,PURCHASE_BILL,MedTech Healthcare Infrastructure Ltd,HEALTHCARE,2090000.0,2090000.0,88.2,False,Purchase_Bill_PRJ000674.pdf
DOC0001348,PRJ000674,UTILIZATION_CERTIFICATE,Varanasi State Water Supply & Sanitation Board (WSSB),HEALTHCARE,940500.0,2090000.0,91.4,False,Utilization_Certificate_PRJ000674.pdf
DOC0001349,PRJ000675,PURCHASE_BILL,AquaPure Water Systems & Drilling Corp,WATER_SUPPLY,1410000.0,1410000.0,89.5,False,Purchase_Bill_PRJ000675.pdf
DOC0001350,PRJ000675,UTILIZATION_CERTIFICATE,Kanpur Municipal Corporation Infrastructure Cell,WATER_SUPPLY,634500.0,1410000.0,98.6,False,Utilization_Certificate_PRJ000675.pdf
DOC0001351,PRJ000676,PURCHASE_BILL,UrbanDrain Civil Engineering Co,DRAINAGE,3930000.0,3930000.0,92.3,False,Purchase_Bill_PRJ000676.pdf
DOC0001352,PRJ000676,UTILIZATION_CERTIFICATE,Varanasi District Rural Development Agency (DRDA),DRAINAGE,5069700.0,3930000.0,91.6,False,Utilization_Certificate_PRJ000676.pdf
DOC0001353,PRJ000677,PURCHASE_BILL,National Civic Infrastructure Developers,COMMUNITY_HALL,1640000.0,1640000.0,96.7,False,Purchase_Bill_PRJ000677.pdf
DOC0001354,PRJ000677,UTILIZATION_CERTIFICATE,Ahmedabad Public Works Department (PWD),COMMUNITY_HALL,1230000.0,1640000.0,93.9,False,Utilization_Certificate_PRJ000677.pdf
DOC0001355,PRJ000678,PURCHASE_BILL,UrbanDrain Civil Engineering Co,DRAINAGE,770000.0,770000.0,91.7,False,Purchase_Bill_PRJ000678.pdf
DOC0001356,PRJ000678,UTILIZATION_CERTIFICATE,Gandhinagar State Water Supply & Sanitation Board (WSSB),DRAINAGE,770000.0,770000.0,90.8,False,Utilization_Certificate_PRJ000678.pdf
DOC0001357,PRJ000679,PURCHASE_BILL,Paramount Multi-Sector Construction Ltd,SOLAR_ENERGY,6730000.0,6730000.0,89.8,False,Purchase_Bill_PRJ000679.pdf
DOC0001358,PRJ000679,UTILIZATION_CERTIFICATE,Ahmedabad District Rural Development Agency (DRDA),SOLAR_ENERGY,2658350.0,6730000.0,92.4,False,Utilization_Certificate_PRJ000679.pdf
DOC0001359,PRJ000680,PURCHASE_BILL,Paramount Multi-Sector Construction Ltd,ROAD_CONSTRUCTION,7770000.0,7770000.0,93.0,False,Purchase_Bill_PRJ000680.pdf
DOC0001360,PRJ000680,UTILIZATION_CERTIFICATE,Ahmedabad District Rural Development Agency (DRDA),ROAD_CONSTRUCTION,2859360.0,7770000.0,91.5,False,Utilization_Certificate_PRJ000680.pdf
DOC0001361,PRJ000681,PURCHASE_BILL,Apex Infracon & Highway Contractors,ROAD_CONSTRUCTION,4540000.0,4540000.0,94.5,False,Purchase_Bill_PRJ000681.pdf
DOC0001362,PRJ000681,UTILIZATION_CERTIFICATE,Gandhinagar State Water Supply & Sanitation Board (WSSB),ROAD_CONSTRUCTION,4540000.0,4540000.0,94.9,False,Utilization_Certificate_PRJ000681.pdf
DOC0001363,PRJ000682,PURCHASE_BILL,SunPower Renewable Energy Systems,SOLAR_ENERGY,3050000.0,3050000.0,91.6,False,Purchase_Bill_PRJ000682.pdf
DOC0001364,PRJ000682,UTILIZATION_CERTIFICATE,Guwahati District Rural Development Agency (DRDA),SOLAR_ENERGY,4148000.0,3050000.0,92.6,False,Utilization_Certificate_PRJ000682.pdf
DOC0001365,PRJ000683,PURCHASE_BILL,MedTech Healthcare Infrastructure Ltd,HEALTHCARE,550000.0,550000.0,89.9,False,Purchase_Bill_PRJ000683.pdf
DOC0001366,PRJ000683,UTILIZATION_CERTIFICATE,Guwahati District Rural Development Agency (DRDA),HEALTHCARE,550000.0,550000.0,99.2,False,Utilization_Certificate_PRJ000683.pdf
DOC0001367,PRJ000684,PURCHASE_BILL,Apex Infracon & Highway Contractors,ROAD_CONSTRUCTION,6480000.0,6480000.0,94.2,False,Purchase_Bill_PRJ000684.pdf
DOC0001368,PRJ000684,UTILIZATION_CERTIFICATE,Guwahati District Rural Development Agency (DRDA),ROAD_CONSTRUCTION,5216925.32,6480000.0,96.1,False,Utilization_Certificate_PRJ000684.pdf
DOC0001369,PRJ000685,PURCHASE_BILL,SmartTransit Urban Infra Solutions,BUS_SHELTER,2254491.78,2010000.0,57.6,True,Purchase_Bill_PRJ000685.pdf
DOC0001370,PRJ000685,UTILIZATION_CERTIFICATE,Alappuzha Municipal Corporation Infrastructure Cell,BUS_SHELTER,719580.0,2010000.0,96.8,False,Utilization_Certificate_PRJ000685.pdf
DOC0001371,PRJ000686,PURCHASE_BILL,BridgeTech Structures Pvt Ltd,BRIDGE,6590000.0,6590000.0,90.4,False,Purchase_Bill_PRJ000686.pdf
DOC0001372,PRJ000686,UTILIZATION_CERTIFICATE,Alappuzha Municipal Corporation Infrastructure Cell,BRIDGE,219950.31,6590000.0,95.2,False,Utilization_Certificate_PRJ000686.pdf
DOC0001373,PRJ000687,PURCHASE_BILL,Speedway Repair & Resurfacing Contractors,ROAD_REPAIR,5010000.0,5010000.0,97.3,False,Purchase_Bill_PRJ000687.pdf
DOC0001374,PRJ000687,UTILIZATION_CERTIFICATE,Faridabad District Rural Development Agency (DRDA),ROAD_REPAIR,6963900.0,5010000.0,92.4,False,Utilization_Certificate_PRJ000687.pdf
DOC0001375,PRJ000688,PURCHASE_BILL,Speedway Repair & Resurfacing Contractors,ROAD_REPAIR,6950000.0,6950000.0,96.4,False,Purchase_Bill_PRJ000688.pdf
DOC0001376,PRJ000688,UTILIZATION_CERTIFICATE,Faridabad District Rural Development Agency (DRDA),ROAD_REPAIR,5337600.0,6950000.0,94.7,False,Utilization_Certificate_PRJ000688.pdf
DOC0001377,PRJ000689,PURCHASE_BILL,BridgeTech Structures Pvt Ltd,BRIDGE,7970000.0,7970000.0,97.7,False,Purchase_Bill_PRJ000689.pdf
DOC0001378,PRJ000689,UTILIZATION_CERTIFICATE,Lunglei Municipal Corporation Infrastructure Cell,BRIDGE,4080640.0,7970000.0,94.7,False,Utilization_Certificate_PRJ000689.pdf
DOC0001379,PRJ000690,PURCHASE_BILL,SunPower Renewable Energy Systems,SOLAR_ENERGY,1860000.0,1860000.0,88.7,False,Purchase_Bill_PRJ000690.pdf
DOC0001380,PRJ000690,UTILIZATION_CERTIFICATE,Serchhip District Rural Development Agency (DRDA),SOLAR_ENERGY,1395000.0,1860000.0,96.5,False,Utilization_Certificate_PRJ000690.pdf
DOC0001381,PRJ000691,PURCHASE_BILL,CleanWater Sanitation & Drainage Works Pvt Ltd,SANITATION,2170000.0,2170000.0,92.0,False,Purchase_Bill_PRJ000691.pdf
DOC0001382,PRJ000691,UTILIZATION_CERTIFICATE,Serchhip District Rural Development Agency (DRDA),SANITATION,2690800.0,2170000.0,90.0,False,Utilization_Certificate_PRJ000691.pdf
DOC0001383,PRJ000692,PURCHASE_BILL,Apex Infracon & Highway Contractors,ROAD_CONSTRUCTION,5330000.0,5330000.0,93.7,False,Purchase_Bill_PRJ000692.pdf
DOC0001384,PRJ000692,UTILIZATION_CERTIFICATE,Serchhip Public Works Department (PWD),ROAD_CONSTRUCTION,3997500.0,5330000.0,94.1,False,Utilization_Certificate_PRJ000692.pdf
DOC0001385,PRJ000693,PURCHASE_BILL,TechLine IT & Lab Equipment Solutions Pvt Ltd,SCHOOL_INFRASTRUCTURE,6326729.78,5680000.0,50.4,True,Purchase_Bill_PRJ000693.pdf
DOC0001386,PRJ000693,UTILIZATION_CERTIFICATE,Mysuru District Rural Development Agency (DRDA),SCHOOL_INFRASTRUCTURE,2783200.0,5680000.0,90.7,False,Utilization_Certificate_PRJ000693.pdf
DOC0001387,PRJ000694,PURCHASE_BILL,ProSport Infrastructure & Turf Solutions,SPORTS_FACILITY,1560000.0,1560000.0,90.7,False,Purchase_Bill_PRJ000694.pdf
DOC0001388,PRJ000694,UTILIZATION_CERTIFICATE,Mysuru District Rural Development Agency (DRDA),SPORTS_FACILITY,1244880.0,1560000.0,97.4,False,Utilization_Certificate_PRJ000694.pdf
DOC0001389,PRJ000695,PURCHASE_BILL,UrbanDrain Civil Engineering Co,DRAINAGE,7280000.0,7280000.0,96.2,False,Purchase_Bill_PRJ000695.pdf
DOC0001390,PRJ000695,UTILIZATION_CERTIFICATE,Mysuru District Rural Development Agency (DRDA),DRAINAGE,3276000.0,7280000.0,92.4,False,Utilization_Certificate_PRJ000695.pdf
DOC0001391,PRJ000696,PURCHASE_BILL,AquaPure Water Systems & Drilling Corp,WATER_SUPPLY,5320000.0,5320000.0,90.0,False,Purchase_Bill_PRJ000696.pdf
DOC0001392,PRJ000696,UTILIZATION_CERTIFICATE,Mysuru District Rural Development Agency (DRDA),WATER_SUPPLY,3192000.0,5320000.0,99.3,False,Utilization_Certificate_PRJ000696.pdf
DOC0001393,PRJ000697,PURCHASE_BILL,TechLine IT & Lab Equipment Solutions Pvt Ltd,SCHOOL_INFRASTRUCTURE,7570000.0,7570000.0,90.3,False,Purchase_Bill_PRJ000697.pdf
DOC0001394,PRJ000697,UTILIZATION_CERTIFICATE,Berhampur District Rural Development Agency (DRDA),SCHOOL_INFRASTRUCTURE,9084000.0,7570000.0,95.6,False,Utilization_Certificate_PRJ000697.pdf
DOC0001395,PRJ000698,PURCHASE_BILL,TechLine IT & Lab Equipment Solutions Pvt Ltd,SCHOOL_INFRASTRUCTURE,2210000.0,2210000.0,89.0,False,Purchase_Bill_PRJ000698.pdf
DOC0001396,PRJ000698,UTILIZATION_CERTIFICATE,Puri Municipal Corporation Infrastructure Cell,SCHOOL_INFRASTRUCTURE,994500.0,2210000.0,95.6,False,Utilization_Certificate_PRJ000698.pdf
DOC0001397,PRJ000699,PURCHASE_BILL,SunPower Renewable Energy Systems,SOLAR_ENERGY,5230000.0,5230000.0,92.0,False,Purchase_Bill_PRJ000699.pdf
DOC0001398,PRJ000699,UTILIZATION_CERTIFICATE,Puri State Water Supply & Sanitation Board (WSSB),SOLAR_ENERGY,5230000.0,5230000.0,95.9,False,Utilization_Certificate_PRJ000699.pdf
DOC0001399,PRJ000700,PURCHASE_BILL,ProSport Infrastructure & Turf Solutions,SPORTS_FACILITY,7190000.0,7190000.0,95.5,False,Purchase_Bill_PRJ000700.pdf
DOC0001400,PRJ000700,UTILIZATION_CERTIFICATE,Berhampur District Rural Development Agency (DRDA),SPORTS_FACILITY,10785000.0,7190000.0,98.8,False,Utilization_Certificate_PRJ000700.pdf
DOC0001401,PRJ000701,PURCHASE_BILL,SwachhBharat Sanitation Infra Ltd,PUBLIC_TOILET,5190000.0,5190000.0,97.1,False,Purchase_Bill_PRJ000701.pdf
DOC0001402,PRJ000701,UTILIZATION_CERTIFICATE,Berhampur District Rural Development Agency (DRDA),PUBLIC_TOILET,4348244.01,5190000.0,90.7,False,Utilization_Certificate_PRJ000701.pdf
DOC0001403,PRJ000702,PURCHASE_BILL,ProSport Infrastructure & Turf Solutions,SPORTS_FACILITY,3960000.0,3960000.0,95.1,False,Purchase_Bill_PRJ000702.pdf
DOC0001404,PRJ000702,UTILIZATION_CERTIFICATE,Aurangabad State Water Supply & Sanitation Board (WSSB),SPORTS_FACILITY,2970000.0,3960000.0,95.0,False,Utilization_Certificate_PRJ000702.pdf
DOC0001405,PRJ000703,PURCHASE_BILL,SunPower Renewable Energy Systems,SOLAR_ENERGY,5800000.0,5800000.0,93.5,False,Purchase_Bill_PRJ000703.pdf
DOC0001406,PRJ000703,UTILIZATION_CERTIFICATE,Aurangabad State Water Supply & Sanitation Board (WSSB),SOLAR_ENERGY,1310800.0,5800000.0,90.6,False,Utilization_Certificate_PRJ000703.pdf
DOC0001407,PRJ000704,PURCHASE_BILL,AquaPure Water Systems & Drilling Corp,WATER_SUPPLY,7270000.0,7270000.0,89.8,False,Purchase_Bill_PRJ000704.pdf
DOC0001408,PRJ000704,UTILIZATION_CERTIFICATE,Aurangabad State Water Supply & Sanitation Board (WSSB),WATER_SUPPLY,5910510.0,7270000.0,91.7,False,Utilization_Certificate_PRJ000704.pdf
DOC0001409,PRJ000705,PURCHASE_BILL,SunPower Renewable Energy Systems,SOLAR_ENERGY,6560000.0,6560000.0,97.7,False,Purchase_Bill_PRJ000705.pdf
DOC0001410,PRJ000705,UTILIZATION_CERTIFICATE,Thane Public Works Department (PWD),SOLAR_ENERGY,2952000.0,6560000.0,92.7,False,Utilization_Certificate_PRJ000705.pdf
DOC0001411,PRJ000706,PURCHASE_BILL,SwachhBharat Sanitation Infra Ltd,PUBLIC_TOILET,5410000.0,5410000.0,92.6,False,Purchase_Bill_PRJ000706.pdf
DOC0001412,PRJ000706,UTILIZATION_CERTIFICATE,Gandhinagar State Water Supply & Sanitation Board (WSSB),PUBLIC_TOILET,5410000.0,5410000.0,98.1,False,Utilization_Certificate_PRJ000706.pdf
DOC0001413,PRJ000707,PURCHASE_BILL,CleanWater Sanitation & Drainage Works Pvt Ltd,SANITATION,2150000.0,2150000.0,91.0,False,Purchase_Bill_PRJ000707.pdf
DOC0001414,PRJ000707,UTILIZATION_CERTIFICATE,Gandhinagar State Water Supply & Sanitation Board (WSSB),SANITATION,967500.0,2150000.0,96.3,False,Utilization_Certificate_PRJ000707.pdf
DOC0001415,PRJ000708,PURCHASE_BILL,SmartTransit Urban Infra Solutions,BUS_SHELTER,7350000.0,7350000.0,88.6,False,Purchase_Bill_PRJ000708.pdf
DOC0001416,PRJ000708,UTILIZATION_CERTIFICATE,Ahmedabad District Rural Development Agency (DRDA),BUS_SHELTER,6294908.14,7350000.0,94.0,False,Utilization_Certificate_PRJ000708.pdf
DOC0001417,PRJ000709,PURCHASE_BILL,TechLine IT & Lab Equipment Solutions Pvt Ltd,SCHOOL_INFRASTRUCTURE,3250000.0,3250000.0,91.7,False,Purchase_Bill_PRJ000709.pdf
DOC0001418,PRJ000709,UTILIZATION_CERTIFICATE,Ahmedabad District Rural Development Agency (DRDA),SCHOOL_INFRASTRUCTURE,2651778.27,3250000.0,95.9,False,Utilization_Certificate_PRJ000709.pdf
DOC0001419,PRJ000710,PURCHASE_BILL,ProSport Infrastructure & Turf Solutions,SPORTS_FACILITY,4110000.0,4110000.0,97.4,False,Purchase_Bill_PRJ000710.pdf
DOC0001420,PRJ000710,UTILIZATION_CERTIFICATE,Bhavnagar Municipal Corporation Infrastructure Cell,SPORTS_FACILITY,1849500.0,4110000.0,91.7,False,Utilization_Certificate_PRJ000710.pdf
DOC0001421,PRJ000711,PURCHASE_BILL,MedTech Healthcare Infrastructure Ltd,HEALTHCARE,7500000.0,7500000.0,97.9,False,Purchase_Bill_PRJ000711.pdf
DOC0001422,PRJ000711,UTILIZATION_CERTIFICATE,Faridabad District Rural Development Agency (DRDA),HEALTHCARE,1725000.0,7500000.0,95.6,False,Utilization_Certificate_PRJ000711.pdf
DOC0001423,PRJ000712,PURCHASE_BILL,UrbanDrain Civil Engineering Co,DRAINAGE,1140000.0,1140000.0,96.5,False,Purchase_Bill_PRJ000712.pdf
DOC0001424,PRJ000712,UTILIZATION_CERTIFICATE,Faridabad District Rural Development Agency (DRDA),DRAINAGE,513000.0,1140000.0,98.2,False,Utilization_Certificate_PRJ000712.pdf
DOC0001425,PRJ000713,PURCHASE_BILL,ProSport Infrastructure & Turf Solutions,SPORTS_FACILITY,4680000.0,4680000.0,89.4,False,Purchase_Bill_PRJ000713.pdf
DOC0001426,PRJ000713,UTILIZATION_CERTIFICATE,Hisar Public Works Department (PWD),SPORTS_FACILITY,2106000.0,4680000.0,92.7,False,Utilization_Certificate_PRJ000713.pdf
DOC0001427,PRJ000714,PURCHASE_BILL,SmartTransit Urban Infra Solutions,BUS_SHELTER,6330000.0,6330000.0,96.6,False,Purchase_Bill_PRJ000714.pdf
DOC0001428,PRJ000714,UTILIZATION_CERTIFICATE,Ambala State Water Supply & Sanitation Board (WSSB),BUS_SHELTER,6330000.0,6330000.0,97.5,False,Utilization_Certificate_PRJ000714.pdf
DOC0001429,PRJ000715,PURCHASE_BILL,Paramount Multi-Sector Construction Ltd,HEALTHCARE,5220000.0,5220000.0,93.5,False,Purchase_Bill_PRJ000715.pdf
DOC0001430,PRJ000715,UTILIZATION_CERTIFICATE,Varanasi District Rural Development Agency (DRDA),HEALTHCARE,1853100.0,5220000.0,93.9,False,Utilization_Certificate_PRJ000715.pdf
DOC0001431,PRJ000716,PURCHASE_BILL,SunPower Renewable Energy Systems,SOLAR_ENERGY,6715989.4,6010000.0,57.7,True,Purchase_Bill_PRJ000716.pdf
DOC0001432,PRJ000716,UTILIZATION_CERTIFICATE,Varanasi State Water Supply & Sanitation Board (WSSB),SOLAR_ENERGY,2896820.0,6010000.0,96.0,False,Utilization_Certificate_PRJ000716.pdf
DOC0001433,PRJ000717,PURCHASE_BILL,AquaPure Water Systems & Drilling Corp,WATER_SUPPLY,4760000.0,4760000.0,95.1,False,Purchase_Bill_PRJ000717.pdf
DOC0001434,PRJ000717,UTILIZATION_CERTIFICATE,Varanasi District Rural Development Agency (DRDA),WATER_SUPPLY,155130.82,4760000.0,96.6,False,Utilization_Certificate_PRJ000717.pdf
DOC0001435,PRJ000718,PURCHASE_BILL,Paramount Multi-Sector Construction Ltd,SOLAR_ENERGY,6670000.0,6670000.0,89.2,False,Purchase_Bill_PRJ000718.pdf
DOC0001436,PRJ000718,UTILIZATION_CERTIFICATE,Varanasi District Rural Development Agency (DRDA),SOLAR_ENERGY,3041520.0,6670000.0,92.3,False,Utilization_Certificate_PRJ000718.pdf
DOC0001437,PRJ000719,PURCHASE_BILL,UrbanDrain Civil Engineering Co,DRAINAGE,4670000.0,4670000.0,94.4,False,Purchase_Bill_PRJ000719.pdf
DOC0001438,PRJ000719,UTILIZATION_CERTIFICATE,Varanasi State Water Supply & Sanitation Board (WSSB),DRAINAGE,1755920.0,4670000.0,95.5,False,Utilization_Certificate_PRJ000719.pdf
DOC0001439,PRJ000720,PURCHASE_BILL,MedTech Healthcare Infrastructure Ltd,HEALTHCARE,5400000.0,5400000.0,95.5,False,Purchase_Bill_PRJ000720.pdf
DOC0001440,PRJ000720,UTILIZATION_CERTIFICATE,Haridwar State Water Supply & Sanitation Board (WSSB),HEALTHCARE,4244400.0,5400000.0,92.9,False,Utilization_Certificate_PRJ000720.pdf
DOC0001441,PRJ000721,PURCHASE_BILL,Speedway Repair & Resurfacing Contractors,ROAD_REPAIR,6670000.0,6670000.0,88.0,False,Purchase_Bill_PRJ000721.pdf
DOC0001442,PRJ000721,UTILIZATION_CERTIFICATE,Dehradun Public Works Department (PWD),ROAD_REPAIR,6670000.0,6670000.0,90.9,False,Utilization_Certificate_PRJ000721.pdf
DOC0001443,PRJ000722,PURCHASE_BILL,Apex Infracon & Highway Contractors,ROAD_CONSTRUCTION,4310000.0,4310000.0,91.0,False,Purchase_Bill_PRJ000722.pdf
DOC0001444,PRJ000722,UTILIZATION_CERTIFICATE,Dehradun Public Works Department (PWD),ROAD_CONSTRUCTION,2211030.0,4310000.0,94.9,False,Utilization_Certificate_PRJ000722.pdf
DOC0001445,PRJ000723,PURCHASE_BILL,Apex Infracon & Highway Contractors,ROAD_CONSTRUCTION,4410000.0,4410000.0,89.6,False,Purchase_Bill_PRJ000723.pdf
DOC0001446,PRJ000723,UTILIZATION_CERTIFICATE,Varanasi State Water Supply & Sanitation Board (WSSB),ROAD_CONSTRUCTION,3479490.0,4410000.0,92.7,False,Utilization_Certificate_PRJ000723.pdf
DOC0001447,PRJ000724,PURCHASE_BILL,CleanWater Sanitation & Drainage Works Pvt Ltd,SANITATION,1910000.0,1910000.0,91.2,False,Purchase_Bill_PRJ000724.pdf
DOC0001448,PRJ000724,UTILIZATION_CERTIFICATE,Varanasi Public Works Department (PWD),SANITATION,1910000.0,1910000.0,94.6,False,Utilization_Certificate_PRJ000724.pdf
DOC0001449,PRJ000725,PURCHASE_BILL,Speedway Repair & Resurfacing Contractors,ROAD_REPAIR,1790000.0,1790000.0,90.7,False,Purchase_Bill_PRJ000725.pdf
DOC0001450,PRJ000725,UTILIZATION_CERTIFICATE,Varanasi State Water Supply & Sanitation Board (WSSB),ROAD_REPAIR,1790000.0,1790000.0,93.6,False,Utilization_Certificate_PRJ000725.pdf
DOC0001451,PRJ000726,PURCHASE_BILL,TechLine IT & Lab Equipment Solutions Pvt Ltd,SCHOOL_INFRASTRUCTURE,6030000.0,6030000.0,88.4,False,Purchase_Bill_PRJ000726.pdf
DOC0001452,PRJ000726,UTILIZATION_CERTIFICATE,Varanasi District Rural Development Agency (DRDA),SCHOOL_INFRASTRUCTURE,5148354.77,6030000.0,92.0,False,Utilization_Certificate_PRJ000726.pdf
DOC0001453,PRJ000727,PURCHASE_BILL,CleanWater Sanitation & Drainage Works Pvt Ltd,SANITATION,5990000.0,5990000.0,88.4,False,Purchase_Bill_PRJ000727.pdf
DOC0001454,PRJ000727,UTILIZATION_CERTIFICATE,Thane District Rural Development Agency (DRDA),SANITATION,9224600.0,5990000.0,96.5,False,Utilization_Certificate_PRJ000727.pdf
DOC0001455,PRJ000728,PURCHASE_BILL,UrbanDrain Civil Engineering Co,DRAINAGE,1980000.0,1980000.0,92.4,False,Purchase_Bill_PRJ000728.pdf
DOC0001456,PRJ000728,UTILIZATION_CERTIFICATE,Aurangabad State Water Supply & Sanitation Board (WSSB),DRAINAGE,1566180.0,1980000.0,90.2,False,Utilization_Certificate_PRJ000728.pdf
DOC0001457,PRJ000729,PURCHASE_BILL,ProSport Infrastructure & Turf Solutions,SPORTS_FACILITY,1630000.0,1630000.0,88.4,False,Purchase_Bill_PRJ000729.pdf
DOC0001458,PRJ000729,UTILIZATION_CERTIFICATE,Thane District Rural Development Agency (DRDA),SPORTS_FACILITY,1432424.32,1630000.0,98.6,False,Utilization_Certificate_PRJ000729.pdf
DOC0001459,PRJ000730,PURCHASE_BILL,TechLine IT & Lab Equipment Solutions Pvt Ltd,SCHOOL_INFRASTRUCTURE,1610000.0,1610000.0,95.0,False,Purchase_Bill_PRJ000730.pdf
DOC0001460,PRJ000730,UTILIZATION_CERTIFICATE,Raipur District Rural Development Agency (DRDA),SCHOOL_INFRASTRUCTURE,724500.0,1610000.0,98.4,False,Utilization_Certificate_PRJ000730.pdf
DOC0001461,PRJ000731,PURCHASE_BILL,TechLine IT & Lab Equipment Solutions Pvt Ltd,SCHOOL_INFRASTRUCTURE,2940000.0,2940000.0,88.2,False,Purchase_Bill_PRJ000731.pdf
DOC0001462,PRJ000731,UTILIZATION_CERTIFICATE,Raipur District Rural Development Agency (DRDA),SCHOOL_INFRASTRUCTURE,2940000.0,2940000.0,91.8,False,Utilization_Certificate_PRJ000731.pdf
DOC0001463,PRJ000732,PURCHASE_BILL,CleanWater Sanitation & Drainage Works Pvt Ltd,SANITATION,6670000.0,6670000.0,97.1,False,Purchase_Bill_PRJ000732.pdf
DOC0001464,PRJ000732,UTILIZATION_CERTIFICATE,Raipur District Rural Development Agency (DRDA),SANITATION,10005000.0,6670000.0,92.3,False,Utilization_Certificate_PRJ000732.pdf
DOC0001465,PRJ000733,PURCHASE_BILL,Speedway Repair & Resurfacing Contractors,ROAD_REPAIR,3070000.0,3070000.0,95.0,False,Purchase_Bill_PRJ000733.pdf
DOC0001466,PRJ000733,UTILIZATION_CERTIFICATE,Vasco District Rural Development Agency (DRDA),ROAD_REPAIR,4205900.0,3070000.0,99.3,False,Utilization_Certificate_PRJ000733.pdf
DOC0001467,PRJ000734,PURCHASE_BILL,SmartTransit Urban Infra Solutions,BUS_SHELTER,6910000.0,6910000.0,89.7,False,Purchase_Bill_PRJ000734.pdf
DOC0001468,PRJ000734,UTILIZATION_CERTIFICATE,Vasco District Rural Development Agency (DRDA),BUS_SHELTER,1803510.0,6910000.0,96.3,False,Utilization_Certificate_PRJ000734.pdf
DOC0001469,PRJ000735,PURCHASE_BILL,SmartTransit Urban Infra Solutions,BUS_SHELTER,827617.27,670000.0,46.2,True,Purchase_Bill_PRJ000735.pdf
DOC0001470,PRJ000735,UTILIZATION_CERTIFICATE,Vasco District Rural Development Agency (DRDA),BUS_SHELTER,237180.0,670000.0,98.6,False,Utilization_Certificate_PRJ000735.pdf
DOC0001471,PRJ000736,PURCHASE_BILL,SunPower Renewable Energy Systems,SOLAR_ENERGY,2430000.0,2430000.0,94.5,False,Purchase_Bill_PRJ000736.pdf
DOC0001472,PRJ000736,UTILIZATION_CERTIFICATE,Mapusa State Water Supply & Sanitation Board (WSSB),SOLAR_ENERGY,1735020.0,2430000.0,92.2,False,Utilization_Certificate_PRJ000736.pdf
DOC0001473,PRJ000737,PURCHASE_BILL,AquaPure Water Systems & Drilling Corp,WATER_SUPPLY,7630000.0,7630000.0,95.9,False,Purchase_Bill_PRJ000737.pdf
DOC0001474,PRJ000737,UTILIZATION_CERTIFICATE,Guwahati District Rural Development Agency (DRDA),WATER_SUPPLY,3868410.0,7630000.0,96.7,False,Utilization_Certificate_PRJ000737.pdf
DOC0001475,PRJ000738,PURCHASE_BILL,National Civic Infrastructure Developers,COMMUNITY_HALL,2690000.0,2690000.0,95.6,False,Purchase_Bill_PRJ000738.pdf
DOC0001476,PRJ000738,UTILIZATION_CERTIFICATE,Guwahati District Rural Development Agency (DRDA),COMMUNITY_HALL,2343804.15,2690000.0,92.6,False,Utilization_Certificate_PRJ000738.pdf
DOC0001477,PRJ000739,PURCHASE_BILL,AquaPure Water Systems & Drilling Corp,WATER_SUPPLY,1160000.0,1160000.0,90.6,False,Purchase_Bill_PRJ000739.pdf
DOC0001478,PRJ000739,UTILIZATION_CERTIFICATE,Jorhat State Water Supply & Sanitation Board (WSSB),WATER_SUPPLY,660040.0,1160000.0,94.2,False,Utilization_Certificate_PRJ000739.pdf
DOC0001479,PRJ000740,PURCHASE_BILL,Speedway Repair & Resurfacing Contractors,ROAD_REPAIR,3430000.0,3430000.0,97.0,False,Purchase_Bill_PRJ000740.pdf
DOC0001480,PRJ000740,UTILIZATION_CERTIFICATE,Jorhat State Water Supply & Sanitation Board (WSSB),ROAD_REPAIR,3430000.0,3430000.0,93.2,False,Utilization_Certificate_PRJ000740.pdf
DOC0001481,PRJ000741,PURCHASE_BILL,SunPower Renewable Energy Systems,SOLAR_ENERGY,1790000.0,1790000.0,94.3,False,Purchase_Bill_PRJ000741.pdf
DOC0001482,PRJ000741,UTILIZATION_CERTIFICATE,Namchi Municipal Corporation Infrastructure Cell,SOLAR_ENERGY,1790000.0,1790000.0,93.4,False,Utilization_Certificate_PRJ000741.pdf
DOC0001483,PRJ000742,PURCHASE_BILL,ProSport Infrastructure & Turf Solutions,SPORTS_FACILITY,7720000.0,7720000.0,90.5,False,Purchase_Bill_PRJ000742.pdf
DOC0001484,PRJ000742,UTILIZATION_CERTIFICATE,Namchi District Rural Development Agency (DRDA),SPORTS_FACILITY,10113200.0,7720000.0,90.5,False,Utilization_Certificate_PRJ000742.pdf
DOC0001485,PRJ000743,PURCHASE_BILL,SwachhBharat Sanitation Infra Ltd,PUBLIC_TOILET,820000.0,820000.0,96.4,False,Purchase_Bill_PRJ000743.pdf
DOC0001486,PRJ000743,UTILIZATION_CERTIFICATE,Namchi State Water Supply & Sanitation Board (WSSB),PUBLIC_TOILET,266500.0,820000.0,97.6,False,Utilization_Certificate_PRJ000743.pdf
DOC0001487,PRJ000744,PURCHASE_BILL,BridgeTech Structures Pvt Ltd,BRIDGE,2035738.04,1730000.0,67.6,True,Purchase_Bill_PRJ000744.pdf
DOC0001488,PRJ000744,UTILIZATION_CERTIFICATE,Namchi Municipal Corporation Infrastructure Cell,BRIDGE,598580.0,1730000.0,94.5,False,Utilization_Certificate_PRJ000744.pdf
DOC0001489,PRJ000745,PURCHASE_BILL,TechLine IT & Lab Equipment Solutions Pvt Ltd,SCHOOL_INFRASTRUCTURE,740000.0,740000.0,90.5,False,Purchase_Bill_PRJ000745.pdf
DOC0001490,PRJ000745,UTILIZATION_CERTIFICATE,Namchi District Rural Development Agency (DRDA),SCHOOL_INFRASTRUCTURE,624986.97,740000.0,93.7,False,Utilization_Certificate_PRJ000745.pdf
DOC0001491,PRJ000746,PURCHASE_BILL,MedTech Healthcare Infrastructure Ltd,HEALTHCARE,5720000.0,5720000.0,89.5,False,Purchase_Bill_PRJ000746.pdf
DOC0001492,PRJ000746,UTILIZATION_CERTIFICATE,Udaipur Municipal Corporation Infrastructure Cell,HEALTHCARE,1973400.0,5720000.0,91.1,False,Utilization_Certificate_PRJ000746.pdf
DOC0001493,PRJ000747,PURCHASE_BILL,TechLine IT & Lab Equipment Solutions Pvt Ltd,SCHOOL_INFRASTRUCTURE,850000.0,850000.0,92.8,False,Purchase_Bill_PRJ000747.pdf
DOC0001494,PRJ000747,UTILIZATION_CERTIFICATE,Kota State Water Supply & Sanitation Board (WSSB),SCHOOL_INFRASTRUCTURE,501500.0,850000.0,95.2,False,Utilization_Certificate_PRJ000747.pdf
DOC0001495,PRJ000748,PURCHASE_BILL,SunPower Renewable Energy Systems,SOLAR_ENERGY,2840000.0,2840000.0,94.4,False,Purchase_Bill_PRJ000748.pdf
DOC0001496,PRJ000748,UTILIZATION_CERTIFICATE,Varanasi Public Works Department (PWD),SOLAR_ENERGY,1402960.0,2840000.0,98.9,False,Utilization_Certificate_PRJ000748.pdf
DOC0001497,PRJ000749,PURCHASE_BILL,Apex Infracon & Highway Contractors,ROAD_CONSTRUCTION,5748224.3,4570000.0,55.2,True,Purchase_Bill_PRJ000749.pdf
DOC0001498,PRJ000749,UTILIZATION_CERTIFICATE,Varanasi Public Works Department (PWD),ROAD_CONSTRUCTION,2093060.0,4570000.0,91.9,False,Utilization_Certificate_PRJ000749.pdf
DOC0001499,PRJ000750,PURCHASE_BILL,Apex Infracon & Highway Contractors,ROAD_CONSTRUCTION,5270000.0,5270000.0,88.3,False,Purchase_Bill_PRJ000750.pdf
DOC0001500,PRJ000750,UTILIZATION_CERTIFICATE,Varanasi District Rural Development Agency (DRDA),ROAD_CONSTRUCTION,4812932.28,5270000.0,90.0,False,Utilization_Certificate_PRJ000750.pdf
DOC0001501,PRJ000751,PURCHASE_BILL,National Civic Infrastructure Developers,COMMUNITY_HALL,1530000.0,1530000.0,96.9,False,Purchase_Bill_PRJ000751.pdf
DOC0001502,PRJ000751,UTILIZATION_CERTIFICATE,Varanasi District Rural Development Agency (DRDA),COMMUNITY_HALL,2295000.0,1530000.0,93.8,False,Utilization_Certificate_PRJ000751.pdf
DOC0001503,PRJ000752,PURCHASE_BILL,SmartTransit Urban Infra Solutions,BUS_SHELTER,1940000.0,1940000.0,90.5,False,Purchase_Bill_PRJ000752.pdf
DOC0001504,PRJ000752,UTILIZATION_CERTIFICATE,Kolkata District Rural Development Agency (DRDA),BUS_SHELTER,1455000.0,1940000.0,91.4,False,Utilization_Certificate_PRJ000752.pdf
DOC0001505,PRJ000753,PURCHASE_BILL,Apex Infracon & Highway Contractors,ROAD_CONSTRUCTION,6880000.0,6880000.0,89.0,False,Purchase_Bill_PRJ000753.pdf
DOC0001506,PRJ000753,UTILIZATION_CERTIFICATE,Kolkata Municipal Corporation Infrastructure Cell,ROAD_CONSTRUCTION,3096000.0,6880000.0,92.0,False,Utilization_Certificate_PRJ000753.pdf
DOC0001507,PRJ000754,PURCHASE_BILL,ProSport Infrastructure & Turf Solutions,SPORTS_FACILITY,6490000.0,6490000.0,92.9,False,Purchase_Bill_PRJ000754.pdf
DOC0001508,PRJ000754,UTILIZATION_CERTIFICATE,Kolkata District Rural Development Agency (DRDA),SPORTS_FACILITY,7788000.0,6490000.0,93.6,False,Utilization_Certificate_PRJ000754.pdf
DOC0001509,PRJ000755,PURCHASE_BILL,SmartTransit Urban Infra Solutions,BUS_SHELTER,2490000.0,2490000.0,91.1,False,Purchase_Bill_PRJ000755.pdf
DOC0001510,PRJ000755,UTILIZATION_CERTIFICATE,Rangpo Public Works Department (PWD),BUS_SHELTER,1867500.0,2490000.0,95.9,False,Utilization_Certificate_PRJ000755.pdf
DOC0001511,PRJ000756,PURCHASE_BILL,UrbanDrain Civil Engineering Co,DRAINAGE,2450000.0,2450000.0,90.7,False,Purchase_Bill_PRJ000756.pdf
DOC0001512,PRJ000756,UTILIZATION_CERTIFICATE,Namchi District Rural Development Agency (DRDA),DRAINAGE,3381000.0,2450000.0,97.4,False,Utilization_Certificate_PRJ000756.pdf
DOC0001513,PRJ000757,PURCHASE_BILL,UrbanDrain Civil Engineering Co,DRAINAGE,5710000.0,5710000.0,94.5,False,Purchase_Bill_PRJ000757.pdf
DOC0001514,PRJ000757,UTILIZATION_CERTIFICATE,Hubballi State Water Supply & Sanitation Board (WSSB),DRAINAGE,4528030.0,5710000.0,98.0,False,Utilization_Certificate_PRJ000757.pdf
DOC0001515,PRJ000758,PURCHASE_BILL,AquaPure Water Systems & Drilling Corp,WATER_SUPPLY,1500000.0,1500000.0,88.8,False,Purchase_Bill_PRJ000758.pdf
DOC0001516,PRJ000758,UTILIZATION_CERTIFICATE,Mysuru District Rural Development Agency (DRDA),WATER_SUPPLY,310500.0,1500000.0,91.0,False,Utilization_Certificate_PRJ000758.pdf
DOC0001517,PRJ000759,PURCHASE_BILL,National Civic Infrastructure Developers,COMMUNITY_HALL,7500000.0,7500000.0,91.3,False,Purchase_Bill_PRJ000759.pdf
DOC0001518,PRJ000759,UTILIZATION_CERTIFICATE,Mysuru District Rural Development Agency (DRDA),COMMUNITY_HALL,11175000.0,7500000.0,94.7,False,Utilization_Certificate_PRJ000759.pdf
DOC0001519,PRJ000760,PURCHASE_BILL,Speedway Repair & Resurfacing Contractors,ROAD_REPAIR,4160000.0,4160000.0,90.3,False,Purchase_Bill_PRJ000760.pdf
DOC0001520,PRJ000760,UTILIZATION_CERTIFICATE,Hubballi State Water Supply & Sanitation Board (WSSB),ROAD_REPAIR,1872000.0,4160000.0,92.2,False,Utilization_Certificate_PRJ000760.pdf
DOC0001521,PRJ000761,PURCHASE_BILL,BridgeTech Structures Pvt Ltd,BRIDGE,6840000.0,6840000.0,96.7,False,Purchase_Bill_PRJ000761.pdf
DOC0001522,PRJ000761,UTILIZATION_CERTIFICATE,Bengaluru Municipal Corporation Infrastructure Cell,BRIDGE,1723680.0,6840000.0,96.0,False,Utilization_Certificate_PRJ000761.pdf
DOC0001523,PRJ000762,PURCHASE_BILL,SunPower Renewable Energy Systems,SOLAR_ENERGY,1790000.0,1790000.0,88.2,False,Purchase_Bill_PRJ000762.pdf
DOC0001524,PRJ000762,UTILIZATION_CERTIFICATE,Kolkata District Rural Development Agency (DRDA),SOLAR_ENERGY,1790000.0,1790000.0,92.2,False,Utilization_Certificate_PRJ000762.pdf
DOC0001525,PRJ000763,PURCHASE_BILL,SmartTransit Urban Infra Solutions,BUS_SHELTER,2410000.0,2410000.0,90.0,False,Purchase_Bill_PRJ000763.pdf
DOC0001526,PRJ000763,UTILIZATION_CERTIFICATE,Kolkata District Rural Development Agency (DRDA),BUS_SHELTER,1479740.0,2410000.0,99.4,False,Utilization_Certificate_PRJ000763.pdf
DOC0001527,PRJ000764,PURCHASE_BILL,Apex Infracon & Highway Contractors,ROAD_CONSTRUCTION,3810000.0,3810000.0,89.0,False,Purchase_Bill_PRJ000764.pdf
DOC0001528,PRJ000764,UTILIZATION_CERTIFICATE,Patna Municipal Corporation Infrastructure Cell,ROAD_CONSTRUCTION,3810000.0,3810000.0,95.1,False,Utilization_Certificate_PRJ000764.pdf
DOC0001529,PRJ000765,PURCHASE_BILL,CleanWater Sanitation & Drainage Works Pvt Ltd,SANITATION,6050000.0,6050000.0,89.2,False,Purchase_Bill_PRJ000765.pdf
DOC0001530,PRJ000765,UTILIZATION_CERTIFICATE,Muzaffarpur District Rural Development Agency (DRDA),SANITATION,6050000.0,6050000.0,90.4,False,Utilization_Certificate_PRJ000765.pdf
DOC0001531,PRJ000766,PURCHASE_BILL,AquaPure Water Systems & Drilling Corp,WATER_SUPPLY,1060000.0,1060000.0,97.2,False,Purchase_Bill_PRJ000766.pdf
DOC0001532,PRJ000766,UTILIZATION_CERTIFICATE,Muzaffarpur District Rural Development Agency (DRDA),WATER_SUPPLY,477000.0,1060000.0,92.2,False,Utilization_Certificate_PRJ000766.pdf
DOC0001533,PRJ000767,PURCHASE_BILL,AquaPure Water Systems & Drilling Corp,WATER_SUPPLY,7260000.0,7260000.0,90.7,False,Purchase_Bill_PRJ000767.pdf
DOC0001534,PRJ000767,UTILIZATION_CERTIFICATE,Patna State Water Supply & Sanitation Board (WSSB),WATER_SUPPLY,5445000.0,7260000.0,90.1,False,Utilization_Certificate_PRJ000767.pdf
DOC0001535,PRJ000768,PURCHASE_BILL,Speedway Repair & Resurfacing Contractors,ROAD_REPAIR,1640000.0,1640000.0,95.0,False,Purchase_Bill_PRJ000768.pdf
DOC0001536,PRJ000768,UTILIZATION_CERTIFICATE,Madurai District Rural Development Agency (DRDA),ROAD_REPAIR,1381629.3,1640000.0,93.1,False,Utilization_Certificate_PRJ000768.pdf
DOC0001537,PRJ000769,PURCHASE_BILL,UrbanDrain Civil Engineering Co,DRAINAGE,5130000.0,5130000.0,94.6,False,Purchase_Bill_PRJ000769.pdf
DOC0001538,PRJ000769,UTILIZATION_CERTIFICATE,Tiruchirappalli Municipal Corporation Infrastructure Cell,DRAINAGE,5130000.0,5130000.0,97.3,False,Utilization_Certificate_PRJ000769.pdf
DOC0001539,PRJ000770,PURCHASE_BILL,Paramount Multi-Sector Construction Ltd,DRAINAGE,6450000.0,6450000.0,88.9,False,Purchase_Bill_PRJ000770.pdf
DOC0001540,PRJ000770,UTILIZATION_CERTIFICATE,Thane District Rural Development Agency (DRDA),DRAINAGE,2399400.0,6450000.0,92.9,False,Utilization_Certificate_PRJ000770.pdf
DOC0001541,PRJ000771,PURCHASE_BILL,MedTech Healthcare Infrastructure Ltd,HEALTHCARE,5750000.0,5750000.0,88.8,False,Purchase_Bill_PRJ000771.pdf
DOC0001542,PRJ000771,UTILIZATION_CERTIFICATE,Thane Public Works Department (PWD),HEALTHCARE,2133250.0,5750000.0,97.4,False,Utilization_Certificate_PRJ000771.pdf
DOC0001543,PRJ000772,PURCHASE_BILL,TechLine IT & Lab Equipment Solutions Pvt Ltd,SCHOOL_INFRASTRUCTURE,7400000.0,7400000.0,91.7,False,Purchase_Bill_PRJ000772.pdf
DOC0001544,PRJ000772,UTILIZATION_CERTIFICATE,Alappuzha District Rural Development Agency (DRDA),SCHOOL_INFRASTRUCTURE,3330000.0,7400000.0,93.0,False,Utilization_Certificate_PRJ000772.pdf
DOC0001545,PRJ000773,PURCHASE_BILL,Speedway Repair & Resurfacing Contractors,ROAD_REPAIR,2393758.09,1780000.0,51.3,True,Purchase_Bill_PRJ000773.pdf
DOC0001546,PRJ000773,UTILIZATION_CERTIFICATE,Alappuzha State Water Supply & Sanitation Board (WSSB),ROAD_REPAIR,808120.0,1780000.0,97.8,False,Utilization_Certificate_PRJ000773.pdf
DOC0001547,PRJ000774,PURCHASE_BILL,MedTech Healthcare Infrastructure Ltd,HEALTHCARE,6240000.0,6240000.0,97.2,False,Purchase_Bill_PRJ000774.pdf
DOC0001548,PRJ000774,UTILIZATION_CERTIFICATE,Madurai Public Works Department (PWD),HEALTHCARE,4486560.0,6240000.0,94.7,False,Utilization_Certificate_PRJ000774.pdf
DOC0001549,PRJ000775,PURCHASE_BILL,UrbanDrain Civil Engineering Co,DRAINAGE,7510000.0,7510000.0,92.6,False,Purchase_Bill_PRJ000775.pdf
DOC0001550,PRJ000775,UTILIZATION_CERTIFICATE,Madurai Public Works Department (PWD),DRAINAGE,134046.83,7510000.0,90.1,False,Utilization_Certificate_PRJ000775.pdf
DOC0001551,PRJ000776,PURCHASE_BILL,UrbanDrain Civil Engineering Co,DRAINAGE,3360000.0,3360000.0,95.9,False,Purchase_Bill_PRJ000776.pdf
DOC0001552,PRJ000776,UTILIZATION_CERTIFICATE,Madurai Public Works Department (PWD),DRAINAGE,3360000.0,3360000.0,92.5,False,Utilization_Certificate_PRJ000776.pdf
DOC0001553,PRJ000777,PURCHASE_BILL,CleanWater Sanitation & Drainage Works Pvt Ltd,SANITATION,520000.0,520000.0,95.9,False,Purchase_Bill_PRJ000777.pdf
DOC0001554,PRJ000777,UTILIZATION_CERTIFICATE,Chennai State Water Supply & Sanitation Board (WSSB),SANITATION,109200.0,520000.0,98.9,False,Utilization_Certificate_PRJ000777.pdf
DOC0001555,PRJ000778,PURCHASE_BILL,MedTech Healthcare Infrastructure Ltd,HEALTHCARE,7310000.0,7310000.0,96.7,False,Purchase_Bill_PRJ000778.pdf
DOC0001556,PRJ000778,UTILIZATION_CERTIFICATE,Tiruchirappalli Municipal Corporation Infrastructure Cell,HEALTHCARE,4181320.0,7310000.0,92.8,False,Utilization_Certificate_PRJ000778.pdf
DOC0001557,PRJ000779,PURCHASE_BILL,UrbanDrain Civil Engineering Co,DRAINAGE,3880000.0,3880000.0,90.6,False,Purchase_Bill_PRJ000779.pdf
DOC0001558,PRJ000779,UTILIZATION_CERTIFICATE,Amritsar District Rural Development Agency (DRDA),DRAINAGE,3376071.6,3880000.0,94.8,False,Utilization_Certificate_PRJ000779.pdf
DOC0001559,PRJ000780,PURCHASE_BILL,MedTech Healthcare Infrastructure Ltd,HEALTHCARE,4170000.0,4170000.0,96.2,False,Purchase_Bill_PRJ000780.pdf
DOC0001560,PRJ000780,UTILIZATION_CERTIFICATE,Chandigarh State Water Supply & Sanitation Board (WSSB),HEALTHCARE,1159260.0,4170000.0,92.9,False,Utilization_Certificate_PRJ000780.pdf
DOC0001561,PRJ000781,PURCHASE_BILL,TechLine IT & Lab Equipment Solutions Pvt Ltd,SCHOOL_INFRASTRUCTURE,4040000.0,4040000.0,93.0,False,Purchase_Bill_PRJ000781.pdf
DOC0001562,PRJ000781,UTILIZATION_CERTIFICATE,Ramagundam District Rural Development Agency (DRDA),SCHOOL_INFRASTRUCTURE,3714784.34,4040000.0,96.7,False,Utilization_Certificate_PRJ000781.pdf
DOC0001563,PRJ000782,PURCHASE_BILL,SwachhBharat Sanitation Infra Ltd,PUBLIC_TOILET,1980000.0,1980000.0,93.1,False,Purchase_Bill_PRJ000782.pdf
DOC0001564,PRJ000782,UTILIZATION_CERTIFICATE,Khammam Municipal Corporation Infrastructure Cell,PUBLIC_TOILET,891000.0,1980000.0,92.0,False,Utilization_Certificate_PRJ000782.pdf
DOC0001565,PRJ000783,PURCHASE_BILL,BridgeTech Structures Pvt Ltd,BRIDGE,4880000.0,4880000.0,94.7,False,Purchase_Bill_PRJ000783.pdf
DOC0001566,PRJ000783,UTILIZATION_CERTIFICATE,Ramagundam District Rural Development Agency (DRDA),BRIDGE,2679120.0,4880000.0,95.4,False,Utilization_Certificate_PRJ000783.pdf
DOC0001567,PRJ000784,PURCHASE_BILL,UrbanDrain Civil Engineering Co,DRAINAGE,7710000.0,7710000.0,96.7,False,Purchase_Bill_PRJ000784.pdf
DOC0001568,PRJ000784,UTILIZATION_CERTIFICATE,Ramagundam Public Works Department (PWD),DRAINAGE,1850400.0,7710000.0,100.0,False,Utilization_Certificate_PRJ000784.pdf
DOC0001569,PRJ000785,PURCHASE_BILL,Speedway Repair & Resurfacing Contractors,ROAD_REPAIR,1756409.77,1460000.0,64.1,True,Purchase_Bill_PRJ000785.pdf
DOC0001570,PRJ000785,UTILIZATION_CERTIFICATE,Tirupati Public Works Department (PWD),ROAD_REPAIR,838040.0,1460000.0,94.1,False,Utilization_Certificate_PRJ000785.pdf
DOC0001571,PRJ000786,PURCHASE_BILL,AquaPure Water Systems & Drilling Corp,WATER_SUPPLY,7990000.0,7990000.0,94.6,False,Purchase_Bill_PRJ000786.pdf
DOC0001572,PRJ000786,UTILIZATION_CERTIFICATE,Guntur Municipal Corporation Infrastructure Cell,WATER_SUPPLY,3891130.0,7990000.0,99.7,False,Utilization_Certificate_PRJ000786.pdf
DOC0001573,PRJ000787,PURCHASE_BILL,ProSport Infrastructure & Turf Solutions,SPORTS_FACILITY,3400000.0,3400000.0,93.5,False,Purchase_Bill_PRJ000787.pdf
DOC0001574,PRJ000787,UTILIZATION_CERTIFICATE,Visakhapatnam State Water Supply & Sanitation Board (WSSB),SPORTS_FACILITY,1530000.0,3400000.0,96.3,False,Utilization_Certificate_PRJ000787.pdf
DOC0001575,PRJ000788,PURCHASE_BILL,Paramount Multi-Sector Construction Ltd,SPORTS_FACILITY,4940000.0,4940000.0,93.3,False,Purchase_Bill_PRJ000788.pdf
DOC0001576,PRJ000788,UTILIZATION_CERTIFICATE,Alappuzha District Rural Development Agency (DRDA),SPORTS_FACILITY,1892020.0,4940000.0,96.3,False,Utilization_Certificate_PRJ000788.pdf
DOC0001577,PRJ000789,PURCHASE_BILL,Speedway Repair & Resurfacing Contractors,ROAD_REPAIR,6830000.0,6830000.0,93.5,False,Purchase_Bill_PRJ000789.pdf
DOC0001578,PRJ000789,UTILIZATION_CERTIFICATE,Alappuzha District Rural Development Agency (DRDA),ROAD_REPAIR,6830000.0,6830000.0,95.9,False,Utilization_Certificate_PRJ000789.pdf
DOC0001579,PRJ000790,PURCHASE_BILL,AquaPure Water Systems & Drilling Corp,WATER_SUPPLY,6310000.0,6310000.0,97.4,False,Purchase_Bill_PRJ000790.pdf
DOC0001580,PRJ000790,UTILIZATION_CERTIFICATE,Madurai District Rural Development Agency (DRDA),WATER_SUPPLY,2839500.0,6310000.0,97.7,False,Utilization_Certificate_PRJ000790.pdf
DOC0001581,PRJ000791,PURCHASE_BILL,SmartTransit Urban Infra Solutions,BUS_SHELTER,2210000.0,2210000.0,88.2,False,Purchase_Bill_PRJ000791.pdf
DOC0001582,PRJ000791,UTILIZATION_CERTIFICATE,Tiruchirappalli Municipal Corporation Infrastructure Cell,BUS_SHELTER,2210000.0,2210000.0,91.3,False,Utilization_Certificate_PRJ000791.pdf
DOC0001583,PRJ000792,PURCHASE_BILL,ProSport Infrastructure & Turf Solutions,SPORTS_FACILITY,1800000.0,1800000.0,95.1,False,Purchase_Bill_PRJ000792.pdf
DOC0001584,PRJ000792,UTILIZATION_CERTIFICATE,Tiruchirappalli Municipal Corporation Infrastructure Cell,SPORTS_FACILITY,840600.0,1800000.0,94.4,False,Utilization_Certificate_PRJ000792.pdf
DOC0001585,PRJ000793,PURCHASE_BILL,ProSport Infrastructure & Turf Solutions,SPORTS_FACILITY,3780000.0,3780000.0,94.0,False,Purchase_Bill_PRJ000793.pdf
DOC0001586,PRJ000793,UTILIZATION_CERTIFICATE,Thane District Rural Development Agency (DRDA),SPORTS_FACILITY,5254200.0,3780000.0,93.3,False,Utilization_Certificate_PRJ000793.pdf
DOC0001587,PRJ000794,PURCHASE_BILL,AquaPure Water Systems & Drilling Corp,WATER_SUPPLY,3870000.0,3870000.0,97.5,False,Purchase_Bill_PRJ000794.pdf
DOC0001588,PRJ000794,UTILIZATION_CERTIFICATE,Thane District Rural Development Agency (DRDA),WATER_SUPPLY,1741500.0,3870000.0,98.7,False,Utilization_Certificate_PRJ000794.pdf
DOC0001589,PRJ000795,PURCHASE_BILL,TechLine IT & Lab Equipment Solutions Pvt Ltd,SCHOOL_INFRASTRUCTURE,2660000.0,2660000.0,90.1,False,Purchase_Bill_PRJ000795.pdf
DOC0001590,PRJ000795,UTILIZATION_CERTIFICATE,Thane District Rural Development Agency (DRDA),SCHOOL_INFRASTRUCTURE,2345406.91,2660000.0,94.9,False,Utilization_Certificate_PRJ000795.pdf
DOC0001591,PRJ000796,PURCHASE_BILL,SmartTransit Urban Infra Solutions,BUS_SHELTER,7560000.0,7560000.0,93.9,False,Purchase_Bill_PRJ000796.pdf
DOC0001592,PRJ000796,UTILIZATION_CERTIFICATE,Aurangabad State Water Supply & Sanitation Board (WSSB),BUS_SHELTER,7560000.0,7560000.0,96.9,False,Utilization_Certificate_PRJ000796.pdf
DOC0001593,PRJ000797,PURCHASE_BILL,Paramount Multi-Sector Construction Ltd,SPORTS_FACILITY,570000.0,570000.0,88.1,False,Purchase_Bill_PRJ000797.pdf
DOC0001594,PRJ000797,UTILIZATION_CERTIFICATE,Thane District Rural Development Agency (DRDA),SPORTS_FACILITY,137940.0,570000.0,98.6,False,Utilization_Certificate_PRJ000797.pdf
DOC0001595,PRJ000798,PURCHASE_BILL,SwachhBharat Sanitation Infra Ltd,PUBLIC_TOILET,3220000.0,3220000.0,97.4,False,Purchase_Bill_PRJ000798.pdf
DOC0001596,PRJ000798,UTILIZATION_CERTIFICATE,Aurangabad State Water Supply & Sanitation Board (WSSB),PUBLIC_TOILET,1877260.0,3220000.0,98.9,False,Utilization_Certificate_PRJ000798.pdf
DOC0001597,PRJ000799,PURCHASE_BILL,Speedway Repair & Resurfacing Contractors,ROAD_REPAIR,1760000.0,1760000.0,91.6,False,Purchase_Bill_PRJ000799.pdf
DOC0001598,PRJ000799,UTILIZATION_CERTIFICATE,Mumbai Municipal Corporation Infrastructure Cell,ROAD_REPAIR,843040.0,1760000.0,93.9,False,Utilization_Certificate_PRJ000799.pdf
DOC0001599,PRJ000800,PURCHASE_BILL,UrbanDrain Civil Engineering Co,DRAINAGE,2890000.0,2890000.0,88.5,False,Purchase_Bill_PRJ000800.pdf
DOC0001600,PRJ000800,UTILIZATION_CERTIFICATE,Thane Public Works Department (PWD),DRAINAGE,1598170.0,2890000.0,95.1,False,Utilization_Certificate_PRJ000800.pdf
DOC0001601,PRJ000801,PURCHASE_BILL,Apex Infracon & Highway Contractors,ROAD_CONSTRUCTION,3920000.0,3920000.0,88.7,False,Purchase_Bill_PRJ000801.pdf
DOC0001602,PRJ000801,UTILIZATION_CERTIFICATE,Ahmedabad District Rural Development Agency (DRDA),ROAD_CONSTRUCTION,5096000.0,3920000.0,95.5,False,Utilization_Certificate_PRJ000801.pdf
DOC0001603,PRJ000802,PURCHASE_BILL,National Civic Infrastructure Developers,COMMUNITY_HALL,4900000.0,4900000.0,91.3,False,Purchase_Bill_PRJ000802.pdf
DOC0001604,PRJ000802,UTILIZATION_CERTIFICATE,Ahmedabad District Rural Development Agency (DRDA),COMMUNITY_HALL,6811000.0,4900000.0,93.7,False,Utilization_Certificate_PRJ000802.pdf
DOC0001605,PRJ000803,PURCHASE_BILL,MedTech Healthcare Infrastructure Ltd,HEALTHCARE,2630000.0,2630000.0,89.2,False,Purchase_Bill_PRJ000803.pdf
DOC0001606,PRJ000803,UTILIZATION_CERTIFICATE,Ahmedabad District Rural Development Agency (DRDA),HEALTHCARE,2362356.75,2630000.0,94.9,False,Utilization_Certificate_PRJ000803.pdf
DOC0001607,PRJ000804,PURCHASE_BILL,National Civic Infrastructure Developers,COMMUNITY_HALL,1810000.0,1810000.0,90.6,False,Purchase_Bill_PRJ000804.pdf
DOC0001608,PRJ000804,UTILIZATION_CERTIFICATE,Thane Public Works Department (PWD),COMMUNITY_HALL,1810000.0,1810000.0,91.9,False,Utilization_Certificate_PRJ000804.pdf
DOC0001609,PRJ000805,PURCHASE_BILL,AquaPure Water Systems & Drilling Corp,WATER_SUPPLY,2010000.0,2010000.0,92.7,False,Purchase_Bill_PRJ000805.pdf
DOC0001610,PRJ000805,UTILIZATION_CERTIFICATE,Aurangabad State Water Supply & Sanitation Board (WSSB),WATER_SUPPLY,627120.0,2010000.0,95.7,False,Utilization_Certificate_PRJ000805.pdf
DOC0001611,PRJ000806,PURCHASE_BILL,Apex Infracon & Highway Contractors,ROAD_CONSTRUCTION,7990000.0,7990000.0,89.0,False,Purchase_Bill_PRJ000806.pdf
DOC0001612,PRJ000806,UTILIZATION_CERTIFICATE,Thane Public Works Department (PWD),ROAD_CONSTRUCTION,3595500.0,7990000.0,99.8,False,Utilization_Certificate_PRJ000806.pdf
DOC0001613,PRJ000807,PURCHASE_BILL,MedTech Healthcare Infrastructure Ltd,HEALTHCARE,7320000.0,7320000.0,88.1,False,Purchase_Bill_PRJ000807.pdf
DOC0001614,PRJ000807,UTILIZATION_CERTIFICATE,Ambala State Water Supply & Sanitation Board (WSSB),HEALTHCARE,3294000.0,7320000.0,94.3,False,Utilization_Certificate_PRJ000807.pdf
DOC0001615,PRJ000808,PURCHASE_BILL,SunPower Renewable Energy Systems,SOLAR_ENERGY,7560000.0,7560000.0,90.0,False,Purchase_Bill_PRJ000808.pdf
DOC0001616,PRJ000808,UTILIZATION_CERTIFICATE,Hisar Municipal Corporation Infrastructure Cell,SOLAR_ENERGY,5670000.0,7560000.0,95.4,False,Utilization_Certificate_PRJ000808.pdf
DOC0001617,PRJ000809,PURCHASE_BILL,ProSport Infrastructure & Turf Solutions,SPORTS_FACILITY,1980000.0,1980000.0,91.9,False,Purchase_Bill_PRJ000809.pdf
DOC0001618,PRJ000809,UTILIZATION_CERTIFICATE,Faridabad District Rural Development Agency (DRDA),SPORTS_FACILITY,1980000.0,1980000.0,98.2,False,Utilization_Certificate_PRJ000809.pdf
DOC0001619,PRJ000810,PURCHASE_BILL,MedTech Healthcare Infrastructure Ltd,HEALTHCARE,5040000.0,5040000.0,90.8,False,Purchase_Bill_PRJ000810.pdf
DOC0001620,PRJ000810,UTILIZATION_CERTIFICATE,Faridabad District Rural Development Agency (DRDA),HEALTHCARE,3129840.0,5040000.0,97.1,False,Utilization_Certificate_PRJ000810.pdf
DOC0001621,PRJ000811,PURCHASE_BILL,CleanWater Sanitation & Drainage Works Pvt Ltd,SANITATION,5940000.0,5940000.0,93.9,False,Purchase_Bill_PRJ000811.pdf
DOC0001622,PRJ000811,UTILIZATION_CERTIFICATE,Chandigarh State Water Supply & Sanitation Board (WSSB),SANITATION,2952180.0,5940000.0,99.5,False,Utilization_Certificate_PRJ000811.pdf
DOC0001623,PRJ000812,PURCHASE_BILL,National Civic Infrastructure Developers,COMMUNITY_HALL,2640000.0,2640000.0,95.2,False,Purchase_Bill_PRJ000812.pdf
DOC0001624,PRJ000812,UTILIZATION_CERTIFICATE,Patiala Municipal Corporation Infrastructure Cell,COMMUNITY_HALL,1188000.0,2640000.0,99.2,False,Utilization_Certificate_PRJ000812.pdf
DOC0001625,PRJ000813,PURCHASE_BILL,BridgeTech Structures Pvt Ltd,BRIDGE,4810000.0,4810000.0,94.1,False,Purchase_Bill_PRJ000813.pdf
DOC0001626,PRJ000813,UTILIZATION_CERTIFICATE,Chandigarh State Water Supply & Sanitation Board (WSSB),BRIDGE,3612310.0,4810000.0,93.3,False,Utilization_Certificate_PRJ000813.pdf
DOC0001627,PRJ000814,PURCHASE_BILL,AquaPure Water Systems & Drilling Corp,WATER_SUPPLY,3330000.0,3330000.0,96.7,False,Purchase_Bill_PRJ000814.pdf
DOC0001628,PRJ000814,UTILIZATION_CERTIFICATE,Amritsar District Rural Development Agency (DRDA),WATER_SUPPLY,4795200.0,3330000.0,96.9,False,Utilization_Certificate_PRJ000814.pdf
DOC0001629,PRJ000815,PURCHASE_BILL,AquaPure Water Systems & Drilling Corp,WATER_SUPPLY,4400000.0,4400000.0,89.5,False,Purchase_Bill_PRJ000815.pdf
DOC0001630,PRJ000815,UTILIZATION_CERTIFICATE,Varanasi District Rural Development Agency (DRDA),WATER_SUPPLY,3379200.0,4400000.0,93.9,False,Utilization_Certificate_PRJ000815.pdf
DOC0001631,PRJ000816,PURCHASE_BILL,National Civic Infrastructure Developers,COMMUNITY_HALL,6330000.0,6330000.0,89.5,False,Purchase_Bill_PRJ000816.pdf
DOC0001632,PRJ000816,UTILIZATION_CERTIFICATE,Varanasi District Rural Development Agency (DRDA),COMMUNITY_HALL,3905610.0,6330000.0,93.5,False,Utilization_Certificate_PRJ000816.pdf
DOC0001633,PRJ000817,PURCHASE_BILL,ProSport Infrastructure & Turf Solutions,SPORTS_FACILITY,4840000.0,4840000.0,89.2,False,Purchase_Bill_PRJ000817.pdf
DOC0001634,PRJ000817,UTILIZATION_CERTIFICATE,Varanasi State Water Supply & Sanitation Board (WSSB),SPORTS_FACILITY,1379400.0,4840000.0,90.6,False,Utilization_Certificate_PRJ000817.pdf
DOC0001635,PRJ000818,PURCHASE_BILL,SunPower Renewable Energy Systems,SOLAR_ENERGY,690000.0,690000.0,88.5,False,Purchase_Bill_PRJ000818.pdf
DOC0001636,PRJ000818,UTILIZATION_CERTIFICATE,Varanasi State Water Supply & Sanitation Board (WSSB),SOLAR_ENERGY,380880.0,690000.0,99.6,False,Utilization_Certificate_PRJ000818.pdf
DOC0001637,PRJ000819,PURCHASE_BILL,Apex Infracon & Highway Contractors,ROAD_CONSTRUCTION,5140000.0,5140000.0,96.7,False,Purchase_Bill_PRJ000819.pdf
DOC0001638,PRJ000819,UTILIZATION_CERTIFICATE,Kanpur Municipal Corporation Infrastructure Cell,ROAD_CONSTRUCTION,2441500.0,5140000.0,97.4,False,Utilization_Certificate_PRJ000819.pdf
DOC0001639,PRJ000820,PURCHASE_BILL,National Civic Infrastructure Developers,COMMUNITY_HALL,570000.0,570000.0,88.5,False,Purchase_Bill_PRJ000820.pdf
DOC0001640,PRJ000820,UTILIZATION_CERTIFICATE,Madurai District Rural Development Agency (DRDA),COMMUNITY_HALL,349410.0,570000.0,91.2,False,Utilization_Certificate_PRJ000820.pdf
DOC0001641,PRJ000821,PURCHASE_BILL,SwachhBharat Sanitation Infra Ltd,PUBLIC_TOILET,2550000.0,2550000.0,91.2,False,Purchase_Bill_PRJ000821.pdf
DOC0001642,PRJ000821,UTILIZATION_CERTIFICATE,Tiruchirappalli Municipal Corporation Infrastructure Cell,PUBLIC_TOILET,2550000.0,2550000.0,92.7,False,Utilization_Certificate_PRJ000821.pdf
DOC0001643,PRJ000822,PURCHASE_BILL,SwachhBharat Sanitation Infra Ltd,PUBLIC_TOILET,7800000.0,7800000.0,93.3,False,Purchase_Bill_PRJ000822.pdf
DOC0001644,PRJ000822,UTILIZATION_CERTIFICATE,Chennai State Water Supply & Sanitation Board (WSSB),PUBLIC_TOILET,5670600.0,7800000.0,98.1,False,Utilization_Certificate_PRJ000822.pdf
DOC0001645,PRJ000823,PURCHASE_BILL,Paramount Multi-Sector Construction Ltd,ROAD_REPAIR,4550000.0,4550000.0,94.7,False,Purchase_Bill_PRJ000823.pdf
DOC0001646,PRJ000823,UTILIZATION_CERTIFICATE,Guntur District Rural Development Agency (DRDA),ROAD_REPAIR,1255800.0,4550000.0,96.9,False,Utilization_Certificate_PRJ000823.pdf
DOC0001647,PRJ000824,PURCHASE_BILL,Apex Infracon & Highway Contractors,ROAD_CONSTRUCTION,1090000.0,1090000.0,96.8,False,Purchase_Bill_PRJ000824.pdf
DOC0001648,PRJ000824,UTILIZATION_CERTIFICATE,Guntur Municipal Corporation Infrastructure Cell,ROAD_CONSTRUCTION,806600.0,1090000.0,90.5,False,Utilization_Certificate_PRJ000824.pdf
DOC0001649,PRJ000825,PURCHASE_BILL,SwachhBharat Sanitation Infra Ltd,PUBLIC_TOILET,1030000.0,1030000.0,96.2,False,Purchase_Bill_PRJ000825.pdf
DOC0001650,PRJ000825,UTILIZATION_CERTIFICATE,Thane District Rural Development Agency (DRDA),PUBLIC_TOILET,539720.0,1030000.0,98.0,False,Utilization_Certificate_PRJ000825.pdf
DOC0001651,PRJ000826,PURCHASE_BILL,SunPower Renewable Energy Systems,SOLAR_ENERGY,1760000.0,1760000.0,92.3,False,Purchase_Bill_PRJ000826.pdf
DOC0001652,PRJ000826,UTILIZATION_CERTIFICATE,Thane Public Works Department (PWD),SOLAR_ENERGY,792000.0,1760000.0,92.5,False,Utilization_Certificate_PRJ000826.pdf
DOC0001653,PRJ000827,PURCHASE_BILL,Speedway Repair & Resurfacing Contractors,ROAD_REPAIR,7048683.39,5300000.0,71.8,True,Purchase_Bill_PRJ000827.pdf
DOC0001654,PRJ000827,UTILIZATION_CERTIFICATE,Thane District Rural Development Agency (DRDA),ROAD_REPAIR,1552900.0,5300000.0,95.8,False,Utilization_Certificate_PRJ000827.pdf
DOC0001655,PRJ000828,PURCHASE_BILL,AquaPure Water Systems & Drilling Corp,WATER_SUPPLY,2100000.0,2100000.0,90.2,False,Purchase_Bill_PRJ000828.pdf
DOC0001656,PRJ000828,UTILIZATION_CERTIFICATE,Thane Public Works Department (PWD),WATER_SUPPLY,535500.0,2100000.0,97.2,False,Utilization_Certificate_PRJ000828.pdf
DOC0001657,PRJ000829,PURCHASE_BILL,CleanWater Sanitation & Drainage Works Pvt Ltd,SANITATION,5000000.0,5000000.0,89.7,False,Purchase_Bill_PRJ000829.pdf
DOC0001658,PRJ000829,UTILIZATION_CERTIFICATE,Madurai Public Works Department (PWD),SANITATION,2660000.0,5000000.0,93.6,False,Utilization_Certificate_PRJ000829.pdf
DOC0001659,PRJ000830,PURCHASE_BILL,ProSport Infrastructure & Turf Solutions,SPORTS_FACILITY,1640000.0,1640000.0,94.0,False,Purchase_Bill_PRJ000830.pdf
DOC0001660,PRJ000830,UTILIZATION_CERTIFICATE,Tiruchirappalli Municipal Corporation Infrastructure Cell,SPORTS_FACILITY,903640.0,1640000.0,94.1,False,Utilization_Certificate_PRJ000830.pdf
DOC0001661,PRJ000831,PURCHASE_BILL,AquaPure Water Systems & Drilling Corp,WATER_SUPPLY,1770000.0,1770000.0,94.7,False,Purchase_Bill_PRJ000831.pdf
DOC0001662,PRJ000831,UTILIZATION_CERTIFICATE,Tiruchirappalli Municipal Corporation Infrastructure Cell,WATER_SUPPLY,796500.0,1770000.0,96.7,False,Utilization_Certificate_PRJ000831.pdf
DOC0001663,PRJ000832,PURCHASE_BILL,SwachhBharat Sanitation Infra Ltd,PUBLIC_TOILET,1870000.0,1870000.0,93.3,False,Purchase_Bill_PRJ000832.pdf
DOC0001664,PRJ000832,UTILIZATION_CERTIFICATE,Tiruchirappalli Municipal Corporation Infrastructure Cell,PUBLIC_TOILET,1870000.0,1870000.0,99.3,False,Utilization_Certificate_PRJ000832.pdf
DOC0001665,PRJ000833,PURCHASE_BILL,UrbanDrain Civil Engineering Co,DRAINAGE,5900000.0,5900000.0,89.4,False,Purchase_Bill_PRJ000833.pdf
DOC0001666,PRJ000833,UTILIZATION_CERTIFICATE,Madurai Public Works Department (PWD),DRAINAGE,227736.98,5900000.0,97.8,False,Utilization_Certificate_PRJ000833.pdf
DOC0001667,PRJ000834,PURCHASE_BILL,UrbanDrain Civil Engineering Co,DRAINAGE,3290000.0,3290000.0,90.3,False,Purchase_Bill_PRJ000834.pdf
DOC0001668,PRJ000834,UTILIZATION_CERTIFICATE,Hisar Public Works Department (PWD),DRAINAGE,1904910.0,3290000.0,95.6,False,Utilization_Certificate_PRJ000834.pdf
DOC0001669,PRJ000835,PURCHASE_BILL,ProSport Infrastructure & Turf Solutions,SPORTS_FACILITY,6830000.0,6830000.0,91.9,False,Purchase_Bill_PRJ000835.pdf
DOC0001670,PRJ000835,UTILIZATION_CERTIFICATE,Faridabad District Rural Development Agency (DRDA),SPORTS_FACILITY,6830000.0,6830000.0,96.1,False,Utilization_Certificate_PRJ000835.pdf
DOC0001671,PRJ000836,PURCHASE_BILL,CleanWater Sanitation & Drainage Works Pvt Ltd,SANITATION,2390000.0,2390000.0,96.5,False,Purchase_Bill_PRJ000836.pdf
DOC0001672,PRJ000836,UTILIZATION_CERTIFICATE,Sopore State Water Supply & Sanitation Board (WSSB),SANITATION,1075500.0,2390000.0,95.2,False,Utilization_Certificate_PRJ000836.pdf
DOC0001673,PRJ000837,PURCHASE_BILL,SmartTransit Urban Infra Solutions,BUS_SHELTER,1400000.0,1400000.0,89.7,False,Purchase_Bill_PRJ000837.pdf
DOC0001674,PRJ000837,UTILIZATION_CERTIFICATE,Leh Public Works Department (PWD),BUS_SHELTER,73530.12,1400000.0,98.3,False,Utilization_Certificate_PRJ000837.pdf
DOC0001675,PRJ000838,PURCHASE_BILL,TechLine IT & Lab Equipment Solutions Pvt Ltd,SCHOOL_INFRASTRUCTURE,4730000.0,4730000.0,94.4,False,Purchase_Bill_PRJ000838.pdf
DOC0001676,PRJ000838,UTILIZATION_CERTIFICATE,Sopore District Rural Development Agency (DRDA),SCHOOL_INFRASTRUCTURE,2156880.0,4730000.0,94.6,False,Utilization_Certificate_PRJ000838.pdf
DOC0001677,PRJ000839,PURCHASE_BILL,MedTech Healthcare Infrastructure Ltd,HEALTHCARE,2930000.0,2930000.0,91.8,False,Purchase_Bill_PRJ000839.pdf
DOC0001678,PRJ000839,UTILIZATION_CERTIFICATE,Mumbai Municipal Corporation Infrastructure Cell,HEALTHCARE,835050.0,2930000.0,91.5,False,Utilization_Certificate_PRJ000839.pdf
DOC0001679,PRJ000840,PURCHASE_BILL,CleanWater Sanitation & Drainage Works Pvt Ltd,SANITATION,7650000.0,7650000.0,96.2,False,Purchase_Bill_PRJ000840.pdf
DOC0001680,PRJ000840,UTILIZATION_CERTIFICATE,Thane District Rural Development Agency (DRDA),SANITATION,10251000.0,7650000.0,93.2,False,Utilization_Certificate_PRJ000840.pdf
DOC0001681,PRJ000841,PURCHASE_BILL,SmartTransit Urban Infra Solutions,BUS_SHELTER,3600000.0,3600000.0,93.3,False,Purchase_Bill_PRJ000841.pdf
DOC0001682,PRJ000841,UTILIZATION_CERTIFICATE,Mumbai Municipal Corporation Infrastructure Cell,BUS_SHELTER,1620000.0,3600000.0,96.3,False,Utilization_Certificate_PRJ000841.pdf
DOC0001683,PRJ000842,PURCHASE_BILL,BridgeTech Structures Pvt Ltd,BRIDGE,6520000.0,6520000.0,95.7,False,Purchase_Bill_PRJ000842.pdf
DOC0001684,PRJ000842,UTILIZATION_CERTIFICATE,Thane District Rural Development Agency (DRDA),BRIDGE,5362812.6,6520000.0,97.8,False,Utilization_Certificate_PRJ000842.pdf
DOC0001685,PRJ000843,PURCHASE_BILL,Speedway Repair & Resurfacing Contractors,ROAD_REPAIR,7740000.0,7740000.0,89.9,False,Purchase_Bill_PRJ000843.pdf
DOC0001686,PRJ000843,UTILIZATION_CERTIFICATE,Jorhat State Water Supply & Sanitation Board (WSSB),ROAD_REPAIR,205421.52,7740000.0,94.5,False,Utilization_Certificate_PRJ000843.pdf
DOC0001687,PRJ000844,PURCHASE_BILL,Apex Infracon & Highway Contractors,ROAD_CONSTRUCTION,3880000.0,3880000.0,91.7,False,Purchase_Bill_PRJ000844.pdf
DOC0001688,PRJ000844,UTILIZATION_CERTIFICATE,Guwahati District Rural Development Agency (DRDA),ROAD_CONSTRUCTION,5548400.0,3880000.0,91.2,False,Utilization_Certificate_PRJ000844.pdf
DOC0001689,PRJ000845,PURCHASE_BILL,CleanWater Sanitation & Drainage Works Pvt Ltd,SANITATION,7820000.0,7820000.0,95.8,False,Purchase_Bill_PRJ000845.pdf
DOC0001690,PRJ000845,UTILIZATION_CERTIFICATE,Tezpur Public Works Department (PWD),SANITATION,6342020.0,7820000.0,91.1,False,Utilization_Certificate_PRJ000845.pdf
DOC0001691,PRJ000846,PURCHASE_BILL,National Civic Infrastructure Developers,COMMUNITY_HALL,3670000.0,3670000.0,89.9,False,Purchase_Bill_PRJ000846.pdf
DOC0001692,PRJ000846,UTILIZATION_CERTIFICATE,Central Delhi District Rural Development Agency (DRDA),COMMUNITY_HALL,3670000.0,3670000.0,99.9,False,Utilization_Certificate_PRJ000846.pdf
DOC0001693,PRJ000847,PURCHASE_BILL,TechLine IT & Lab Equipment Solutions Pvt Ltd,SCHOOL_INFRASTRUCTURE,2300000.0,2300000.0,90.6,False,Purchase_Bill_PRJ000847.pdf
DOC0001694,PRJ000847,UTILIZATION_CERTIFICATE,Central Delhi District Rural Development Agency (DRDA),SCHOOL_INFRASTRUCTURE,1035000.0,2300000.0,92.8,False,Utilization_Certificate_PRJ000847.pdf
DOC0001695,PRJ000848,PURCHASE_BILL,ProSport Infrastructure & Turf Solutions,SPORTS_FACILITY,3450000.0,3450000.0,90.8,False,Purchase_Bill_PRJ000848.pdf
DOC0001696,PRJ000848,UTILIZATION_CERTIFICATE,Jorhat State Water Supply & Sanitation Board (WSSB),SPORTS_FACILITY,88435.36,3450000.0,97.6,False,Utilization_Certificate_PRJ000848.pdf
DOC0001697,PRJ000849,PURCHASE_BILL,CleanWater Sanitation & Drainage Works Pvt Ltd,SANITATION,1720000.0,1720000.0,97.0,False,Purchase_Bill_PRJ000849.pdf
DOC0001698,PRJ000849,UTILIZATION_CERTIFICATE,Guwahati District Rural Development Agency (DRDA),SANITATION,1411734.22,1720000.0,95.7,False,Utilization_Certificate_PRJ000849.pdf
DOC0001699,PRJ000850,PURCHASE_BILL,SunPower Renewable Energy Systems,SOLAR_ENERGY,7090000.0,7090000.0,94.9,False,Purchase_Bill_PRJ000850.pdf
DOC0001700,PRJ000850,UTILIZATION_CERTIFICATE,Thane Public Works Department (PWD),SOLAR_ENERGY,5799620.0,7090000.0,95.1,False,Utilization_Certificate_PRJ000850.pdf
DOC0001701,PRJ000851,PURCHASE_BILL,TechLine IT & Lab Equipment Solutions Pvt Ltd,SCHOOL_INFRASTRUCTURE,3060000.0,3060000.0,96.0,False,Purchase_Bill_PRJ000851.pdf
DOC0001702,PRJ000851,UTILIZATION_CERTIFICATE,Thane District Rural Development Agency (DRDA),SCHOOL_INFRASTRUCTURE,2496742.76,3060000.0,91.1,False,Utilization_Certificate_PRJ000851.pdf
DOC0001703,PRJ000852,PURCHASE_BILL,Apex Infracon & Highway Contractors,ROAD_CONSTRUCTION,3780000.0,3780000.0,90.2,False,Purchase_Bill_PRJ000852.pdf
DOC0001704,PRJ000852,UTILIZATION_CERTIFICATE,Mumbai Municipal Corporation Infrastructure Cell,ROAD_CONSTRUCTION,763560.0,3780000.0,94.4,False,Utilization_Certificate_PRJ000852.pdf
DOC0001705,PRJ000853,PURCHASE_BILL,SmartTransit Urban Infra Solutions,BUS_SHELTER,4870000.0,4870000.0,88.5,False,Purchase_Bill_PRJ000853.pdf
DOC0001706,PRJ000853,UTILIZATION_CERTIFICATE,Mumbai Municipal Corporation Infrastructure Cell,BUS_SHELTER,4870000.0,4870000.0,99.5,False,Utilization_Certificate_PRJ000853.pdf
DOC0001707,PRJ000854,PURCHASE_BILL,UrbanDrain Civil Engineering Co,DRAINAGE,7870000.0,7870000.0,88.4,False,Purchase_Bill_PRJ000854.pdf
DOC0001708,PRJ000854,UTILIZATION_CERTIFICATE,Varanasi District Rural Development Agency (DRDA),DRAINAGE,5776580.0,7870000.0,95.9,False,Utilization_Certificate_PRJ000854.pdf
DOC0001709,PRJ000855,PURCHASE_BILL,CleanWater Sanitation & Drainage Works Pvt Ltd,SANITATION,1020000.0,1020000.0,97.7,False,Purchase_Bill_PRJ000855.pdf
DOC0001710,PRJ000855,UTILIZATION_CERTIFICATE,Varanasi District Rural Development Agency (DRDA),SANITATION,1020000.0,1020000.0,97.7,False,Utilization_Certificate_PRJ000855.pdf
DOC0001711,PRJ000856,PURCHASE_BILL,CleanWater Sanitation & Drainage Works Pvt Ltd,SANITATION,7820000.0,7820000.0,94.4,False,Purchase_Bill_PRJ000856.pdf
DOC0001712,PRJ000856,UTILIZATION_CERTIFICATE,Varanasi District Rural Development Agency (DRDA),SANITATION,6321285.21,7820000.0,92.4,False,Utilization_Certificate_PRJ000856.pdf
DOC0001713,PRJ000857,PURCHASE_BILL,Paramount Multi-Sector Construction Ltd,BUS_SHELTER,5610000.0,5610000.0,95.2,False,Purchase_Bill_PRJ000857.pdf
DOC0001714,PRJ000857,UTILIZATION_CERTIFICATE,Berhampur District Rural Development Agency (DRDA),BUS_SHELTER,1699830.0,5610000.0,93.3,False,Utilization_Certificate_PRJ000857.pdf
DOC0001715,PRJ000858,PURCHASE_BILL,MedTech Healthcare Infrastructure Ltd,HEALTHCARE,3770000.0,3770000.0,95.4,False,Purchase_Bill_PRJ000858.pdf
DOC0001716,PRJ000858,UTILIZATION_CERTIFICATE,Berhampur District Rural Development Agency (DRDA),HEALTHCARE,5579600.0,3770000.0,97.6,False,Utilization_Certificate_PRJ000858.pdf
DOC0001717,PRJ000859,PURCHASE_BILL,Apex Infracon & Highway Contractors,ROAD_CONSTRUCTION,10378173.98,7870000.0,52.4,True,Purchase_Bill_PRJ000859.pdf
DOC0001718,PRJ000859,UTILIZATION_CERTIFICATE,Puri Municipal Corporation Infrastructure Cell,ROAD_CONSTRUCTION,2486920.0,7870000.0,98.9,False,Utilization_Certificate_PRJ000859.pdf
DOC0001719,PRJ000860,PURCHASE_BILL,Speedway Repair & Resurfacing Contractors,ROAD_REPAIR,7780000.0,7780000.0,91.8,False,Purchase_Bill_PRJ000860.pdf
DOC0001720,PRJ000860,UTILIZATION_CERTIFICATE,Udaipur Municipal Corporation Infrastructure Cell,ROAD_REPAIR,1734940.0,7780000.0,91.0,False,Utilization_Certificate_PRJ000860.pdf
DOC0001721,PRJ000861,PURCHASE_BILL,Speedway Repair & Resurfacing Contractors,ROAD_REPAIR,3790000.0,3790000.0,89.2,False,Purchase_Bill_PRJ000861.pdf
DOC0001722,PRJ000861,UTILIZATION_CERTIFICATE,Kota State Water Supply & Sanitation Board (WSSB),ROAD_REPAIR,2842500.0,3790000.0,96.7,False,Utilization_Certificate_PRJ000861.pdf
DOC0001723,PRJ000862,PURCHASE_BILL,TechLine IT & Lab Equipment Solutions Pvt Ltd,SCHOOL_INFRASTRUCTURE,2970000.0,2970000.0,96.7,False,Purchase_Bill_PRJ000862.pdf
DOC0001724,PRJ000862,UTILIZATION_CERTIFICATE,Bikaner Public Works Department (PWD),SCHOOL_INFRASTRUCTURE,2970000.0,2970000.0,94.5,False,Utilization_Certificate_PRJ000862.pdf
DOC0001725,PRJ000863,PURCHASE_BILL,Paramount Multi-Sector Construction Ltd,BRIDGE,5350000.0,5350000.0,88.7,False,Purchase_Bill_PRJ000863.pdf
DOC0001726,PRJ000863,UTILIZATION_CERTIFICATE,Udaipur District Rural Development Agency (DRDA),BRIDGE,1107450.0,5350000.0,93.2,False,Utilization_Certificate_PRJ000863.pdf
DOC0001727,PRJ000864,PURCHASE_BILL,SmartTransit Urban Infra Solutions,BUS_SHELTER,7380000.0,7380000.0,88.8,False,Purchase_Bill_PRJ000864.pdf
DOC0001728,PRJ000864,UTILIZATION_CERTIFICATE,Kota State Water Supply & Sanitation Board (WSSB),BUS_SHELTER,3350520.0,7380000.0,90.5,False,Utilization_Certificate_PRJ000864.pdf
DOC0001729,PRJ000865,PURCHASE_BILL,CleanWater Sanitation & Drainage Works Pvt Ltd,SANITATION,2460000.0,2460000.0,96.7,False,Purchase_Bill_PRJ000865.pdf
DOC0001730,PRJ000865,UTILIZATION_CERTIFICATE,Siliguri State Water Supply & Sanitation Board (WSSB),SANITATION,757680.0,2460000.0,94.5,False,Utilization_Certificate_PRJ000865.pdf
DOC0001731,PRJ000866,PURCHASE_BILL,UrbanDrain Civil Engineering Co,DRAINAGE,2890000.0,2890000.0,88.8,False,Purchase_Bill_PRJ000866.pdf
DOC0001732,PRJ000866,UTILIZATION_CERTIFICATE,Siliguri State Water Supply & Sanitation Board (WSSB),DRAINAGE,2890000.0,2890000.0,93.5,False,Utilization_Certificate_PRJ000866.pdf
DOC0001733,PRJ000867,PURCHASE_BILL,AquaPure Water Systems & Drilling Corp,WATER_SUPPLY,7080000.0,7080000.0,94.1,False,Purchase_Bill_PRJ000867.pdf
DOC0001734,PRJ000867,UTILIZATION_CERTIFICATE,Kolkata District Rural Development Agency (DRDA),WATER_SUPPLY,9770400.0,7080000.0,95.1,False,Utilization_Certificate_PRJ000867.pdf
DOC0001735,PRJ000868,PURCHASE_BILL,AquaPure Water Systems & Drilling Corp,WATER_SUPPLY,7300000.0,7300000.0,96.2,False,Purchase_Bill_PRJ000868.pdf
DOC0001736,PRJ000868,UTILIZATION_CERTIFICATE,Kolkata District Rural Development Agency (DRDA),WATER_SUPPLY,8833000.0,7300000.0,98.4,False,Utilization_Certificate_PRJ000868.pdf
DOC0001737,PRJ000869,PURCHASE_BILL,SunPower Renewable Energy Systems,SOLAR_ENERGY,7420000.0,7420000.0,90.5,False,Purchase_Bill_PRJ000869.pdf
DOC0001738,PRJ000869,UTILIZATION_CERTIFICATE,East Delhi Public Works Department (PWD),SOLAR_ENERGY,403618.17,7420000.0,90.6,False,Utilization_Certificate_PRJ000869.pdf
DOC0001739,PRJ000870,PURCHASE_BILL,Speedway Repair & Resurfacing Contractors,ROAD_REPAIR,4130000.0,4130000.0,97.3,False,Purchase_Bill_PRJ000870.pdf
DOC0001740,PRJ000870,UTILIZATION_CERTIFICATE,Central Delhi State Water Supply & Sanitation Board (WSSB),ROAD_REPAIR,1858500.0,4130000.0,90.7,False,Utilization_Certificate_PRJ000870.pdf
DOC0001741,PRJ000871,PURCHASE_BILL,TechLine IT & Lab Equipment Solutions Pvt Ltd,SCHOOL_INFRASTRUCTURE,6540000.0,6540000.0,92.1,False,Purchase_Bill_PRJ000871.pdf
DOC0001742,PRJ000871,UTILIZATION_CERTIFICATE,Varanasi Public Works Department (PWD),SCHOOL_INFRASTRUCTURE,4905000.0,6540000.0,94.9,False,Utilization_Certificate_PRJ000871.pdf
DOC0001743,PRJ000872,PURCHASE_BILL,TechLine IT & Lab Equipment Solutions Pvt Ltd,SCHOOL_INFRASTRUCTURE,1660000.0,1660000.0,89.5,False,Purchase_Bill_PRJ000872.pdf
DOC0001744,PRJ000872,UTILIZATION_CERTIFICATE,Varanasi State Water Supply & Sanitation Board (WSSB),SCHOOL_INFRASTRUCTURE,1660000.0,1660000.0,91.9,False,Utilization_Certificate_PRJ000872.pdf
DOC0001745,PRJ000873,PURCHASE_BILL,Apex Infracon & Highway Contractors,ROAD_CONSTRUCTION,2700000.0,2700000.0,90.3,False,Purchase_Bill_PRJ000873.pdf
DOC0001746,PRJ000873,UTILIZATION_CERTIFICATE,Thane Public Works Department (PWD),ROAD_CONSTRUCTION,1957500.0,2700000.0,91.4,False,Utilization_Certificate_PRJ000873.pdf
DOC0001747,PRJ000874,PURCHASE_BILL,ProSport Infrastructure & Turf Solutions,SPORTS_FACILITY,5530000.0,5530000.0,90.4,False,Purchase_Bill_PRJ000874.pdf
DOC0001748,PRJ000874,UTILIZATION_CERTIFICATE,Aurangabad State Water Supply & Sanitation Board (WSSB),SPORTS_FACILITY,5530000.0,5530000.0,94.0,False,Utilization_Certificate_PRJ000874.pdf
DOC0001749,PRJ000875,PURCHASE_BILL,CleanWater Sanitation & Drainage Works Pvt Ltd,SANITATION,5120000.0,5120000.0,89.1,False,Purchase_Bill_PRJ000875.pdf
DOC0001750,PRJ000875,UTILIZATION_CERTIFICATE,Mumbai Municipal Corporation Infrastructure Cell,SANITATION,2728960.0,5120000.0,91.8,False,Utilization_Certificate_PRJ000875.pdf
DOC0001751,PRJ000876,PURCHASE_BILL,Apex Infracon & Highway Contractors,ROAD_CONSTRUCTION,5940000.0,5940000.0,91.4,False,Purchase_Bill_PRJ000876.pdf
DOC0001752,PRJ000876,UTILIZATION_CERTIFICATE,Thane District Rural Development Agency (DRDA),ROAD_CONSTRUCTION,7009200.0,5940000.0,98.7,False,Utilization_Certificate_PRJ000876.pdf
DOC0001753,PRJ000877,PURCHASE_BILL,BridgeTech Structures Pvt Ltd,BRIDGE,5560000.0,5560000.0,90.8,False,Purchase_Bill_PRJ000877.pdf
DOC0001754,PRJ000877,UTILIZATION_CERTIFICATE,Thane District Rural Development Agency (DRDA),BRIDGE,169670.04,5560000.0,93.5,False,Utilization_Certificate_PRJ000877.pdf
DOC0001755,PRJ000878,PURCHASE_BILL,CleanWater Sanitation & Drainage Works Pvt Ltd,SANITATION,6200000.0,6200000.0,97.0,False,Purchase_Bill_PRJ000878.pdf
DOC0001756,PRJ000878,UTILIZATION_CERTIFICATE,Udaipur District Rural Development Agency (DRDA),SANITATION,172012.05,6200000.0,96.8,False,Utilization_Certificate_PRJ000878.pdf
DOC0001757,PRJ000879,PURCHASE_BILL,BridgeTech Structures Pvt Ltd,BRIDGE,3650000.0,3650000.0,92.6,False,Purchase_Bill_PRJ000879.pdf
DOC0001758,PRJ000879,UTILIZATION_CERTIFICATE,Udaipur Municipal Corporation Infrastructure Cell,BRIDGE,2244750.0,3650000.0,95.5,False,Utilization_Certificate_PRJ000879.pdf
DOC0001759,PRJ000880,PURCHASE_BILL,SunPower Renewable Energy Systems,SOLAR_ENERGY,4730000.0,4730000.0,90.1,False,Purchase_Bill_PRJ000880.pdf
DOC0001760,PRJ000880,UTILIZATION_CERTIFICATE,Udaipur District Rural Development Agency (DRDA),SOLAR_ENERGY,2639340.0,4730000.0,95.3,False,Utilization_Certificate_PRJ000880.pdf
DOC0001761,PRJ000881,PURCHASE_BILL,SunPower Renewable Energy Systems,SOLAR_ENERGY,2890000.0,2890000.0,94.0,False,Purchase_Bill_PRJ000881.pdf
DOC0001762,PRJ000881,UTILIZATION_CERTIFICATE,Udaipur District Rural Development Agency (DRDA),SOLAR_ENERGY,4219400.0,2890000.0,95.4,False,Utilization_Certificate_PRJ000881.pdf
DOC0001763,PRJ000882,PURCHASE_BILL,Paramount Multi-Sector Construction Ltd,COMMUNITY_HALL,5030000.0,5030000.0,93.4,False,Purchase_Bill_PRJ000882.pdf
DOC0001764,PRJ000882,UTILIZATION_CERTIFICATE,Thane District Rural Development Agency (DRDA),COMMUNITY_HALL,1720260.0,5030000.0,94.5,False,Utilization_Certificate_PRJ000882.pdf
DOC0001765,PRJ000883,PURCHASE_BILL,Apex Infracon & Highway Contractors,ROAD_CONSTRUCTION,1760000.0,1760000.0,93.0,False,Purchase_Bill_PRJ000883.pdf
DOC0001766,PRJ000883,UTILIZATION_CERTIFICATE,Aurangabad State Water Supply & Sanitation Board (WSSB),ROAD_CONSTRUCTION,1760000.0,1760000.0,92.9,False,Utilization_Certificate_PRJ000883.pdf
DOC0001767,PRJ000884,PURCHASE_BILL,Paramount Multi-Sector Construction Ltd,COMMUNITY_HALL,7100000.0,7100000.0,96.3,False,Purchase_Bill_PRJ000884.pdf
DOC0001768,PRJ000884,UTILIZATION_CERTIFICATE,Thane District Rural Development Agency (DRDA),COMMUNITY_HALL,2406900.0,7100000.0,91.0,False,Utilization_Certificate_PRJ000884.pdf
DOC0001769,PRJ000885,PURCHASE_BILL,AquaPure Water Systems & Drilling Corp,WATER_SUPPLY,2560000.0,2560000.0,89.5,False,Purchase_Bill_PRJ000885.pdf
DOC0001770,PRJ000885,UTILIZATION_CERTIFICATE,Thane Public Works Department (PWD),WATER_SUPPLY,1556480.0,2560000.0,97.4,False,Utilization_Certificate_PRJ000885.pdf
DOC0001771,PRJ000886,PURCHASE_BILL,National Civic Infrastructure Developers,COMMUNITY_HALL,4870000.0,4870000.0,89.0,False,Purchase_Bill_PRJ000886.pdf
DOC0001772,PRJ000886,UTILIZATION_CERTIFICATE,Puri State Water Supply & Sanitation Board (WSSB),COMMUNITY_HALL,255230.76,4870000.0,94.8,False,Utilization_Certificate_PRJ000886.pdf
DOC0001773,PRJ000887,PURCHASE_BILL,Paramount Multi-Sector Construction Ltd,BUS_SHELTER,1360000.0,1360000.0,92.9,False,Purchase_Bill_PRJ000887.pdf
DOC0001774,PRJ000887,UTILIZATION_CERTIFICATE,Berhampur District Rural Development Agency (DRDA),BUS_SHELTER,429760.0,1360000.0,92.9,False,Utilization_Certificate_PRJ000887.pdf
DOC0001775,PRJ000888,PURCHASE_BILL,ProSport Infrastructure & Turf Solutions,SPORTS_FACILITY,10638757.53,7960000.0,51.7,True,Purchase_Bill_PRJ000888.pdf
DOC0001776,PRJ000888,UTILIZATION_CERTIFICATE,Puri Public Works Department (PWD),SPORTS_FACILITY,4322280.0,7960000.0,94.0,False,Utilization_Certificate_PRJ000888.pdf
DOC0001777,PRJ000889,PURCHASE_BILL,CleanWater Sanitation & Drainage Works Pvt Ltd,SANITATION,3900000.0,3900000.0,91.9,False,Purchase_Bill_PRJ000889.pdf
DOC0001778,PRJ000889,UTILIZATION_CERTIFICATE,Puri Public Works Department (PWD),SANITATION,3900000.0,3900000.0,95.8,False,Utilization_Certificate_PRJ000889.pdf
DOC0001779,PRJ000890,PURCHASE_BILL,UrbanDrain Civil Engineering Co,DRAINAGE,1370000.0,1370000.0,94.6,False,Purchase_Bill_PRJ000890.pdf
DOC0001780,PRJ000890,UTILIZATION_CERTIFICATE,Guntur District Rural Development Agency (DRDA),DRAINAGE,1031610.0,1370000.0,98.6,False,Utilization_Certificate_PRJ000890.pdf
DOC0001781,PRJ000891,PURCHASE_BILL,Paramount Multi-Sector Construction Ltd,ROAD_CONSTRUCTION,620000.0,620000.0,90.3,False,Purchase_Bill_PRJ000891.pdf
DOC0001782,PRJ000891,UTILIZATION_CERTIFICATE,Guntur District Rural Development Agency (DRDA),ROAD_CONSTRUCTION,193440.0,620000.0,97.0,False,Utilization_Certificate_PRJ000891.pdf
DOC0001783,PRJ000892,PURCHASE_BILL,AquaPure Water Systems & Drilling Corp,WATER_SUPPLY,1670000.0,1670000.0,94.1,False,Purchase_Bill_PRJ000892.pdf
DOC0001784,PRJ000892,UTILIZATION_CERTIFICATE,Amritsar District Rural Development Agency (DRDA),WATER_SUPPLY,1533369.13,1670000.0,91.2,False,Utilization_Certificate_PRJ000892.pdf
DOC0001785,PRJ000893,PURCHASE_BILL,UrbanDrain Civil Engineering Co,DRAINAGE,6770000.0,6770000.0,91.8,False,Purchase_Bill_PRJ000893.pdf
DOC0001786,PRJ000893,UTILIZATION_CERTIFICATE,Patiala Municipal Corporation Infrastructure Cell,DRAINAGE,2457510.0,6770000.0,97.0,False,Utilization_Certificate_PRJ000893.pdf
DOC0001787,PRJ000894,PURCHASE_BILL,Apex Infracon & Highway Contractors,ROAD_CONSTRUCTION,6910000.0,6910000.0,93.1,False,Purchase_Bill_PRJ000894.pdf
DOC0001788,PRJ000894,UTILIZATION_CERTIFICATE,Patiala Municipal Corporation Infrastructure Cell,ROAD_CONSTRUCTION,4643520.0,6910000.0,99.5,False,Utilization_Certificate_PRJ000894.pdf
DOC0001789,PRJ000895,PURCHASE_BILL,SunPower Renewable Energy Systems,SOLAR_ENERGY,5560000.0,5560000.0,91.6,False,Purchase_Bill_PRJ000895.pdf
DOC0001790,PRJ000895,UTILIZATION_CERTIFICATE,Gwalior State Water Supply & Sanitation Board (WSSB),SOLAR_ENERGY,2568720.0,5560000.0,91.7,False,Utilization_Certificate_PRJ000895.pdf
DOC0001791,PRJ000896,PURCHASE_BILL,CleanWater Sanitation & Drainage Works Pvt Ltd,SANITATION,4620000.0,4620000.0,92.5,False,Purchase_Bill_PRJ000896.pdf
DOC0001792,PRJ000896,UTILIZATION_CERTIFICATE,Gwalior State Water Supply & Sanitation Board (WSSB),SANITATION,3465000.0,4620000.0,94.9,False,Utilization_Certificate_PRJ000896.pdf
DOC0001793,PRJ000897,PURCHASE_BILL,SmartTransit Urban Infra Solutions,BUS_SHELTER,7550000.0,7550000.0,93.3,False,Purchase_Bill_PRJ000897.pdf
DOC0001794,PRJ000897,UTILIZATION_CERTIFICATE,Ujjain District Rural Development Agency (DRDA),BUS_SHELTER,3397500.0,7550000.0,91.4,False,Utilization_Certificate_PRJ000897.pdf
DOC0001795,PRJ000898,PURCHASE_BILL,ProSport Infrastructure & Turf Solutions,SPORTS_FACILITY,2210000.0,2210000.0,95.1,False,Purchase_Bill_PRJ000898.pdf
DOC0001796,PRJ000898,UTILIZATION_CERTIFICATE,Jalandhar Public Works Department (PWD),SPORTS_FACILITY,914940.0,2210000.0,95.8,False,Utilization_Certificate_PRJ000898.pdf
DOC0001797,PRJ000899,PURCHASE_BILL,ProSport Infrastructure & Turf Solutions,SPORTS_FACILITY,1890000.0,1890000.0,97.1,False,Purchase_Bill_PRJ000899.pdf
DOC0001798,PRJ000899,UTILIZATION_CERTIFICATE,Patiala Municipal Corporation Infrastructure Cell,SPORTS_FACILITY,28191.46,1890000.0,98.0,False,Utilization_Certificate_PRJ000899.pdf
DOC0001799,PRJ000900,PURCHASE_BILL,SunPower Renewable Energy Systems,SOLAR_ENERGY,5220000.0,5220000.0,91.2,False,Purchase_Bill_PRJ000900.pdf
DOC0001800,PRJ000900,UTILIZATION_CERTIFICATE,Amritsar District Rural Development Agency (DRDA),SOLAR_ENERGY,5220000.0,5220000.0,96.7,False,Utilization_Certificate_PRJ000900.pdf
DOC0001801,PRJ000901,PURCHASE_BILL,TechLine IT & Lab Equipment Solutions Pvt Ltd,SCHOOL_INFRASTRUCTURE,2430000.0,2430000.0,91.5,False,Purchase_Bill_PRJ000901.pdf
DOC0001802,PRJ000901,UTILIZATION_CERTIFICATE,Varanasi District Rural Development Agency (DRDA),SCHOOL_INFRASTRUCTURE,3110400.0,2430000.0,91.2,False,Utilization_Certificate_PRJ000901.pdf
DOC0001803,PRJ000902,PURCHASE_BILL,TechLine IT & Lab Equipment Solutions Pvt Ltd,SCHOOL_INFRASTRUCTURE,2110000.0,2110000.0,94.8,False,Purchase_Bill_PRJ000902.pdf
DOC0001804,PRJ000902,UTILIZATION_CERTIFICATE,Varanasi Public Works Department (PWD),SCHOOL_INFRASTRUCTURE,1761850.0,2110000.0,90.5,False,Utilization_Certificate_PRJ000902.pdf
DOC0001805,PRJ000903,PURCHASE_BILL,CleanWater Sanitation & Drainage Works Pvt Ltd,SANITATION,2640000.0,2640000.0,91.9,False,Purchase_Bill_PRJ000903.pdf
DOC0001806,PRJ000903,UTILIZATION_CERTIFICATE,Varanasi State Water Supply & Sanitation Board (WSSB),SANITATION,799920.0,2640000.0,93.8,False,Utilization_Certificate_PRJ000903.pdf
DOC0001807,PRJ000904,PURCHASE_BILL,ProSport Infrastructure & Turf Solutions,SPORTS_FACILITY,3920000.0,3920000.0,89.7,False,Purchase_Bill_PRJ000904.pdf
DOC0001808,PRJ000904,UTILIZATION_CERTIFICATE,Varanasi District Rural Development Agency (DRDA),SPORTS_FACILITY,3920000.0,3920000.0,98.5,False,Utilization_Certificate_PRJ000904.pdf
DOC0001809,PRJ000905,PURCHASE_BILL,SmartTransit Urban Infra Solutions,BUS_SHELTER,7100000.0,7100000.0,97.0,False,Purchase_Bill_PRJ000905.pdf
DOC0001810,PRJ000905,UTILIZATION_CERTIFICATE,Varanasi District Rural Development Agency (DRDA),BUS_SHELTER,5792179.33,7100000.0,98.3,False,Utilization_Certificate_PRJ000905.pdf
DOC0001811,PRJ000906,PURCHASE_BILL,SmartTransit Urban Infra Solutions,BUS_SHELTER,5980000.0,5980000.0,92.3,False,Purchase_Bill_PRJ000906.pdf
DOC0001812,PRJ000906,UTILIZATION_CERTIFICATE,Sagar Municipal Corporation Infrastructure Cell,BUS_SHELTER,5980000.0,5980000.0,92.9,False,Utilization_Certificate_PRJ000906.pdf
DOC0001813,PRJ000907,PURCHASE_BILL,UrbanDrain Civil Engineering Co,DRAINAGE,5770000.0,5770000.0,95.3,False,Purchase_Bill_PRJ000907.pdf
DOC0001814,PRJ000907,UTILIZATION_CERTIFICATE,Sagar Municipal Corporation Infrastructure Cell,DRAINAGE,1534820.0,5770000.0,91.6,False,Utilization_Certificate_PRJ000907.pdf
DOC0001815,PRJ000908,PURCHASE_BILL,CleanWater Sanitation & Drainage Works Pvt Ltd,SANITATION,7150000.0,7150000.0,94.2,False,Purchase_Bill_PRJ000908.pdf
DOC0001816,PRJ000908,UTILIZATION_CERTIFICATE,Gwalior State Water Supply & Sanitation Board (WSSB),SANITATION,4311450.0,7150000.0,91.9,False,Utilization_Certificate_PRJ000908.pdf
DOC0001817,PRJ000909,PURCHASE_BILL,Speedway Repair & Resurfacing Contractors,ROAD_REPAIR,6270000.0,6270000.0,91.3,False,Purchase_Bill_PRJ000909.pdf
DOC0001818,PRJ000909,UTILIZATION_CERTIFICATE,Hisar Municipal Corporation Infrastructure Cell,ROAD_REPAIR,6270000.0,6270000.0,92.0,False,Utilization_Certificate_PRJ000909.pdf
DOC0001819,PRJ000910,PURCHASE_BILL,CleanWater Sanitation & Drainage Works Pvt Ltd,SANITATION,1220000.0,1220000.0,94.6,False,Purchase_Bill_PRJ000910.pdf
DOC0001820,PRJ000910,UTILIZATION_CERTIFICATE,Ambala State Water Supply & Sanitation Board (WSSB),SANITATION,915000.0,1220000.0,92.6,False,Utilization_Certificate_PRJ000910.pdf
DOC0001821,PRJ000911,PURCHASE_BILL,CleanWater Sanitation & Drainage Works Pvt Ltd,SANITATION,2580000.0,2580000.0,95.9,False,Purchase_Bill_PRJ000911.pdf
DOC0001822,PRJ000911,UTILIZATION_CERTIFICATE,Faridabad District Rural Development Agency (DRDA),SANITATION,2365138.82,2580000.0,91.2,False,Utilization_Certificate_PRJ000911.pdf
DOC0001823,PRJ000912,PURCHASE_BILL,Paramount Multi-Sector Construction Ltd,BUS_SHELTER,1200000.0,1200000.0,95.8,False,Purchase_Bill_PRJ000912.pdf
DOC0001824,PRJ000912,UTILIZATION_CERTIFICATE,Guntur District Rural Development Agency (DRDA),BUS_SHELTER,470400.0,1200000.0,99.7,False,Utilization_Certificate_PRJ000912.pdf
DOC0001825,PRJ000913,PURCHASE_BILL,Paramount Multi-Sector Construction Ltd,WATER_SUPPLY,3340000.0,3340000.0,89.9,False,Purchase_Bill_PRJ000913.pdf
DOC0001826,PRJ000913,UTILIZATION_CERTIFICATE,Guntur District Rural Development Agency (DRDA),WATER_SUPPLY,1519700.0,3340000.0,93.1,False,Utilization_Certificate_PRJ000913.pdf
DOC0001827,PRJ000914,PURCHASE_BILL,BridgeTech Structures Pvt Ltd,BRIDGE,4120000.0,4120000.0,98.0,False,Purchase_Bill_PRJ000914.pdf
DOC0001828,PRJ000914,UTILIZATION_CERTIFICATE,Visakhapatnam State Water Supply & Sanitation Board (WSSB),BRIDGE,1854000.0,4120000.0,97.2,False,Utilization_Certificate_PRJ000914.pdf
DOC0001829,PRJ000915,PURCHASE_BILL,ProSport Infrastructure & Turf Solutions,SPORTS_FACILITY,4570000.0,4570000.0,88.5,False,Purchase_Bill_PRJ000915.pdf
DOC0001830,PRJ000915,UTILIZATION_CERTIFICATE,Guntur District Rural Development Agency (DRDA),SPORTS_FACILITY,3427500.0,4570000.0,99.4,False,Utilization_Certificate_PRJ000915.pdf
DOC0001831,PRJ000916,PURCHASE_BILL,MedTech Healthcare Infrastructure Ltd,HEALTHCARE,5150000.0,5150000.0,96.9,False,Purchase_Bill_PRJ000916.pdf
DOC0001832,PRJ000916,UTILIZATION_CERTIFICATE,Madurai District Rural Development Agency (DRDA),HEALTHCARE,1987900.0,5150000.0,96.4,False,Utilization_Certificate_PRJ000916.pdf
DOC0001833,PRJ000917,PURCHASE_BILL,AquaPure Water Systems & Drilling Corp,WATER_SUPPLY,4250000.0,4250000.0,93.5,False,Purchase_Bill_PRJ000917.pdf
DOC0001834,PRJ000917,UTILIZATION_CERTIFICATE,Madurai Public Works Department (PWD),WATER_SUPPLY,1211250.0,4250000.0,94.4,False,Utilization_Certificate_PRJ000917.pdf
DOC0001835,PRJ000918,PURCHASE_BILL,SmartTransit Urban Infra Solutions,BUS_SHELTER,6420000.0,6420000.0,92.6,False,Purchase_Bill_PRJ000918.pdf
DOC0001836,PRJ000918,UTILIZATION_CERTIFICATE,Madurai District Rural Development Agency (DRDA),BUS_SHELTER,2169960.0,6420000.0,99.5,False,Utilization_Certificate_PRJ000918.pdf
DOC0001837,PRJ000919,PURCHASE_BILL,MedTech Healthcare Infrastructure Ltd,HEALTHCARE,4490000.0,4490000.0,91.3,False,Purchase_Bill_PRJ000919.pdf
DOC0001838,PRJ000919,UTILIZATION_CERTIFICATE,Madurai District Rural Development Agency (DRDA),HEALTHCARE,3367500.0,4490000.0,92.4,False,Utilization_Certificate_PRJ000919.pdf
DOC0001839,PRJ000920,PURCHASE_BILL,CleanWater Sanitation & Drainage Works Pvt Ltd,SANITATION,3960000.0,3960000.0,88.7,False,Purchase_Bill_PRJ000920.pdf
DOC0001840,PRJ000920,UTILIZATION_CERTIFICATE,Tirupati Public Works Department (PWD),SANITATION,2217600.0,3960000.0,91.3,False,Utilization_Certificate_PRJ000920.pdf
DOC0001841,PRJ000921,PURCHASE_BILL,SunPower Renewable Energy Systems,SOLAR_ENERGY,5410000.0,5410000.0,88.7,False,Purchase_Bill_PRJ000921.pdf
DOC0001842,PRJ000921,UTILIZATION_CERTIFICATE,Guntur District Rural Development Agency (DRDA),SOLAR_ENERGY,7087100.0,5410000.0,99.0,False,Utilization_Certificate_PRJ000921.pdf
DOC0001843,PRJ000922,PURCHASE_BILL,TechLine IT & Lab Equipment Solutions Pvt Ltd,SCHOOL_INFRASTRUCTURE,2650000.0,2650000.0,92.4,False,Purchase_Bill_PRJ000922.pdf
DOC0001844,PRJ000922,UTILIZATION_CERTIFICATE,Kanpur Municipal Corporation Infrastructure Cell,SCHOOL_INFRASTRUCTURE,861250.0,2650000.0,97.2,False,Utilization_Certificate_PRJ000922.pdf
DOC0001845,PRJ000923,PURCHASE_BILL,MedTech Healthcare Infrastructure Ltd,HEALTHCARE,6790000.0,6790000.0,92.0,False,Purchase_Bill_PRJ000923.pdf
DOC0001846,PRJ000923,UTILIZATION_CERTIFICATE,Varanasi Public Works Department (PWD),HEALTHCARE,3055500.0,6790000.0,98.8,False,Utilization_Certificate_PRJ000923.pdf
DOC0001847,PRJ000924,PURCHASE_BILL,BridgeTech Structures Pvt Ltd,BRIDGE,4560000.0,4560000.0,95.2,False,Purchase_Bill_PRJ000924.pdf
DOC0001848,PRJ000924,UTILIZATION_CERTIFICATE,Varanasi Public Works Department (PWD),BRIDGE,2982240.0,4560000.0,99.5,False,Utilization_Certificate_PRJ000924.pdf
DOC0001849,PRJ000925,PURCHASE_BILL,Paramount Multi-Sector Construction Ltd,SOLAR_ENERGY,3180000.0,3180000.0,94.4,False,Purchase_Bill_PRJ000925.pdf
DOC0001850,PRJ000925,UTILIZATION_CERTIFICATE,Varanasi District Rural Development Agency (DRDA),SOLAR_ENERGY,995340.0,3180000.0,98.3,False,Utilization_Certificate_PRJ000925.pdf
DOC0001851,PRJ000926,PURCHASE_BILL,BridgeTech Structures Pvt Ltd,BRIDGE,4650000.0,4650000.0,95.5,False,Purchase_Bill_PRJ000926.pdf
DOC0001852,PRJ000926,UTILIZATION_CERTIFICATE,Varanasi District Rural Development Agency (DRDA),BRIDGE,1371750.0,4650000.0,93.4,False,Utilization_Certificate_PRJ000926.pdf
DOC0001853,PRJ000927,PURCHASE_BILL,UrbanDrain Civil Engineering Co,DRAINAGE,3580000.0,3580000.0,89.6,False,Purchase_Bill_PRJ000927.pdf
DOC0001854,PRJ000927,UTILIZATION_CERTIFICATE,Kolkata District Rural Development Agency (DRDA),DRAINAGE,1256580.0,3580000.0,90.4,False,Utilization_Certificate_PRJ000927.pdf
DOC0001855,PRJ000928,PURCHASE_BILL,CleanWater Sanitation & Drainage Works Pvt Ltd,SANITATION,4260000.0,4260000.0,94.3,False,Purchase_Bill_PRJ000928.pdf
DOC0001856,PRJ000928,UTILIZATION_CERTIFICATE,Darjeeling Public Works Department (PWD),SANITATION,2585820.0,4260000.0,98.0,False,Utilization_Certificate_PRJ000928.pdf
DOC0001857,PRJ000929,PURCHASE_BILL,TechLine IT & Lab Equipment Solutions Pvt Ltd,SCHOOL_INFRASTRUCTURE,7340000.0,7340000.0,88.2,False,Purchase_Bill_PRJ000929.pdf
DOC0001858,PRJ000929,UTILIZATION_CERTIFICATE,Siliguri State Water Supply & Sanitation Board (WSSB),SCHOOL_INFRASTRUCTURE,5908700.0,7340000.0,99.1,False,Utilization_Certificate_PRJ000929.pdf
DOC0001859,PRJ000930,PURCHASE_BILL,TechLine IT & Lab Equipment Solutions Pvt Ltd,SCHOOL_INFRASTRUCTURE,1430000.0,1430000.0,89.7,False,Purchase_Bill_PRJ000930.pdf
DOC0001860,PRJ000930,UTILIZATION_CERTIFICATE,Kolkata Municipal Corporation Infrastructure Cell,SCHOOL_INFRASTRUCTURE,597740.0,1430000.0,92.3,False,Utilization_Certificate_PRJ000930.pdf
DOC0001861,PRJ000931,PURCHASE_BILL,UrbanDrain Civil Engineering Co,DRAINAGE,2620000.0,2620000.0,91.6,False,Purchase_Bill_PRJ000931.pdf
DOC0001862,PRJ000931,UTILIZATION_CERTIFICATE,Thane Public Works Department (PWD),DRAINAGE,1721340.0,2620000.0,99.6,False,Utilization_Certificate_PRJ000931.pdf
DOC0001863,PRJ000932,PURCHASE_BILL,Apex Infracon & Highway Contractors,ROAD_CONSTRUCTION,10542599.26,7830000.0,70.7,True,Purchase_Bill_PRJ000932.pdf
DOC0001864,PRJ000932,UTILIZATION_CERTIFICATE,Mumbai Municipal Corporation Infrastructure Cell,ROAD_CONSTRUCTION,2458620.0,7830000.0,94.2,False,Utilization_Certificate_PRJ000932.pdf
DOC0001865,PRJ000933,PURCHASE_BILL,TechLine IT & Lab Equipment Solutions Pvt Ltd,SCHOOL_INFRASTRUCTURE,2170000.0,2170000.0,90.8,False,Purchase_Bill_PRJ000933.pdf
DOC0001866,PRJ000933,UTILIZATION_CERTIFICATE,Aurangabad State Water Supply & Sanitation Board (WSSB),SCHOOL_INFRASTRUCTURE,1627500.0,2170000.0,94.3,False,Utilization_Certificate_PRJ000933.pdf
DOC0001867,PRJ000934,PURCHASE_BILL,TechLine IT & Lab Equipment Solutions Pvt Ltd,SCHOOL_INFRASTRUCTURE,6860000.0,6860000.0,88.0,False,Purchase_Bill_PRJ000934.pdf
DOC0001868,PRJ000934,UTILIZATION_CERTIFICATE,Aurangabad State Water Supply & Sanitation Board (WSSB),SCHOOL_INFRASTRUCTURE,6860000.0,6860000.0,99.3,False,Utilization_Certificate_PRJ000934.pdf
DOC0001869,PRJ000935,PURCHASE_BILL,Apex Infracon & Highway Contractors,ROAD_CONSTRUCTION,810000.0,810000.0,96.9,False,Purchase_Bill_PRJ000935.pdf
DOC0001870,PRJ000935,UTILIZATION_CERTIFICATE,Thane District Rural Development Agency (DRDA),ROAD_CONSTRUCTION,210600.0,810000.0,98.6,False,Utilization_Certificate_PRJ000935.pdf
DOC0001871,PRJ000936,PURCHASE_BILL,ProSport Infrastructure & Turf Solutions,SPORTS_FACILITY,6820000.0,6820000.0,91.9,False,Purchase_Bill_PRJ000936.pdf
DOC0001872,PRJ000936,UTILIZATION_CERTIFICATE,Manali State Water Supply & Sanitation Board (WSSB),SPORTS_FACILITY,5305960.0,6820000.0,96.0,False,Utilization_Certificate_PRJ000936.pdf
DOC0001873,PRJ000937,PURCHASE_BILL,SwachhBharat Sanitation Infra Ltd,PUBLIC_TOILET,6680000.0,6680000.0,92.7,False,Purchase_Bill_PRJ000937.pdf
DOC0001874,PRJ000937,UTILIZATION_CERTIFICATE,Kullu Municipal Corporation Infrastructure Cell,PUBLIC_TOILET,6680000.0,6680000.0,96.3,False,Utilization_Certificate_PRJ000937.pdf
DOC0001875,PRJ000938,PURCHASE_BILL,Paramount Multi-Sector Construction Ltd,PUBLIC_TOILET,5030000.0,5030000.0,91.4,False,Purchase_Bill_PRJ000938.pdf
DOC0001876,PRJ000938,UTILIZATION_CERTIFICATE,Thane District Rural Development Agency (DRDA),PUBLIC_TOILET,1141810.0,5030000.0,95.2,False,Utilization_Certificate_PRJ000938.pdf
DOC0001877,PRJ000939,PURCHASE_BILL,MedTech Healthcare Infrastructure Ltd,HEALTHCARE,2500000.0,2500000.0,90.4,False,Purchase_Bill_PRJ000939.pdf
DOC0001878,PRJ000939,UTILIZATION_CERTIFICATE,Aurangabad State Water Supply & Sanitation Board (WSSB),HEALTHCARE,1350000.0,2500000.0,94.7,False,Utilization_Certificate_PRJ000939.pdf
DOC0001879,PRJ000940,PURCHASE_BILL,UrbanDrain Civil Engineering Co,DRAINAGE,5942713.44,4590000.0,57.5,True,Purchase_Bill_PRJ000940.pdf
DOC0001880,PRJ000940,UTILIZATION_CERTIFICATE,Jamshedpur District Rural Development Agency (DRDA),DRAINAGE,2625480.0,4590000.0,96.6,False,Utilization_Certificate_PRJ000940.pdf
DOC0001881,PRJ000941,PURCHASE_BILL,CleanWater Sanitation & Drainage Works Pvt Ltd,SANITATION,1860000.0,1860000.0,89.4,False,Purchase_Bill_PRJ000941.pdf
DOC0001882,PRJ000941,UTILIZATION_CERTIFICATE,Jamshedpur District Rural Development Agency (DRDA),SANITATION,2436600.0,1860000.0,92.4,False,Utilization_Certificate_PRJ000941.pdf
DOC0001883,PRJ000942,PURCHASE_BILL,SunPower Renewable Energy Systems,SOLAR_ENERGY,1830000.0,1830000.0,92.1,False,Purchase_Bill_PRJ000942.pdf
DOC0001884,PRJ000942,UTILIZATION_CERTIFICATE,Hazaribagh Municipal Corporation Infrastructure Cell,SOLAR_ENERGY,852780.0,1830000.0,91.3,False,Utilization_Certificate_PRJ000942.pdf
DOC0001885,PRJ000943,PURCHASE_BILL,ProSport Infrastructure & Turf Solutions,SPORTS_FACILITY,5630000.0,5630000.0,95.8,False,Purchase_Bill_PRJ000943.pdf
DOC0001886,PRJ000943,UTILIZATION_CERTIFICATE,Dhanbad Public Works Department (PWD),SPORTS_FACILITY,3344220.0,5630000.0,95.7,False,Utilization_Certificate_PRJ000943.pdf
DOC0001887,PRJ000944,PURCHASE_BILL,SwachhBharat Sanitation Infra Ltd,PUBLIC_TOILET,6960000.0,6960000.0,93.5,False,Purchase_Bill_PRJ000944.pdf
DOC0001888,PRJ000944,UTILIZATION_CERTIFICATE,Varanasi Public Works Department (PWD),PUBLIC_TOILET,2484720.0,6960000.0,91.8,False,Utilization_Certificate_PRJ000944.pdf
DOC0001889,PRJ000945,PURCHASE_BILL,Apex Infracon & Highway Contractors,ROAD_CONSTRUCTION,2360000.0,2360000.0,97.1,False,Purchase_Bill_PRJ000945.pdf
DOC0001890,PRJ000945,UTILIZATION_CERTIFICATE,Varanasi Public Works Department (PWD),ROAD_CONSTRUCTION,2360000.0,2360000.0,98.9,False,Utilization_Certificate_PRJ000945.pdf
DOC0001891,PRJ000946,PURCHASE_BILL,Speedway Repair & Resurfacing Contractors,ROAD_REPAIR,4530000.0,4530000.0,97.1,False,Purchase_Bill_PRJ000946.pdf
DOC0001892,PRJ000946,UTILIZATION_CERTIFICATE,Central Delhi District Rural Development Agency (DRDA),ROAD_REPAIR,3003390.0,4530000.0,93.3,False,Utilization_Certificate_PRJ000946.pdf
DOC0001893,PRJ000947,PURCHASE_BILL,Speedway Repair & Resurfacing Contractors,ROAD_REPAIR,4680000.0,4680000.0,97.2,False,Purchase_Bill_PRJ000947.pdf
DOC0001894,PRJ000947,UTILIZATION_CERTIFICATE,New Delhi Municipal Corporation Infrastructure Cell,ROAD_REPAIR,1371240.0,4680000.0,96.0,False,Utilization_Certificate_PRJ000947.pdf
DOC0001895,PRJ000948,PURCHASE_BILL,TechLine IT & Lab Equipment Solutions Pvt Ltd,SCHOOL_INFRASTRUCTURE,7170000.0,7170000.0,89.0,False,Purchase_Bill_PRJ000948.pdf
DOC0001896,PRJ000948,UTILIZATION_CERTIFICATE,Central Delhi District Rural Development Agency (DRDA),SCHOOL_INFRASTRUCTURE,2516670.0,7170000.0,92.0,False,Utilization_Certificate_PRJ000948.pdf
DOC0001897,PRJ000949,PURCHASE_BILL,AquaPure Water Systems & Drilling Corp,WATER_SUPPLY,6224165.41,5160000.0,51.4,True,Purchase_Bill_PRJ000949.pdf
DOC0001898,PRJ000949,UTILIZATION_CERTIFICATE,Kanpur Municipal Corporation Infrastructure Cell,WATER_SUPPLY,2182680.0,5160000.0,91.2,False,Utilization_Certificate_PRJ000949.pdf
DOC0001899,PRJ000950,PURCHASE_BILL,Speedway Repair & Resurfacing Contractors,ROAD_REPAIR,5860000.0,5860000.0,88.2,False,Purchase_Bill_PRJ000950.pdf
DOC0001900,PRJ000950,UTILIZATION_CERTIFICATE,Kanpur Municipal Corporation Infrastructure Cell,ROAD_REPAIR,1593920.0,5860000.0,97.9,False,Utilization_Certificate_PRJ000950.pdf
DOC0001901,PRJ000951,PURCHASE_BILL,National Civic Infrastructure Developers,COMMUNITY_HALL,3340000.0,3340000.0,91.2,False,Purchase_Bill_PRJ000951.pdf
DOC0001902,PRJ000951,UTILIZATION_CERTIFICATE,Kanpur Municipal Corporation Infrastructure Cell,COMMUNITY_HALL,1352700.0,3340000.0,92.6,False,Utilization_Certificate_PRJ000951.pdf
DOC0001903,PRJ000952,PURCHASE_BILL,UrbanDrain Civil Engineering Co,DRAINAGE,630000.0,630000.0,96.9,False,Purchase_Bill_PRJ000952.pdf
DOC0001904,PRJ000952,UTILIZATION_CERTIFICATE,Varanasi Public Works Department (PWD),DRAINAGE,630000.0,630000.0,100.0,False,Utilization_Certificate_PRJ000952.pdf
DOC0001905,PRJ000953,PURCHASE_BILL,MedTech Healthcare Infrastructure Ltd,HEALTHCARE,1840000.0,1840000.0,97.0,False,Purchase_Bill_PRJ000953.pdf
DOC0001906,PRJ000953,UTILIZATION_CERTIFICATE,Kanpur Municipal Corporation Infrastructure Cell,HEALTHCARE,828000.0,1840000.0,94.2,False,Utilization_Certificate_PRJ000953.pdf
DOC0001907,PRJ000954,PURCHASE_BILL,TechLine IT & Lab Equipment Solutions Pvt Ltd,SCHOOL_INFRASTRUCTURE,1760000.0,1760000.0,97.9,False,Purchase_Bill_PRJ000954.pdf
DOC0001908,PRJ000954,UTILIZATION_CERTIFICATE,Thane Public Works Department (PWD),SCHOOL_INFRASTRUCTURE,1437920.0,1760000.0,92.0,False,Utilization_Certificate_PRJ000954.pdf
DOC0001909,PRJ000955,PURCHASE_BILL,Speedway Repair & Resurfacing Contractors,ROAD_REPAIR,6020000.0,6020000.0,92.5,False,Purchase_Bill_PRJ000955.pdf
DOC0001910,PRJ000955,UTILIZATION_CERTIFICATE,Mumbai Municipal Corporation Infrastructure Cell,ROAD_REPAIR,4599280.0,6020000.0,93.9,False,Utilization_Certificate_PRJ000955.pdf
DOC0001911,PRJ000956,PURCHASE_BILL,CleanWater Sanitation & Drainage Works Pvt Ltd,SANITATION,5980000.0,5980000.0,89.3,False,Purchase_Bill_PRJ000956.pdf
DOC0001912,PRJ000956,UTILIZATION_CERTIFICATE,Thane Public Works Department (PWD),SANITATION,3761420.0,5980000.0,98.8,False,Utilization_Certificate_PRJ000956.pdf
DOC0001913,PRJ000957,PURCHASE_BILL,MedTech Healthcare Infrastructure Ltd,HEALTHCARE,1850000.0,1850000.0,95.5,False,Purchase_Bill_PRJ000957.pdf
DOC0001914,PRJ000957,UTILIZATION_CERTIFICATE,Thane Public Works Department (PWD),HEALTHCARE,832500.0,1850000.0,93.0,False,Utilization_Certificate_PRJ000957.pdf
DOC0001915,PRJ000958,PURCHASE_BILL,CleanWater Sanitation & Drainage Works Pvt Ltd,SANITATION,4060000.0,4060000.0,89.2,False,Purchase_Bill_PRJ000958.pdf
DOC0001916,PRJ000958,UTILIZATION_CERTIFICATE,Thane Public Works Department (PWD),SANITATION,1652420.0,4060000.0,93.4,False,Utilization_Certificate_PRJ000958.pdf
DOC0001917,PRJ000959,PURCHASE_BILL,Apex Infracon & Highway Contractors,ROAD_CONSTRUCTION,3850000.0,3850000.0,88.5,False,Purchase_Bill_PRJ000959.pdf
DOC0001918,PRJ000959,UTILIZATION_CERTIFICATE,Ahmedabad District Rural Development Agency (DRDA),ROAD_CONSTRUCTION,3102865.6,3850000.0,97.6,False,Utilization_Certificate_PRJ000959.pdf
DOC0001919,PRJ000960,PURCHASE_BILL,AquaPure Water Systems & Drilling Corp,WATER_SUPPLY,7560000.0,7560000.0,91.7,False,Purchase_Bill_PRJ000960.pdf
DOC0001920,PRJ000960,UTILIZATION_CERTIFICATE,Bhavnagar Municipal Corporation Infrastructure Cell,WATER_SUPPLY,7560000.0,7560000.0,99.9,False,Utilization_Certificate_PRJ000960.pdf
DOC0001921,PRJ000961,PURCHASE_BILL,MedTech Healthcare Infrastructure Ltd,HEALTHCARE,4590000.0,4590000.0,90.8,False,Purchase_Bill_PRJ000961.pdf
DOC0001922,PRJ000961,UTILIZATION_CERTIFICATE,Bhavnagar Municipal Corporation Infrastructure Cell,HEALTHCARE,3520530.0,4590000.0,91.3,False,Utilization_Certificate_PRJ000961.pdf
DOC0001923,PRJ000962,PURCHASE_BILL,ProSport Infrastructure & Turf Solutions,SPORTS_FACILITY,930000.0,930000.0,94.1,False,Purchase_Bill_PRJ000962.pdf
DOC0001924,PRJ000962,UTILIZATION_CERTIFICATE,Bhavnagar Municipal Corporation Infrastructure Cell,SPORTS_FACILITY,930000.0,930000.0,96.0,False,Utilization_Certificate_PRJ000962.pdf
DOC0001925,PRJ000963,PURCHASE_BILL,BridgeTech Structures Pvt Ltd,BRIDGE,4130000.0,4130000.0,89.7,False,Purchase_Bill_PRJ000963.pdf
DOC0001926,PRJ000963,UTILIZATION_CERTIFICATE,Bhavnagar Municipal Corporation Infrastructure Cell,BRIDGE,1858500.0,4130000.0,94.8,False,Utilization_Certificate_PRJ000963.pdf
DOC0001927,PRJ000964,PURCHASE_BILL,SmartTransit Urban Infra Solutions,BUS_SHELTER,3640000.0,3640000.0,89.3,False,Purchase_Bill_PRJ000964.pdf
DOC0001928,PRJ000964,UTILIZATION_CERTIFICATE,Thane Public Works Department (PWD),BUS_SHELTER,2730000.0,3640000.0,95.7,False,Utilization_Certificate_PRJ000964.pdf
DOC0001929,PRJ000965,PURCHASE_BILL,TechLine IT & Lab Equipment Solutions Pvt Ltd,SCHOOL_INFRASTRUCTURE,7890000.0,7890000.0,93.3,False,Purchase_Bill_PRJ000965.pdf
DOC0001930,PRJ000965,UTILIZATION_CERTIFICATE,Thane District Rural Development Agency (DRDA),SCHOOL_INFRASTRUCTURE,4457850.0,7890000.0,91.7,False,Utilization_Certificate_PRJ000965.pdf
DOC0001931,PRJ000966,PURCHASE_BILL,AquaPure Water Systems & Drilling Corp,WATER_SUPPLY,4700000.0,4700000.0,90.9,False,Purchase_Bill_PRJ000966.pdf
DOC0001932,PRJ000966,UTILIZATION_CERTIFICATE,Thane District Rural Development Agency (DRDA),WATER_SUPPLY,1701400.0,4700000.0,90.2,False,Utilization_Certificate_PRJ000966.pdf
DOC0001933,PRJ000967,PURCHASE_BILL,Apex Infracon & Highway Contractors,ROAD_CONSTRUCTION,3720000.0,3720000.0,91.9,False,Purchase_Bill_PRJ000967.pdf
DOC0001934,PRJ000967,UTILIZATION_CERTIFICATE,Patna State Water Supply & Sanitation Board (WSSB),ROAD_CONSTRUCTION,1674000.0,3720000.0,90.8,False,Utilization_Certificate_PRJ000967.pdf
DOC0001935,PRJ000968,PURCHASE_BILL,SwachhBharat Sanitation Infra Ltd,PUBLIC_TOILET,2970000.0,2970000.0,92.0,False,Purchase_Bill_PRJ000968.pdf
DOC0001936,PRJ000968,UTILIZATION_CERTIFICATE,Muzaffarpur District Rural Development Agency (DRDA),PUBLIC_TOILET,2419380.67,2970000.0,93.3,False,Utilization_Certificate_PRJ000968.pdf
DOC0001937,PRJ000969,PURCHASE_BILL,SmartTransit Urban Infra Solutions,BUS_SHELTER,4470000.0,4470000.0,97.8,False,Purchase_Bill_PRJ000969.pdf
DOC0001938,PRJ000969,UTILIZATION_CERTIFICATE,Muzaffarpur District Rural Development Agency (DRDA),BUS_SHELTER,3419550.0,4470000.0,92.9,False,Utilization_Certificate_PRJ000969.pdf
DOC0001939,PRJ000970,PURCHASE_BILL,CleanWater Sanitation & Drainage Works Pvt Ltd,SANITATION,7590000.0,7590000.0,93.0,False,Purchase_Bill_PRJ000970.pdf
DOC0001940,PRJ000970,UTILIZATION_CERTIFICATE,Patna Municipal Corporation Infrastructure Cell,SANITATION,2110020.0,7590000.0,99.0,False,Utilization_Certificate_PRJ000970.pdf
DOC0001941,PRJ000971,PURCHASE_BILL,SmartTransit Urban Infra Solutions,BUS_SHELTER,6680000.0,6680000.0,91.4,False,Purchase_Bill_PRJ000971.pdf
DOC0001942,PRJ000971,UTILIZATION_CERTIFICATE,Ahmedabad District Rural Development Agency (DRDA),BUS_SHELTER,5010000.0,6680000.0,90.6,False,Utilization_Certificate_PRJ000971.pdf
DOC0001943,PRJ000972,PURCHASE_BILL,UrbanDrain Civil Engineering Co,DRAINAGE,6830000.0,6830000.0,93.8,False,Purchase_Bill_PRJ000972.pdf
DOC0001944,PRJ000972,UTILIZATION_CERTIFICATE,Bhavnagar Municipal Corporation Infrastructure Cell,DRAINAGE,4951750.0,6830000.0,91.7,False,Utilization_Certificate_PRJ000972.pdf
DOC0001945,PRJ000973,PURCHASE_BILL,National Civic Infrastructure Developers,COMMUNITY_HALL,7870000.0,7870000.0,95.7,False,Purchase_Bill_PRJ000973.pdf
DOC0001946,PRJ000973,UTILIZATION_CERTIFICATE,Central Delhi District Rural Development Agency (DRDA),COMMUNITY_HALL,10624500.0,7870000.0,96.7,False,Utilization_Certificate_PRJ000973.pdf
DOC0001947,PRJ000974,PURCHASE_BILL,UrbanDrain Civil Engineering Co,DRAINAGE,760000.0,760000.0,89.5,False,Purchase_Bill_PRJ000974.pdf
DOC0001948,PRJ000974,UTILIZATION_CERTIFICATE,Central Delhi State Water Supply & Sanitation Board (WSSB),DRAINAGE,760000.0,760000.0,99.9,False,Utilization_Certificate_PRJ000974.pdf
DOC0001949,PRJ000975,PURCHASE_BILL,National Civic Infrastructure Developers,COMMUNITY_HALL,1310000.0,1310000.0,93.3,False,Purchase_Bill_PRJ000975.pdf
DOC0001950,PRJ000975,UTILIZATION_CERTIFICATE,Central Delhi District Rural Development Agency (DRDA),COMMUNITY_HALL,1059174.54,1310000.0,95.4,False,Utilization_Certificate_PRJ000975.pdf
DOC0001951,PRJ000976,PURCHASE_BILL,SmartTransit Urban Infra Solutions,BUS_SHELTER,3860000.0,3860000.0,91.3,False,Purchase_Bill_PRJ000976.pdf
DOC0001952,PRJ000976,UTILIZATION_CERTIFICATE,Central Delhi District Rural Development Agency (DRDA),BUS_SHELTER,3250212.94,3860000.0,90.4,False,Utilization_Certificate_PRJ000976.pdf
DOC0001953,PRJ000977,PURCHASE_BILL,CleanWater Sanitation & Drainage Works Pvt Ltd,SANITATION,3380000.0,3380000.0,95.4,False,Purchase_Bill_PRJ000977.pdf
DOC0001954,PRJ000977,UTILIZATION_CERTIFICATE,Patna State Water Supply & Sanitation Board (WSSB),SANITATION,2535000.0,3380000.0,96.1,False,Utilization_Certificate_PRJ000977.pdf
DOC0001955,PRJ000978,PURCHASE_BILL,TechLine IT & Lab Equipment Solutions Pvt Ltd,SCHOOL_INFRASTRUCTURE,4860000.0,4860000.0,96.2,False,Purchase_Bill_PRJ000978.pdf
DOC0001956,PRJ000978,UTILIZATION_CERTIFICATE,Patna State Water Supply & Sanitation Board (WSSB),SCHOOL_INFRASTRUCTURE,2823660.0,4860000.0,95.8,False,Utilization_Certificate_PRJ000978.pdf
DOC0001957,PRJ000979,PURCHASE_BILL,ProSport Infrastructure & Turf Solutions,SPORTS_FACILITY,1380000.0,1380000.0,91.7,False,Purchase_Bill_PRJ000979.pdf
DOC0001958,PRJ000979,UTILIZATION_CERTIFICATE,Muzaffarpur District Rural Development Agency (DRDA),SPORTS_FACILITY,821100.0,1380000.0,96.4,False,Utilization_Certificate_PRJ000979.pdf
DOC0001959,PRJ000980,PURCHASE_BILL,SmartTransit Urban Infra Solutions,BUS_SHELTER,2970000.0,2970000.0,97.5,False,Purchase_Bill_PRJ000980.pdf
DOC0001960,PRJ000980,UTILIZATION_CERTIFICATE,Thane District Rural Development Agency (DRDA),BUS_SHELTER,1107810.0,2970000.0,98.0,False,Utilization_Certificate_PRJ000980.pdf
DOC0001961,PRJ000981,PURCHASE_BILL,ProSport Infrastructure & Turf Solutions,SPORTS_FACILITY,4300000.0,4300000.0,89.1,False,Purchase_Bill_PRJ000981.pdf
DOC0001962,PRJ000981,UTILIZATION_CERTIFICATE,Thane Public Works Department (PWD),SPORTS_FACILITY,4300000.0,4300000.0,91.6,False,Utilization_Certificate_PRJ000981.pdf
DOC0001963,PRJ000982,PURCHASE_BILL,Paramount Multi-Sector Construction Ltd,PUBLIC_TOILET,7370000.0,7370000.0,93.6,False,Purchase_Bill_PRJ000982.pdf
DOC0001964,PRJ000982,UTILIZATION_CERTIFICATE,Thane District Rural Development Agency (DRDA),PUBLIC_TOILET,2373140.0,7370000.0,91.6,False,Utilization_Certificate_PRJ000982.pdf
DOC0001965,PRJ000983,PURCHASE_BILL,AquaPure Water Systems & Drilling Corp,WATER_SUPPLY,7380000.0,7380000.0,96.2,False,Purchase_Bill_PRJ000983.pdf
DOC0001966,PRJ000983,UTILIZATION_CERTIFICATE,Thane Public Works Department (PWD),WATER_SUPPLY,3830220.0,7380000.0,95.6,False,Utilization_Certificate_PRJ000983.pdf
DOC0001967,PRJ000984,PURCHASE_BILL,ProSport Infrastructure & Turf Solutions,SPORTS_FACILITY,1030000.0,1030000.0,88.9,False,Purchase_Bill_PRJ000984.pdf
DOC0001968,PRJ000984,UTILIZATION_CERTIFICATE,Aurangabad State Water Supply & Sanitation Board (WSSB),SPORTS_FACILITY,463500.0,1030000.0,97.4,False,Utilization_Certificate_PRJ000984.pdf
DOC0001969,PRJ000985,PURCHASE_BILL,MedTech Healthcare Infrastructure Ltd,HEALTHCARE,940000.0,940000.0,88.3,False,Purchase_Bill_PRJ000985.pdf
DOC0001970,PRJ000985,UTILIZATION_CERTIFICATE,Mumbai Municipal Corporation Infrastructure Cell,HEALTHCARE,405140.0,940000.0,95.7,False,Utilization_Certificate_PRJ000985.pdf
DOC0001971,PRJ000986,PURCHASE_BILL,ProSport Infrastructure & Turf Solutions,SPORTS_FACILITY,839592.98,740000.0,49.8,True,Purchase_Bill_PRJ000986.pdf
DOC0001972,PRJ000986,UTILIZATION_CERTIFICATE,Thane District Rural Development Agency (DRDA),SPORTS_FACILITY,209420.0,740000.0,91.0,False,Utilization_Certificate_PRJ000986.pdf
DOC0001973,PRJ000987,PURCHASE_BILL,National Civic Infrastructure Developers,COMMUNITY_HALL,6650000.0,6650000.0,88.9,False,Purchase_Bill_PRJ000987.pdf
DOC0001974,PRJ000987,UTILIZATION_CERTIFICATE,Varanasi State Water Supply & Sanitation Board (WSSB),COMMUNITY_HALL,4555250.0,6650000.0,98.1,False,Utilization_Certificate_PRJ000987.pdf
DOC0001975,PRJ000988,PURCHASE_BILL,TechLine IT & Lab Equipment Solutions Pvt Ltd,SCHOOL_INFRASTRUCTURE,710000.0,710000.0,90.2,False,Purchase_Bill_PRJ000988.pdf
DOC0001976,PRJ000988,UTILIZATION_CERTIFICATE,Varanasi District Rural Development Agency (DRDA),SCHOOL_INFRASTRUCTURE,303170.0,710000.0,97.7,False,Utilization_Certificate_PRJ000988.pdf
DOC0001977,PRJ000989,PURCHASE_BILL,SmartTransit Urban Infra Solutions,BUS_SHELTER,1010000.0,1010000.0,96.9,False,Purchase_Bill_PRJ000989.pdf
DOC0001978,PRJ000989,UTILIZATION_CERTIFICATE,Varanasi State Water Supply & Sanitation Board (WSSB),BUS_SHELTER,388850.0,1010000.0,99.8,False,Utilization_Certificate_PRJ000989.pdf
DOC0001979,PRJ000990,PURCHASE_BILL,National Civic Infrastructure Developers,COMMUNITY_HALL,520000.0,520000.0,94.6,False,Purchase_Bill_PRJ000990.pdf
DOC0001980,PRJ000990,UTILIZATION_CERTIFICATE,Varanasi Public Works Department (PWD),COMMUNITY_HALL,360880.0,520000.0,99.2,False,Utilization_Certificate_PRJ000990.pdf
DOC0001981,PRJ000991,PURCHASE_BILL,Apex Infracon & Highway Contractors,ROAD_CONSTRUCTION,5299442.45,3980000.0,57.4,True,Purchase_Bill_PRJ000991.pdf
DOC0001982,PRJ000991,UTILIZATION_CERTIFICATE,Guwahati District Rural Development Agency (DRDA),ROAD_CONSTRUCTION,2192980.0,3980000.0,95.5,False,Utilization_Certificate_PRJ000991.pdf
DOC0001983,PRJ000992,PURCHASE_BILL,MedTech Healthcare Infrastructure Ltd,HEALTHCARE,2840000.0,2840000.0,88.0,False,Purchase_Bill_PRJ000992.pdf
DOC0001984,PRJ000992,UTILIZATION_CERTIFICATE,Guwahati District Rural Development Agency (DRDA),HEALTHCARE,74203.05,2840000.0,92.2,False,Utilization_Certificate_PRJ000992.pdf
DOC0001985,PRJ000993,PURCHASE_BILL,Apex Infracon & Highway Contractors,ROAD_CONSTRUCTION,6628925.03,4920000.0,66.3,True,Purchase_Bill_PRJ000993.pdf
DOC0001986,PRJ000993,UTILIZATION_CERTIFICATE,Mumbai Municipal Corporation Infrastructure Cell,ROAD_CONSTRUCTION,1067640.0,4920000.0,94.4,False,Utilization_Certificate_PRJ000993.pdf
DOC0001987,PRJ000994,PURCHASE_BILL,National Civic Infrastructure Developers,COMMUNITY_HALL,3670000.0,3670000.0,93.5,False,Purchase_Bill_PRJ000994.pdf
DOC0001988,PRJ000994,UTILIZATION_CERTIFICATE,Thane Public Works Department (PWD),COMMUNITY_HALL,1548740.0,3670000.0,91.9,False,Utilization_Certificate_PRJ000994.pdf
DOC0001989,PRJ000995,PURCHASE_BILL,Apex Infracon & Highway Contractors,ROAD_CONSTRUCTION,710000.0,710000.0,92.0,False,Purchase_Bill_PRJ000995.pdf
DOC0001990,PRJ000995,UTILIZATION_CERTIFICATE,Thane District Rural Development Agency (DRDA),ROAD_CONSTRUCTION,473570.0,710000.0,92.4,False,Utilization_Certificate_PRJ000995.pdf
DOC0001991,PRJ000996,PURCHASE_BILL,AquaPure Water Systems & Drilling Corp,WATER_SUPPLY,4230000.0,4230000.0,96.5,False,Purchase_Bill_PRJ000996.pdf
DOC0001992,PRJ000996,UTILIZATION_CERTIFICATE,Tirupati Public Works Department (PWD),WATER_SUPPLY,3172500.0,4230000.0,93.1,False,Utilization_Certificate_PRJ000996.pdf
DOC0001993,PRJ000997,PURCHASE_BILL,SmartTransit Urban Infra Solutions,BUS_SHELTER,4230000.0,4230000.0,89.3,False,Purchase_Bill_PRJ000997.pdf
DOC0001994,PRJ000997,UTILIZATION_CERTIFICATE,Guntur Municipal Corporation Infrastructure Cell,BUS_SHELTER,1903500.0,4230000.0,99.0,False,Utilization_Certificate_PRJ000997.pdf
DOC0001995,PRJ000998,PURCHASE_BILL,TechLine IT & Lab Equipment Solutions Pvt Ltd,SCHOOL_INFRASTRUCTURE,7180000.0,7180000.0,91.3,False,Purchase_Bill_PRJ000998.pdf
DOC0001996,PRJ000998,UTILIZATION_CERTIFICATE,Tirupati Public Works Department (PWD),SCHOOL_INFRASTRUCTURE,2742760.0,7180000.0,92.8,False,Utilization_Certificate_PRJ000998.pdf
DOC0001997,PRJ000999,PURCHASE_BILL,SmartTransit Urban Infra Solutions,BUS_SHELTER,7300000.0,7300000.0,95.8,False,Purchase_Bill_PRJ000999.pdf
DOC0001998,PRJ000999,UTILIZATION_CERTIFICATE,Guntur District Rural Development Agency (DRDA),BUS_SHELTER,6242987.3,7300000.0,98.5,False,Utilization_Certificate_PRJ000999.pdf
DOC0001999,PRJ001000,PURCHASE_BILL,National Civic Infrastructure Developers,COMMUNITY_HALL,5480000.0,5480000.0,92.2,False,Purchase_Bill_PRJ001000.pdf
DOC0002000,PRJ001000,UTILIZATION_CERTIFICATE,Guntur District Rural Development Agency (DRDA),COMMUNITY_HALL,5480000.0,5480000.0,93.4,False,Utilization_Certificate_PRJ001000.pdf
DOC0002001,PRJ001001,PURCHASE_BILL,Paramount Multi-Sector Construction Ltd,COMMUNITY_HALL,1660000.0,1660000.0,96.9,False,Purchase_Bill_PRJ001001.pdf
DOC0002002,PRJ001001,UTILIZATION_CERTIFICATE,Thane District Rural Development Agency (DRDA),COMMUNITY_HALL,796800.0,1660000.0,92.3,False,Utilization_Certificate_PRJ001001.pdf
DOC0002003,PRJ001002,PURCHASE_BILL,Apex Infracon & Highway Contractors,ROAD_CONSTRUCTION,4430000.0,4430000.0,93.1,False,Purchase_Bill_PRJ001002.pdf
DOC0002004,PRJ001002,UTILIZATION_CERTIFICATE,Mumbai Municipal Corporation Infrastructure Cell,ROAD_CONSTRUCTION,1687830.0,4430000.0,95.5,False,Utilization_Certificate_PRJ001002.pdf
DOC0002005,PRJ001003,PURCHASE_BILL,ProSport Infrastructure & Turf Solutions,SPORTS_FACILITY,7360000.0,7360000.0,93.5,False,Purchase_Bill_PRJ001003.pdf
DOC0002006,PRJ001003,UTILIZATION_CERTIFICATE,Mumbai Municipal Corporation Infrastructure Cell,SPORTS_FACILITY,7360000.0,7360000.0,95.1,False,Utilization_Certificate_PRJ001003.pdf
DOC0002007,PRJ001004,PURCHASE_BILL,UrbanDrain Civil Engineering Co,DRAINAGE,4810000.0,4810000.0,93.1,False,Purchase_Bill_PRJ001004.pdf
DOC0002008,PRJ001004,UTILIZATION_CERTIFICATE,Aurangabad State Water Supply & Sanitation Board (WSSB),DRAINAGE,1890330.0,4810000.0,97.5,False,Utilization_Certificate_PRJ001004.pdf
DOC0002009,PRJ001005,PURCHASE_BILL,Apex Infracon & Highway Contractors,ROAD_CONSTRUCTION,4140000.0,4140000.0,97.2,False,Purchase_Bill_PRJ001005.pdf
DOC0002010,PRJ001005,UTILIZATION_CERTIFICATE,Thane Public Works Department (PWD),ROAD_CONSTRUCTION,4140000.0,4140000.0,91.1,False,Utilization_Certificate_PRJ001005.pdf
DOC0002011,PRJ001006,PURCHASE_BILL,ProSport Infrastructure & Turf Solutions,SPORTS_FACILITY,6550000.0,6550000.0,94.0,False,Purchase_Bill_PRJ001006.pdf
DOC0002012,PRJ001006,UTILIZATION_CERTIFICATE,Kanpur Municipal Corporation Infrastructure Cell,SPORTS_FACILITY,3360150.0,6550000.0,93.2,False,Utilization_Certificate_PRJ001006.pdf
DOC0002013,PRJ001007,PURCHASE_BILL,MedTech Healthcare Infrastructure Ltd,HEALTHCARE,1630000.0,1630000.0,93.7,False,Purchase_Bill_PRJ001007.pdf
DOC0002014,PRJ001007,UTILIZATION_CERTIFICATE,Varanasi Public Works Department (PWD),HEALTHCARE,1630000.0,1630000.0,90.2,False,Utilization_Certificate_PRJ001007.pdf
DOC0002015,PRJ001008,PURCHASE_BILL,TechLine IT & Lab Equipment Solutions Pvt Ltd,SCHOOL_INFRASTRUCTURE,930000.0,930000.0,96.6,False,Purchase_Bill_PRJ001008.pdf
DOC0002016,PRJ001008,UTILIZATION_CERTIFICATE,Varanasi District Rural Development Agency (DRDA),SCHOOL_INFRASTRUCTURE,37690.85,930000.0,95.9,False,Utilization_Certificate_PRJ001008.pdf
DOC0002017,PRJ001009,PURCHASE_BILL,National Civic Infrastructure Developers,COMMUNITY_HALL,7930000.0,7930000.0,95.2,False,Purchase_Bill_PRJ001009.pdf
DOC0002018,PRJ001009,UTILIZATION_CERTIFICATE,Varanasi District Rural Development Agency (DRDA),COMMUNITY_HALL,9833200.0,7930000.0,95.4,False,Utilization_Certificate_PRJ001009.pdf
DOC0002019,PRJ001010,PURCHASE_BILL,AquaPure Water Systems & Drilling Corp,WATER_SUPPLY,7070000.0,7070000.0,89.1,False,Purchase_Bill_PRJ001010.pdf
DOC0002020,PRJ001010,UTILIZATION_CERTIFICATE,Varanasi District Rural Development Agency (DRDA),WATER_SUPPLY,8837500.0,7070000.0,98.7,False,Utilization_Certificate_PRJ001010.pdf
DOC0002021,PRJ001011,PURCHASE_BILL,SmartTransit Urban Infra Solutions,BUS_SHELTER,6640000.0,6640000.0,88.3,False,Purchase_Bill_PRJ001011.pdf
DOC0002022,PRJ001011,UTILIZATION_CERTIFICATE,Varanasi District Rural Development Agency (DRDA),BUS_SHELTER,146659.14,6640000.0,93.8,False,Utilization_Certificate_PRJ001011.pdf
DOC0002023,PRJ001012,PURCHASE_BILL,SwachhBharat Sanitation Infra Ltd,PUBLIC_TOILET,2512657.36,1900000.0,49.8,True,Purchase_Bill_PRJ001012.pdf
DOC0002024,PRJ001012,UTILIZATION_CERTIFICATE,Varanasi State Water Supply & Sanitation Board (WSSB),PUBLIC_TOILET,509200.0,1900000.0,97.6,False,Utilization_Certificate_PRJ001012.pdf
DOC0002025,PRJ001013,PURCHASE_BILL,Speedway Repair & Resurfacing Contractors,ROAD_REPAIR,7810000.0,7810000.0,96.1,False,Purchase_Bill_PRJ001013.pdf
DOC0002026,PRJ001013,UTILIZATION_CERTIFICATE,Varanasi Public Works Department (PWD),ROAD_REPAIR,295525.86,7810000.0,97.6,False,Utilization_Certificate_PRJ001013.pdf
DOC0002027,PRJ001014,PURCHASE_BILL,Speedway Repair & Resurfacing Contractors,ROAD_REPAIR,3227733.63,2590000.0,45.4,True,Purchase_Bill_PRJ001014.pdf
DOC0002028,PRJ001014,UTILIZATION_CERTIFICATE,Varanasi Public Works Department (PWD),ROAD_REPAIR,1175860.0,2590000.0,99.4,False,Utilization_Certificate_PRJ001014.pdf
DOC0002029,PRJ001015,PURCHASE_BILL,BridgeTech Structures Pvt Ltd,BRIDGE,1590000.0,1590000.0,90.5,False,Purchase_Bill_PRJ001015.pdf
DOC0002030,PRJ001015,UTILIZATION_CERTIFICATE,Varanasi Public Works Department (PWD),BRIDGE,1590000.0,1590000.0,91.9,False,Utilization_Certificate_PRJ001015.pdf
DOC0002031,PRJ001016,PURCHASE_BILL,SunPower Renewable Energy Systems,SOLAR_ENERGY,6310000.0,6310000.0,93.4,False,Purchase_Bill_PRJ001016.pdf
DOC0002032,PRJ001016,UTILIZATION_CERTIFICATE,Varanasi District Rural Development Agency (DRDA),SOLAR_ENERGY,5144277.78,6310000.0,90.4,False,Utilization_Certificate_PRJ001016.pdf
DOC0002033,PRJ001017,PURCHASE_BILL,ProSport Infrastructure & Turf Solutions,SPORTS_FACILITY,1270000.0,1270000.0,97.7,False,Purchase_Bill_PRJ001017.pdf
DOC0002034,PRJ001017,UTILIZATION_CERTIFICATE,Varanasi State Water Supply & Sanitation Board (WSSB),SPORTS_FACILITY,1017270.0,1270000.0,95.8,False,Utilization_Certificate_PRJ001017.pdf
DOC0002035,PRJ001018,PURCHASE_BILL,SunPower Renewable Energy Systems,SOLAR_ENERGY,4680000.0,4680000.0,89.5,False,Purchase_Bill_PRJ001018.pdf
DOC0002036,PRJ001018,UTILIZATION_CERTIFICATE,Varanasi Public Works Department (PWD),SOLAR_ENERGY,2934360.0,4680000.0,90.3,False,Utilization_Certificate_PRJ001018.pdf
DOC0002037,PRJ001019,PURCHASE_BILL,AquaPure Water Systems & Drilling Corp,WATER_SUPPLY,4380000.0,4380000.0,90.5,False,Purchase_Bill_PRJ001019.pdf
DOC0002038,PRJ001019,UTILIZATION_CERTIFICATE,Guwahati District Rural Development Agency (DRDA),WATER_SUPPLY,2014800.0,4380000.0,94.9,False,Utilization_Certificate_PRJ001019.pdf
DOC0002039,PRJ001020,PURCHASE_BILL,TechLine IT & Lab Equipment Solutions Pvt Ltd,SCHOOL_INFRASTRUCTURE,4540000.0,4540000.0,92.3,False,Purchase_Bill_PRJ001020.pdf
DOC0002040,PRJ001020,UTILIZATION_CERTIFICATE,Guwahati District Rural Development Agency (DRDA),SCHOOL_INFRASTRUCTURE,4540000.0,4540000.0,93.6,False,Utilization_Certificate_PRJ001020.pdf
DOC0002041,PRJ001021,PURCHASE_BILL,ProSport Infrastructure & Turf Solutions,SPORTS_FACILITY,7730000.0,7730000.0,94.6,False,Purchase_Bill_PRJ001021.pdf
DOC0002042,PRJ001021,UTILIZATION_CERTIFICATE,Ahmedabad District Rural Development Agency (DRDA),SPORTS_FACILITY,5797500.0,7730000.0,99.4,False,Utilization_Certificate_PRJ001021.pdf
DOC0002043,PRJ001022,PURCHASE_BILL,SunPower Renewable Energy Systems,SOLAR_ENERGY,3670000.0,3670000.0,94.3,False,Purchase_Bill_PRJ001022.pdf
DOC0002044,PRJ001022,UTILIZATION_CERTIFICATE,Bhavnagar Municipal Corporation Infrastructure Cell,SOLAR_ENERGY,3108490.0,3670000.0,97.4,False,Utilization_Certificate_PRJ001022.pdf
DOC0002045,PRJ001023,PURCHASE_BILL,Apex Infracon & Highway Contractors,ROAD_CONSTRUCTION,7940000.0,7940000.0,93.2,False,Purchase_Bill_PRJ001023.pdf
DOC0002046,PRJ001023,UTILIZATION_CERTIFICATE,Ahmedabad Public Works Department (PWD),ROAD_CONSTRUCTION,2509040.0,7940000.0,97.7,False,Utilization_Certificate_PRJ001023.pdf
DOC0002047,PRJ001024,PURCHASE_BILL,ProSport Infrastructure & Turf Solutions,SPORTS_FACILITY,4930000.0,4930000.0,90.7,False,Purchase_Bill_PRJ001024.pdf
DOC0002048,PRJ001024,UTILIZATION_CERTIFICATE,Patna State Water Supply & Sanitation Board (WSSB),SPORTS_FACILITY,1838890.0,4930000.0,90.2,False,Utilization_Certificate_PRJ001024.pdf
DOC0002049,PRJ001025,PURCHASE_BILL,CleanWater Sanitation & Drainage Works Pvt Ltd,SANITATION,7640000.0,7640000.0,91.5,False,Purchase_Bill_PRJ001025.pdf
DOC0002050,PRJ001025,UTILIZATION_CERTIFICATE,Patna State Water Supply & Sanitation Board (WSSB),SANITATION,5730000.0,7640000.0,97.2,False,Utilization_Certificate_PRJ001025.pdf
DOC0002051,PRJ001026,PURCHASE_BILL,SunPower Renewable Energy Systems,SOLAR_ENERGY,6990000.0,6990000.0,92.3,False,Purchase_Bill_PRJ001026.pdf
DOC0002052,PRJ001026,UTILIZATION_CERTIFICATE,Aurangabad State Water Supply & Sanitation Board (WSSB),SOLAR_ENERGY,1439940.0,6990000.0,94.7,False,Utilization_Certificate_PRJ001026.pdf
DOC0002053,PRJ001027,PURCHASE_BILL,CleanWater Sanitation & Drainage Works Pvt Ltd,SANITATION,5350000.0,5350000.0,91.4,False,Purchase_Bill_PRJ001027.pdf
DOC0002054,PRJ001027,UTILIZATION_CERTIFICATE,Thane Public Works Department (PWD),SANITATION,2407500.0,5350000.0,97.7,False,Utilization_Certificate_PRJ001027.pdf
DOC0002055,PRJ001028,PURCHASE_BILL,MedTech Healthcare Infrastructure Ltd,HEALTHCARE,5130000.0,5130000.0,91.1,False,Purchase_Bill_PRJ001028.pdf
DOC0002056,PRJ001028,UTILIZATION_CERTIFICATE,Mumbai Municipal Corporation Infrastructure Cell,HEALTHCARE,2308500.0,5130000.0,94.6,False,Utilization_Certificate_PRJ001028.pdf
DOC0002057,PRJ001029,PURCHASE_BILL,AquaPure Water Systems & Drilling Corp,WATER_SUPPLY,6750000.0,6750000.0,89.2,False,Purchase_Bill_PRJ001029.pdf
DOC0002058,PRJ001029,UTILIZATION_CERTIFICATE,Thane Public Works Department (PWD),WATER_SUPPLY,4137750.0,6750000.0,90.6,False,Utilization_Certificate_PRJ001029.pdf
DOC0002059,PRJ001030,PURCHASE_BILL,SmartTransit Urban Infra Solutions,BUS_SHELTER,6700000.0,6700000.0,96.5,False,Purchase_Bill_PRJ001030.pdf
DOC0002060,PRJ001030,UTILIZATION_CERTIFICATE,Kota State Water Supply & Sanitation Board (WSSB),BUS_SHELTER,2485700.0,6700000.0,90.6,False,Utilization_Certificate_PRJ001030.pdf
DOC0002061,PRJ001031,PURCHASE_BILL,ProSport Infrastructure & Turf Solutions,SPORTS_FACILITY,3310000.0,3310000.0,90.9,False,Purchase_Bill_PRJ001031.pdf
DOC0002062,PRJ001031,UTILIZATION_CERTIFICATE,Udaipur District Rural Development Agency (DRDA),SPORTS_FACILITY,3003728.04,3310000.0,97.0,False,Utilization_Certificate_PRJ001031.pdf
DOC0002063,PRJ001032,PURCHASE_BILL,SunPower Renewable Energy Systems,SOLAR_ENERGY,7910000.0,7910000.0,91.2,False,Purchase_Bill_PRJ001032.pdf
DOC0002064,PRJ001032,UTILIZATION_CERTIFICATE,Udaipur District Rural Development Agency (DRDA),SOLAR_ENERGY,6484638.64,7910000.0,95.2,False,Utilization_Certificate_PRJ001032.pdf
DOC0002065,PRJ001033,PURCHASE_BILL,National Civic Infrastructure Developers,COMMUNITY_HALL,7860000.0,7860000.0,92.9,False,Purchase_Bill_PRJ001033.pdf
DOC0002066,PRJ001033,UTILIZATION_CERTIFICATE,Udaipur District Rural Development Agency (DRDA),COMMUNITY_HALL,7037695.73,7860000.0,98.5,False,Utilization_Certificate_PRJ001033.pdf
DOC0002067,PRJ001034,PURCHASE_BILL,National Civic Infrastructure Developers,COMMUNITY_HALL,2800000.0,2800000.0,89.6,False,Purchase_Bill_PRJ001034.pdf
DOC0002068,PRJ001034,UTILIZATION_CERTIFICATE,Udaipur District Rural Development Agency (DRDA),COMMUNITY_HALL,1660400.0,2800000.0,99.5,False,Utilization_Certificate_PRJ001034.pdf
