transaction_id,project_id,mp_name,transaction_type,amount_inr,transaction_date,payment_mode,recipient_name
TRX00000001,PRJ000001,Hon'ble MP,SANCTION,4560000.0,2023-06-25,TREASURY_TRANSFER,Mumbai Municipal Corporation Infrastructure Cell
TRX00000002,PRJ000001,Hon'ble MP,EXPENDITURE,2508000.0,2023-07-25,PFMS_E_PAYMENT,ProSport Infrastructure & Turf Solutions
TRX00000003,PRJ000001,Hon'ble MP,EXPENDITURE,2052000.0,2023-09-23,PFMS_E_PAYMENT,ProSport Infrastructure & Turf Solutions
TRX00000004,PRJ000002,Hon'ble MP,SANCTION,920000.0,2022-05-17,TREASURY_TRANSFER,Mumbai Municipal Corporation Infrastructure Cell
TRX00000005,PRJ000002,Hon'ble MP,EXPENDITURE,256036.0,2022-06-16,PFMS_E_PAYMENT,Speedway Repair & Resurfacing Contractors
TRX00000006,PRJ000002,Hon'ble MP,EXPENDITURE,209484.0,2022-08-15,PFMS_E_PAYMENT,Speedway Repair & Resurfacing Contractors
TRX00000007,PRJ000003,Hon'ble MP,SANCTION,4710000.0,2022-05-29,TREASURY_TRANSFER,Thane District Rural Development Agency (DRDA)
TRX00000008,PRJ000003,Hon'ble MP,EXPENDITURE,74441.46,2022-06-28,PFMS_E_PAYMENT,National Civic Infrastructure Developers
TRX00000009,PRJ000003,Hon'ble MP,EXPENDITURE,60906.64,2022-08-27,PFMS_E_PAYMENT,National Civic Infrastructure Developers
TRX00000010,PRJ000004,Hon'ble MP,SANCTION,1650000.0,2022-05-21,TREASURY_TRANSFER,Thane District Rural Development Agency (DRDA)
TRX00000011,PRJ000004,Hon'ble MP,EXPENDITURE,830053.79,2022-06-20,PFMS_E_PAYMENT,CleanWater Sanitation & Drainage Works Pvt Ltd
TRX00000012,PRJ000004,Hon'ble MP,EXPENDITURE,679134.91,2022-08-19,PFMS_E_PAYMENT,CleanWater Sanitation & Drainage Works Pvt Ltd
TRX00000013,PRJ000005,PATHAN YUSUF,SANCTION,7990000.0,2022-05-21,TREASURY_TRANSFER,Darjeeling Public Works Department (PWD)
TRX00000014,PRJ000005,PATHAN YUSUF,EXPENDITURE,3304664.0,2022-06-20,PFMS_E_PAYMENT,SwachhBharat Sanitation Infra Ltd
TRX00000015,PRJ000005,PATHAN YUSUF,EXPENDITURE,2703816.0,2022-08-19,PFMS_E_PAYMENT,SwachhBharat Sanitation Infra Ltd
TRX00000016,PRJ000006,PATHAN YUSUF,SANCTION,1140000.0,2023-05-29,TREASURY_TRANSFER,Darjeeling Public Works Department (PWD)
TRX00000017,PRJ000006,PATHAN YUSUF,EXPENDITURE,627000.0,2023-06-28,PFMS_E_PAYMENT,SwachhBharat Sanitation Infra Ltd
TRX00000018,PRJ000006,PATHAN YUSUF,EXPENDITURE,513000.0,2023-08-27,PFMS_E_PAYMENT,SwachhBharat Sanitation Infra Ltd
TRX00000019,PRJ000007,PATHAN YUSUF,SANCTION,7800000.0,2022-11-18,TREASURY_TRANSFER,Kolkata District Rural Development Agency (DRDA)
TRX00000020,PRJ000007,PATHAN YUSUF,EXPENDITURE,3221790.0,2022-12-18,PFMS_E_PAYMENT,CleanWater Sanitation & Drainage Works Pvt Ltd
TRX00000021,PRJ000007,PATHAN YUSUF,EXPENDITURE,2636010.0,2023-02-16,PFMS_E_PAYMENT,CleanWater Sanitation & Drainage Works Pvt Ltd
TRX00000022,PRJ000008,PATHAN YUSUF,SANCTION,1850000.0,2023-10-24,TREASURY_TRANSFER,Kolkata District Rural Development Agency (DRDA)
TRX00000023,PRJ000008,PATHAN YUSUF,EXPENDITURE,1241350.0,2023-11-23,PFMS_E_PAYMENT,SwachhBharat Sanitation Infra Ltd
TRX00000024,PRJ000008,PATHAN YUSUF,EXPENDITURE,1015650.0,2024-01-22,PFMS_E_PAYMENT,SwachhBharat Sanitation Infra Ltd
TRX00000025,PRJ000009,T Sumathy (A) Thamizhachi Thangapandian,SANCTION,5000000.0,2022-12-30,TREASURY_TRANSFER,Madurai District Rural Development Agency (DRDA)
TRX00000026,PRJ000009,T Sumathy (A) Thamizhachi Thangapandian,EXPENDITURE,3272500.0,2023-01-29,PFMS_E_PAYMENT,SunPower Renewable Energy Systems
TRX00000027,PRJ000009,T Sumathy (A) Thamizhachi Thangapandian,EXPENDITURE,2677500.0,2023-03-30,PFMS_E_PAYMENT,SunPower Renewable Energy Systems
TRX00000028,PRJ000010,T Sumathy (A) Thamizhachi Thangapandian,SANCTION,4240000.0,2023-11-21,TREASURY_TRANSFER,Madurai District Rural Development Agency (DRDA)
TRX00000029,PRJ000010,T Sumathy (A) Thamizhachi Thangapandian,EXPENDITURE,2915000.0,2023-12-21,PFMS_E_PAYMENT,Speedway Repair & Resurfacing Contractors
TRX00000030,PRJ000010,T Sumathy (A) Thamizhachi Thangapandian,EXPENDITURE,2385000.0,2024-02-19,PFMS_E_PAYMENT,Speedway Repair & Resurfacing Contractors
TRX00000031,PRJ000011,TOKHAN SAHU,SANCTION,1760000.0,2023-07-18,TREASURY_TRANSFER,Raipur District Rural Development Agency (DRDA)
TRX00000032,PRJ000011,TOKHAN SAHU,EXPENDITURE,968000.0,2023-08-17,PFMS_E_PAYMENT,ProSport Infrastructure & Turf Solutions
TRX00000033,PRJ000011,TOKHAN SAHU,EXPENDITURE,792000.0,2023-10-16,PFMS_E_PAYMENT,ProSport Infrastructure & Turf Solutions
TRX00000034,PRJ000012,TOKHAN SAHU,SANCTION,6190000.0,2023-04-22,TREASURY_TRANSFER,Bhilai Municipal Corporation Infrastructure Cell
TRX00000035,PRJ000012,TOKHAN SAHU,EXPENDITURE,1150721.0,2023-05-22,PFMS_E_PAYMENT,MedTech Healthcare Infrastructure Ltd
TRX00000036,PRJ000012,TOKHAN SAHU,EXPENDITURE,941499.0,2023-07-21,PFMS_E_PAYMENT,MedTech Healthcare Infrastructure Ltd
TRX00000037,PRJ000013,Shri Mallikarjun Kharge (2026-32) (2026-2032),SANCTION,2260000.0,2022-09-26,TREASURY_TRANSFER,Bengaluru Municipal Corporation Infrastructure Cell
TRX00000038,PRJ000013,Shri Mallikarjun Kharge (2026-32) (2026-2032),EXPENDITURE,464882.0,2022-10-26,PFMS_E_PAYMENT,SunPower Renewable Energy Systems
TRX00000039,PRJ000013,Shri Mallikarjun Kharge (2026-32) (2026-2032),EXPENDITURE,380358.0,2022-12-25,PFMS_E_PAYMENT,SunPower Renewable Energy Systems
TRX00000040,PRJ000014,Shri Mallikarjun Kharge (2026-32) (2026-2032),SANCTION,7310000.0,2023-11-12,TREASURY_TRANSFER,Hubballi State Water Supply & Sanitation Board (WSSB)
TRX00000041,PRJ000014,Shri Mallikarjun Kharge (2026-32) (2026-2032),EXPENDITURE,1913758.0,2023-12-12,PFMS_E_PAYMENT,Speedway Repair & Resurfacing Contractors
TRX00000042,PRJ000014,Shri Mallikarjun Kharge (2026-32) (2026-2032),EXPENDITURE,1565802.0,2024-02-10,PFMS_E_PAYMENT,Speedway Repair & Resurfacing Contractors
TRX00000043,PRJ000015,Chandra Prakash Joshi,SANCTION,3610000.0,2023-09-12,TREASURY_TRANSFER,Udaipur District Rural Development Agency (DRDA)
TRX00000044,PRJ000015,Chandra Prakash Joshi,EXPENDITURE,1669109.75,2023-10-12,PFMS_E_PAYMENT,MedTech Healthcare Infrastructure Ltd
TRX00000045,PRJ000015,Chandra Prakash Joshi,EXPENDITURE,1365635.25,2023-12-11,PFMS_E_PAYMENT,MedTech Healthcare Infrastructure Ltd
TRX00000046,PRJ000016,Chandra Prakash Joshi,SANCTION,5170000.0,2023-05-01,TREASURY_TRANSFER,Udaipur Municipal Corporation Infrastructure Cell
TRX00000047,PRJ000016,Chandra Prakash Joshi,EXPENDITURE,2132625.0,2023-05-31,PFMS_E_PAYMENT,SunPower Renewable Energy Systems
TRX00000048,PRJ000016,Chandra Prakash Joshi,EXPENDITURE,1744875.0,2023-07-30,PFMS_E_PAYMENT,SunPower Renewable Energy Systems
TRX00000049,PRJ000016,Chandra Prakash Joshi,EXPENDITURE,2132625.0,2023-06-01,PFMS_E_PAYMENT,SunPower Renewable Energy Systems
TRX00000050,PRJ000017,Chandra Prakash Joshi,SANCTION,1130000.0,2023-07-09,TREASURY_TRANSFER,Udaipur Municipal Corporation Infrastructure Cell
TRX00000051,PRJ000017,Chandra Prakash Joshi,EXPENDITURE,279675.0,2023-08-08,PFMS_E_PAYMENT,UrbanDrain Civil Engineering Co
TRX00000052,PRJ000017,Chandra Prakash Joshi,EXPENDITURE,228825.0,2023-10-07,PFMS_E_PAYMENT,UrbanDrain Civil Engineering Co
TRX00000053,PRJ000018,Chandra Prakash Joshi,SANCTION,2240000.0,2023-09-01,TREASURY_TRANSFER,Udaipur District Rural Development Agency (DRDA)
TRX00000054,PRJ000018,Chandra Prakash Joshi,EXPENDITURE,1749440.0,2023-10-01,PFMS_E_PAYMENT,MedTech Healthcare Infrastructure Ltd
TRX00000055,PRJ000018,Chandra Prakash Joshi,EXPENDITURE,1431360.0,2023-11-30,PFMS_E_PAYMENT,MedTech Healthcare Infrastructure Ltd
TRX00000056,PRJ000019,Kakoli Ghosh Dastidar,SANCTION,2400000.0,2023-08-12,TREASURY_TRANSFER,Kolkata Municipal Corporation Infrastructure Cell
TRX00000057,PRJ000019,Kakoli Ghosh Dastidar,EXPENDITURE,1320000.0,2023-09-11,PFMS_E_PAYMENT,Speedway Repair & Resurfacing Contractors
TRX00000058,PRJ000019,Kakoli Ghosh Dastidar,EXPENDITURE,1080000.0,2023-11-10,PFMS_E_PAYMENT,Speedway Repair & Resurfacing Contractors
TRX00000059,PRJ000020,Kakoli Ghosh Dastidar,SANCTION,7860000.0,2022-08-13,TREASURY_TRANSFER,Kolkata Municipal Corporation Infrastructure Cell
TRX00000060,PRJ000020,Kakoli Ghosh Dastidar,EXPENDITURE,1945350.0,2022-09-12,PFMS_E_PAYMENT,National Civic Infrastructure Developers
TRX00000061,PRJ000020,Kakoli Ghosh Dastidar,EXPENDITURE,1591650.0,2022-11-11,PFMS_E_PAYMENT,National Civic Infrastructure Developers
TRX00000062,PRJ000021,Shri Chandrakant Damodar Handore (2024-30) (2024-2030),SANCTION,5230000.0,2022-06-05,TREASURY_TRANSFER,Aurangabad State Water Supply & Sanitation Board (WSSB)
TRX00000063,PRJ000021,Shri Chandrakant Damodar Handore (2024-30) (2024-2030),EXPENDITURE,58920.81,2022-07-05,PFMS_E_PAYMENT,SwachhBharat Sanitation Infra Ltd
TRX00000064,PRJ000021,Shri Chandrakant Damodar Handore (2024-30) (2024-2030),EXPENDITURE,48207.93,2022-09-03,PFMS_E_PAYMENT,SwachhBharat Sanitation Infra Ltd
TRX00000065,PRJ000022,Shri Chandrakant Damodar Handore (2024-30) (2024-2030),SANCTION,6800000.0,2023-03-26,TREASURY_TRANSFER,Thane District Rural Development Agency (DRDA)
TRX00000066,PRJ000022,Shri Chandrakant Damodar Handore (2024-30) (2024-2030),EXPENDITURE,3167930.53,2023-04-25,PFMS_E_PAYMENT,BridgeTech Structures Pvt Ltd
TRX00000067,PRJ000022,Shri Chandrakant Damodar Handore (2024-30) (2024-2030),EXPENDITURE,2591943.16,2023-06-24,PFMS_E_PAYMENT,BridgeTech Structures Pvt Ltd
TRX00000068,PRJ000023,Shri Harsh Vardhan Shringla (2025-31) (2025-2031),SANCTION,6510000.0,2022-05-29,TREASURY_TRANSFER,Darjeeling Public Works Department (PWD)
TRX00000069,PRJ000023,Shri Harsh Vardhan Shringla (2025-31) (2025-2031),EXPENDITURE,2685375.0,2022-06-28,PFMS_E_PAYMENT,BridgeTech Structures Pvt Ltd
TRX00000070,PRJ000023,Shri Harsh Vardhan Shringla (2025-31) (2025-2031),EXPENDITURE,2197125.0,2022-08-27,PFMS_E_PAYMENT,BridgeTech Structures Pvt Ltd
TRX00000071,PRJ000023,Shri Harsh Vardhan Shringla (2025-31) (2025-2031),EXPENDITURE,2685375.0,2022-07-03,PFMS_E_PAYMENT,BridgeTech Structures Pvt Ltd
TRX00000072,PRJ000024,Shri Harsh Vardhan Shringla (2025-31) (2025-2031),SANCTION,5600000.0,2023-07-03,TREASURY_TRANSFER,Kolkata District Rural Development Agency (DRDA)
TRX00000073,PRJ000024,Shri Harsh Vardhan Shringla (2025-31) (2025-2031),EXPENDITURE,2442440.0,2023-08-02,PFMS_E_PAYMENT,MedTech Healthcare Infrastructure Ltd
TRX00000074,PRJ000024,Shri Harsh Vardhan Shringla (2025-31) (2025-2031),EXPENDITURE,1998360.0,2023-10-01,PFMS_E_PAYMENT,MedTech Healthcare Infrastructure Ltd
TRX00000075,PRJ000025,Shri Harsh Vardhan Shringla (2025-31) (2025-2031),SANCTION,1590000.0,2023-09-19,TREASURY_TRANSFER,Kolkata Municipal Corporation Infrastructure Cell
TRX00000076,PRJ000025,Shri Harsh Vardhan Shringla (2025-31) (2025-2031),EXPENDITURE,179272.5,2023-10-19,PFMS_E_PAYMENT,Speedway Repair & Resurfacing Contractors
TRX00000077,PRJ000025,Shri Harsh Vardhan Shringla (2025-31) (2025-2031),EXPENDITURE,146677.5,2023-12-18,PFMS_E_PAYMENT,Speedway Repair & Resurfacing Contractors
TRX00000078,PRJ000026,Dr. L. Murugan (2024-30) (2024-2030),SANCTION,7020000.0,2022-07-30,TREASURY_TRANSFER,Ujjain District Rural Development Agency (DRDA)
TRX00000079,PRJ000026,Dr. L. Murugan (2024-30) (2024-2030),EXPENDITURE,5482620.0,2022-08-29,PFMS_E_PAYMENT,ProSport Infrastructure & Turf Solutions
TRX00000080,PRJ000026,Dr. L. Murugan (2024-30) (2024-2030),EXPENDITURE,4485780.0,2022-10-28,PFMS_E_PAYMENT,ProSport Infrastructure & Turf Solutions
TRX00000081,PRJ000027,Dr. L. Murugan (2024-30) (2024-2030),SANCTION,6920000.0,2022-12-16,TREASURY_TRANSFER,Gwalior State Water Supply & Sanitation Board (WSSB)
TRX00000082,PRJ000027,Dr. L. Murugan (2024-30) (2024-2030),EXPENDITURE,1712700.0,2023-01-15,PFMS_E_PAYMENT,MedTech Healthcare Infrastructure Ltd
TRX00000083,PRJ000027,Dr. L. Murugan (2024-30) (2024-2030),EXPENDITURE,1401300.0,2023-03-16,PFMS_E_PAYMENT,MedTech Healthcare Infrastructure Ltd
TRX00000084,PRJ000028,Dr. L. Murugan (2024-30) (2024-2030),SANCTION,3150000.0,2022-09-27,TREASURY_TRANSFER,Gwalior Public Works Department (PWD)
TRX00000085,PRJ000028,Dr. L. Murugan (2024-30) (2024-2030),EXPENDITURE,575190.0,2022-10-27,PFMS_E_PAYMENT,Apex Infracon & Highway Contractors
TRX00000086,PRJ000028,Dr. L. Murugan (2024-30) (2024-2030),EXPENDITURE,470610.0,2022-12-26,PFMS_E_PAYMENT,Apex Infracon & Highway Contractors
TRX00000087,PRJ000029,Dr. L. Murugan (2024-30) (2024-2030),SANCTION,6040000.0,2023-05-28,TREASURY_TRANSFER,Sagar Municipal Corporation Infrastructure Cell
TRX00000088,PRJ000029,Dr. L. Murugan (2024-30) (2024-2030),EXPENDITURE,2491500.0,2023-06-27,PFMS_E_PAYMENT,MedTech Healthcare Infrastructure Ltd
TRX00000089,PRJ000029,Dr. L. Murugan (2024-30) (2024-2030),EXPENDITURE,2038500.0,2023-08-26,PFMS_E_PAYMENT,MedTech Healthcare Infrastructure Ltd
TRX00000090,PRJ000029,Dr. L. Murugan (2024-30) (2024-2030),EXPENDITURE,2491500.0,2023-07-01,PFMS_E_PAYMENT,MedTech Healthcare Infrastructure Ltd
TRX00000091,PRJ000030,Shankar Lalwani,SANCTION,5060000.0,2022-07-03,TREASURY_TRANSFER,Ujjain District Rural Development Agency (DRDA)
TRX00000092,PRJ000030,Shankar Lalwani,EXPENDITURE,3979690.0,2022-08-02,PFMS_E_PAYMENT,SwachhBharat Sanitation Infra Ltd
TRX00000093,PRJ000030,Shankar Lalwani,EXPENDITURE,3256110.0,2022-10-01,PFMS_E_PAYMENT,SwachhBharat Sanitation Infra Ltd
TRX00000094,PRJ000031,Shankar Lalwani,SANCTION,2730000.0,2022-05-28,TREASURY_TRANSFER,Sagar Municipal Corporation Infrastructure Cell
TRX00000095,PRJ000031,Shankar Lalwani,EXPENDITURE,54627.39,2022-06-27,PFMS_E_PAYMENT,ProSport Infrastructure & Turf Solutions
TRX00000096,PRJ000031,Shankar Lalwani,EXPENDITURE,44695.13,2022-08-26,PFMS_E_PAYMENT,ProSport Infrastructure & Turf Solutions
TRX00000097,PRJ000032,Shankar Lalwani,SANCTION,1510000.0,2022-08-13,TREASURY_TRANSFER,Sagar Municipal Corporation Infrastructure Cell
TRX00000098,PRJ000032,Shankar Lalwani,EXPENDITURE,256624.5,2022-09-12,PFMS_E_PAYMENT,SmartTransit Urban Infra Solutions
TRX00000099,PRJ000032,Shankar Lalwani,EXPENDITURE,209965.5,2022-11-11,PFMS_E_PAYMENT,SmartTransit Urban Infra Solutions
TRX00000100,PRJ000033,Dr. Syed Naseer Hussain (2024-30) (2024-2030),SANCTION,2320000.0,2023-08-30,TREASURY_TRANSFER,Hubballi State Water Supply & Sanitation Board (WSSB)
TRX00000101,PRJ000033,Dr. Syed Naseer Hussain (2024-30) (2024-2030),EXPENDITURE,586960.0,2023-09-29,PFMS_E_PAYMENT,BridgeTech Structures Pvt Ltd
TRX00000102,PRJ000033,Dr. Syed Naseer Hussain (2024-30) (2024-2030),EXPENDITURE,480240.0,2023-11-28,PFMS_E_PAYMENT,BridgeTech Structures Pvt Ltd
TRX00000103,PRJ000034,Dr. Syed Naseer Hussain (2024-30) (2024-2030),SANCTION,4930000.0,2023-09-08,TREASURY_TRANSFER,Hubballi State Water Supply & Sanitation Board (WSSB)
TRX00000104,PRJ000034,Dr. Syed Naseer Hussain (2024-30) (2024-2030),EXPENDITURE,2033625.0,2023-10-08,PFMS_E_PAYMENT,MedTech Healthcare Infrastructure Ltd
TRX00000105,PRJ000034,Dr. Syed Naseer Hussain (2024-30) (2024-2030),EXPENDITURE,1663875.0,2023-12-07,PFMS_E_PAYMENT,MedTech Healthcare Infrastructure Ltd
TRX00000106,PRJ000034,Dr. Syed Naseer Hussain (2024-30) (2024-2030),EXPENDITURE,2033625.0,2023-10-12,PFMS_E_PAYMENT,MedTech Healthcare Infrastructure Ltd
TRX00000107,PRJ000035,Dr. Dharmasthala Veerendra Heggade (2022-28) (2022-2028),SANCTION,3150000.0,2023-10-05,TREASURY_TRANSFER,Mysuru District Rural Development Agency (DRDA)
TRX00000108,PRJ000035,Dr. Dharmasthala Veerendra Heggade (2022-28) (2022-2028),EXPENDITURE,1411398.48,2023-11-04,PFMS_E_PAYMENT,CleanWater Sanitation & Drainage Works Pvt Ltd
TRX00000109,PRJ000035,Dr. Dharmasthala Veerendra Heggade (2022-28) (2022-2028),EXPENDITURE,1154780.57,2024-01-03,PFMS_E_PAYMENT,CleanWater Sanitation & Drainage Works Pvt Ltd
TRX00000110,PRJ000036,Dr. Dharmasthala Veerendra Heggade (2022-28) (2022-2028),SANCTION,3510000.0,2022-04-28,TREASURY_TRANSFER,Hubballi State Water Supply & Sanitation Board (WSSB)
TRX00000111,PRJ000036,Dr. Dharmasthala Veerendra Heggade (2022-28) (2022-2028),EXPENDITURE,1447875.0,2022-05-28,PFMS_E_PAYMENT,ProSport Infrastructure & Turf Solutions
TRX00000112,PRJ000036,Dr. Dharmasthala Veerendra Heggade (2022-28) (2022-2028),EXPENDITURE,1184625.0,2022-07-27,PFMS_E_PAYMENT,ProSport Infrastructure & Turf Solutions
TRX00000113,PRJ000036,Dr. Dharmasthala Veerendra Heggade (2022-28) (2022-2028),EXPENDITURE,1447875.0,2022-05-31,PFMS_E_PAYMENT,ProSport Infrastructure & Turf Solutions
TRX00000114,PRJ000037,Dr. Dharmasthala Veerendra Heggade (2022-28) (2022-2028),SANCTION,7250000.0,2023-11-20,TREASURY_TRANSFER,Bengaluru Public Works Department (PWD)
TRX00000115,PRJ000037,Dr. Dharmasthala Veerendra Heggade (2022-28) (2022-2028),EXPENDITURE,1794375.0,2023-12-20,PFMS_E_PAYMENT,MedTech Healthcare Infrastructure Ltd
TRX00000116,PRJ000037,Dr. Dharmasthala Veerendra Heggade (2022-28) (2022-2028),EXPENDITURE,1468125.0,2024-02-18,PFMS_E_PAYMENT,MedTech Healthcare Infrastructure Ltd
TRX00000117,PRJ000038,Dr. Dharmasthala Veerendra Heggade (2022-28) (2022-2028),SANCTION,850000.0,2022-07-23,TREASURY_TRANSFER,Hubballi State Water Supply & Sanitation Board (WSSB)
TRX00000118,PRJ000038,Dr. Dharmasthala Veerendra Heggade (2022-28) (2022-2028),EXPENDITURE,210375.0,2022-08-22,PFMS_E_PAYMENT,AquaPure Water Systems & Drilling Corp
TRX00000119,PRJ000038,Dr. Dharmasthala Veerendra Heggade (2022-28) (2022-2028),EXPENDITURE,172125.0,2022-10-21,PFMS_E_PAYMENT,AquaPure Water Systems & Drilling Corp
TRX00000120,PRJ000039,Smt. Jaya Amitabh Bachchan (2024-30) (2024-2030),SANCTION,4610000.0,2023-10-15,TREASURY_TRANSFER,Varanasi District Rural Development Agency (DRDA)
TRX00000121,PRJ000039,Smt. Jaya Amitabh Bachchan (2024-30) (2024-2030),EXPENDITURE,3473635.0,2023-11-14,PFMS_E_PAYMENT,TechLine IT & Lab Equipment Solutions Pvt Ltd
TRX00000122,PRJ000039,Smt. Jaya Amitabh Bachchan (2024-30) (2024-2030),EXPENDITURE,2842065.0,2024-01-13,PFMS_E_PAYMENT,TechLine IT & Lab Equipment Solutions Pvt Ltd
TRX00000123,PRJ000040,Smt. Jaya Amitabh Bachchan (2024-30) (2024-2030),SANCTION,3810000.0,2022-10-20,TREASURY_TRANSFER,Varanasi Public Works Department (PWD)
TRX00000124,PRJ000040,Smt. Jaya Amitabh Bachchan (2024-30) (2024-2030),EXPENDITURE,643318.5,2022-11-19,PFMS_E_PAYMENT,AquaPure Water Systems & Drilling Corp
TRX00000125,PRJ000040,Smt. Jaya Amitabh Bachchan (2024-30) (2024-2030),EXPENDITURE,526351.5,2023-01-18,PFMS_E_PAYMENT,AquaPure Water Systems & Drilling Corp
TRX00000126,PRJ000041,Smt. Jaya Amitabh Bachchan (2024-30) (2024-2030),SANCTION,6110000.0,2022-09-26,TREASURY_TRANSFER,Varanasi Public Works Department (PWD)
TRX00000127,PRJ000041,Smt. Jaya Amitabh Bachchan (2024-30) (2024-2030),EXPENDITURE,2469967.5,2022-10-26,PFMS_E_PAYMENT,MedTech Healthcare Infrastructure Ltd
TRX00000128,PRJ000041,Smt. Jaya Amitabh Bachchan (2024-30) (2024-2030),EXPENDITURE,2020882.5,2022-12-25,PFMS_E_PAYMENT,MedTech Healthcare Infrastructure Ltd
TRX00000129,PRJ000042,Smt. Jaya Amitabh Bachchan (2024-30) (2024-2030),SANCTION,1170000.0,2023-09-27,TREASURY_TRANSFER,Varanasi State Water Supply & Sanitation Board (WSSB)
TRX00000130,PRJ000042,Smt. Jaya Amitabh Bachchan (2024-30) (2024-2030),EXPENDITURE,409266.0,2023-10-27,PFMS_E_PAYMENT,SwachhBharat Sanitation Infra Ltd
TRX00000131,PRJ000042,Smt. Jaya Amitabh Bachchan (2024-30) (2024-2030),EXPENDITURE,334854.0,2023-12-26,PFMS_E_PAYMENT,SwachhBharat Sanitation Infra Ltd
TRX00000132,PRJ000043,Sudip Bandyopadhyay,SANCTION,7580000.0,2023-12-18,TREASURY_TRANSFER,Kolkata District Rural Development Agency (DRDA)
TRX00000133,PRJ000043,Sudip Bandyopadhyay,EXPENDITURE,2076162.0,2024-01-17,PFMS_E_PAYMENT,Paramount Multi-Sector Construction Ltd
TRX00000134,PRJ000043,Sudip Bandyopadhyay,EXPENDITURE,1698678.0,2024-03-17,PFMS_E_PAYMENT,Paramount Multi-Sector Construction Ltd
TRX00000135,PRJ000044,Sudip Bandyopadhyay,SANCTION,1230000.0,2023-09-04,TREASURY_TRANSFER,Kolkata District Rural Development Agency (DRDA)
TRX00000136,PRJ000044,Sudip Bandyopadhyay,EXPENDITURE,1035045.0,2023-10-04,PFMS_E_PAYMENT,BridgeTech Structures Pvt Ltd
TRX00000137,PRJ000044,Sudip Bandyopadhyay,EXPENDITURE,846855.0,2023-12-03,PFMS_E_PAYMENT,BridgeTech Structures Pvt Ltd
TRX00000138,PRJ000045,Sudip Bandyopadhyay,SANCTION,650000.0,2023-03-14,TREASURY_TRANSFER,Kolkata Municipal Corporation Infrastructure Cell
TRX00000139,PRJ000045,Sudip Bandyopadhyay,EXPENDITURE,160160.0,2023-04-13,PFMS_E_PAYMENT,SwachhBharat Sanitation Infra Ltd
TRX00000140,PRJ000045,Sudip Bandyopadhyay,EXPENDITURE,131040.0,2023-06-12,PFMS_E_PAYMENT,SwachhBharat Sanitation Infra Ltd
TRX00000141,PRJ000046,Sudip Bandyopadhyay,SANCTION,6270000.0,2022-05-31,TREASURY_TRANSFER,Siliguri State Water Supply & Sanitation Board (WSSB)
TRX00000142,PRJ000046,Sudip Bandyopadhyay,EXPENDITURE,141742.84,2022-06-30,PFMS_E_PAYMENT,UrbanDrain Civil Engineering Co
TRX00000143,PRJ000046,Sudip Bandyopadhyay,EXPENDITURE,115971.42,2022-08-29,PFMS_E_PAYMENT,UrbanDrain Civil Engineering Co
TRX00000144,PRJ000047,Shri Anurag Sharma (2026-32) (2026-2032),SANCTION,2190000.0,2023-03-20,TREASURY_TRANSFER,Manali State Water Supply & Sanitation Board (WSSB)
TRX00000145,PRJ000047,Shri Anurag Sharma (2026-32) (2026-2032),EXPENDITURE,542025.0,2023-04-19,PFMS_E_PAYMENT,Apex Infracon & Highway Contractors
TRX00000146,PRJ000047,Shri Anurag Sharma (2026-32) (2026-2032),EXPENDITURE,443475.0,2023-06-18,PFMS_E_PAYMENT,Apex Infracon & Highway Contractors
TRX00000147,PRJ000048,Shri Anurag Sharma (2026-32) (2026-2032),SANCTION,4540000.0,2023-05-30,TREASURY_TRANSFER,Mandi District Rural Development Agency (DRDA)
TRX00000148,PRJ000048,Shri Anurag Sharma (2026-32) (2026-2032),EXPENDITURE,696663.0,2023-06-29,PFMS_E_PAYMENT,Paramount Multi-Sector Construction Ltd
TRX00000149,PRJ000048,Shri Anurag Sharma (2026-32) (2026-2032),EXPENDITURE,569997.0,2023-08-28,PFMS_E_PAYMENT,Paramount Multi-Sector Construction Ltd
TRX00000150,PRJ000049,Shri Anurag Sharma (2026-32) (2026-2032),SANCTION,3840000.0,2023-05-25,TREASURY_TRANSFER,Mandi District Rural Development Agency (DRDA)
TRX00000151,PRJ000049,Shri Anurag Sharma (2026-32) (2026-2032),EXPENDITURE,842688.0,2023-06-24,PFMS_E_PAYMENT,Apex Infracon & Highway Contractors
TRX00000152,PRJ000049,Shri Anurag Sharma (2026-32) (2026-2032),EXPENDITURE,689472.0,2023-08-23,PFMS_E_PAYMENT,Apex Infracon & Highway Contractors
TRX00000153,PRJ000050,Shri Gurjeet Singh Aujla,SANCTION,7110000.0,2023-09-30,TREASURY_TRANSFER,Amritsar District Rural Development Agency (DRDA)
TRX00000154,PRJ000050,Shri Gurjeet Singh Aujla,EXPENDITURE,1720620.0,2023-10-30,PFMS_E_PAYMENT,Paramount Multi-Sector Construction Ltd
TRX00000155,PRJ000050,Shri Gurjeet Singh Aujla,EXPENDITURE,1407780.0,2023-12-29,PFMS_E_PAYMENT,Paramount Multi-Sector Construction Ltd
TRX00000156,PRJ000051,Shri Gurjeet Singh Aujla,SANCTION,3410000.0,2023-05-20,TREASURY_TRANSFER,Amritsar District Rural Development Agency (DRDA)
TRX00000157,PRJ000051,Shri Gurjeet Singh Aujla,EXPENDITURE,2869515.0,2023-06-19,PFMS_E_PAYMENT,Apex Infracon & Highway Contractors
TRX00000158,PRJ000051,Shri Gurjeet Singh Aujla,EXPENDITURE,2347785.0,2023-08-18,PFMS_E_PAYMENT,Apex Infracon & Highway Contractors
TRX00000159,PRJ000052,Shri Gurjeet Singh Aujla,SANCTION,3450000.0,2022-10-07,TREASURY_TRANSFER,Amritsar District Rural Development Agency (DRDA)
TRX00000160,PRJ000052,Shri Gurjeet Singh Aujla,EXPENDITURE,2580600.0,2022-11-06,PFMS_E_PAYMENT,Apex Infracon & Highway Contractors
TRX00000161,PRJ000052,Shri Gurjeet Singh Aujla,EXPENDITURE,2111400.0,2023-01-05,PFMS_E_PAYMENT,Apex Infracon & Highway Contractors
TRX00000162,PRJ000053,Shri Gurjeet Singh Aujla,SANCTION,7110000.0,2022-08-07,TREASURY_TRANSFER,Amritsar District Rural Development Agency (DRDA)
TRX00000163,PRJ000053,Shri Gurjeet Singh Aujla,EXPENDITURE,4849020.0,2022-09-06,PFMS_E_PAYMENT,SmartTransit Urban Infra Solutions
TRX00000164,PRJ000053,Shri Gurjeet Singh Aujla,EXPENDITURE,3967380.0,2022-11-05,PFMS_E_PAYMENT,SmartTransit Urban Infra Solutions
TRX00000165,PRJ000054,Shri Gurjeet Singh Aujla,SANCTION,6700000.0,2022-11-24,TREASURY_TRANSFER,Amritsar District Rural Development Agency (DRDA)
TRX00000166,PRJ000054,Shri Gurjeet Singh Aujla,EXPENDITURE,3328231.25,2022-12-24,PFMS_E_PAYMENT,Speedway Repair & Resurfacing Contractors
TRX00000167,PRJ000054,Shri Gurjeet Singh Aujla,EXPENDITURE,2723098.29,2023-02-22,PFMS_E_PAYMENT,Speedway Repair & Resurfacing Contractors
TRX00000168,PRJ000055,KARTICK CHANDRA PAUL,SANCTION,1180000.0,2023-08-16,TREASURY_TRANSFER,Kolkata District Rural Development Agency (DRDA)
TRX00000169,PRJ000055,KARTICK CHANDRA PAUL,EXPENDITURE,486750.0,2023-09-15,PFMS_E_PAYMENT,TechLine IT & Lab Equipment Solutions Pvt Ltd
TRX00000170,PRJ000055,KARTICK CHANDRA PAUL,EXPENDITURE,398250.0,2023-11-14,PFMS_E_PAYMENT,TechLine IT & Lab Equipment Solutions Pvt Ltd
TRX00000171,PRJ000055,KARTICK CHANDRA PAUL,EXPENDITURE,486750.0,2023-09-19,PFMS_E_PAYMENT,TechLine IT & Lab Equipment Solutions Pvt Ltd
TRX00000172,PRJ000056,KARTICK CHANDRA PAUL,SANCTION,2420000.0,2023-11-11,TREASURY_TRANSFER,Darjeeling Public Works Department (PWD)
TRX00000173,PRJ000056,KARTICK CHANDRA PAUL,EXPENDITURE,633556.0,2023-12-11,PFMS_E_PAYMENT,AquaPure Water Systems & Drilling Corp
TRX00000174,PRJ000056,KARTICK CHANDRA PAUL,EXPENDITURE,518364.0,2024-02-09,PFMS_E_PAYMENT,AquaPure Water Systems & Drilling Corp
TRX00000175,PRJ000057,KARTICK CHANDRA PAUL,SANCTION,3240000.0,2022-07-15,TREASURY_TRANSFER,Kolkata District Rural Development Agency (DRDA)
TRX00000176,PRJ000057,KARTICK CHANDRA PAUL,EXPENDITURE,1336500.0,2022-08-14,PFMS_E_PAYMENT,CleanWater Sanitation & Drainage Works Pvt Ltd
TRX00000177,PRJ000057,KARTICK CHANDRA PAUL,EXPENDITURE,1093500.0,2022-10-13,PFMS_E_PAYMENT,CleanWater Sanitation & Drainage Works Pvt Ltd
TRX00000178,PRJ000057,KARTICK CHANDRA PAUL,EXPENDITURE,1336500.0,2022-08-17,PFMS_E_PAYMENT,CleanWater Sanitation & Drainage Works Pvt Ltd
TRX00000179,PRJ000058,KARTICK CHANDRA PAUL,SANCTION,4460000.0,2023-01-01,TREASURY_TRANSFER,Kolkata District Rural Development Agency (DRDA)
TRX00000180,PRJ000058,KARTICK CHANDRA PAUL,EXPENDITURE,1103850.0,2023-01-31,PFMS_E_PAYMENT,SmartTransit Urban Infra Solutions
TRX00000181,PRJ000058,KARTICK CHANDRA PAUL,EXPENDITURE,903150.0,2023-04-01,PFMS_E_PAYMENT,SmartTransit Urban Infra Solutions
TRX00000182,PRJ000059,KARTICK CHANDRA PAUL,SANCTION,1720000.0,2023-10-06,TREASURY_TRANSFER,Kolkata District Rural Development Agency (DRDA)
TRX00000183,PRJ000059,KARTICK CHANDRA PAUL,EXPENDITURE,792137.86,2023-11-05,PFMS_E_PAYMENT,Apex Infracon & Highway Contractors
TRX00000184,PRJ000059,KARTICK CHANDRA PAUL,EXPENDITURE,648112.8,2024-01-04,PFMS_E_PAYMENT,Apex Infracon & Highway Contractors
TRX00000185,PRJ000060,ABHAY KUMAR SINHA,SANCTION,5350000.0,2023-08-20,TREASURY_TRANSFER,Patna State Water Supply & Sanitation Board (WSSB)
TRX00000186,PRJ000060,ABHAY KUMAR SINHA,EXPENDITURE,1324125.0,2023-09-19,PFMS_E_PAYMENT,BridgeTech Structures Pvt Ltd
TRX00000187,PRJ000060,ABHAY KUMAR SINHA,EXPENDITURE,1083375.0,2023-11-18,PFMS_E_PAYMENT,BridgeTech Structures Pvt Ltd
TRX00000188,PRJ000061,ABHAY KUMAR SINHA,SANCTION,3190000.0,2023-04-27,TREASURY_TRANSFER,Muzaffarpur District Rural Development Agency (DRDA)
TRX00000189,PRJ000061,ABHAY KUMAR SINHA,EXPENDITURE,1570420.31,2023-05-27,PFMS_E_PAYMENT,UrbanDrain Civil Engineering Co
TRX00000190,PRJ000061,ABHAY KUMAR SINHA,EXPENDITURE,1284889.34,2023-07-26,PFMS_E_PAYMENT,UrbanDrain Civil Engineering Co
TRX00000191,PRJ000062,ABHAY KUMAR SINHA,SANCTION,1370000.0,2022-06-30,TREASURY_TRANSFER,Bhagalpur Public Works Department (PWD)
TRX00000192,PRJ000062,ABHAY KUMAR SINHA,EXPENDITURE,18838.72,2022-07-30,PFMS_E_PAYMENT,BridgeTech Structures Pvt Ltd
TRX00000193,PRJ000062,ABHAY KUMAR SINHA,EXPENDITURE,15413.49,2022-09-28,PFMS_E_PAYMENT,BridgeTech Structures Pvt Ltd
TRX00000194,PRJ000063,ABHAY KUMAR SINHA,SANCTION,1270000.0,2023-11-02,TREASURY_TRANSFER,Muzaffarpur District Rural Development Agency (DRDA)
TRX00000195,PRJ000063,ABHAY KUMAR SINHA,EXPENDITURE,977900.0,2023-12-02,PFMS_E_PAYMENT,BridgeTech Structures Pvt Ltd
TRX00000196,PRJ000063,ABHAY KUMAR SINHA,EXPENDITURE,800100.0,2024-01-31,PFMS_E_PAYMENT,BridgeTech Structures Pvt Ltd
TRX00000197,PRJ000064,Shri Golla Baburao (2024-30) (2024-2030),SANCTION,5910000.0,2022-05-27,TREASURY_TRANSFER,Guntur District Rural Development Agency (DRDA)
TRX00000198,PRJ000064,Shri Golla Baburao (2024-30) (2024-2030),EXPENDITURE,1079166.0,2022-06-26,PFMS_E_PAYMENT,Paramount Multi-Sector Construction Ltd
TRX00000199,PRJ000064,Shri Golla Baburao (2024-30) (2024-2030),EXPENDITURE,882954.0,2022-08-25,PFMS_E_PAYMENT,Paramount Multi-Sector Construction Ltd
TRX00000200,PRJ000065,Shri Golla Baburao (2024-30) (2024-2030),SANCTION,1930000.0,2022-06-20,TREASURY_TRANSFER,Visakhapatnam State Water Supply & Sanitation Board (WSSB)
TRX00000201,PRJ000065,Shri Golla Baburao (2024-30) (2024-2030),EXPENDITURE,344987.5,2022-07-20,PFMS_E_PAYMENT,SunPower Renewable Energy Systems
TRX00000202,PRJ000065,Shri Golla Baburao (2024-30) (2024-2030),EXPENDITURE,282262.5,2022-09-18,PFMS_E_PAYMENT,SunPower Renewable Energy Systems
TRX00000203,PRJ000066,BHARTI PARDHI,SANCTION,6380000.0,2023-02-28,TREASURY_TRANSFER,Ujjain District Rural Development Agency (DRDA)
TRX00000204,PRJ000066,BHARTI PARDHI,EXPENDITURE,2519462.0,2023-03-30,PFMS_E_PAYMENT,SmartTransit Urban Infra Solutions
TRX00000205,PRJ000066,BHARTI PARDHI,EXPENDITURE,2061378.0,2023-05-29,PFMS_E_PAYMENT,SmartTransit Urban Infra Solutions
TRX00000206,PRJ000067,BHARTI PARDHI,SANCTION,730000.0,2022-08-05,TREASURY_TRANSFER,Sagar Municipal Corporation Infrastructure Cell
TRX00000207,PRJ000067,BHARTI PARDHI,EXPENDITURE,301125.0,2022-09-04,PFMS_E_PAYMENT,Apex Infracon & Highway Contractors
TRX00000208,PRJ000067,BHARTI PARDHI,EXPENDITURE,246375.0,2022-11-03,PFMS_E_PAYMENT,Apex Infracon & Highway Contractors
TRX00000209,PRJ000067,BHARTI PARDHI,EXPENDITURE,301125.0,2022-09-05,PFMS_E_PAYMENT,Apex Infracon & Highway Contractors
TRX00000210,PRJ000068,BHARTI PARDHI,SANCTION,1200000.0,2023-11-05,TREASURY_TRANSFER,Sagar Municipal Corporation Infrastructure Cell
TRX00000211,PRJ000068,BHARTI PARDHI,EXPENDITURE,485760.0,2023-12-05,PFMS_E_PAYMENT,CleanWater Sanitation & Drainage Works Pvt Ltd
TRX00000212,PRJ000068,BHARTI PARDHI,EXPENDITURE,397440.0,2024-02-03,PFMS_E_PAYMENT,CleanWater Sanitation & Drainage Works Pvt Ltd
TRX00000213,PRJ000069,BHARTI PARDHI,SANCTION,5620000.0,2023-05-28,TREASURY_TRANSFER,Sagar Municipal Corporation Infrastructure Cell
TRX00000214,PRJ000069,BHARTI PARDHI,EXPENDITURE,1347676.0,2023-06-27,PFMS_E_PAYMENT,MedTech Healthcare Infrastructure Ltd
TRX00000215,PRJ000069,BHARTI PARDHI,EXPENDITURE,1102644.0,2023-08-26,PFMS_E_PAYMENT,MedTech Healthcare Infrastructure Ltd
TRX00000216,PRJ000070,BHARTI PARDHI,SANCTION,7920000.0,2022-05-31,TREASURY_TRANSFER,Gwalior Public Works Department (PWD)
TRX00000217,PRJ000070,BHARTI PARDHI,EXPENDITURE,200113.33,2022-06-30,PFMS_E_PAYMENT,SmartTransit Urban Infra Solutions
TRX00000218,PRJ000070,BHARTI PARDHI,EXPENDITURE,163729.08,2022-08-29,PFMS_E_PAYMENT,SmartTransit Urban Infra Solutions
TRX00000219,PRJ000071,CHINTAMANI MAHARAJ,SANCTION,1040000.0,2023-03-14,TREASURY_TRANSFER,Durg State Water Supply & Sanitation Board (WSSB)
TRX00000220,PRJ000071,CHINTAMANI MAHARAJ,EXPENDITURE,572000.0,2023-04-13,PFMS_E_PAYMENT,Apex Infracon & Highway Contractors
TRX00000221,PRJ000071,CHINTAMANI MAHARAJ,EXPENDITURE,468000.0,2023-06-12,PFMS_E_PAYMENT,Apex Infracon & Highway Contractors
TRX00000222,PRJ000072,CHINTAMANI MAHARAJ,SANCTION,5410000.0,2023-10-21,TREASURY_TRANSFER,Raipur District Rural Development Agency (DRDA)
TRX00000223,PRJ000072,CHINTAMANI MAHARAJ,EXPENDITURE,621879.5,2023-11-20,PFMS_E_PAYMENT,Paramount Multi-Sector Construction Ltd
TRX00000224,PRJ000072,CHINTAMANI MAHARAJ,EXPENDITURE,508810.5,2024-01-19,PFMS_E_PAYMENT,Paramount Multi-Sector Construction Ltd
TRX00000225,PRJ000073,MISHA BHARTI,SANCTION,820000.0,2023-12-18,TREASURY_TRANSFER,Muzaffarpur District Rural Development Agency (DRDA)
TRX00000226,PRJ000073,MISHA BHARTI,EXPENDITURE,202950.0,2024-01-17,PFMS_E_PAYMENT,Speedway Repair & Resurfacing Contractors
TRX00000227,PRJ000073,MISHA BHARTI,EXPENDITURE,166050.0,2024-03-17,PFMS_E_PAYMENT,Speedway Repair & Resurfacing Contractors
TRX00000228,PRJ000074,MISHA BHARTI,SANCTION,4660000.0,2023-10-16,TREASURY_TRANSFER,Muzaffarpur District Rural Development Agency (DRDA)
TRX00000229,PRJ000074,MISHA BHARTI,EXPENDITURE,1125157.0,2023-11-15,PFMS_E_PAYMENT,Paramount Multi-Sector Construction Ltd
TRX00000230,PRJ000074,MISHA BHARTI,EXPENDITURE,920583.0,2024-01-14,PFMS_E_PAYMENT,Paramount Multi-Sector Construction Ltd
TRX00000231,PRJ000075,MISHA BHARTI,SANCTION,890000.0,2022-06-10,TREASURY_TRANSFER,Muzaffarpur District Rural Development Agency (DRDA)
TRX00000232,PRJ000075,MISHA BHARTI,EXPENDITURE,119438.0,2022-07-10,PFMS_E_PAYMENT,Paramount Multi-Sector Construction Ltd
TRX00000233,PRJ000075,MISHA BHARTI,EXPENDITURE,97722.0,2022-09-08,PFMS_E_PAYMENT,Paramount Multi-Sector Construction Ltd
TRX00000234,PRJ000076,MISHA BHARTI,SANCTION,5340000.0,2023-01-31,TREASURY_TRANSFER,Muzaffarpur District Rural Development Agency (DRDA)
TRX00000235,PRJ000076,MISHA BHARTI,EXPENDITURE,2411277.0,2023-03-02,PFMS_E_PAYMENT,TechLine IT & Lab Equipment Solutions Pvt Ltd
TRX00000236,PRJ000076,MISHA BHARTI,EXPENDITURE,1972863.0,2023-05-01,PFMS_E_PAYMENT,TechLine IT & Lab Equipment Solutions Pvt Ltd
TRX00000237,PRJ000077,MISHA BHARTI,SANCTION,1850000.0,2023-07-10,TREASURY_TRANSFER,Patna Municipal Corporation Infrastructure Cell
TRX00000238,PRJ000077,MISHA BHARTI,EXPENDITURE,375457.5,2023-08-09,PFMS_E_PAYMENT,National Civic Infrastructure Developers
TRX00000239,PRJ000077,MISHA BHARTI,EXPENDITURE,307192.5,2023-10-08,PFMS_E_PAYMENT,National Civic Infrastructure Developers
TRX00000240,PRJ000078,C.M.RAMESH,SANCTION,4620000.0,2022-11-24,TREASURY_TRANSFER,Guntur Municipal Corporation Infrastructure Cell
TRX00000241,PRJ000078,C.M.RAMESH,EXPENDITURE,2541000.0,2022-12-24,PFMS_E_PAYMENT,CleanWater Sanitation & Drainage Works Pvt Ltd
TRX00000242,PRJ000078,C.M.RAMESH,EXPENDITURE,2079000.0,2023-02-22,PFMS_E_PAYMENT,CleanWater Sanitation & Drainage Works Pvt Ltd
TRX00000243,PRJ000079,C.M.RAMESH,SANCTION,3910000.0,2023-02-17,TREASURY_TRANSFER,Guntur District Rural Development Agency (DRDA)
TRX00000244,PRJ000079,C.M.RAMESH,EXPENDITURE,3290265.0,2023-03-19,PFMS_E_PAYMENT,CleanWater Sanitation & Drainage Works Pvt Ltd
TRX00000245,PRJ000079,C.M.RAMESH,EXPENDITURE,2692035.0,2023-05-18,PFMS_E_PAYMENT,CleanWater Sanitation & Drainage Works Pvt Ltd
TRX00000246,PRJ000080,C.M.RAMESH,SANCTION,7170000.0,2023-10-04,TREASURY_TRANSFER,Visakhapatnam State Water Supply & Sanitation Board (WSSB)
TRX00000247,PRJ000080,C.M.RAMESH,EXPENDITURE,2957625.0,2023-11-03,PFMS_E_PAYMENT,UrbanDrain Civil Engineering Co
TRX00000248,PRJ000080,C.M.RAMESH,EXPENDITURE,2419875.0,2024-01-02,PFMS_E_PAYMENT,UrbanDrain Civil Engineering Co
TRX00000249,PRJ000080,C.M.RAMESH,EXPENDITURE,2957625.0,2023-11-06,PFMS_E_PAYMENT,UrbanDrain Civil Engineering Co
TRX00000250,PRJ000081,C.M.RAMESH,SANCTION,7620000.0,2023-01-31,TREASURY_TRANSFER,Guntur Municipal Corporation Infrastructure Cell
TRX00000251,PRJ000081,C.M.RAMESH,EXPENDITURE,3143250.0,2023-03-02,PFMS_E_PAYMENT,MedTech Healthcare Infrastructure Ltd
TRX00000252,PRJ000081,C.M.RAMESH,EXPENDITURE,2571750.0,2023-05-01,PFMS_E_PAYMENT,MedTech Healthcare Infrastructure Ltd
TRX00000253,PRJ000081,C.M.RAMESH,EXPENDITURE,3143250.0,2023-03-07,PFMS_E_PAYMENT,MedTech Healthcare Infrastructure Ltd
TRX00000254,PRJ000082,C.M.RAMESH,SANCTION,6250000.0,2022-09-02,TREASURY_TRANSFER,Tirupati Public Works Department (PWD)
TRX00000255,PRJ000082,C.M.RAMESH,EXPENDITURE,2578125.0,2022-10-02,PFMS_E_PAYMENT,CleanWater Sanitation & Drainage Works Pvt Ltd
TRX00000256,PRJ000082,C.M.RAMESH,EXPENDITURE,2109375.0,2022-12-01,PFMS_E_PAYMENT,CleanWater Sanitation & Drainage Works Pvt Ltd
TRX00000257,PRJ000082,C.M.RAMESH,EXPENDITURE,2578125.0,2022-10-03,PFMS_E_PAYMENT,CleanWater Sanitation & Drainage Works Pvt Ltd
TRX00000258,PRJ000083,Shri Kumbakudi Sudhakaran,SANCTION,7850000.0,2022-06-18,TREASURY_TRANSFER,Kollam Public Works Department (PWD)
TRX00000259,PRJ000083,Shri Kumbakudi Sudhakaran,EXPENDITURE,4317500.0,2022-07-18,PFMS_E_PAYMENT,BridgeTech Structures Pvt Ltd
TRX00000260,PRJ000083,Shri Kumbakudi Sudhakaran,EXPENDITURE,3532500.0,2022-09-16,PFMS_E_PAYMENT,BridgeTech Structures Pvt Ltd
TRX00000261,PRJ000084,Shri Kumbakudi Sudhakaran,SANCTION,4200000.0,2022-11-27,TREASURY_TRANSFER,Alappuzha District Rural Development Agency (DRDA)
TRX00000262,PRJ000084,Shri Kumbakudi Sudhakaran,EXPENDITURE,2310000.0,2022-12-27,PFMS_E_PAYMENT,TechLine IT & Lab Equipment Solutions Pvt Ltd
TRX00000263,PRJ000084,Shri Kumbakudi Sudhakaran,EXPENDITURE,1890000.0,2023-02-25,PFMS_E_PAYMENT,TechLine IT & Lab Equipment Solutions Pvt Ltd
TRX00000264,PRJ000085,AFZAL ANSARI,SANCTION,7750000.0,2023-06-26,TREASURY_TRANSFER,Varanasi State Water Supply & Sanitation Board (WSSB)
TRX00000265,PRJ000085,AFZAL ANSARI,EXPENDITURE,3196875.0,2023-07-26,PFMS_E_PAYMENT,BridgeTech Structures Pvt Ltd
TRX00000266,PRJ000085,AFZAL ANSARI,EXPENDITURE,2615625.0,2023-09-24,PFMS_E_PAYMENT,BridgeTech Structures Pvt Ltd
TRX00000267,PRJ000085,AFZAL ANSARI,EXPENDITURE,3196875.0,2023-07-27,PFMS_E_PAYMENT,BridgeTech Structures Pvt Ltd
TRX00000268,PRJ000086,AFZAL ANSARI,SANCTION,6870000.0,2022-05-10,TREASURY_TRANSFER,Varanasi Public Works Department (PWD)
TRX00000269,PRJ000086,AFZAL ANSARI,EXPENDITURE,217223.86,2022-06-09,PFMS_E_PAYMENT,Apex Infracon & Highway Contractors
TRX00000270,PRJ000086,AFZAL ANSARI,EXPENDITURE,177728.62,2022-08-08,PFMS_E_PAYMENT,Apex Infracon & Highway Contractors
TRX00000271,PRJ000087,AFZAL ANSARI,SANCTION,1840000.0,2023-01-20,TREASURY_TRANSFER,Varanasi District Rural Development Agency (DRDA)
TRX00000272,PRJ000087,AFZAL ANSARI,EXPENDITURE,215556.0,2023-02-19,PFMS_E_PAYMENT,Paramount Multi-Sector Construction Ltd
TRX00000273,PRJ000087,AFZAL ANSARI,EXPENDITURE,176364.0,2023-04-20,PFMS_E_PAYMENT,Paramount Multi-Sector Construction Ltd
TRX00000274,PRJ000088,AFZAL ANSARI,SANCTION,6990000.0,2023-09-27,TREASURY_TRANSFER,Varanasi District Rural Development Agency (DRDA)
TRX00000275,PRJ000088,AFZAL ANSARI,EXPENDITURE,5536080.0,2023-10-27,PFMS_E_PAYMENT,ProSport Infrastructure & Turf Solutions
TRX00000276,PRJ000088,AFZAL ANSARI,EXPENDITURE,4529520.0,2023-12-26,PFMS_E_PAYMENT,ProSport Infrastructure & Turf Solutions
TRX00000277,PRJ000089,AFZAL ANSARI,SANCTION,7920000.0,2022-08-13,TREASURY_TRANSFER,Varanasi District Rural Development Agency (DRDA)
TRX00000278,PRJ000089,AFZAL ANSARI,EXPENDITURE,1219680.0,2022-09-12,PFMS_E_PAYMENT,Apex Infracon & Highway Contractors
TRX00000279,PRJ000089,AFZAL ANSARI,EXPENDITURE,997920.0,2022-11-11,PFMS_E_PAYMENT,Apex Infracon & Highway Contractors
TRX00000280,PRJ000090,Shri Ram Nath Thakur (2026-32) (2026-2032),SANCTION,6680000.0,2023-03-11,TREASURY_TRANSFER,Patna State Water Supply & Sanitation Board (WSSB)
TRX00000281,PRJ000090,Shri Ram Nath Thakur (2026-32) (2026-2032),EXPENDITURE,1653300.0,2023-04-10,PFMS_E_PAYMENT,CleanWater Sanitation & Drainage Works Pvt Ltd
TRX00000282,PRJ000090,Shri Ram Nath Thakur (2026-32) (2026-2032),EXPENDITURE,1352700.0,2023-06-09,PFMS_E_PAYMENT,CleanWater Sanitation & Drainage Works Pvt Ltd
TRX00000283,PRJ000091,Shri Ram Nath Thakur (2026-32) (2026-2032),SANCTION,7910000.0,2023-03-24,TREASURY_TRANSFER,Muzaffarpur District Rural Development Agency (DRDA)
TRX00000284,PRJ000091,Shri Ram Nath Thakur (2026-32) (2026-2032),EXPENDITURE,1422613.5,2023-04-23,PFMS_E_PAYMENT,TechLine IT & Lab Equipment Solutions Pvt Ltd
TRX00000285,PRJ000091,Shri Ram Nath Thakur (2026-32) (2026-2032),EXPENDITURE,1163956.5,2023-06-22,PFMS_E_PAYMENT,TechLine IT & Lab Equipment Solutions Pvt Ltd
TRX00000286,PRJ000092,Smt. Phulo Devi Netam (2026-32) (2026-2032),SANCTION,3470000.0,2022-10-04,TREASURY_TRANSFER,Durg State Water Supply & Sanitation Board (WSSB)
TRX00000287,PRJ000092,Smt. Phulo Devi Netam (2026-32) (2026-2032),EXPENDITURE,1001962.5,2022-11-03,PFMS_E_PAYMENT,National Civic Infrastructure Developers
TRX00000288,PRJ000092,Smt. Phulo Devi Netam (2026-32) (2026-2032),EXPENDITURE,819787.5,2023-01-02,PFMS_E_PAYMENT,National Civic Infrastructure Developers
TRX00000289,PRJ000093,Smt. Phulo Devi Netam (2026-32) (2026-2032),SANCTION,1660000.0,2022-09-21,TREASURY_TRANSFER,Bhilai Municipal Corporation Infrastructure Cell
TRX00000290,PRJ000093,Smt. Phulo Devi Netam (2026-32) (2026-2032),EXPENDITURE,410850.0,2022-10-21,PFMS_E_PAYMENT,BridgeTech Structures Pvt Ltd
TRX00000291,PRJ000093,Smt. Phulo Devi Netam (2026-32) (2026-2032),EXPENDITURE,336150.0,2022-12-20,PFMS_E_PAYMENT,BridgeTech Structures Pvt Ltd
TRX00000292,PRJ000094,Smt. Phulo Devi Netam (2026-32) (2026-2032),SANCTION,3240000.0,2023-05-13,TREASURY_TRANSFER,Raipur District Rural Development Agency (DRDA)
TRX00000293,PRJ000094,Smt. Phulo Devi Netam (2026-32) (2026-2032),EXPENDITURE,1564011.22,2023-06-12,PFMS_E_PAYMENT,AquaPure Water Systems & Drilling Corp
TRX00000294,PRJ000094,Smt. Phulo Devi Netam (2026-32) (2026-2032),EXPENDITURE,1279645.55,2023-08-11,PFMS_E_PAYMENT,AquaPure Water Systems & Drilling Corp
TRX00000295,PRJ000095,Shri Raghav Chadha (2022-28) (2022-2028),SANCTION,910000.0,2022-08-08,TREASURY_TRANSFER,Amritsar District Rural Development Agency (DRDA)
TRX00000296,PRJ000095,Shri Raghav Chadha (2022-28) (2022-2028),EXPENDITURE,134634.5,2022-09-07,PFMS_E_PAYMENT,Paramount Multi-Sector Construction Ltd
TRX00000297,PRJ000095,Shri Raghav Chadha (2022-28) (2022-2028),EXPENDITURE,110155.5,2022-11-06,PFMS_E_PAYMENT,Paramount Multi-Sector Construction Ltd
TRX00000298,PRJ000096,Shri Raghav Chadha (2022-28) (2022-2028),SANCTION,4440000.0,2022-06-22,TREASURY_TRANSFER,Chandigarh State Water Supply & Sanitation Board (WSSB)
TRX00000299,PRJ000096,Shri Raghav Chadha (2022-28) (2022-2028),EXPENDITURE,109280.0,2022-07-22,PFMS_E_PAYMENT,BridgeTech Structures Pvt Ltd
TRX00000300,PRJ000096,Shri Raghav Chadha (2022-28) (2022-2028),EXPENDITURE,89410.9,2022-09-20,PFMS_E_PAYMENT,BridgeTech Structures Pvt Ltd
TRX00000301,PRJ000097,P C Mohan,SANCTION,960000.0,2022-05-22,TREASURY_TRANSFER,Hubballi State Water Supply & Sanitation Board (WSSB)
TRX00000302,PRJ000097,P C Mohan,EXPENDITURE,10910.37,2022-06-21,PFMS_E_PAYMENT,TechLine IT & Lab Equipment Solutions Pvt Ltd
TRX00000303,PRJ000097,P C Mohan,EXPENDITURE,8926.66,2022-08-20,PFMS_E_PAYMENT,TechLine IT & Lab Equipment Solutions Pvt Ltd
TRX00000304,PRJ000098,P C Mohan,SANCTION,7030000.0,2023-03-11,TREASURY_TRANSFER,Hubballi State Water Supply & Sanitation Board (WSSB)
TRX00000305,PRJ000098,P C Mohan,EXPENDITURE,1279811.5,2023-04-10,PFMS_E_PAYMENT,Apex Infracon & Highway Contractors
TRX00000306,PRJ000098,P C Mohan,EXPENDITURE,1047118.5,2023-06-09,PFMS_E_PAYMENT,Apex Infracon & Highway Contractors
TRX00000307,PRJ000099,P C Mohan,SANCTION,1040000.0,2022-04-29,TREASURY_TRANSFER,Hubballi State Water Supply & Sanitation Board (WSSB)
TRX00000308,PRJ000099,P C Mohan,EXPENDITURE,30298.24,2022-05-29,PFMS_E_PAYMENT,Apex Infracon & Highway Contractors
TRX00000309,PRJ000099,P C Mohan,EXPENDITURE,24789.47,2022-07-28,PFMS_E_PAYMENT,Apex Infracon & Highway Contractors
TRX00000310,PRJ000100,Jitendra Singh,SANCTION,1310000.0,2022-07-04,TREASURY_TRANSFER,Sopore District Rural Development Agency (DRDA)
TRX00000311,PRJ000100,Jitendra Singh,EXPENDITURE,574238.5,2022-08-03,PFMS_E_PAYMENT,SwachhBharat Sanitation Infra Ltd
TRX00000312,PRJ000100,Jitendra Singh,EXPENDITURE,469831.5,2022-10-02,PFMS_E_PAYMENT,SwachhBharat Sanitation Infra Ltd
TRX00000313,PRJ000101,Jitendra Singh,SANCTION,1130000.0,2022-04-15,TREASURY_TRANSFER,Leh Public Works Department (PWD)
TRX00000314,PRJ000101,Jitendra Singh,EXPENDITURE,26467.3,2022-05-15,PFMS_E_PAYMENT,MedTech Healthcare Infrastructure Ltd
TRX00000315,PRJ000101,Jitendra Singh,EXPENDITURE,21655.07,2022-07-14,PFMS_E_PAYMENT,MedTech Healthcare Infrastructure Ltd
TRX00000316,PRJ000102,Jitendra Singh,SANCTION,6030000.0,2022-04-15,TREASURY_TRANSFER,Sopore State Water Supply & Sanitation Board (WSSB)
TRX00000317,PRJ000102,Jitendra Singh,EXPENDITURE,165757.28,2022-05-15,PFMS_E_PAYMENT,SwachhBharat Sanitation Infra Ltd
TRX00000318,PRJ000102,Jitendra Singh,EXPENDITURE,135619.59,2022-07-14,PFMS_E_PAYMENT,SwachhBharat Sanitation Infra Ltd
TRX00000319,PRJ000103,Jitendra Singh,SANCTION,4170000.0,2023-10-27,TREASURY_TRANSFER,Sopore District Rural Development Agency (DRDA)
TRX00000320,PRJ000103,Jitendra Singh,EXPENDITURE,1032075.0,2023-11-26,PFMS_E_PAYMENT,ProSport Infrastructure & Turf Solutions
TRX00000321,PRJ000103,Jitendra Singh,EXPENDITURE,844425.0,2024-01-25,PFMS_E_PAYMENT,ProSport Infrastructure & Turf Solutions
TRX00000322,PRJ000104,Jitendra Singh,SANCTION,2420000.0,2023-07-30,TREASURY_TRANSFER,Sopore District Rural Development Agency (DRDA)
TRX00000323,PRJ000104,Jitendra Singh,EXPENDITURE,1331000.0,2023-08-29,PFMS_E_PAYMENT,National Civic Infrastructure Developers
TRX00000324,PRJ000104,Jitendra Singh,EXPENDITURE,1089000.0,2023-10-28,PFMS_E_PAYMENT,National Civic Infrastructure Developers
TRX00000325,PRJ000105,SAGAR ESHWAR KHANDRE,SANCTION,3530000.0,2022-06-03,TREASURY_TRANSFER,Mysuru District Rural Development Agency (DRDA)
TRX00000326,PRJ000105,SAGAR ESHWAR KHANDRE,EXPENDITURE,1767664.28,2022-07-03,PFMS_E_PAYMENT,CleanWater Sanitation & Drainage Works Pvt Ltd
TRX00000327,PRJ000105,SAGAR ESHWAR KHANDRE,EXPENDITURE,1446270.77,2022-09-01,PFMS_E_PAYMENT,CleanWater Sanitation & Drainage Works Pvt Ltd
TRX00000328,PRJ000106,SAGAR ESHWAR KHANDRE,SANCTION,3230000.0,2023-07-24,TREASURY_TRANSFER,Hubballi State Water Supply & Sanitation Board (WSSB)
TRX00000329,PRJ000106,SAGAR ESHWAR KHANDRE,EXPENDITURE,410371.5,2023-08-23,PFMS_E_PAYMENT,SunPower Renewable Energy Systems
TRX00000330,PRJ000106,SAGAR ESHWAR KHANDRE,EXPENDITURE,335758.5,2023-10-22,PFMS_E_PAYMENT,SunPower Renewable Energy Systems
TRX00000331,PRJ000107,SAGAR ESHWAR KHANDRE,SANCTION,3980000.0,2022-05-15,TREASURY_TRANSFER,Hubballi State Water Supply & Sanitation Board (WSSB)
TRX00000332,PRJ000107,SAGAR ESHWAR KHANDRE,EXPENDITURE,838387.0,2022-06-14,PFMS_E_PAYMENT,ProSport Infrastructure & Turf Solutions
TRX00000333,PRJ000107,SAGAR ESHWAR KHANDRE,EXPENDITURE,685953.0,2022-08-13,PFMS_E_PAYMENT,ProSport Infrastructure & Turf Solutions
TRX00000334,PRJ000108,SAGAR ESHWAR KHANDRE,SANCTION,4550000.0,2022-09-19,TREASURY_TRANSFER,Hubballi State Water Supply & Sanitation Board (WSSB)
TRX00000335,PRJ000108,SAGAR ESHWAR KHANDRE,EXPENDITURE,1133632.5,2022-10-19,PFMS_E_PAYMENT,Apex Infracon & Highway Contractors
TRX00000336,PRJ000108,SAGAR ESHWAR KHANDRE,EXPENDITURE,927517.5,2022-12-18,PFMS_E_PAYMENT,Apex Infracon & Highway Contractors
TRX00000337,PRJ000109,SAGAR ESHWAR KHANDRE,SANCTION,4600000.0,2023-09-26,TREASURY_TRANSFER,Bengaluru Municipal Corporation Infrastructure Cell
TRX00000338,PRJ000109,SAGAR ESHWAR KHANDRE,EXPENDITURE,579370.0,2023-10-26,PFMS_E_PAYMENT,National Civic Infrastructure Developers
TRX00000339,PRJ000109,SAGAR ESHWAR KHANDRE,EXPENDITURE,474030.0,2023-12-25,PFMS_E_PAYMENT,National Civic Infrastructure Developers
TRX00000340,PRJ000110,KRISHNA DEVI SHIVSHANKER PATEL,SANCTION,1160000.0,2022-04-22,TREASURY_TRANSFER,Varanasi State Water Supply & Sanitation Board (WSSB)
TRX00000341,PRJ000110,KRISHNA DEVI SHIVSHANKER PATEL,EXPENDITURE,296670.0,2022-05-22,PFMS_E_PAYMENT,National Civic Infrastructure Developers
TRX00000342,PRJ000110,KRISHNA DEVI SHIVSHANKER PATEL,EXPENDITURE,242730.0,2022-07-21,PFMS_E_PAYMENT,National Civic Infrastructure Developers
TRX00000343,PRJ000111,KRISHNA DEVI SHIVSHANKER PATEL,SANCTION,7690000.0,2022-06-03,TREASURY_TRANSFER,Varanasi State Water Supply & Sanitation Board (WSSB)
TRX00000344,PRJ000111,KRISHNA DEVI SHIVSHANKER PATEL,EXPENDITURE,108378.21,2022-07-03,PFMS_E_PAYMENT,AquaPure Water Systems & Drilling Corp
TRX00000345,PRJ000111,KRISHNA DEVI SHIVSHANKER PATEL,EXPENDITURE,88673.08,2022-09-01,PFMS_E_PAYMENT,AquaPure Water Systems & Drilling Corp
TRX00000346,PRJ000112,KRISHNA DEVI SHIVSHANKER PATEL,SANCTION,6320000.0,2023-02-02,TREASURY_TRANSFER,Varanasi State Water Supply & Sanitation Board (WSSB)
TRX00000347,PRJ000112,KRISHNA DEVI SHIVSHANKER PATEL,EXPENDITURE,1306976.0,2023-03-04,PFMS_E_PAYMENT,CleanWater Sanitation & Drainage Works Pvt Ltd
TRX00000348,PRJ000112,KRISHNA DEVI SHIVSHANKER PATEL,EXPENDITURE,1069344.0,2023-05-03,PFMS_E_PAYMENT,CleanWater Sanitation & Drainage Works Pvt Ltd
TRX00000349,PRJ000113,KRISHNA DEVI SHIVSHANKER PATEL,SANCTION,5740000.0,2022-12-20,TREASURY_TRANSFER,Varanasi Public Works Department (PWD)
TRX00000350,PRJ000113,KRISHNA DEVI SHIVSHANKER PATEL,EXPENDITURE,3157000.0,2023-01-19,PFMS_E_PAYMENT,UrbanDrain Civil Engineering Co
TRX00000351,PRJ000113,KRISHNA DEVI SHIVSHANKER PATEL,EXPENDITURE,2583000.0,2023-03-20,PFMS_E_PAYMENT,UrbanDrain Civil Engineering Co
TRX00000352,PRJ000114,KRISHNA DEVI SHIVSHANKER PATEL,SANCTION,4490000.0,2023-11-27,TREASURY_TRANSFER,Varanasi Public Works Department (PWD)
TRX00000353,PRJ000114,KRISHNA DEVI SHIVSHANKER PATEL,EXPENDITURE,1281670.5,2023-12-27,PFMS_E_PAYMENT,MedTech Healthcare Infrastructure Ltd
TRX00000354,PRJ000114,KRISHNA DEVI SHIVSHANKER PATEL,EXPENDITURE,1048639.5,2024-02-25,PFMS_E_PAYMENT,MedTech Healthcare Infrastructure Ltd
TRX00000355,PRJ000115,RADHAKRISHNA,SANCTION,7720000.0,2022-08-20,TREASURY_TRANSFER,Mysuru District Rural Development Agency (DRDA)
TRX00000356,PRJ000115,RADHAKRISHNA,EXPENDITURE,4246000.0,2022-09-19,PFMS_E_PAYMENT,MedTech Healthcare Infrastructure Ltd
TRX00000357,PRJ000115,RADHAKRISHNA,EXPENDITURE,3474000.0,2022-11-18,PFMS_E_PAYMENT,MedTech Healthcare Infrastructure Ltd
TRX00000358,PRJ000116,RADHAKRISHNA,SANCTION,920000.0,2023-02-16,TREASURY_TRANSFER,Mysuru District Rural Development Agency (DRDA)
TRX00000359,PRJ000116,RADHAKRISHNA,EXPENDITURE,506000.0,2023-03-18,PFMS_E_PAYMENT,Speedway Repair & Resurfacing Contractors
TRX00000360,PRJ000116,RADHAKRISHNA,EXPENDITURE,414000.0,2023-05-17,PFMS_E_PAYMENT,Speedway Repair & Resurfacing Contractors
TRX00000361,PRJ000117,RADHAKRISHNA,SANCTION,1630000.0,2022-06-12,TREASURY_TRANSFER,Bengaluru Municipal Corporation Infrastructure Cell
TRX00000362,PRJ000117,RADHAKRISHNA,EXPENDITURE,700166.5,2022-07-12,PFMS_E_PAYMENT,UrbanDrain Civil Engineering Co
TRX00000363,PRJ000117,RADHAKRISHNA,EXPENDITURE,572863.5,2022-09-10,PFMS_E_PAYMENT,UrbanDrain Civil Engineering Co
TRX00000364,PRJ000118,RAJABHAU,SANCTION,6790000.0,2023-10-22,TREASURY_TRANSFER,Mumbai Municipal Corporation Infrastructure Cell
TRX00000365,PRJ000118,RAJABHAU,EXPENDITURE,3734500.0,2023-11-21,PFMS_E_PAYMENT,National Civic Infrastructure Developers
TRX00000366,PRJ000118,RAJABHAU,EXPENDITURE,3055500.0,2024-01-20,PFMS_E_PAYMENT,National Civic Infrastructure Developers
TRX00000367,PRJ000119,RAJABHAU,SANCTION,2050000.0,2022-04-06,TREASURY_TRANSFER,Thane Public Works Department (PWD)
TRX00000368,PRJ000119,RAJABHAU,EXPENDITURE,32295.88,2022-05-06,PFMS_E_PAYMENT,CleanWater Sanitation & Drainage Works Pvt Ltd
TRX00000369,PRJ000119,RAJABHAU,EXPENDITURE,26423.91,2022-07-05,PFMS_E_PAYMENT,CleanWater Sanitation & Drainage Works Pvt Ltd
TRX00000370,PRJ000120,RAJABHAU,SANCTION,5070000.0,2023-06-23,TREASURY_TRANSFER,Thane District Rural Development Agency (DRDA)
TRX00000371,PRJ000120,RAJABHAU,EXPENDITURE,1327326.0,2023-07-23,PFMS_E_PAYMENT,Paramount Multi-Sector Construction Ltd
TRX00000372,PRJ000120,RAJABHAU,EXPENDITURE,1085994.0,2023-09-21,PFMS_E_PAYMENT,Paramount Multi-Sector Construction Ltd
TRX00000373,PRJ000121,RAJABHAU,SANCTION,2810000.0,2022-07-02,TREASURY_TRANSFER,Thane District Rural Development Agency (DRDA)
TRX00000374,PRJ000121,RAJABHAU,EXPENDITURE,357010.5,2022-08-01,PFMS_E_PAYMENT,Paramount Multi-Sector Construction Ltd
TRX00000375,PRJ000121,RAJABHAU,EXPENDITURE,292099.5,2022-09-30,PFMS_E_PAYMENT,Paramount Multi-Sector Construction Ltd
TRX00000376,PRJ000122,Ramesh Chandappa Jigajinagi,SANCTION,2680000.0,2022-06-21,TREASURY_TRANSFER,Bengaluru Municipal Corporation Infrastructure Cell
TRX00000377,PRJ000122,Ramesh Chandappa Jigajinagi,EXPENDITURE,663300.0,2022-07-21,PFMS_E_PAYMENT,ProSport Infrastructure & Turf Solutions
TRX00000378,PRJ000122,Ramesh Chandappa Jigajinagi,EXPENDITURE,542700.0,2022-09-19,PFMS_E_PAYMENT,ProSport Infrastructure & Turf Solutions
TRX00000379,PRJ000123,Ramesh Chandappa Jigajinagi,SANCTION,2370000.0,2022-07-27,TREASURY_TRANSFER,Bengaluru Municipal Corporation Infrastructure Cell
TRX00000380,PRJ000123,Ramesh Chandappa Jigajinagi,EXPENDITURE,1303500.0,2022-08-26,PFMS_E_PAYMENT,SwachhBharat Sanitation Infra Ltd
TRX00000381,PRJ000123,Ramesh Chandappa Jigajinagi,EXPENDITURE,1066500.0,2022-10-25,PFMS_E_PAYMENT,SwachhBharat Sanitation Infra Ltd
TRX00000382,PRJ000124,Ramesh Chandappa Jigajinagi,SANCTION,3630000.0,2023-04-13,TREASURY_TRANSFER,Bengaluru Public Works Department (PWD)
TRX00000383,PRJ000124,Ramesh Chandappa Jigajinagi,EXPENDITURE,1996500.0,2023-05-13,PFMS_E_PAYMENT,SmartTransit Urban Infra Solutions
TRX00000384,PRJ000124,Ramesh Chandappa Jigajinagi,EXPENDITURE,1633500.0,2023-07-12,PFMS_E_PAYMENT,SmartTransit Urban Infra Solutions
TRX00000385,PRJ000125,TRIVENDRA SINGH RAWAT,SANCTION,6000000.0,2023-05-10,TREASURY_TRANSFER,Dehradun District Rural Development Agency (DRDA)
TRX00000386,PRJ000125,TRIVENDRA SINGH RAWAT,EXPENDITURE,4488000.0,2023-06-09,PFMS_E_PAYMENT,SmartTransit Urban Infra Solutions
TRX00000387,PRJ000125,TRIVENDRA SINGH RAWAT,EXPENDITURE,3672000.0,2023-08-08,PFMS_E_PAYMENT,SmartTransit Urban Infra Solutions
TRX00000388,PRJ000126,TRIVENDRA SINGH RAWAT,SANCTION,5790000.0,2023-01-08,TREASURY_TRANSFER,Haridwar State Water Supply & Sanitation Board (WSSB)
TRX00000389,PRJ000126,TRIVENDRA SINGH RAWAT,EXPENDITURE,3184500.0,2023-02-07,PFMS_E_PAYMENT,CleanWater Sanitation & Drainage Works Pvt Ltd
TRX00000390,PRJ000126,TRIVENDRA SINGH RAWAT,EXPENDITURE,2605500.0,2023-04-08,PFMS_E_PAYMENT,CleanWater Sanitation & Drainage Works Pvt Ltd
TRX00000391,PRJ000127,TRIVENDRA SINGH RAWAT,SANCTION,5340000.0,2023-11-11,TREASURY_TRANSFER,Haridwar State Water Supply & Sanitation Board (WSSB)
TRX00000392,PRJ000127,TRIVENDRA SINGH RAWAT,EXPENDITURE,1820940.0,2023-12-11,PFMS_E_PAYMENT,SmartTransit Urban Infra Solutions
TRX00000393,PRJ000127,TRIVENDRA SINGH RAWAT,EXPENDITURE,1489860.0,2024-02-09,PFMS_E_PAYMENT,SmartTransit Urban Infra Solutions
TRX00000394,PRJ000128,TRIVENDRA SINGH RAWAT,SANCTION,3950000.0,2023-07-26,TREASURY_TRANSFER,Dehradun Municipal Corporation Infrastructure Cell
TRX00000395,PRJ000128,TRIVENDRA SINGH RAWAT,EXPENDITURE,1386055.0,2023-08-25,PFMS_E_PAYMENT,CleanWater Sanitation & Drainage Works Pvt Ltd
TRX00000396,PRJ000128,TRIVENDRA SINGH RAWAT,EXPENDITURE,1134045.0,2023-10-24,PFMS_E_PAYMENT,CleanWater Sanitation & Drainage Works Pvt Ltd
TRX00000397,PRJ000129,Shri Kesridevsinh Jhala (2023-29) (2023-2029),SANCTION,6700000.0,2022-12-28,TREASURY_TRANSFER,Gandhinagar State Water Supply & Sanitation Board (WSSB)
TRX00000398,PRJ000129,Shri Kesridevsinh Jhala (2023-29) (2023-2029),EXPENDITURE,3685000.0,2023-01-27,PFMS_E_PAYMENT,BridgeTech Structures Pvt Ltd
TRX00000399,PRJ000129,Shri Kesridevsinh Jhala (2023-29) (2023-2029),EXPENDITURE,3015000.0,2023-03-28,PFMS_E_PAYMENT,BridgeTech Structures Pvt Ltd
TRX00000400,PRJ000130,Shri Kesridevsinh Jhala (2023-29) (2023-2029),SANCTION,7630000.0,2023-06-26,TREASURY_TRANSFER,Bhavnagar Municipal Corporation Infrastructure Cell
TRX00000401,PRJ000130,Shri Kesridevsinh Jhala (2023-29) (2023-2029),EXPENDITURE,2232538.0,2023-07-26,PFMS_E_PAYMENT,Apex Infracon & Highway Contractors
TRX00000402,PRJ000130,Shri Kesridevsinh Jhala (2023-29) (2023-2029),EXPENDITURE,1826622.0,2023-09-24,PFMS_E_PAYMENT,Apex Infracon & Highway Contractors
TRX00000403,PRJ000131,Shri Kesridevsinh Jhala (2023-29) (2023-2029),SANCTION,3500000.0,2022-07-09,TREASURY_TRANSFER,Gandhinagar State Water Supply & Sanitation Board (WSSB)
TRX00000404,PRJ000131,Shri Kesridevsinh Jhala (2023-29) (2023-2029),EXPENDITURE,1628550.0,2022-08-08,PFMS_E_PAYMENT,UrbanDrain Civil Engineering Co
TRX00000405,PRJ000131,Shri Kesridevsinh Jhala (2023-29) (2023-2029),EXPENDITURE,1332450.0,2022-10-07,PFMS_E_PAYMENT,UrbanDrain Civil Engineering Co
TRX00000406,PRJ000132,Shri Kesridevsinh Jhala (2023-29) (2023-2029),SANCTION,7180000.0,2023-08-30,TREASURY_TRANSFER,Bhavnagar Municipal Corporation Infrastructure Cell
TRX00000407,PRJ000132,Shri Kesridevsinh Jhala (2023-29) (2023-2029),EXPENDITURE,2961750.0,2023-09-29,PFMS_E_PAYMENT,SunPower Renewable Energy Systems
TRX00000408,PRJ000132,Shri Kesridevsinh Jhala (2023-29) (2023-2029),EXPENDITURE,2423250.0,2023-11-28,PFMS_E_PAYMENT,SunPower Renewable Energy Systems
TRX00000409,PRJ000132,Shri Kesridevsinh Jhala (2023-29) (2023-2029),EXPENDITURE,2961750.0,2023-10-03,PFMS_E_PAYMENT,SunPower Renewable Energy Systems
TRX00000410,PRJ000133,BHAJAN LAL JATAV,SANCTION,4170000.0,2022-05-11,TREASURY_TRANSFER,Bikaner Public Works Department (PWD)
TRX00000411,PRJ000133,BHAJAN LAL JATAV,EXPENDITURE,97198.2,2022-06-10,PFMS_E_PAYMENT,SmartTransit Urban Infra Solutions
TRX00000412,PRJ000133,BHAJAN LAL JATAV,EXPENDITURE,79525.8,2022-08-09,PFMS_E_PAYMENT,SmartTransit Urban Infra Solutions
TRX00000413,PRJ000134,BHAJAN LAL JATAV,SANCTION,7340000.0,2023-06-25,TREASURY_TRANSFER,Udaipur District Rural Development Agency (DRDA)
TRX00000414,PRJ000134,BHAJAN LAL JATAV,EXPENDITURE,4723290.0,2023-07-25,PFMS_E_PAYMENT,ProSport Infrastructure & Turf Solutions
TRX00000415,PRJ000134,BHAJAN LAL JATAV,EXPENDITURE,3864510.0,2023-09-23,PFMS_E_PAYMENT,ProSport Infrastructure & Turf Solutions
TRX00000416,PRJ000135,BHAJAN LAL JATAV,SANCTION,4170000.0,2023-01-23,TREASURY_TRANSFER,Udaipur District Rural Development Agency (DRDA)
TRX00000417,PRJ000135,BHAJAN LAL JATAV,EXPENDITURE,3463185.0,2023-02-22,PFMS_E_PAYMENT,ProSport Infrastructure & Turf Solutions
TRX00000418,PRJ000135,BHAJAN LAL JATAV,EXPENDITURE,2833515.0,2023-04-23,PFMS_E_PAYMENT,ProSport Infrastructure & Turf Solutions
TRX00000419,PRJ000136,BHAJAN LAL JATAV,SANCTION,2030000.0,2023-03-30,TREASURY_TRANSFER,Bikaner Public Works Department (PWD)
TRX00000420,PRJ000136,BHAJAN LAL JATAV,EXPENDITURE,375144.0,2023-04-29,PFMS_E_PAYMENT,TechLine IT & Lab Equipment Solutions Pvt Ltd
TRX00000421,PRJ000136,BHAJAN LAL JATAV,EXPENDITURE,306936.0,2023-06-28,PFMS_E_PAYMENT,TechLine IT & Lab Equipment Solutions Pvt Ltd
TRX00000422,PRJ000137,Prof Sougata Ray,SANCTION,1160000.0,2022-09-06,TREASURY_TRANSFER,Kolkata District Rural Development Agency (DRDA)
TRX00000423,PRJ000137,Prof Sougata Ray,EXPENDITURE,950620.0,2022-10-06,PFMS_E_PAYMENT,BridgeTech Structures Pvt Ltd
TRX00000424,PRJ000137,Prof Sougata Ray,EXPENDITURE,777780.0,2022-12-05,PFMS_E_PAYMENT,BridgeTech Structures Pvt Ltd
TRX00000425,PRJ000138,Prof Sougata Ray,SANCTION,7040000.0,2023-02-07,TREASURY_TRANSFER,Siliguri State Water Supply & Sanitation Board (WSSB)
TRX00000426,PRJ000138,Prof Sougata Ray,EXPENDITURE,3252480.0,2023-03-09,PFMS_E_PAYMENT,Apex Infracon & Highway Contractors
TRX00000427,PRJ000138,Prof Sougata Ray,EXPENDITURE,2661120.0,2023-05-08,PFMS_E_PAYMENT,Apex Infracon & Highway Contractors
TRX00000428,PRJ000139,Prof Sougata Ray,SANCTION,3530000.0,2023-09-14,TREASURY_TRANSFER,Kolkata District Rural Development Agency (DRDA)
TRX00000429,PRJ000139,Prof Sougata Ray,EXPENDITURE,2854005.0,2023-10-14,PFMS_E_PAYMENT,UrbanDrain Civil Engineering Co
TRX00000430,PRJ000139,Prof Sougata Ray,EXPENDITURE,2335095.0,2023-12-13,PFMS_E_PAYMENT,UrbanDrain Civil Engineering Co
TRX00000431,PRJ000140,Prof Sougata Ray,SANCTION,4090000.0,2022-12-08,TREASURY_TRANSFER,Siliguri State Water Supply & Sanitation Board (WSSB)
TRX00000432,PRJ000140,Prof Sougata Ray,EXPENDITURE,845812.0,2023-01-07,PFMS_E_PAYMENT,TechLine IT & Lab Equipment Solutions Pvt Ltd
TRX00000433,PRJ000140,Prof Sougata Ray,EXPENDITURE,692028.0,2023-03-08,PFMS_E_PAYMENT,TechLine IT & Lab Equipment Solutions Pvt Ltd
TRX00000434,PRJ000141,BIBHU PRASAD TARAI,SANCTION,6730000.0,2022-04-12,TREASURY_TRANSFER,Berhampur District Rural Development Agency (DRDA)
TRX00000435,PRJ000141,BIBHU PRASAD TARAI,EXPENDITURE,99345.62,2022-05-12,PFMS_E_PAYMENT,SwachhBharat Sanitation Infra Ltd
TRX00000436,PRJ000141,BIBHU PRASAD TARAI,EXPENDITURE,81282.78,2022-07-11,PFMS_E_PAYMENT,SwachhBharat Sanitation Infra Ltd
TRX00000437,PRJ000142,BIBHU PRASAD TARAI,SANCTION,3000000.0,2023-08-23,TREASURY_TRANSFER,Berhampur District Rural Development Agency (DRDA)
TRX00000438,PRJ000142,BIBHU PRASAD TARAI,EXPENDITURE,1499721.25,2023-09-22,PFMS_E_PAYMENT,Speedway Repair & Resurfacing Contractors
TRX00000439,PRJ000142,BIBHU PRASAD TARAI,EXPENDITURE,1227044.66,2023-11-21,PFMS_E_PAYMENT,Speedway Repair & Resurfacing Contractors
TRX00000440,PRJ000143,BIBHU PRASAD TARAI,SANCTION,5700000.0,2022-06-21,TREASURY_TRANSFER,Puri Municipal Corporation Infrastructure Cell
TRX00000441,PRJ000143,BIBHU PRASAD TARAI,EXPENDITURE,142558.89,2022-07-21,PFMS_E_PAYMENT,Speedway Repair & Resurfacing Contractors
TRX00000442,PRJ000143,BIBHU PRASAD TARAI,EXPENDITURE,116639.1,2022-09-19,PFMS_E_PAYMENT,Speedway Repair & Resurfacing Contractors
TRX00000443,PRJ000144,Dr. Laxmikant Bajpayee (2022-28) (2022-2028),SANCTION,4560000.0,2022-04-08,TREASURY_TRANSFER,Kanpur Municipal Corporation Infrastructure Cell
TRX00000444,PRJ000144,Dr. Laxmikant Bajpayee (2022-28) (2022-2028),EXPENDITURE,101844.97,2022-05-08,PFMS_E_PAYMENT,MedTech Healthcare Infrastructure Ltd
TRX00000445,PRJ000144,Dr. Laxmikant Bajpayee (2022-28) (2022-2028),EXPENDITURE,83327.7,2022-07-07,PFMS_E_PAYMENT,MedTech Healthcare Infrastructure Ltd
TRX00000446,PRJ000145,Dr. Laxmikant Bajpayee (2022-28) (2022-2028),SANCTION,3720000.0,2023-03-24,TREASURY_TRANSFER,Kanpur Municipal Corporation Infrastructure Cell
TRX00000447,PRJ000145,Dr. Laxmikant Bajpayee (2022-28) (2022-2028),EXPENDITURE,920700.0,2023-04-23,PFMS_E_PAYMENT,SwachhBharat Sanitation Infra Ltd
TRX00000448,PRJ000145,Dr. Laxmikant Bajpayee (2022-28) (2022-2028),EXPENDITURE,753300.0,2023-06-22,PFMS_E_PAYMENT,SwachhBharat Sanitation Infra Ltd
TRX00000449,PRJ000146,Dr. Laxmikant Bajpayee (2022-28) (2022-2028),SANCTION,2950000.0,2023-05-24,TREASURY_TRANSFER,Varanasi State Water Supply & Sanitation Board (WSSB)
TRX00000450,PRJ000146,Dr. Laxmikant Bajpayee (2022-28) (2022-2028),EXPENDITURE,1622500.0,2023-06-23,PFMS_E_PAYMENT,AquaPure Water Systems & Drilling Corp
TRX00000451,PRJ000146,Dr. Laxmikant Bajpayee (2022-28) (2022-2028),EXPENDITURE,1327500.0,2023-08-22,PFMS_E_PAYMENT,AquaPure Water Systems & Drilling Corp
TRX00000452,PRJ000147,Dr. Laxmikant Bajpayee (2022-28) (2022-2028),SANCTION,1620000.0,2023-04-10,TREASURY_TRANSFER,Varanasi District Rural Development Agency (DRDA)
TRX00000453,PRJ000147,Dr. Laxmikant Bajpayee (2022-28) (2022-2028),EXPENDITURE,479358.0,2023-05-10,PFMS_E_PAYMENT,SwachhBharat Sanitation Infra Ltd
TRX00000454,PRJ000147,Dr. Laxmikant Bajpayee (2022-28) (2022-2028),EXPENDITURE,392202.0,2023-07-09,PFMS_E_PAYMENT,SwachhBharat Sanitation Infra Ltd
TRX00000455,PRJ000148,Dr. Laxmikant Bajpayee (2022-28) (2022-2028),SANCTION,5700000.0,2022-09-09,TREASURY_TRANSFER,Varanasi Public Works Department (PWD)
TRX00000456,PRJ000148,Dr. Laxmikant Bajpayee (2022-28) (2022-2028),EXPENDITURE,1410750.0,2022-10-09,PFMS_E_PAYMENT,ProSport Infrastructure & Turf Solutions
TRX00000457,PRJ000148,Dr. Laxmikant Bajpayee (2022-28) (2022-2028),EXPENDITURE,1154250.0,2022-12-08,PFMS_E_PAYMENT,ProSport Infrastructure & Turf Solutions
TRX00000458,PRJ000149,Yogendra Chandoliya,SANCTION,2810000.0,2023-04-11,TREASURY_TRANSFER,Central Delhi District Rural Development Agency (DRDA)
TRX00000459,PRJ000149,Yogendra Chandoliya,EXPENDITURE,2148245.0,2023-05-11,PFMS_E_PAYMENT,ProSport Infrastructure & Turf Solutions
TRX00000460,PRJ000149,Yogendra Chandoliya,EXPENDITURE,1757655.0,2023-07-10,PFMS_E_PAYMENT,ProSport Infrastructure & Turf Solutions
TRX00000461,PRJ000150,Yogendra Chandoliya,SANCTION,3980000.0,2022-11-22,TREASURY_TRANSFER,East Delhi Public Works Department (PWD)
TRX00000462,PRJ000150,Yogendra Chandoliya,EXPENDITURE,794607.0,2022-12-22,PFMS_E_PAYMENT,Apex Infracon & Highway Contractors
TRX00000463,PRJ000150,Yogendra Chandoliya,EXPENDITURE,650133.0,2023-02-20,PFMS_E_PAYMENT,Apex Infracon & Highway Contractors
TRX00000464,PRJ000151,Yogendra Chandoliya,SANCTION,4410000.0,2023-06-07,TREASURY_TRANSFER,Central Delhi State Water Supply & Sanitation Board (WSSB)
TRX00000465,PRJ000151,Yogendra Chandoliya,EXPENDITURE,2425500.0,2023-07-07,PFMS_E_PAYMENT,MedTech Healthcare Infrastructure Ltd
TRX00000466,PRJ000151,Yogendra Chandoliya,EXPENDITURE,1984500.0,2023-09-05,PFMS_E_PAYMENT,MedTech Healthcare Infrastructure Ltd
TRX00000467,PRJ000152,Ms Mahua Moitra,SANCTION,6480000.0,2023-08-23,TREASURY_TRANSFER,Kolkata District Rural Development Agency (DRDA)
TRX00000468,PRJ000152,Ms Mahua Moitra,EXPENDITURE,1764180.0,2023-09-22,PFMS_E_PAYMENT,National Civic Infrastructure Developers
TRX00000469,PRJ000152,Ms Mahua Moitra,EXPENDITURE,1443420.0,2023-11-21,PFMS_E_PAYMENT,National Civic Infrastructure Developers
TRX00000470,PRJ000153,Ms Mahua Moitra,SANCTION,2550000.0,2023-02-04,TREASURY_TRANSFER,Siliguri State Water Supply & Sanitation Board (WSSB)
TRX00000471,PRJ000153,Ms Mahua Moitra,EXPENDITURE,730702.5,2023-03-06,PFMS_E_PAYMENT,MedTech Healthcare Infrastructure Ltd
TRX00000472,PRJ000153,Ms Mahua Moitra,EXPENDITURE,597847.5,2023-05-05,PFMS_E_PAYMENT,MedTech Healthcare Infrastructure Ltd
TRX00000473,PRJ000154,Ms Mahua Moitra,SANCTION,1670000.0,2022-07-24,TREASURY_TRANSFER,Siliguri State Water Supply & Sanitation Board (WSSB)
TRX00000474,PRJ000154,Ms Mahua Moitra,EXPENDITURE,413325.0,2022-08-23,PFMS_E_PAYMENT,AquaPure Water Systems & Drilling Corp
TRX00000475,PRJ000154,Ms Mahua Moitra,EXPENDITURE,338175.0,2022-10-22,PFMS_E_PAYMENT,AquaPure Water Systems & Drilling Corp
TRX00000476,PRJ000155,Ms Mahua Moitra,SANCTION,3850000.0,2023-05-09,TREASURY_TRANSFER,Siliguri State Water Supply & Sanitation Board (WSSB)
TRX00000477,PRJ000155,Ms Mahua Moitra,EXPENDITURE,1742702.5,2023-06-08,PFMS_E_PAYMENT,TechLine IT & Lab Equipment Solutions Pvt Ltd
TRX00000478,PRJ000155,Ms Mahua Moitra,EXPENDITURE,1425847.5,2023-08-07,PFMS_E_PAYMENT,TechLine IT & Lab Equipment Solutions Pvt Ltd
TRX00000479,PRJ000156,Ms Mahua Moitra,SANCTION,4820000.0,2022-11-17,TREASURY_TRANSFER,Kolkata District Rural Development Agency (DRDA)
TRX00000480,PRJ000156,Ms Mahua Moitra,EXPENDITURE,3287240.0,2022-12-17,PFMS_E_PAYMENT,SwachhBharat Sanitation Infra Ltd
TRX00000481,PRJ000156,Ms Mahua Moitra,EXPENDITURE,2689560.0,2023-02-15,PFMS_E_PAYMENT,SwachhBharat Sanitation Infra Ltd
TRX00000482,PRJ000157,Smt. Jebi Mather Hisham (2022-28) (2022-2028),SANCTION,7550000.0,2023-05-20,TREASURY_TRANSFER,Kollam Public Works Department (PWD)
TRX00000483,PRJ000157,Smt. Jebi Mather Hisham (2022-28) (2022-2028),EXPENDITURE,1897692.5,2023-06-19,PFMS_E_PAYMENT,Apex Infracon & Highway Contractors
TRX00000484,PRJ000157,Smt. Jebi Mather Hisham (2022-28) (2022-2028),EXPENDITURE,1552657.5,2023-08-18,PFMS_E_PAYMENT,Apex Infracon & Highway Contractors
TRX00000485,PRJ000158,Smt. Jebi Mather Hisham (2022-28) (2022-2028),SANCTION,2300000.0,2023-07-17,TREASURY_TRANSFER,Alappuzha District Rural Development Agency (DRDA)
TRX00000486,PRJ000158,Smt. Jebi Mather Hisham (2022-28) (2022-2028),EXPENDITURE,473110.0,2023-08-16,PFMS_E_PAYMENT,Paramount Multi-Sector Construction Ltd
TRX00000487,PRJ000158,Smt. Jebi Mather Hisham (2022-28) (2022-2028),EXPENDITURE,387090.0,2023-10-15,PFMS_E_PAYMENT,Paramount Multi-Sector Construction Ltd
TRX00000488,PRJ000159,Shri Satish Kumar Gautam,SANCTION,7690000.0,2023-05-09,TREASURY_TRANSFER,Varanasi State Water Supply & Sanitation Board (WSSB)
TRX00000489,PRJ000159,Shri Satish Kumar Gautam,EXPENDITURE,2042848.5,2023-06-08,PFMS_E_PAYMENT,MedTech Healthcare Infrastructure Ltd
TRX00000490,PRJ000159,Shri Satish Kumar Gautam,EXPENDITURE,1671421.5,2023-08-07,PFMS_E_PAYMENT,MedTech Healthcare Infrastructure Ltd
TRX00000491,PRJ000160,Shri Satish Kumar Gautam,SANCTION,5490000.0,2022-12-15,TREASURY_TRANSFER,Varanasi District Rural Development Agency (DRDA)
TRX00000492,PRJ000160,Shri Satish Kumar Gautam,EXPENDITURE,3713985.0,2023-01-14,PFMS_E_PAYMENT,TechLine IT & Lab Equipment Solutions Pvt Ltd
TRX00000493,PRJ000160,Shri Satish Kumar Gautam,EXPENDITURE,3038715.0,2023-03-15,PFMS_E_PAYMENT,TechLine IT & Lab Equipment Solutions Pvt Ltd
TRX00000494,PRJ000161,Shri Satish Kumar Gautam,SANCTION,4690000.0,2022-07-22,TREASURY_TRANSFER,Varanasi Public Works Department (PWD)
TRX00000495,PRJ000161,Shri Satish Kumar Gautam,EXPENDITURE,869291.5,2022-08-21,PFMS_E_PAYMENT,Apex Infracon & Highway Contractors
TRX00000496,PRJ000161,Shri Satish Kumar Gautam,EXPENDITURE,711238.5,2022-10-20,PFMS_E_PAYMENT,Apex Infracon & Highway Contractors
TRX00000497,PRJ000162,Shri Satish Kumar Gautam,SANCTION,3290000.0,2022-10-20,TREASURY_TRANSFER,Varanasi District Rural Development Agency (DRDA)
TRX00000498,PRJ000162,Shri Satish Kumar Gautam,EXPENDITURE,1557023.82,2022-11-19,PFMS_E_PAYMENT,BridgeTech Structures Pvt Ltd
TRX00000499,PRJ000162,Shri Satish Kumar Gautam,EXPENDITURE,1273928.58,2023-01-18,PFMS_E_PAYMENT,BridgeTech Structures Pvt Ltd
TRX00000500,PRJ000163,Dr Mohammad Jawed,SANCTION,3650000.0,2023-08-31,TREASURY_TRANSFER,Muzaffarpur District Rural Development Agency (DRDA)
TRX00000501,PRJ000163,Dr Mohammad Jawed,EXPENDITURE,2388925.0,2023-09-30,PFMS_E_PAYMENT,Speedway Repair & Resurfacing Contractors
TRX00000502,PRJ000163,Dr Mohammad Jawed,EXPENDITURE,1954575.0,2023-11-29,PFMS_E_PAYMENT,Speedway Repair & Resurfacing Contractors
TRX00000503,PRJ000164,Dr Mohammad Jawed,SANCTION,2830000.0,2023-09-12,TREASURY_TRANSFER,Patna State Water Supply & Sanitation Board (WSSB)
TRX00000504,PRJ000164,Dr Mohammad Jawed,EXPENDITURE,1156479.5,2023-10-12,PFMS_E_PAYMENT,BridgeTech Structures Pvt Ltd
TRX00000505,PRJ000164,Dr Mohammad Jawed,EXPENDITURE,946210.5,2023-12-11,PFMS_E_PAYMENT,BridgeTech Structures Pvt Ltd
TRX00000506,PRJ000165,Dr Mohammad Jawed,SANCTION,2060000.0,2023-08-07,TREASURY_TRANSFER,Muzaffarpur District Rural Development Agency (DRDA)
TRX00000507,PRJ000165,Dr Mohammad Jawed,EXPENDITURE,1028907.28,2023-09-06,PFMS_E_PAYMENT,National Civic Infrastructure Developers
TRX00000508,PRJ000165,Dr Mohammad Jawed,EXPENDITURE,841833.22,2023-11-05,PFMS_E_PAYMENT,National Civic Infrastructure Developers
TRX00000509,PRJ000166,Shri Madan Rathore (2024-30) (2024-2030),SANCTION,6420000.0,2023-12-03,TREASURY_TRANSFER,Udaipur District Rural Development Agency (DRDA)
TRX00000510,PRJ000166,Shri Madan Rathore (2024-30) (2024-2030),EXPENDITURE,5014020.0,2024-01-02,PFMS_E_PAYMENT,TechLine IT & Lab Equipment Solutions Pvt Ltd
TRX00000511,PRJ000166,Shri Madan Rathore (2024-30) (2024-2030),EXPENDITURE,4102380.0,2024-03-02,PFMS_E_PAYMENT,TechLine IT & Lab Equipment Solutions Pvt Ltd
TRX00000512,PRJ000167,Shri Madan Rathore (2024-30) (2024-2030),SANCTION,2670000.0,2022-06-22,TREASURY_TRANSFER,Kota State Water Supply & Sanitation Board (WSSB)
TRX00000513,PRJ000167,Shri Madan Rathore (2024-30) (2024-2030),EXPENDITURE,36999.78,2022-07-22,PFMS_E_PAYMENT,UrbanDrain Civil Engineering Co
TRX00000514,PRJ000167,Shri Madan Rathore (2024-30) (2024-2030),EXPENDITURE,30272.54,2022-09-20,PFMS_E_PAYMENT,UrbanDrain Civil Engineering Co
TRX00000515,PRJ000168,Shri Madan Rathore (2024-30) (2024-2030),SANCTION,730000.0,2023-11-05,TREASURY_TRANSFER,Udaipur District Rural Development Agency (DRDA)
TRX00000516,PRJ000168,Shri Madan Rathore (2024-30) (2024-2030),EXPENDITURE,129684.5,2023-12-05,PFMS_E_PAYMENT,Paramount Multi-Sector Construction Ltd
TRX00000517,PRJ000168,Shri Madan Rathore (2024-30) (2024-2030),EXPENDITURE,106105.5,2024-02-03,PFMS_E_PAYMENT,Paramount Multi-Sector Construction Ltd
TRX00000518,PRJ000169,Shri Sanjay Bhatia (2026-32) (2026-2032),SANCTION,1750000.0,2022-05-02,TREASURY_TRANSFER,Hisar Municipal Corporation Infrastructure Cell
TRX00000519,PRJ000169,Shri Sanjay Bhatia (2026-32) (2026-2032),EXPENDITURE,30618.04,2022-06-01,PFMS_E_PAYMENT,CleanWater Sanitation & Drainage Works Pvt Ltd
TRX00000520,PRJ000169,Shri Sanjay Bhatia (2026-32) (2026-2032),EXPENDITURE,25051.12,2022-07-31,PFMS_E_PAYMENT,CleanWater Sanitation & Drainage Works Pvt Ltd
TRX00000521,PRJ000170,Shri Sanjay Bhatia (2026-32) (2026-2032),SANCTION,7800000.0,2022-08-05,TREASURY_TRANSFER,Ambala State Water Supply & Sanitation Board (WSSB)
TRX00000522,PRJ000170,Shri Sanjay Bhatia (2026-32) (2026-2032),EXPENDITURE,2200770.0,2022-09-04,PFMS_E_PAYMENT,AquaPure Water Systems & Drilling Corp
TRX00000523,PRJ000170,Shri Sanjay Bhatia (2026-32) (2026-2032),EXPENDITURE,1800630.0,2022-11-03,PFMS_E_PAYMENT,AquaPure Water Systems & Drilling Corp
TRX00000524,PRJ000171,Shri Sanjay Bhatia (2026-32) (2026-2032),SANCTION,7730000.0,2022-10-26,TREASURY_TRANSFER,Faridabad District Rural Development Agency (DRDA)
TRX00000525,PRJ000171,Shri Sanjay Bhatia (2026-32) (2026-2032),EXPENDITURE,1169162.5,2022-11-25,PFMS_E_PAYMENT,SmartTransit Urban Infra Solutions
TRX00000526,PRJ000171,Shri Sanjay Bhatia (2026-32) (2026-2032),EXPENDITURE,956587.5,2023-01-24,PFMS_E_PAYMENT,SmartTransit Urban Infra Solutions
TRX00000527,PRJ000172,Shri Sanjay Bhatia (2026-32) (2026-2032),SANCTION,4600000.0,2023-01-31,TREASURY_TRANSFER,Faridabad District Rural Development Agency (DRDA)
TRX00000528,PRJ000172,Shri Sanjay Bhatia (2026-32) (2026-2032),EXPENDITURE,1138500.0,2023-03-02,PFMS_E_PAYMENT,UrbanDrain Civil Engineering Co
TRX00000529,PRJ000172,Shri Sanjay Bhatia (2026-32) (2026-2032),EXPENDITURE,931500.0,2023-05-01,PFMS_E_PAYMENT,UrbanDrain Civil Engineering Co
TRX00000530,PRJ000173,Shri Sanjay Bhatia (2026-32) (2026-2032),SANCTION,4830000.0,2023-07-18,TREASURY_TRANSFER,Faridabad District Rural Development Agency (DRDA)
TRX00000531,PRJ000173,Shri Sanjay Bhatia (2026-32) (2026-2032),EXPENDITURE,565834.5,2023-08-17,PFMS_E_PAYMENT,Paramount Multi-Sector Construction Ltd
TRX00000532,PRJ000173,Shri Sanjay Bhatia (2026-32) (2026-2032),EXPENDITURE,462955.5,2023-10-16,PFMS_E_PAYMENT,Paramount Multi-Sector Construction Ltd
TRX00000533,PRJ000174,Prof. Manoj Kumar Jha (2024-30) (2024-2030),SANCTION,6400000.0,2023-05-31,TREASURY_TRANSFER,Muzaffarpur District Rural Development Agency (DRDA)
TRX00000534,PRJ000174,Prof. Manoj Kumar Jha (2024-30) (2024-2030),EXPENDITURE,2858450.25,2023-06-30,PFMS_E_PAYMENT,National Civic Infrastructure Developers
TRX00000535,PRJ000174,Prof. Manoj Kumar Jha (2024-30) (2024-2030),EXPENDITURE,2338732.02,2023-08-29,PFMS_E_PAYMENT,National Civic Infrastructure Developers
TRX00000536,PRJ000175,Prof. Manoj Kumar Jha (2024-30) (2024-2030),SANCTION,6610000.0,2023-02-16,TREASURY_TRANSFER,Patna Municipal Corporation Infrastructure Cell
TRX00000537,PRJ000175,Prof. Manoj Kumar Jha (2024-30) (2024-2030),EXPENDITURE,1592349.0,2023-03-18,PFMS_E_PAYMENT,SwachhBharat Sanitation Infra Ltd
TRX00000538,PRJ000175,Prof. Manoj Kumar Jha (2024-30) (2024-2030),EXPENDITURE,1302831.0,2023-05-17,PFMS_E_PAYMENT,SwachhBharat Sanitation Infra Ltd
TRX00000539,PRJ000176,Nishikant Dubey,SANCTION,4130000.0,2022-07-10,TREASURY_TRANSFER,Jamshedpur District Rural Development Agency (DRDA)
TRX00000540,PRJ000176,Nishikant Dubey,EXPENDITURE,3248245.0,2022-08-09,PFMS_E_PAYMENT,SunPower Renewable Energy Systems
TRX00000541,PRJ000176,Nishikant Dubey,EXPENDITURE,2657655.0,2022-10-08,PFMS_E_PAYMENT,SunPower Renewable Energy Systems
TRX00000542,PRJ000177,Nishikant Dubey,SANCTION,7880000.0,2023-10-06,TREASURY_TRANSFER,Hazaribagh Municipal Corporation Infrastructure Cell
TRX00000543,PRJ000177,Nishikant Dubey,EXPENDITURE,1096502.0,2023-11-05,PFMS_E_PAYMENT,BridgeTech Structures Pvt Ltd
TRX00000544,PRJ000177,Nishikant Dubey,EXPENDITURE,897138.0,2024-01-04,PFMS_E_PAYMENT,BridgeTech Structures Pvt Ltd
TRX00000545,PRJ000178,Nishikant Dubey,SANCTION,1790000.0,2023-01-25,TREASURY_TRANSFER,Jamshedpur District Rural Development Agency (DRDA)
TRX00000546,PRJ000178,Nishikant Dubey,EXPENDITURE,449916.5,2023-02-24,PFMS_E_PAYMENT,Paramount Multi-Sector Construction Ltd
TRX00000547,PRJ000178,Nishikant Dubey,EXPENDITURE,368113.5,2023-04-25,PFMS_E_PAYMENT,Paramount Multi-Sector Construction Ltd
TRX00000548,PRJ000179,Nishikant Dubey,SANCTION,1920000.0,2023-06-22,TREASURY_TRANSFER,Jamshedpur District Rural Development Agency (DRDA)
TRX00000549,PRJ000179,Nishikant Dubey,EXPENDITURE,482592.0,2023-07-22,PFMS_E_PAYMENT,Paramount Multi-Sector Construction Ltd
TRX00000550,PRJ000179,Nishikant Dubey,EXPENDITURE,394848.0,2023-09-20,PFMS_E_PAYMENT,Paramount Multi-Sector Construction Ltd
TRX00000551,PRJ000180,Nishikant Dubey,SANCTION,1360000.0,2022-05-16,TREASURY_TRANSFER,Ranchi State Water Supply & Sanitation Board (WSSB)
TRX00000552,PRJ000180,Nishikant Dubey,EXPENDITURE,748000.0,2022-06-15,PFMS_E_PAYMENT,AquaPure Water Systems & Drilling Corp
TRX00000553,PRJ000180,Nishikant Dubey,EXPENDITURE,612000.0,2022-08-14,PFMS_E_PAYMENT,AquaPure Water Systems & Drilling Corp
TRX00000554,PRJ000181,Amol Ramsing Kolhe,SANCTION,1170000.0,2023-06-20,TREASURY_TRANSFER,Thane Public Works Department (PWD)
TRX00000555,PRJ000181,Amol Ramsing Kolhe,EXPENDITURE,289575.0,2023-07-20,PFMS_E_PAYMENT,SunPower Renewable Energy Systems
TRX00000556,PRJ000181,Amol Ramsing Kolhe,EXPENDITURE,236925.0,2023-09-18,PFMS_E_PAYMENT,SunPower Renewable Energy Systems
TRX00000557,PRJ000182,Amol Ramsing Kolhe,SANCTION,1420000.0,2023-06-03,TREASURY_TRANSFER,Thane Public Works Department (PWD)
TRX00000558,PRJ000182,Amol Ramsing Kolhe,EXPENDITURE,351450.0,2023-07-03,PFMS_E_PAYMENT,SmartTransit Urban Infra Solutions
TRX00000559,PRJ000182,Amol Ramsing Kolhe,EXPENDITURE,287550.0,2023-09-01,PFMS_E_PAYMENT,SmartTransit Urban Infra Solutions
TRX00000560,PRJ000183,Amol Ramsing Kolhe,SANCTION,4060000.0,2023-05-30,TREASURY_TRANSFER,Thane District Rural Development Agency (DRDA)
TRX00000561,PRJ000183,Amol Ramsing Kolhe,EXPENDITURE,741356.0,2023-06-29,PFMS_E_PAYMENT,Speedway Repair & Resurfacing Contractors
TRX00000562,PRJ000183,Amol Ramsing Kolhe,EXPENDITURE,606564.0,2023-08-28,PFMS_E_PAYMENT,Speedway Repair & Resurfacing Contractors
TRX00000563,PRJ000184,RAKESH RATHOR,SANCTION,1700000.0,2022-04-30,TREASURY_TRANSFER,Kanpur Municipal Corporation Infrastructure Cell
TRX00000564,PRJ000184,RAKESH RATHOR,EXPENDITURE,14994.73,2022-05-30,PFMS_E_PAYMENT,BridgeTech Structures Pvt Ltd
TRX00000565,PRJ000184,RAKESH RATHOR,EXPENDITURE,12268.42,2022-07-29,PFMS_E_PAYMENT,BridgeTech Structures Pvt Ltd
TRX00000566,PRJ000185,RAKESH RATHOR,SANCTION,6400000.0,2023-08-13,TREASURY_TRANSFER,Varanasi District Rural Development Agency (DRDA)
TRX00000567,PRJ000185,RAKESH RATHOR,EXPENDITURE,1499520.0,2023-09-12,PFMS_E_PAYMENT,Paramount Multi-Sector Construction Ltd
TRX00000568,PRJ000185,RAKESH RATHOR,EXPENDITURE,1226880.0,2023-11-11,PFMS_E_PAYMENT,Paramount Multi-Sector Construction Ltd
TRX00000569,PRJ000186,RAKESH RATHOR,SANCTION,3210000.0,2022-09-11,TREASURY_TRANSFER,Kanpur Municipal Corporation Infrastructure Cell
TRX00000570,PRJ000186,RAKESH RATHOR,EXPENDITURE,1237615.5,2022-10-11,PFMS_E_PAYMENT,BridgeTech Structures Pvt Ltd
TRX00000571,PRJ000186,RAKESH RATHOR,EXPENDITURE,1012594.5,2022-12-10,PFMS_E_PAYMENT,BridgeTech Structures Pvt Ltd
TRX00000572,PRJ000187,RAKESH RATHOR,SANCTION,3960000.0,2022-08-29,TREASURY_TRANSFER,Varanasi State Water Supply & Sanitation Board (WSSB)
TRX00000573,PRJ000187,RAKESH RATHOR,EXPENDITURE,980100.0,2022-09-28,PFMS_E_PAYMENT,CleanWater Sanitation & Drainage Works Pvt Ltd
TRX00000574,PRJ000187,RAKESH RATHOR,EXPENDITURE,801900.0,2022-11-27,PFMS_E_PAYMENT,CleanWater Sanitation & Drainage Works Pvt Ltd
TRX00000575,PRJ000188,Rajiv Ranjan (Lalan) Singh,SANCTION,4640000.0,2023-01-22,TREASURY_TRANSFER,Patna Municipal Corporation Infrastructure Cell
TRX00000576,PRJ000188,Rajiv Ranjan (Lalan) Singh,EXPENDITURE,1543960.0,2023-02-21,PFMS_E_PAYMENT,National Civic Infrastructure Developers
TRX00000577,PRJ000188,Rajiv Ranjan (Lalan) Singh,EXPENDITURE,1263240.0,2023-04-22,PFMS_E_PAYMENT,National Civic Infrastructure Developers
TRX00000578,PRJ000189,Rajiv Ranjan (Lalan) Singh,SANCTION,7030000.0,2023-02-26,TREASURY_TRANSFER,Muzaffarpur District Rural Development Agency (DRDA)
TRX00000579,PRJ000189,Rajiv Ranjan (Lalan) Singh,EXPENDITURE,1511801.5,2023-03-28,PFMS_E_PAYMENT,Paramount Multi-Sector Construction Ltd
TRX00000580,PRJ000189,Rajiv Ranjan (Lalan) Singh,EXPENDITURE,1236928.5,2023-05-27,PFMS_E_PAYMENT,Paramount Multi-Sector Construction Ltd
TRX00000581,PRJ000190,Shri vijayakumar Vasanth,SANCTION,4590000.0,2023-12-19,TREASURY_TRANSFER,Chennai State Water Supply & Sanitation Board (WSSB)
TRX00000582,PRJ000190,Shri vijayakumar Vasanth,EXPENDITURE,633649.5,2024-01-18,PFMS_E_PAYMENT,UrbanDrain Civil Engineering Co
TRX00000583,PRJ000190,Shri vijayakumar Vasanth,EXPENDITURE,518440.5,2024-03-18,PFMS_E_PAYMENT,UrbanDrain Civil Engineering Co
TRX00000584,PRJ000191,Shri vijayakumar Vasanth,SANCTION,3040000.0,2022-05-20,TREASURY_TRANSFER,Madurai District Rural Development Agency (DRDA)
TRX00000585,PRJ000191,Shri vijayakumar Vasanth,EXPENDITURE,752400.0,2022-06-19,PFMS_E_PAYMENT,SwachhBharat Sanitation Infra Ltd
TRX00000586,PRJ000191,Shri vijayakumar Vasanth,EXPENDITURE,615600.0,2022-08-18,PFMS_E_PAYMENT,SwachhBharat Sanitation Infra Ltd
TRX00000587,PRJ000192,Shatrughan Sinha,SANCTION,2830000.0,2023-08-12,TREASURY_TRANSFER,Kolkata District Rural Development Agency (DRDA)
TRX00000588,PRJ000192,Shatrughan Sinha,EXPENDITURE,1556500.0,2023-09-11,PFMS_E_PAYMENT,National Civic Infrastructure Developers
TRX00000589,PRJ000192,Shatrughan Sinha,EXPENDITURE,1273500.0,2023-11-10,PFMS_E_PAYMENT,National Civic Infrastructure Developers
TRX00000590,PRJ000193,Shatrughan Sinha,SANCTION,1590000.0,2022-06-18,TREASURY_TRANSFER,Siliguri State Water Supply & Sanitation Board (WSSB)
TRX00000591,PRJ000193,Shatrughan Sinha,EXPENDITURE,740701.5,2022-07-18,PFMS_E_PAYMENT,SunPower Renewable Energy Systems
TRX00000592,PRJ000193,Shatrughan Sinha,EXPENDITURE,606028.5,2022-09-16,PFMS_E_PAYMENT,SunPower Renewable Energy Systems
TRX00000593,PRJ000194,Shatrughan Sinha,SANCTION,3080000.0,2022-12-07,TREASURY_TRANSFER,Darjeeling Public Works Department (PWD)
TRX00000594,PRJ000194,Shatrughan Sinha,EXPENDITURE,762300.0,2023-01-06,PFMS_E_PAYMENT,AquaPure Water Systems & Drilling Corp
TRX00000595,PRJ000194,Shatrughan Sinha,EXPENDITURE,623700.0,2023-03-07,PFMS_E_PAYMENT,AquaPure Water Systems & Drilling Corp
TRX00000596,PRJ000195,Shatrughan Sinha,SANCTION,6720000.0,2023-12-05,TREASURY_TRANSFER,Kolkata Municipal Corporation Infrastructure Cell
TRX00000597,PRJ000195,Shatrughan Sinha,EXPENDITURE,1408176.0,2024-01-04,PFMS_E_PAYMENT,ProSport Infrastructure & Turf Solutions
TRX00000598,PRJ000195,Shatrughan Sinha,EXPENDITURE,1152144.0,2024-03-04,PFMS_E_PAYMENT,ProSport Infrastructure & Turf Solutions
TRX00000599,PRJ000196,Bidyut Baran Mahato,SANCTION,3700000.0,2023-01-16,TREASURY_TRANSFER,Jamshedpur District Rural Development Agency (DRDA)
TRX00000600,PRJ000196,Bidyut Baran Mahato,EXPENDITURE,915750.0,2023-02-15,PFMS_E_PAYMENT,SmartTransit Urban Infra Solutions
TRX00000601,PRJ000196,Bidyut Baran Mahato,EXPENDITURE,749250.0,2023-04-16,PFMS_E_PAYMENT,SmartTransit Urban Infra Solutions
TRX00000602,PRJ000197,Bidyut Baran Mahato,SANCTION,5020000.0,2023-05-29,TREASURY_TRANSFER,Hazaribagh Municipal Corporation Infrastructure Cell
TRX00000603,PRJ000197,Bidyut Baran Mahato,EXPENDITURE,2761000.0,2023-06-28,PFMS_E_PAYMENT,National Civic Infrastructure Developers
TRX00000604,PRJ000197,Bidyut Baran Mahato,EXPENDITURE,2259000.0,2023-08-27,PFMS_E_PAYMENT,National Civic Infrastructure Developers
TRX00000605,PRJ000198,Bidyut Baran Mahato,SANCTION,2560000.0,2023-02-18,TREASURY_TRANSFER,Jamshedpur District Rural Development Agency (DRDA)
TRX00000606,PRJ000198,Bidyut Baran Mahato,EXPENDITURE,2140160.0,2023-03-20,PFMS_E_PAYMENT,SunPower Renewable Energy Systems
TRX00000607,PRJ000198,Bidyut Baran Mahato,EXPENDITURE,1751040.0,2023-05-19,PFMS_E_PAYMENT,SunPower Renewable Energy Systems
TRX00000608,PRJ000199,SANATAN PANDEY,SANCTION,4990000.0,2022-04-28,TREASURY_TRANSFER,Varanasi Public Works Department (PWD)
TRX00000609,PRJ000199,SANATAN PANDEY,EXPENDITURE,61435.74,2022-05-28,PFMS_E_PAYMENT,UrbanDrain Civil Engineering Co
TRX00000610,PRJ000199,SANATAN PANDEY,EXPENDITURE,50265.61,2022-07-27,PFMS_E_PAYMENT,UrbanDrain Civil Engineering Co
TRX00000611,PRJ000200,SANATAN PANDEY,SANCTION,3840000.0,2023-01-26,TREASURY_TRANSFER,Varanasi District Rural Development Agency (DRDA)
TRX00000612,PRJ000200,SANATAN PANDEY,EXPENDITURE,3104640.0,2023-02-25,PFMS_E_PAYMENT,UrbanDrain Civil Engineering Co
TRX00000613,PRJ000200,SANATAN PANDEY,EXPENDITURE,2540160.0,2023-04-26,PFMS_E_PAYMENT,UrbanDrain Civil Engineering Co
TRX00000614,PRJ000201,SANATAN PANDEY,SANCTION,7830000.0,2022-06-06,TREASURY_TRANSFER,Kanpur Municipal Corporation Infrastructure Cell
TRX00000615,PRJ000201,SANATAN PANDEY,EXPENDITURE,4306500.0,2022-07-06,PFMS_E_PAYMENT,BridgeTech Structures Pvt Ltd
TRX00000616,PRJ000201,SANATAN PANDEY,EXPENDITURE,3523500.0,2022-09-04,PFMS_E_PAYMENT,BridgeTech Structures Pvt Ltd
TRX00000617,PRJ000202,SANATAN PANDEY,SANCTION,5170000.0,2022-06-24,TREASURY_TRANSFER,Varanasi District Rural Development Agency (DRDA)
TRX00000618,PRJ000202,SANATAN PANDEY,EXPENDITURE,2568750.35,2022-07-24,PFMS_E_PAYMENT,BridgeTech Structures Pvt Ltd
TRX00000619,PRJ000202,SANATAN PANDEY,EXPENDITURE,2101704.84,2022-09-22,PFMS_E_PAYMENT,BridgeTech Structures Pvt Ltd
TRX00000620,PRJ000203,Shri Anil Kumar Yadav Mandadi (2024-30) (2024-2030),SANCTION,1320000.0,2022-06-19,TREASURY_TRANSFER,Ramagundam District Rural Development Agency (DRDA)
TRX00000621,PRJ000203,Shri Anil Kumar Yadav Mandadi (2024-30) (2024-2030),EXPENDITURE,863940.0,2022-07-19,PFMS_E_PAYMENT,BridgeTech Structures Pvt Ltd
TRX00000622,PRJ000203,Shri Anil Kumar Yadav Mandadi (2024-30) (2024-2030),EXPENDITURE,706860.0,2022-09-17,PFMS_E_PAYMENT,BridgeTech Structures Pvt Ltd
TRX00000623,PRJ000204,Shri Anil Kumar Yadav Mandadi (2024-30) (2024-2030),SANCTION,6100000.0,2022-06-17,TREASURY_TRANSFER,Ramagundam Public Works Department (PWD)
TRX00000624,PRJ000204,Shri Anil Kumar Yadav Mandadi (2024-30) (2024-2030),EXPENDITURE,2086810.0,2022-07-17,PFMS_E_PAYMENT,SunPower Renewable Energy Systems
TRX00000625,PRJ000204,Shri Anil Kumar Yadav Mandadi (2024-30) (2024-2030),EXPENDITURE,1707390.0,2022-09-15,PFMS_E_PAYMENT,SunPower Renewable Energy Systems
TRX00000626,PRJ000205,Shri Anil Kumar Yadav Mandadi (2024-30) (2024-2030),SANCTION,7610000.0,2023-10-10,TREASURY_TRANSFER,Hyderabad State Water Supply & Sanitation Board (WSSB)
TRX00000627,PRJ000205,Shri Anil Kumar Yadav Mandadi (2024-30) (2024-2030),EXPENDITURE,1615603.0,2023-11-09,PFMS_E_PAYMENT,National Civic Infrastructure Developers
TRX00000628,PRJ000205,Shri Anil Kumar Yadav Mandadi (2024-30) (2024-2030),EXPENDITURE,1321857.0,2024-01-08,PFMS_E_PAYMENT,National Civic Infrastructure Developers
TRX00000629,PRJ000206,Shri Anil Kumar Yadav Mandadi (2024-30) (2024-2030),SANCTION,4910000.0,2022-06-21,TREASURY_TRANSFER,Khammam Municipal Corporation Infrastructure Cell
TRX00000630,PRJ000206,Shri Anil Kumar Yadav Mandadi (2024-30) (2024-2030),EXPENDITURE,2025375.0,2022-07-21,PFMS_E_PAYMENT,ProSport Infrastructure & Turf Solutions
TRX00000631,PRJ000206,Shri Anil Kumar Yadav Mandadi (2024-30) (2024-2030),EXPENDITURE,1657125.0,2022-09-19,PFMS_E_PAYMENT,ProSport Infrastructure & Turf Solutions
TRX00000632,PRJ000206,Shri Anil Kumar Yadav Mandadi (2024-30) (2024-2030),EXPENDITURE,2025375.0,2022-07-26,PFMS_E_PAYMENT,ProSport Infrastructure & Turf Solutions
TRX00000633,PRJ000207,Dr. Kalpana Saini (2022-28) (2022-2028),SANCTION,1070000.0,2022-06-30,TREASURY_TRANSFER,Haridwar State Water Supply & Sanitation Board (WSSB)
TRX00000634,PRJ000207,Dr. Kalpana Saini (2022-28) (2022-2028),EXPENDITURE,588500.0,2022-07-30,PFMS_E_PAYMENT,TechLine IT & Lab Equipment Solutions Pvt Ltd
TRX00000635,PRJ000207,Dr. Kalpana Saini (2022-28) (2022-2028),EXPENDITURE,481500.0,2022-09-28,PFMS_E_PAYMENT,TechLine IT & Lab Equipment Solutions Pvt Ltd
TRX00000636,PRJ000208,Dr. Kalpana Saini (2022-28) (2022-2028),SANCTION,6290000.0,2023-04-20,TREASURY_TRANSFER,Dehradun District Rural Development Agency (DRDA)
TRX00000637,PRJ000208,Dr. Kalpana Saini (2022-28) (2022-2028),EXPENDITURE,2051483.5,2023-05-20,PFMS_E_PAYMENT,SunPower Renewable Energy Systems
TRX00000638,PRJ000208,Dr. Kalpana Saini (2022-28) (2022-2028),EXPENDITURE,1678486.5,2023-07-19,PFMS_E_PAYMENT,SunPower Renewable Energy Systems
TRX00000639,PRJ000209,Dr. Kalpana Saini (2022-28) (2022-2028),SANCTION,890000.0,2023-04-02,TREASURY_TRANSFER,Dehradun Public Works Department (PWD)
TRX00000640,PRJ000209,Dr. Kalpana Saini (2022-28) (2022-2028),EXPENDITURE,367125.0,2023-05-02,PFMS_E_PAYMENT,MedTech Healthcare Infrastructure Ltd
TRX00000641,PRJ000209,Dr. Kalpana Saini (2022-28) (2022-2028),EXPENDITURE,300375.0,2023-07-01,PFMS_E_PAYMENT,MedTech Healthcare Infrastructure Ltd
TRX00000642,PRJ000209,Dr. Kalpana Saini (2022-28) (2022-2028),EXPENDITURE,367125.0,2023-05-04,PFMS_E_PAYMENT,MedTech Healthcare Infrastructure Ltd
TRX00000643,PRJ000210,SURESH GOPI,SANCTION,5930000.0,2022-08-01,TREASURY_TRANSFER,Alappuzha Municipal Corporation Infrastructure Cell
TRX00000644,PRJ000210,SURESH GOPI,EXPENDITURE,3261500.0,2022-08-31,PFMS_E_PAYMENT,TechLine IT & Lab Equipment Solutions Pvt Ltd
TRX00000645,PRJ000210,SURESH GOPI,EXPENDITURE,2668500.0,2022-10-30,PFMS_E_PAYMENT,TechLine IT & Lab Equipment Solutions Pvt Ltd
TRX00000646,PRJ000211,SURESH GOPI,SANCTION,5800000.0,2023-05-22,TREASURY_TRANSFER,Alappuzha Municipal Corporation Infrastructure Cell
TRX00000647,PRJ000211,SURESH GOPI,EXPENDITURE,1435500.0,2023-06-21,PFMS_E_PAYMENT,BridgeTech Structures Pvt Ltd
TRX00000648,PRJ000211,SURESH GOPI,EXPENDITURE,1174500.0,2023-08-20,PFMS_E_PAYMENT,BridgeTech Structures Pvt Ltd
TRX00000649,PRJ000212,SURESH GOPI,SANCTION,2500000.0,2022-09-14,TREASURY_TRANSFER,Alappuzha State Water Supply & Sanitation Board (WSSB)
TRX00000650,PRJ000212,SURESH GOPI,EXPENDITURE,841500.0,2022-10-14,PFMS_E_PAYMENT,CleanWater Sanitation & Drainage Works Pvt Ltd
TRX00000651,PRJ000212,SURESH GOPI,EXPENDITURE,688500.0,2022-12-13,PFMS_E_PAYMENT,CleanWater Sanitation & Drainage Works Pvt Ltd
TRX00000652,PRJ000213,DAGGUMALLA PRASADA RAO,SANCTION,6260000.0,2023-08-25,TREASURY_TRANSFER,Guntur Municipal Corporation Infrastructure Cell
TRX00000653,PRJ000213,DAGGUMALLA PRASADA RAO,EXPENDITURE,1549350.0,2023-09-24,PFMS_E_PAYMENT,BridgeTech Structures Pvt Ltd
TRX00000654,PRJ000213,DAGGUMALLA PRASADA RAO,EXPENDITURE,1267650.0,2023-11-23,PFMS_E_PAYMENT,BridgeTech Structures Pvt Ltd
TRX00000655,PRJ000214,DAGGUMALLA PRASADA RAO,SANCTION,6080000.0,2023-08-17,TREASURY_TRANSFER,Visakhapatnam State Water Supply & Sanitation Board (WSSB)
TRX00000656,PRJ000214,DAGGUMALLA PRASADA RAO,EXPENDITURE,779152.0,2023-09-16,PFMS_E_PAYMENT,Apex Infracon & Highway Contractors
TRX00000657,PRJ000214,DAGGUMALLA PRASADA RAO,EXPENDITURE,637488.0,2023-11-15,PFMS_E_PAYMENT,Apex Infracon & Highway Contractors
TRX00000658,PRJ000215,DAGGUMALLA PRASADA RAO,SANCTION,5580000.0,2023-11-24,TREASURY_TRANSFER,Tirupati Public Works Department (PWD)
TRX00000659,PRJ000215,DAGGUMALLA PRASADA RAO,EXPENDITURE,886941.0,2023-12-24,PFMS_E_PAYMENT,CleanWater Sanitation & Drainage Works Pvt Ltd
TRX00000660,PRJ000215,DAGGUMALLA PRASADA RAO,EXPENDITURE,725679.0,2024-02-22,PFMS_E_PAYMENT,CleanWater Sanitation & Drainage Works Pvt Ltd
TRX00000661,PRJ000216,DAGGUMALLA PRASADA RAO,SANCTION,7270000.0,2023-02-05,TREASURY_TRANSFER,Guntur District Rural Development Agency (DRDA)
TRX00000662,PRJ000216,DAGGUMALLA PRASADA RAO,EXPENDITURE,911658.0,2023-03-07,PFMS_E_PAYMENT,TechLine IT & Lab Equipment Solutions Pvt Ltd
TRX00000663,PRJ000216,DAGGUMALLA PRASADA RAO,EXPENDITURE,745902.0,2023-05-06,PFMS_E_PAYMENT,TechLine IT & Lab Equipment Solutions Pvt Ltd
TRX00000664,PRJ000217,DAGGUMALLA PRASADA RAO,SANCTION,1160000.0,2023-11-12,TREASURY_TRANSFER,Guntur Municipal Corporation Infrastructure Cell
TRX00000665,PRJ000217,DAGGUMALLA PRASADA RAO,EXPENDITURE,638000.0,2023-12-12,PFMS_E_PAYMENT,AquaPure Water Systems & Drilling Corp
TRX00000666,PRJ000217,DAGGUMALLA PRASADA RAO,EXPENDITURE,522000.0,2024-02-10,PFMS_E_PAYMENT,AquaPure Water Systems & Drilling Corp
TRX00000667,PRJ000218,SHIVRAJ SINGH CHOUHAN,SANCTION,2520000.0,2022-04-14,TREASURY_TRANSFER,Gwalior State Water Supply & Sanitation Board (WSSB)
TRX00000668,PRJ000218,SHIVRAJ SINGH CHOUHAN,EXPENDITURE,67271.51,2022-05-14,PFMS_E_PAYMENT,AquaPure Water Systems & Drilling Corp
TRX00000669,PRJ000218,SHIVRAJ SINGH CHOUHAN,EXPENDITURE,55040.33,2022-07-13,PFMS_E_PAYMENT,AquaPure Water Systems & Drilling Corp
TRX00000670,PRJ000219,SHIVRAJ SINGH CHOUHAN,SANCTION,1650000.0,2023-03-01,TREASURY_TRANSFER,Gwalior Public Works Department (PWD)
TRX00000671,PRJ000219,SHIVRAJ SINGH CHOUHAN,EXPENDITURE,551760.0,2023-03-31,PFMS_E_PAYMENT,TechLine IT & Lab Equipment Solutions Pvt Ltd
TRX00000672,PRJ000219,SHIVRAJ SINGH CHOUHAN,EXPENDITURE,451440.0,2023-05-30,PFMS_E_PAYMENT,TechLine IT & Lab Equipment Solutions Pvt Ltd
TRX00000673,PRJ000220,SHIVRAJ SINGH CHOUHAN,SANCTION,1670000.0,2022-05-03,TREASURY_TRANSFER,Ujjain District Rural Development Agency (DRDA)
TRX00000674,PRJ000220,SHIVRAJ SINGH CHOUHAN,EXPENDITURE,1120570.0,2022-06-02,PFMS_E_PAYMENT,SunPower Renewable Energy Systems
TRX00000675,PRJ000220,SHIVRAJ SINGH CHOUHAN,EXPENDITURE,916830.0,2022-08-01,PFMS_E_PAYMENT,SunPower Renewable Energy Systems
TRX00000676,PRJ000221,SHIVRAJ SINGH CHOUHAN,SANCTION,4080000.0,2023-11-02,TREASURY_TRANSFER,Sagar Municipal Corporation Infrastructure Cell
TRX00000677,PRJ000221,SHIVRAJ SINGH CHOUHAN,EXPENDITURE,1382304.0,2023-12-02,PFMS_E_PAYMENT,TechLine IT & Lab Equipment Solutions Pvt Ltd
TRX00000678,PRJ000221,SHIVRAJ SINGH CHOUHAN,EXPENDITURE,1130976.0,2024-01-31,PFMS_E_PAYMENT,TechLine IT & Lab Equipment Solutions Pvt Ltd
TRX00000679,PRJ000222,SHIVRAJ SINGH CHOUHAN,SANCTION,7930000.0,2023-01-08,TREASURY_TRANSFER,Gwalior State Water Supply & Sanitation Board (WSSB)
TRX00000680,PRJ000222,SHIVRAJ SINGH CHOUHAN,EXPENDITURE,3375801.0,2023-02-07,PFMS_E_PAYMENT,ProSport Infrastructure & Turf Solutions
TRX00000681,PRJ000222,SHIVRAJ SINGH CHOUHAN,EXPENDITURE,2762019.0,2023-04-08,PFMS_E_PAYMENT,ProSport Infrastructure & Turf Solutions
TRX00000682,PRJ000223,TARIQ ANWAR,SANCTION,5000000.0,2023-12-16,TREASURY_TRANSFER,Muzaffarpur District Rural Development Agency (DRDA)
TRX00000683,PRJ000223,TARIQ ANWAR,EXPENDITURE,2207107.86,2024-01-15,PFMS_E_PAYMENT,CleanWater Sanitation & Drainage Works Pvt Ltd
TRX00000684,PRJ000223,TARIQ ANWAR,EXPENDITURE,1805815.52,2024-03-15,PFMS_E_PAYMENT,CleanWater Sanitation & Drainage Works Pvt Ltd
TRX00000685,PRJ000224,TARIQ ANWAR,SANCTION,5710000.0,2022-07-27,TREASURY_TRANSFER,Muzaffarpur District Rural Development Agency (DRDA)
TRX00000686,PRJ000224,TARIQ ANWAR,EXPENDITURE,954712.0,2022-08-26,PFMS_E_PAYMENT,Paramount Multi-Sector Construction Ltd
TRX00000687,PRJ000224,TARIQ ANWAR,EXPENDITURE,781128.0,2022-10-25,PFMS_E_PAYMENT,Paramount Multi-Sector Construction Ltd
TRX00000688,PRJ000225,TARIQ ANWAR,SANCTION,5110000.0,2022-12-26,TREASURY_TRANSFER,Muzaffarpur District Rural Development Agency (DRDA)
TRX00000689,PRJ000225,TARIQ ANWAR,EXPENDITURE,1304072.0,2023-01-25,PFMS_E_PAYMENT,SunPower Renewable Energy Systems
TRX00000690,PRJ000225,TARIQ ANWAR,EXPENDITURE,1066968.0,2023-03-26,PFMS_E_PAYMENT,SunPower Renewable Energy Systems
TRX00000691,PRJ000226,TARIQ ANWAR,SANCTION,7870000.0,2022-10-26,TREASURY_TRANSFER,Bhagalpur Public Works Department (PWD)
TRX00000692,PRJ000226,TARIQ ANWAR,EXPENDITURE,1891554.5,2022-11-25,PFMS_E_PAYMENT,TechLine IT & Lab Equipment Solutions Pvt Ltd
TRX00000693,PRJ000226,TARIQ ANWAR,EXPENDITURE,1547635.5,2023-01-24,PFMS_E_PAYMENT,TechLine IT & Lab Equipment Solutions Pvt Ltd
TRX00000694,PRJ000227,TARIQ ANWAR,SANCTION,910000.0,2023-09-17,TREASURY_TRANSFER,Patna State Water Supply & Sanitation Board (WSSB)
TRX00000695,PRJ000227,TARIQ ANWAR,EXPENDITURE,500500.0,2023-10-17,PFMS_E_PAYMENT,SmartTransit Urban Infra Solutions
TRX00000696,PRJ000227,TARIQ ANWAR,EXPENDITURE,409500.0,2023-12-16,PFMS_E_PAYMENT,SmartTransit Urban Infra Solutions
TRX00000697,PRJ000228,Shri C. Sadanandan Master (2025-31) (2025-2031),SANCTION,6370000.0,2022-11-05,TREASURY_TRANSFER,Alappuzha Municipal Corporation Infrastructure Cell
TRX00000698,PRJ000228,Shri C. Sadanandan Master (2025-31) (2025-2031),EXPENDITURE,2568065.5,2022-12-05,PFMS_E_PAYMENT,SmartTransit Urban Infra Solutions
TRX00000699,PRJ000228,Shri C. Sadanandan Master (2025-31) (2025-2031),EXPENDITURE,2101144.5,2023-02-03,PFMS_E_PAYMENT,SmartTransit Urban Infra Solutions
TRX00000700,PRJ000229,Shri C. Sadanandan Master (2025-31) (2025-2031),SANCTION,3250000.0,2023-03-14,TREASURY_TRANSFER,Kollam Public Works Department (PWD)
TRX00000701,PRJ000229,Shri C. Sadanandan Master (2025-31) (2025-2031),EXPENDITURE,804375.0,2023-04-13,PFMS_E_PAYMENT,National Civic Infrastructure Developers
TRX00000702,PRJ000229,Shri C. Sadanandan Master (2025-31) (2025-2031),EXPENDITURE,658125.0,2023-06-12,PFMS_E_PAYMENT,National Civic Infrastructure Developers
TRX00000703,PRJ000230,Shri Yerram Venkata Subba Reddy (2024-30) (2024-2030),SANCTION,2230000.0,2022-08-23,TREASURY_TRANSFER,Guntur District Rural Development Agency (DRDA)
TRX00000704,PRJ000230,Shri Yerram Venkata Subba Reddy (2024-30) (2024-2030),EXPENDITURE,919875.0,2022-09-22,PFMS_E_PAYMENT,UrbanDrain Civil Engineering Co
TRX00000705,PRJ000230,Shri Yerram Venkata Subba Reddy (2024-30) (2024-2030),EXPENDITURE,752625.0,2022-11-21,PFMS_E_PAYMENT,UrbanDrain Civil Engineering Co
TRX00000706,PRJ000230,Shri Yerram Venkata Subba Reddy (2024-30) (2024-2030),EXPENDITURE,919875.0,2022-09-27,PFMS_E_PAYMENT,UrbanDrain Civil Engineering Co
TRX00000707,PRJ000231,Shri Yerram Venkata Subba Reddy (2024-30) (2024-2030),SANCTION,1280000.0,2023-07-12,TREASURY_TRANSFER,Guntur District Rural Development Agency (DRDA)
TRX00000708,PRJ000231,Shri Yerram Venkata Subba Reddy (2024-30) (2024-2030),EXPENDITURE,929280.0,2023-08-11,PFMS_E_PAYMENT,UrbanDrain Civil Engineering Co
TRX00000709,PRJ000231,Shri Yerram Venkata Subba Reddy (2024-30) (2024-2030),EXPENDITURE,760320.0,2023-10-10,PFMS_E_PAYMENT,UrbanDrain Civil Engineering Co
TRX00000710,PRJ000232,SAMBIT PATRA,SANCTION,690000.0,2022-06-02,TREASURY_TRANSFER,Berhampur District Rural Development Agency (DRDA)
TRX00000711,PRJ000232,SAMBIT PATRA,EXPENDITURE,112711.5,2022-07-02,PFMS_E_PAYMENT,Paramount Multi-Sector Construction Ltd
TRX00000712,PRJ000232,SAMBIT PATRA,EXPENDITURE,92218.5,2022-08-31,PFMS_E_PAYMENT,Paramount Multi-Sector Construction Ltd
TRX00000713,PRJ000233,SAMBIT PATRA,SANCTION,1770000.0,2022-09-27,TREASURY_TRANSFER,Puri Public Works Department (PWD)
TRX00000714,PRJ000233,SAMBIT PATRA,EXPENDITURE,565603.5,2022-10-27,PFMS_E_PAYMENT,SwachhBharat Sanitation Infra Ltd
TRX00000715,PRJ000233,SAMBIT PATRA,EXPENDITURE,462766.5,2022-12-26,PFMS_E_PAYMENT,SwachhBharat Sanitation Infra Ltd
TRX00000716,PRJ000234,SAMBIT PATRA,SANCTION,1260000.0,2022-11-09,TREASURY_TRANSFER,Puri Municipal Corporation Infrastructure Cell
TRX00000717,PRJ000234,SAMBIT PATRA,EXPENDITURE,307692.0,2022-12-09,PFMS_E_PAYMENT,Speedway Repair & Resurfacing Contractors
TRX00000718,PRJ000234,SAMBIT PATRA,EXPENDITURE,251748.0,2023-02-07,PFMS_E_PAYMENT,Speedway Repair & Resurfacing Contractors
TRX00000719,PRJ000235,VIJAYLAKSHMI DEVI,SANCTION,6580000.0,2023-03-20,TREASURY_TRANSFER,Patna Municipal Corporation Infrastructure Cell
TRX00000720,PRJ000235,VIJAYLAKSHMI DEVI,EXPENDITURE,1469314.0,2023-04-19,PFMS_E_PAYMENT,TechLine IT & Lab Equipment Solutions Pvt Ltd
TRX00000721,PRJ000235,VIJAYLAKSHMI DEVI,EXPENDITURE,1202166.0,2023-06-18,PFMS_E_PAYMENT,TechLine IT & Lab Equipment Solutions Pvt Ltd
TRX00000722,PRJ000236,VIJAYLAKSHMI DEVI,SANCTION,1970000.0,2023-01-27,TREASURY_TRANSFER,Muzaffarpur District Rural Development Agency (DRDA)
TRX00000723,PRJ000236,VIJAYLAKSHMI DEVI,EXPENDITURE,812625.0,2023-02-26,PFMS_E_PAYMENT,MedTech Healthcare Infrastructure Ltd
TRX00000724,PRJ000236,VIJAYLAKSHMI DEVI,EXPENDITURE,664875.0,2023-04-27,PFMS_E_PAYMENT,MedTech Healthcare Infrastructure Ltd
TRX00000725,PRJ000236,VIJAYLAKSHMI DEVI,EXPENDITURE,812625.0,2023-02-28,PFMS_E_PAYMENT,MedTech Healthcare Infrastructure Ltd
TRX00000726,PRJ000237,VIJAYLAKSHMI DEVI,SANCTION,560000.0,2023-03-10,TREASURY_TRANSFER,Muzaffarpur District Rural Development Agency (DRDA)
TRX00000727,PRJ000237,VIJAYLAKSHMI DEVI,EXPENDITURE,231000.0,2023-04-09,PFMS_E_PAYMENT,SunPower Renewable Energy Systems
TRX00000728,PRJ000237,VIJAYLAKSHMI DEVI,EXPENDITURE,189000.0,2023-06-08,PFMS_E_PAYMENT,SunPower Renewable Energy Systems
TRX00000729,PRJ000237,VIJAYLAKSHMI DEVI,EXPENDITURE,231000.0,2023-04-10,PFMS_E_PAYMENT,SunPower Renewable Energy Systems
TRX00000730,PRJ000238,LAXMIKANT PAPPU NISHAD,SANCTION,2050000.0,2022-10-14,TREASURY_TRANSFER,Varanasi District Rural Development Agency (DRDA)
TRX00000731,PRJ000238,LAXMIKANT PAPPU NISHAD,EXPENDITURE,582917.5,2022-11-13,PFMS_E_PAYMENT,SunPower Renewable Energy Systems
TRX00000732,PRJ000238,LAXMIKANT PAPPU NISHAD,EXPENDITURE,476932.5,2023-01-12,PFMS_E_PAYMENT,SunPower Renewable Energy Systems
TRX00000733,PRJ000239,LAXMIKANT PAPPU NISHAD,SANCTION,4910000.0,2022-06-23,TREASURY_TRANSFER,Kanpur Municipal Corporation Infrastructure Cell
TRX00000734,PRJ000239,LAXMIKANT PAPPU NISHAD,EXPENDITURE,572506.0,2022-07-23,PFMS_E_PAYMENT,MedTech Healthcare Infrastructure Ltd
TRX00000735,PRJ000239,LAXMIKANT PAPPU NISHAD,EXPENDITURE,468414.0,2022-09-21,PFMS_E_PAYMENT,MedTech Healthcare Infrastructure Ltd
TRX00000736,PRJ000240,LAXMIKANT PAPPU NISHAD,SANCTION,2960000.0,2023-02-02,TREASURY_TRANSFER,Kanpur Municipal Corporation Infrastructure Cell
TRX00000737,PRJ000240,LAXMIKANT PAPPU NISHAD,EXPENDITURE,1150996.0,2023-03-04,PFMS_E_PAYMENT,Apex Infracon & Highway Contractors
TRX00000738,PRJ000240,LAXMIKANT PAPPU NISHAD,EXPENDITURE,941724.0,2023-05-03,PFMS_E_PAYMENT,Apex Infracon & Highway Contractors
TRX00000739,PRJ000241,LAXMIKANT PAPPU NISHAD,SANCTION,7530000.0,2023-03-29,TREASURY_TRANSFER,Varanasi Public Works Department (PWD)
TRX00000740,PRJ000241,LAXMIKANT PAPPU NISHAD,EXPENDITURE,3106125.0,2023-04-28,PFMS_E_PAYMENT,SmartTransit Urban Infra Solutions
TRX00000741,PRJ000241,LAXMIKANT PAPPU NISHAD,EXPENDITURE,2541375.0,2023-06-27,PFMS_E_PAYMENT,SmartTransit Urban Infra Solutions
TRX00000742,PRJ000241,LAXMIKANT PAPPU NISHAD,EXPENDITURE,3106125.0,2023-04-30,PFMS_E_PAYMENT,SmartTransit Urban Infra Solutions
TRX00000743,PRJ000242,LAXMIKANT PAPPU NISHAD,SANCTION,2720000.0,2023-10-16,TREASURY_TRANSFER,Varanasi Public Works Department (PWD)
TRX00000744,PRJ000242,LAXMIKANT PAPPU NISHAD,EXPENDITURE,1165384.0,2023-11-15,PFMS_E_PAYMENT,Speedway Repair & Resurfacing Contractors
TRX00000745,PRJ000242,LAXMIKANT PAPPU NISHAD,EXPENDITURE,953496.0,2024-01-14,PFMS_E_PAYMENT,Speedway Repair & Resurfacing Contractors
TRX00000746,PRJ000243,Smt. Renuka Chowdhury (2024-30) (2024-2030),SANCTION,3270000.0,2022-09-18,TREASURY_TRANSFER,Hyderabad State Water Supply & Sanitation Board (WSSB)
TRX00000747,PRJ000243,Smt. Renuka Chowdhury (2024-30) (2024-2030),EXPENDITURE,1185211.5,2022-10-18,PFMS_E_PAYMENT,SmartTransit Urban Infra Solutions
TRX00000748,PRJ000243,Smt. Renuka Chowdhury (2024-30) (2024-2030),EXPENDITURE,969718.5,2022-12-17,PFMS_E_PAYMENT,SmartTransit Urban Infra Solutions
TRX00000749,PRJ000244,Smt. Renuka Chowdhury (2024-30) (2024-2030),SANCTION,890000.0,2023-06-30,TREASURY_TRANSFER,Khammam Municipal Corporation Infrastructure Cell
TRX00000750,PRJ000244,Smt. Renuka Chowdhury (2024-30) (2024-2030),EXPENDITURE,125312.0,2023-07-30,PFMS_E_PAYMENT,UrbanDrain Civil Engineering Co
TRX00000751,PRJ000244,Smt. Renuka Chowdhury (2024-30) (2024-2030),EXPENDITURE,102528.0,2023-09-28,PFMS_E_PAYMENT,UrbanDrain Civil Engineering Co
TRX00000752,PRJ000245,Dr. Radha Mohan Das Agrawal (2022-28) (2022-2028),SANCTION,5000000.0,2023-08-28,TREASURY_TRANSFER,Varanasi District Rural Development Agency (DRDA)
TRX00000753,PRJ000245,Dr. Radha Mohan Das Agrawal (2022-28) (2022-2028),EXPENDITURE,2343492.65,2023-09-27,PFMS_E_PAYMENT,ProSport Infrastructure & Turf Solutions
TRX00000754,PRJ000245,Dr. Radha Mohan Das Agrawal (2022-28) (2022-2028),EXPENDITURE,1917403.08,2023-11-26,PFMS_E_PAYMENT,ProSport Infrastructure & Turf Solutions
TRX00000755,PRJ000246,Dr. Radha Mohan Das Agrawal (2022-28) (2022-2028),SANCTION,4320000.0,2023-01-13,TREASURY_TRANSFER,Varanasi District Rural Development Agency (DRDA)
TRX00000756,PRJ000246,Dr. Radha Mohan Das Agrawal (2022-28) (2022-2028),EXPENDITURE,2080678.96,2023-02-12,PFMS_E_PAYMENT,CleanWater Sanitation & Drainage Works Pvt Ltd
TRX00000757,PRJ000246,Dr. Radha Mohan Das Agrawal (2022-28) (2022-2028),EXPENDITURE,1702373.7,2023-04-13,PFMS_E_PAYMENT,CleanWater Sanitation & Drainage Works Pvt Ltd
TRX00000758,PRJ000247,Dr. Radha Mohan Das Agrawal (2022-28) (2022-2028),SANCTION,2830000.0,2022-09-23,TREASURY_TRANSFER,Varanasi Public Works Department (PWD)
TRX00000759,PRJ000247,Dr. Radha Mohan Das Agrawal (2022-28) (2022-2028),EXPENDITURE,468506.5,2022-10-23,PFMS_E_PAYMENT,MedTech Healthcare Infrastructure Ltd
TRX00000760,PRJ000247,Dr. Radha Mohan Das Agrawal (2022-28) (2022-2028),EXPENDITURE,383323.5,2022-12-22,PFMS_E_PAYMENT,MedTech Healthcare Infrastructure Ltd
TRX00000761,PRJ000248,Dr. Radha Mohan Das Agrawal (2022-28) (2022-2028),SANCTION,5330000.0,2023-01-26,TREASURY_TRANSFER,Varanasi State Water Supply & Sanitation Board (WSSB)
TRX00000762,PRJ000248,Dr. Radha Mohan Das Agrawal (2022-28) (2022-2028),EXPENDITURE,2488843.5,2023-02-25,PFMS_E_PAYMENT,SwachhBharat Sanitation Infra Ltd
TRX00000763,PRJ000248,Dr. Radha Mohan Das Agrawal (2022-28) (2022-2028),EXPENDITURE,2036326.5,2023-04-26,PFMS_E_PAYMENT,SwachhBharat Sanitation Infra Ltd
TRX00000764,PRJ000249,Smt Raksha Nikhil Khadse,SANCTION,2350000.0,2023-03-03,TREASURY_TRANSFER,Thane Public Works Department (PWD)
TRX00000765,PRJ000249,Smt Raksha Nikhil Khadse,EXPENDITURE,969375.0,2023-04-02,PFMS_E_PAYMENT,SwachhBharat Sanitation Infra Ltd
TRX00000766,PRJ000249,Smt Raksha Nikhil Khadse,EXPENDITURE,793125.0,2023-06-01,PFMS_E_PAYMENT,SwachhBharat Sanitation Infra Ltd
TRX00000767,PRJ000249,Smt Raksha Nikhil Khadse,EXPENDITURE,969375.0,2023-04-07,PFMS_E_PAYMENT,SwachhBharat Sanitation Infra Ltd
TRX00000768,PRJ000250,Smt Raksha Nikhil Khadse,SANCTION,7880000.0,2023-08-30,TREASURY_TRANSFER,Mumbai Municipal Corporation Infrastructure Cell
TRX00000769,PRJ000250,Smt Raksha Nikhil Khadse,EXPENDITURE,2687080.0,2023-09-29,PFMS_E_PAYMENT,SunPower Renewable Energy Systems
TRX00000770,PRJ000250,Smt Raksha Nikhil Khadse,EXPENDITURE,2198520.0,2023-11-28,PFMS_E_PAYMENT,SunPower Renewable Energy Systems
TRX00000771,PRJ000251,Smt Raksha Nikhil Khadse,SANCTION,4780000.0,2022-12-08,TREASURY_TRANSFER,Thane District Rural Development Agency (DRDA)
TRX00000772,PRJ000251,Smt Raksha Nikhil Khadse,EXPENDITURE,1632609.0,2023-01-07,PFMS_E_PAYMENT,SwachhBharat Sanitation Infra Ltd
TRX00000773,PRJ000251,Smt Raksha Nikhil Khadse,EXPENDITURE,1335771.0,2023-03-08,PFMS_E_PAYMENT,SwachhBharat Sanitation Infra Ltd
TRX00000774,PRJ000252,Smt Raksha Nikhil Khadse,SANCTION,2020000.0,2022-10-29,TREASURY_TRANSFER,Thane District Rural Development Agency (DRDA)
TRX00000775,PRJ000252,Smt Raksha Nikhil Khadse,EXPENDITURE,353298.0,2022-11-28,PFMS_E_PAYMENT,National Civic Infrastructure Developers
TRX00000776,PRJ000252,Smt Raksha Nikhil Khadse,EXPENDITURE,289062.0,2023-01-27,PFMS_E_PAYMENT,National Civic Infrastructure Developers
TRX00000777,PRJ000253,Shri Tejveer Singh (2024-30) (2024-2030),SANCTION,7450000.0,2022-04-09,TREASURY_TRANSFER,Kanpur Municipal Corporation Infrastructure Cell
TRX00000778,PRJ000253,Shri Tejveer Singh (2024-30) (2024-2030),EXPENDITURE,66260.38,2022-05-09,PFMS_E_PAYMENT,ProSport Infrastructure & Turf Solutions
TRX00000779,PRJ000253,Shri Tejveer Singh (2024-30) (2024-2030),EXPENDITURE,54213.03,2022-07-08,PFMS_E_PAYMENT,ProSport Infrastructure & Turf Solutions
TRX00000780,PRJ000254,Shri Tejveer Singh (2024-30) (2024-2030),SANCTION,3350000.0,2022-07-22,TREASURY_TRANSFER,Varanasi District Rural Development Agency (DRDA)
TRX00000781,PRJ000254,Shri Tejveer Singh (2024-30) (2024-2030),EXPENDITURE,786747.5,2022-08-21,PFMS_E_PAYMENT,Paramount Multi-Sector Construction Ltd
TRX00000782,PRJ000254,Shri Tejveer Singh (2024-30) (2024-2030),EXPENDITURE,643702.5,2022-10-20,PFMS_E_PAYMENT,Paramount Multi-Sector Construction Ltd
TRX00000783,PRJ000255,V. SOMANNA,SANCTION,3020000.0,2022-11-03,TREASURY_TRANSFER,Mysuru District Rural Development Agency (DRDA)
TRX00000784,PRJ000255,V. SOMANNA,EXPENDITURE,1245750.0,2022-12-03,PFMS_E_PAYMENT,BridgeTech Structures Pvt Ltd
TRX00000785,PRJ000255,V. SOMANNA,EXPENDITURE,1019250.0,2023-02-01,PFMS_E_PAYMENT,BridgeTech Structures Pvt Ltd
TRX00000786,PRJ000255,V. SOMANNA,EXPENDITURE,1245750.0,2022-12-04,PFMS_E_PAYMENT,BridgeTech Structures Pvt Ltd
TRX00000787,PRJ000256,V. SOMANNA,SANCTION,5290000.0,2023-03-01,TREASURY_TRANSFER,Mysuru District Rural Development Agency (DRDA)
TRX00000788,PRJ000256,V. SOMANNA,EXPENDITURE,1309275.0,2023-03-31,PFMS_E_PAYMENT,CleanWater Sanitation & Drainage Works Pvt Ltd
TRX00000789,PRJ000256,V. SOMANNA,EXPENDITURE,1071225.0,2023-05-30,PFMS_E_PAYMENT,CleanWater Sanitation & Drainage Works Pvt Ltd
TRX00000790,PRJ000257,V. SOMANNA,SANCTION,1150000.0,2022-05-11,TREASURY_TRANSFER,Bengaluru Municipal Corporation Infrastructure Cell
TRX00000791,PRJ000257,V. SOMANNA,EXPENDITURE,14071.71,2022-06-10,PFMS_E_PAYMENT,SmartTransit Urban Infra Solutions
TRX00000792,PRJ000257,V. SOMANNA,EXPENDITURE,11513.22,2022-08-09,PFMS_E_PAYMENT,SmartTransit Urban Infra Solutions
TRX00000793,PRJ000258,Shri Sanjay Seth (2024-30) (2024-2030),SANCTION,2770000.0,2023-05-07,TREASURY_TRANSFER,Varanasi District Rural Development Agency (DRDA)
TRX00000794,PRJ000258,Shri Sanjay Seth (2024-30) (2024-2030),EXPENDITURE,1310945.54,2023-06-06,PFMS_E_PAYMENT,Speedway Repair & Resurfacing Contractors
TRX00000795,PRJ000258,Shri Sanjay Seth (2024-30) (2024-2030),EXPENDITURE,1072591.8,2023-08-05,PFMS_E_PAYMENT,Speedway Repair & Resurfacing Contractors
TRX00000796,PRJ000259,Shri Sanjay Seth (2024-30) (2024-2030),SANCTION,3370000.0,2023-10-26,TREASURY_TRANSFER,Varanasi District Rural Development Agency (DRDA)
TRX00000797,PRJ000259,Shri Sanjay Seth (2024-30) (2024-2030),EXPENDITURE,2261270.0,2023-11-25,PFMS_E_PAYMENT,BridgeTech Structures Pvt Ltd
TRX00000798,PRJ000259,Shri Sanjay Seth (2024-30) (2024-2030),EXPENDITURE,1850130.0,2024-01-24,PFMS_E_PAYMENT,BridgeTech Structures Pvt Ltd
TRX00000799,PRJ000260,Shri Sanjay Seth (2024-30) (2024-2030),SANCTION,2180000.0,2022-05-30,TREASURY_TRANSFER,Varanasi State Water Supply & Sanitation Board (WSSB)
TRX00000800,PRJ000260,Shri Sanjay Seth (2024-30) (2024-2030),EXPENDITURE,18982.0,2022-06-29,PFMS_E_PAYMENT,SwachhBharat Sanitation Infra Ltd
TRX00000801,PRJ000260,Shri Sanjay Seth (2024-30) (2024-2030),EXPENDITURE,15530.72,2022-08-28,PFMS_E_PAYMENT,SwachhBharat Sanitation Infra Ltd
TRX00000802,PRJ000261,Ms. Dola Sen (2023-29) (2023-2029),SANCTION,3100000.0,2023-06-20,TREASURY_TRANSFER,Kolkata Municipal Corporation Infrastructure Cell
TRX00000803,PRJ000261,Ms. Dola Sen (2023-29) (2023-2029),EXPENDITURE,1186680.0,2023-07-20,PFMS_E_PAYMENT,SmartTransit Urban Infra Solutions
TRX00000804,PRJ000261,Ms. Dola Sen (2023-29) (2023-2029),EXPENDITURE,970920.0,2023-09-18,PFMS_E_PAYMENT,SmartTransit Urban Infra Solutions
TRX00000805,PRJ000262,Ms. Dola Sen (2023-29) (2023-2029),SANCTION,910000.0,2022-12-27,TREASURY_TRANSFER,Kolkata District Rural Development Agency (DRDA)
TRX00000806,PRJ000262,Ms. Dola Sen (2023-29) (2023-2029),EXPENDITURE,123623.5,2023-01-26,PFMS_E_PAYMENT,Paramount Multi-Sector Construction Ltd
TRX00000807,PRJ000262,Ms. Dola Sen (2023-29) (2023-2029),EXPENDITURE,101146.5,2023-03-27,PFMS_E_PAYMENT,Paramount Multi-Sector Construction Ltd
TRX00000808,PRJ000263,Ms. Dola Sen (2023-29) (2023-2029),SANCTION,5390000.0,2023-10-05,TREASURY_TRANSFER,Kolkata District Rural Development Agency (DRDA)
TRX00000809,PRJ000263,Ms. Dola Sen (2023-29) (2023-2029),EXPENDITURE,830060.0,2023-11-04,PFMS_E_PAYMENT,Paramount Multi-Sector Construction Ltd
TRX00000810,PRJ000263,Ms. Dola Sen (2023-29) (2023-2029),EXPENDITURE,679140.0,2024-01-03,PFMS_E_PAYMENT,Paramount Multi-Sector Construction Ltd
TRX00000811,PRJ000264,Ms. Dola Sen (2023-29) (2023-2029),SANCTION,4520000.0,2023-08-27,TREASURY_TRANSFER,Kolkata District Rural Development Agency (DRDA)
TRX00000812,PRJ000264,Ms. Dola Sen (2023-29) (2023-2029),EXPENDITURE,1148532.0,2023-09-26,PFMS_E_PAYMENT,Paramount Multi-Sector Construction Ltd
TRX00000813,PRJ000264,Ms. Dola Sen (2023-29) (2023-2029),EXPENDITURE,939708.0,2023-11-25,PFMS_E_PAYMENT,Paramount Multi-Sector Construction Ltd
TRX00000814,PRJ000265,Kalanidhi Veeraswamy,SANCTION,770000.0,2022-10-09,TREASURY_TRANSFER,Madurai Public Works Department (PWD)
TRX00000815,PRJ000265,Kalanidhi Veeraswamy,EXPENDITURE,238430.5,2022-11-08,PFMS_E_PAYMENT,MedTech Healthcare Infrastructure Ltd
TRX00000816,PRJ000265,Kalanidhi Veeraswamy,EXPENDITURE,195079.5,2023-01-07,PFMS_E_PAYMENT,MedTech Healthcare Infrastructure Ltd
TRX00000817,PRJ000266,Kalanidhi Veeraswamy,SANCTION,4010000.0,2023-09-21,TREASURY_TRANSFER,Madurai District Rural Development Agency (DRDA)
TRX00000818,PRJ000266,Kalanidhi Veeraswamy,EXPENDITURE,959392.5,2023-10-21,PFMS_E_PAYMENT,MedTech Healthcare Infrastructure Ltd
TRX00000819,PRJ000266,Kalanidhi Veeraswamy,EXPENDITURE,784957.5,2023-12-20,PFMS_E_PAYMENT,MedTech Healthcare Infrastructure Ltd
TRX00000820,PRJ000267,DHARMENDRA YADAV,SANCTION,6460000.0,2023-11-03,TREASURY_TRANSFER,Varanasi District Rural Development Agency (DRDA)
TRX00000821,PRJ000267,DHARMENDRA YADAV,EXPENDITURE,5045260.0,2023-12-03,PFMS_E_PAYMENT,Speedway Repair & Resurfacing Contractors
TRX00000822,PRJ000267,DHARMENDRA YADAV,EXPENDITURE,4127940.0,2024-02-01,PFMS_E_PAYMENT,Speedway Repair & Resurfacing Contractors
TRX00000823,PRJ000268,DHARMENDRA YADAV,SANCTION,7730000.0,2023-08-04,TREASURY_TRANSFER,Varanasi Public Works Department (PWD)
TRX00000824,PRJ000268,DHARMENDRA YADAV,EXPENDITURE,1913175.0,2023-09-03,PFMS_E_PAYMENT,AquaPure Water Systems & Drilling Corp
TRX00000825,PRJ000268,DHARMENDRA YADAV,EXPENDITURE,1565325.0,2023-11-02,PFMS_E_PAYMENT,AquaPure Water Systems & Drilling Corp
TRX00000826,PRJ000269,Arvind Dharmapuri,SANCTION,3000000.0,2023-11-06,TREASURY_TRANSFER,Ramagundam District Rural Development Agency (DRDA)
TRX00000827,PRJ000269,Arvind Dharmapuri,EXPENDITURE,1914000.0,2023-12-06,PFMS_E_PAYMENT,UrbanDrain Civil Engineering Co
TRX00000828,PRJ000269,Arvind Dharmapuri,EXPENDITURE,1566000.0,2024-02-04,PFMS_E_PAYMENT,UrbanDrain Civil Engineering Co
TRX00000829,PRJ000270,Arvind Dharmapuri,SANCTION,2710000.0,2022-12-08,TREASURY_TRANSFER,Ramagundam District Rural Development Agency (DRDA)
TRX00000830,PRJ000270,Arvind Dharmapuri,EXPENDITURE,588747.5,2023-01-07,PFMS_E_PAYMENT,TechLine IT & Lab Equipment Solutions Pvt Ltd
TRX00000831,PRJ000270,Arvind Dharmapuri,EXPENDITURE,481702.5,2023-03-08,PFMS_E_PAYMENT,TechLine IT & Lab Equipment Solutions Pvt Ltd
TRX00000832,PRJ000271,Arvind Dharmapuri,SANCTION,3260000.0,2023-05-15,TREASURY_TRANSFER,Hyderabad State Water Supply & Sanitation Board (WSSB)
TRX00000833,PRJ000271,Arvind Dharmapuri,EXPENDITURE,986150.0,2023-06-14,PFMS_E_PAYMENT,UrbanDrain Civil Engineering Co
TRX00000834,PRJ000271,Arvind Dharmapuri,EXPENDITURE,806850.0,2023-08-13,PFMS_E_PAYMENT,UrbanDrain Civil Engineering Co
TRX00000835,PRJ000272,Vijay Kumar Dubey,SANCTION,4310000.0,2023-03-19,TREASURY_TRANSFER,Kanpur Municipal Corporation Infrastructure Cell
TRX00000836,PRJ000272,Vijay Kumar Dubey,EXPENDITURE,1448375.5,2023-04-18,PFMS_E_PAYMENT,BridgeTech Structures Pvt Ltd
TRX00000837,PRJ000272,Vijay Kumar Dubey,EXPENDITURE,1185034.5,2023-06-17,PFMS_E_PAYMENT,BridgeTech Structures Pvt Ltd
TRX00000838,PRJ000273,Vijay Kumar Dubey,SANCTION,1880000.0,2023-10-05,TREASURY_TRANSFER,Varanasi District Rural Development Agency (DRDA)
TRX00000839,PRJ000273,Vijay Kumar Dubey,EXPENDITURE,1261480.0,2023-11-04,PFMS_E_PAYMENT,SunPower Renewable Energy Systems
TRX00000840,PRJ000273,Vijay Kumar Dubey,EXPENDITURE,1032120.0,2024-01-03,PFMS_E_PAYMENT,SunPower Renewable Energy Systems
TRX00000841,PRJ000274,Vijay Kumar Dubey,SANCTION,2770000.0,2023-03-01,TREASURY_TRANSFER,Varanasi District Rural Development Agency (DRDA)
TRX00000842,PRJ000274,Vijay Kumar Dubey,EXPENDITURE,685575.0,2023-03-31,PFMS_E_PAYMENT,ProSport Infrastructure & Turf Solutions
TRX00000843,PRJ000274,Vijay Kumar Dubey,EXPENDITURE,560925.0,2023-05-30,PFMS_E_PAYMENT,ProSport Infrastructure & Turf Solutions
TRX00000844,PRJ000275,Vijay Kumar Dubey,SANCTION,7760000.0,2023-04-02,TREASURY_TRANSFER,Varanasi Public Works Department (PWD)
TRX00000845,PRJ000275,Vijay Kumar Dubey,EXPENDITURE,1190772.0,2023-05-02,PFMS_E_PAYMENT,SmartTransit Urban Infra Solutions
TRX00000846,PRJ000275,Vijay Kumar Dubey,EXPENDITURE,974268.0,2023-07-01,PFMS_E_PAYMENT,SmartTransit Urban Infra Solutions
TRX00000847,PRJ000276,Shri Paka Venkata Satyanarayana (2025-28) (2025-2028),SANCTION,1730000.0,2023-04-20,TREASURY_TRANSFER,Guntur District Rural Development Agency (DRDA)
TRX00000848,PRJ000276,Shri Paka Venkata Satyanarayana (2025-28) (2025-2028),EXPENDITURE,836722.17,2023-05-20,PFMS_E_PAYMENT,TechLine IT & Lab Equipment Solutions Pvt Ltd
TRX00000849,PRJ000276,Shri Paka Venkata Satyanarayana (2025-28) (2025-2028),EXPENDITURE,684590.86,2023-07-19,PFMS_E_PAYMENT,TechLine IT & Lab Equipment Solutions Pvt Ltd
TRX00000850,PRJ000277,Shri Paka Venkata Satyanarayana (2025-28) (2025-2028),SANCTION,4880000.0,2023-07-13,TREASURY_TRANSFER,Guntur District Rural Development Agency (DRDA)
TRX00000851,PRJ000277,Shri Paka Venkata Satyanarayana (2025-28) (2025-2028),EXPENDITURE,2013000.0,2023-08-12,PFMS_E_PAYMENT,BridgeTech Structures Pvt Ltd
TRX00000852,PRJ000277,Shri Paka Venkata Satyanarayana (2025-28) (2025-2028),EXPENDITURE,1647000.0,2023-10-11,PFMS_E_PAYMENT,BridgeTech Structures Pvt Ltd
TRX00000853,PRJ000277,Shri Paka Venkata Satyanarayana (2025-28) (2025-2028),EXPENDITURE,2013000.0,2023-08-14,PFMS_E_PAYMENT,BridgeTech Structures Pvt Ltd
TRX00000854,PRJ000278,Smt. Seema Dwivedi (2020-26) (2020-2026),SANCTION,7310000.0,2023-03-09,TREASURY_TRANSFER,Varanasi District Rural Development Agency (DRDA)
TRX00000855,PRJ000278,Smt. Seema Dwivedi (2020-26) (2020-2026),EXPENDITURE,3455015.86,2023-04-08,PFMS_E_PAYMENT,MedTech Healthcare Infrastructure Ltd
TRX00000856,PRJ000278,Smt. Seema Dwivedi (2020-26) (2020-2026),EXPENDITURE,2826831.16,2023-06-07,PFMS_E_PAYMENT,MedTech Healthcare Infrastructure Ltd
TRX00000857,PRJ000279,Smt. Seema Dwivedi (2020-26) (2020-2026),SANCTION,3280000.0,2023-09-30,TREASURY_TRANSFER,Varanasi Public Works Department (PWD)
TRX00000858,PRJ000279,Smt. Seema Dwivedi (2020-26) (2020-2026),EXPENDITURE,431156.0,2023-10-30,PFMS_E_PAYMENT,BridgeTech Structures Pvt Ltd
TRX00000859,PRJ000279,Smt. Seema Dwivedi (2020-26) (2020-2026),EXPENDITURE,352764.0,2023-12-29,PFMS_E_PAYMENT,BridgeTech Structures Pvt Ltd
TRX00000860,PRJ000280,Smt. Seema Dwivedi (2020-26) (2020-2026),SANCTION,1040000.0,2023-09-05,TREASURY_TRANSFER,Kanpur Municipal Corporation Infrastructure Cell
TRX00000861,PRJ000280,Smt. Seema Dwivedi (2020-26) (2020-2026),EXPENDITURE,572000.0,2023-10-05,PFMS_E_PAYMENT,UrbanDrain Civil Engineering Co
TRX00000862,PRJ000280,Smt. Seema Dwivedi (2020-26) (2020-2026),EXPENDITURE,468000.0,2023-12-04,PFMS_E_PAYMENT,UrbanDrain Civil Engineering Co
TRX00000863,PRJ000281,Smt. Seema Dwivedi (2020-26) (2020-2026),SANCTION,4990000.0,2023-04-11,TREASURY_TRANSFER,Varanasi State Water Supply & Sanitation Board (WSSB)
TRX00000864,PRJ000281,Smt. Seema Dwivedi (2020-26) (2020-2026),EXPENDITURE,1171901.5,2023-05-11,PFMS_E_PAYMENT,SmartTransit Urban Infra Solutions
TRX00000865,PRJ000281,Smt. Seema Dwivedi (2020-26) (2020-2026),EXPENDITURE,958828.5,2023-07-10,PFMS_E_PAYMENT,SmartTransit Urban Infra Solutions
TRX00000866,PRJ000282,Smt. Seema Dwivedi (2020-26) (2020-2026),SANCTION,6820000.0,2023-05-09,TREASURY_TRANSFER,Varanasi District Rural Development Agency (DRDA)
TRX00000867,PRJ000282,Smt. Seema Dwivedi (2020-26) (2020-2026),EXPENDITURE,1687950.0,2023-06-08,PFMS_E_PAYMENT,UrbanDrain Civil Engineering Co
TRX00000868,PRJ000282,Smt. Seema Dwivedi (2020-26) (2020-2026),EXPENDITURE,1381050.0,2023-08-07,PFMS_E_PAYMENT,UrbanDrain Civil Engineering Co
TRX00000869,PRJ000283,Shri I.S. Inbadurai (2025-31) (2025-2031),SANCTION,4230000.0,2023-08-02,TREASURY_TRANSFER,Madurai District Rural Development Agency (DRDA)
TRX00000870,PRJ000283,Shri I.S. Inbadurai (2025-31) (2025-2031),EXPENDITURE,1957132.58,2023-09-01,PFMS_E_PAYMENT,MedTech Healthcare Infrastructure Ltd
TRX00000871,PRJ000283,Shri I.S. Inbadurai (2025-31) (2025-2031),EXPENDITURE,1601290.3,2023-10-31,PFMS_E_PAYMENT,MedTech Healthcare Infrastructure Ltd
TRX00000872,PRJ000284,Shri I.S. Inbadurai (2025-31) (2025-2031),SANCTION,1500000.0,2023-10-14,TREASURY_TRANSFER,Chennai State Water Supply & Sanitation Board (WSSB)
TRX00000873,PRJ000284,Shri I.S. Inbadurai (2025-31) (2025-2031),EXPENDITURE,626175.0,2023-11-13,PFMS_E_PAYMENT,MedTech Healthcare Infrastructure Ltd
TRX00000874,PRJ000284,Shri I.S. Inbadurai (2025-31) (2025-2031),EXPENDITURE,512325.0,2024-01-12,PFMS_E_PAYMENT,MedTech Healthcare Infrastructure Ltd
TRX00000875,PRJ000285,Shri Dharambir Singh,SANCTION,1290000.0,2023-09-03,TREASURY_TRANSFER,Hisar Municipal Corporation Infrastructure Cell
TRX00000876,PRJ000285,Shri Dharambir Singh,EXPENDITURE,273157.5,2023-10-03,PFMS_E_PAYMENT,ProSport Infrastructure & Turf Solutions
TRX00000877,PRJ000285,Shri Dharambir Singh,EXPENDITURE,223492.5,2023-12-02,PFMS_E_PAYMENT,ProSport Infrastructure & Turf Solutions
TRX00000878,PRJ000286,Shri Dharambir Singh,SANCTION,3310000.0,2023-11-10,TREASURY_TRANSFER,Ambala State Water Supply & Sanitation Board (WSSB)
TRX00000879,PRJ000286,Shri Dharambir Singh,EXPENDITURE,1035864.5,2023-12-10,PFMS_E_PAYMENT,TechLine IT & Lab Equipment Solutions Pvt Ltd
TRX00000880,PRJ000286,Shri Dharambir Singh,EXPENDITURE,847525.5,2024-02-08,PFMS_E_PAYMENT,TechLine IT & Lab Equipment Solutions Pvt Ltd
TRX00000881,PRJ000287,Shri Dharambir Singh,SANCTION,2110000.0,2023-05-30,TREASURY_TRANSFER,Hisar Public Works Department (PWD)
TRX00000882,PRJ000287,Shri Dharambir Singh,EXPENDITURE,314495.5,2023-06-29,PFMS_E_PAYMENT,TechLine IT & Lab Equipment Solutions Pvt Ltd
TRX00000883,PRJ000287,Shri Dharambir Singh,EXPENDITURE,257314.5,2023-08-28,PFMS_E_PAYMENT,TechLine IT & Lab Equipment Solutions Pvt Ltd
TRX00000884,PRJ000288,SMITA UDAY WAGH,SANCTION,1990000.0,2023-02-09,TREASURY_TRANSFER,Thane District Rural Development Agency (DRDA)
TRX00000885,PRJ000288,SMITA UDAY WAGH,EXPENDITURE,330539.0,2023-03-11,PFMS_E_PAYMENT,Paramount Multi-Sector Construction Ltd
TRX00000886,PRJ000288,SMITA UDAY WAGH,EXPENDITURE,270441.0,2023-05-10,PFMS_E_PAYMENT,Paramount Multi-Sector Construction Ltd
TRX00000887,PRJ000289,SMITA UDAY WAGH,SANCTION,860000.0,2023-08-16,TREASURY_TRANSFER,Aurangabad State Water Supply & Sanitation Board (WSSB)
TRX00000888,PRJ000289,SMITA UDAY WAGH,EXPENDITURE,473000.0,2023-09-15,PFMS_E_PAYMENT,MedTech Healthcare Infrastructure Ltd
TRX00000889,PRJ000289,SMITA UDAY WAGH,EXPENDITURE,387000.0,2023-11-14,PFMS_E_PAYMENT,MedTech Healthcare Infrastructure Ltd
TRX00000890,PRJ000290,DR RAJKUMAR SANGWAN,SANCTION,1570000.0,2023-12-22,TREASURY_TRANSFER,Varanasi State Water Supply & Sanitation Board (WSSB)
TRX00000891,PRJ000290,DR RAJKUMAR SANGWAN,EXPENDITURE,647625.0,2024-01-21,PFMS_E_PAYMENT,SwachhBharat Sanitation Infra Ltd
TRX00000892,PRJ000290,DR RAJKUMAR SANGWAN,EXPENDITURE,529875.0,2024-03-21,PFMS_E_PAYMENT,SwachhBharat Sanitation Infra Ltd
TRX00000893,PRJ000290,DR RAJKUMAR SANGWAN,EXPENDITURE,647625.0,2024-01-22,PFMS_E_PAYMENT,SwachhBharat Sanitation Infra Ltd
TRX00000894,PRJ000291,DR RAJKUMAR SANGWAN,SANCTION,4370000.0,2023-05-02,TREASURY_TRANSFER,Varanasi State Water Supply & Sanitation Board (WSSB)
TRX00000895,PRJ000291,DR RAJKUMAR SANGWAN,EXPENDITURE,572033.0,2023-06-01,PFMS_E_PAYMENT,CleanWater Sanitation & Drainage Works Pvt Ltd
TRX00000896,PRJ000291,DR RAJKUMAR SANGWAN,EXPENDITURE,468027.0,2023-07-31,PFMS_E_PAYMENT,CleanWater Sanitation & Drainage Works Pvt Ltd
TRX00000897,PRJ000292,DR RAJKUMAR SANGWAN,SANCTION,7980000.0,2022-11-13,TREASURY_TRANSFER,Varanasi District Rural Development Agency (DRDA)
TRX00000898,PRJ000292,DR RAJKUMAR SANGWAN,EXPENDITURE,6100710.0,2022-12-13,PFMS_E_PAYMENT,ProSport Infrastructure & Turf Solutions
TRX00000899,PRJ000292,DR RAJKUMAR SANGWAN,EXPENDITURE,4991490.0,2023-02-11,PFMS_E_PAYMENT,ProSport Infrastructure & Turf Solutions
TRX00000900,PRJ000293,Smt Sandhya Ray,SANCTION,700000.0,2023-08-18,TREASURY_TRANSFER,Ujjain District Rural Development Agency (DRDA)
TRX00000901,PRJ000293,Smt Sandhya Ray,EXPENDITURE,128205.0,2023-09-17,PFMS_E_PAYMENT,Paramount Multi-Sector Construction Ltd
TRX00000902,PRJ000293,Smt Sandhya Ray,EXPENDITURE,104895.0,2023-11-16,PFMS_E_PAYMENT,Paramount Multi-Sector Construction Ltd
TRX00000903,PRJ000294,Smt Sandhya Ray,SANCTION,4060000.0,2023-11-17,TREASURY_TRANSFER,Ujjain District Rural Development Agency (DRDA)
TRX00000904,PRJ000294,Smt Sandhya Ray,EXPENDITURE,698929.0,2023-12-17,PFMS_E_PAYMENT,BridgeTech Structures Pvt Ltd
TRX00000905,PRJ000294,Smt Sandhya Ray,EXPENDITURE,571851.0,2024-02-15,PFMS_E_PAYMENT,BridgeTech Structures Pvt Ltd
TRX00000906,PRJ000295,KALYAN VAIJINATHRAO KALE,SANCTION,6240000.0,2023-09-05,TREASURY_TRANSFER,Thane District Rural Development Agency (DRDA)
TRX00000907,PRJ000295,KALYAN VAIJINATHRAO KALE,EXPENDITURE,3150479.59,2023-10-05,PFMS_E_PAYMENT,BridgeTech Structures Pvt Ltd
TRX00000908,PRJ000295,KALYAN VAIJINATHRAO KALE,EXPENDITURE,2577665.12,2023-12-04,PFMS_E_PAYMENT,BridgeTech Structures Pvt Ltd
TRX00000909,PRJ000296,KALYAN VAIJINATHRAO KALE,SANCTION,7640000.0,2023-09-01,TREASURY_TRANSFER,Mumbai Municipal Corporation Infrastructure Cell
TRX00000910,PRJ000296,KALYAN VAIJINATHRAO KALE,EXPENDITURE,958056.0,2023-10-01,PFMS_E_PAYMENT,SwachhBharat Sanitation Infra Ltd
TRX00000911,PRJ000296,KALYAN VAIJINATHRAO KALE,EXPENDITURE,783864.0,2023-11-30,PFMS_E_PAYMENT,SwachhBharat Sanitation Infra Ltd
TRX00000912,PRJ000297,KALYAN VAIJINATHRAO KALE,SANCTION,4220000.0,2022-06-17,TREASURY_TRANSFER,Thane Public Works Department (PWD)
TRX00000913,PRJ000297,KALYAN VAIJINATHRAO KALE,EXPENDITURE,1044450.0,2022-07-17,PFMS_E_PAYMENT,TechLine IT & Lab Equipment Solutions Pvt Ltd
TRX00000914,PRJ000297,KALYAN VAIJINATHRAO KALE,EXPENDITURE,854550.0,2022-09-15,PFMS_E_PAYMENT,TechLine IT & Lab Equipment Solutions Pvt Ltd
TRX00000915,PRJ000298,KALYAN VAIJINATHRAO KALE,SANCTION,1110000.0,2022-09-20,TREASURY_TRANSFER,Thane District Rural Development Agency (DRDA)
TRX00000916,PRJ000298,KALYAN VAIJINATHRAO KALE,EXPENDITURE,491459.69,2022-10-20,PFMS_E_PAYMENT,SwachhBharat Sanitation Infra Ltd
TRX00000917,PRJ000298,KALYAN VAIJINATHRAO KALE,EXPENDITURE,402103.38,2022-12-19,PFMS_E_PAYMENT,SwachhBharat Sanitation Infra Ltd
TRX00000918,PRJ000299,KALYAN VAIJINATHRAO KALE,SANCTION,3410000.0,2022-09-04,TREASURY_TRANSFER,Thane District Rural Development Agency (DRDA)
TRX00000919,PRJ000299,KALYAN VAIJINATHRAO KALE,EXPENDITURE,2231845.0,2022-10-04,PFMS_E_PAYMENT,MedTech Healthcare Infrastructure Ltd
TRX00000920,PRJ000299,KALYAN VAIJINATHRAO KALE,EXPENDITURE,1826055.0,2022-12-03,PFMS_E_PAYMENT,MedTech Healthcare Infrastructure Ltd
TRX00000921,PRJ000300,DEEPENDER SINGH HOODA,SANCTION,3500000.0,2023-11-01,TREASURY_TRANSFER,Hisar Public Works Department (PWD)
TRX00000922,PRJ000300,DEEPENDER SINGH HOODA,EXPENDITURE,1443750.0,2023-12-01,PFMS_E_PAYMENT,BridgeTech Structures Pvt Ltd
TRX00000923,PRJ000300,DEEPENDER SINGH HOODA,EXPENDITURE,1181250.0,2024-01-30,PFMS_E_PAYMENT,BridgeTech Structures Pvt Ltd
TRX00000924,PRJ000300,DEEPENDER SINGH HOODA,EXPENDITURE,1443750.0,2023-12-02,PFMS_E_PAYMENT,BridgeTech Structures Pvt Ltd
TRX00000925,PRJ000301,DEEPENDER SINGH HOODA,SANCTION,4720000.0,2023-06-26,TREASURY_TRANSFER,Hisar Municipal Corporation Infrastructure Cell
TRX00000926,PRJ000301,DEEPENDER SINGH HOODA,EXPENDITURE,1627692.0,2023-07-26,PFMS_E_PAYMENT,National Civic Infrastructure Developers
TRX00000927,PRJ000301,DEEPENDER SINGH HOODA,EXPENDITURE,1331748.0,2023-09-24,PFMS_E_PAYMENT,National Civic Infrastructure Developers
TRX00000928,PRJ000302,DEEPENDER SINGH HOODA,SANCTION,6420000.0,2023-05-02,TREASURY_TRANSFER,Hisar Public Works Department (PWD)
TRX00000929,PRJ000302,DEEPENDER SINGH HOODA,EXPENDITURE,1588950.0,2023-06-01,PFMS_E_PAYMENT,National Civic Infrastructure Developers
TRX00000930,PRJ000302,DEEPENDER SINGH HOODA,EXPENDITURE,1300050.0,2023-07-31,PFMS_E_PAYMENT,National Civic Infrastructure Developers
TRX00000931,PRJ000303,Shri Jaggesh (2022-28) (2022-2028),SANCTION,4160000.0,2023-04-07,TREASURY_TRANSFER,Mysuru District Rural Development Agency (DRDA)
TRX00000932,PRJ000303,Shri Jaggesh (2022-28) (2022-2028),EXPENDITURE,2745600.0,2023-05-07,PFMS_E_PAYMENT,ProSport Infrastructure & Turf Solutions
TRX00000933,PRJ000303,Shri Jaggesh (2022-28) (2022-2028),EXPENDITURE,2246400.0,2023-07-06,PFMS_E_PAYMENT,ProSport Infrastructure & Turf Solutions
TRX00000934,PRJ000304,Shri Jaggesh (2022-28) (2022-2028),SANCTION,1770000.0,2023-04-02,TREASURY_TRANSFER,Hubballi State Water Supply & Sanitation Board (WSSB)
TRX00000935,PRJ000304,Shri Jaggesh (2022-28) (2022-2028),EXPENDITURE,973500.0,2023-05-02,PFMS_E_PAYMENT,SwachhBharat Sanitation Infra Ltd
TRX00000936,PRJ000304,Shri Jaggesh (2022-28) (2022-2028),EXPENDITURE,796500.0,2023-07-01,PFMS_E_PAYMENT,SwachhBharat Sanitation Infra Ltd
TRX00000937,PRJ000305,Shri Jaggesh (2022-28) (2022-2028),SANCTION,6700000.0,2022-05-07,TREASURY_TRANSFER,Mysuru District Rural Development Agency (DRDA)
TRX00000938,PRJ000305,Shri Jaggesh (2022-28) (2022-2028),EXPENDITURE,1658250.0,2022-06-06,PFMS_E_PAYMENT,TechLine IT & Lab Equipment Solutions Pvt Ltd
TRX00000939,PRJ000305,Shri Jaggesh (2022-28) (2022-2028),EXPENDITURE,1356750.0,2022-08-05,PFMS_E_PAYMENT,TechLine IT & Lab Equipment Solutions Pvt Ltd
TRX00000940,PRJ000306,Shri Jaggesh (2022-28) (2022-2028),SANCTION,2060000.0,2023-01-12,TREASURY_TRANSFER,Mysuru District Rural Development Agency (DRDA)
TRX00000941,PRJ000306,Shri Jaggesh (2022-28) (2022-2028),EXPENDITURE,509850.0,2023-02-11,PFMS_E_PAYMENT,AquaPure Water Systems & Drilling Corp
TRX00000942,PRJ000306,Shri Jaggesh (2022-28) (2022-2028),EXPENDITURE,417150.0,2023-04-12,PFMS_E_PAYMENT,AquaPure Water Systems & Drilling Corp
TRX00000943,PRJ000307,Shri Sarbananda Sonowal (18LS),SANCTION,4570000.0,2023-03-25,TREASURY_TRANSFER,Guwahati District Rural Development Agency (DRDA)
TRX00000944,PRJ000307,Shri Sarbananda Sonowal (18LS),EXPENDITURE,3393225.0,2023-04-24,PFMS_E_PAYMENT,CleanWater Sanitation & Drainage Works Pvt Ltd
TRX00000945,PRJ000307,Shri Sarbananda Sonowal (18LS),EXPENDITURE,2776275.0,2023-06-23,PFMS_E_PAYMENT,CleanWater Sanitation & Drainage Works Pvt Ltd
TRX00000946,PRJ000308,Shri Sarbananda Sonowal (18LS),SANCTION,6010000.0,2023-10-12,TREASURY_TRANSFER,Guwahati District Rural Development Agency (DRDA)
TRX00000947,PRJ000308,Shri Sarbananda Sonowal (18LS),EXPENDITURE,2697288.0,2023-11-11,PFMS_E_PAYMENT,SmartTransit Urban Infra Solutions
TRX00000948,PRJ000308,Shri Sarbananda Sonowal (18LS),EXPENDITURE,2206872.0,2024-01-10,PFMS_E_PAYMENT,SmartTransit Urban Infra Solutions
TRX00000949,PRJ000309,Shri Sarbananda Sonowal (18LS),SANCTION,5470000.0,2022-09-07,TREASURY_TRANSFER,Jorhat State Water Supply & Sanitation Board (WSSB)
TRX00000950,PRJ000309,Shri Sarbananda Sonowal (18LS),EXPENDITURE,1817134.0,2022-10-07,PFMS_E_PAYMENT,ProSport Infrastructure & Turf Solutions
TRX00000951,PRJ000309,Shri Sarbananda Sonowal (18LS),EXPENDITURE,1486746.0,2022-12-06,PFMS_E_PAYMENT,ProSport Infrastructure & Turf Solutions
TRX00000952,PRJ000310,Shri Sarbananda Sonowal (18LS),SANCTION,6600000.0,2023-03-16,TREASURY_TRANSFER,Silchar Municipal Corporation Infrastructure Cell
TRX00000953,PRJ000310,Shri Sarbananda Sonowal (18LS),EXPENDITURE,2392170.0,2023-04-15,PFMS_E_PAYMENT,AquaPure Water Systems & Drilling Corp
TRX00000954,PRJ000310,Shri Sarbananda Sonowal (18LS),EXPENDITURE,1957230.0,2023-06-14,PFMS_E_PAYMENT,AquaPure Water Systems & Drilling Corp
TRX00000955,PRJ000311,SK NURUL ISLAM,SANCTION,1870000.0,2023-09-10,TREASURY_TRANSFER,Kolkata District Rural Development Agency (DRDA)
TRX00000956,PRJ000311,SK NURUL ISLAM,EXPENDITURE,869082.5,2023-10-10,PFMS_E_PAYMENT,UrbanDrain Civil Engineering Co
TRX00000957,PRJ000311,SK NURUL ISLAM,EXPENDITURE,711067.5,2023-12-09,PFMS_E_PAYMENT,UrbanDrain Civil Engineering Co
TRX00000958,PRJ000312,SK NURUL ISLAM,SANCTION,3350000.0,2023-11-14,TREASURY_TRANSFER,Darjeeling Public Works Department (PWD)
TRX00000959,PRJ000312,SK NURUL ISLAM,EXPENDITURE,668827.5,2023-12-14,PFMS_E_PAYMENT,AquaPure Water Systems & Drilling Corp
TRX00000960,PRJ000312,SK NURUL ISLAM,EXPENDITURE,547222.5,2024-02-12,PFMS_E_PAYMENT,AquaPure Water Systems & Drilling Corp
TRX00000961,PRJ000313,SK NURUL ISLAM,SANCTION,2920000.0,2023-09-30,TREASURY_TRANSFER,Kolkata District Rural Development Agency (DRDA)
TRX00000962,PRJ000313,SK NURUL ISLAM,EXPENDITURE,2328700.0,2023-10-30,PFMS_E_PAYMENT,BridgeTech Structures Pvt Ltd
TRX00000963,PRJ000313,SK NURUL ISLAM,EXPENDITURE,1905300.0,2023-12-29,PFMS_E_PAYMENT,BridgeTech Structures Pvt Ltd
TRX00000964,PRJ000314,Dr. Ashok Kumar Mittal (2022-28) (2022-2028),SANCTION,3370000.0,2023-05-19,TREASURY_TRANSFER,Chandigarh State Water Supply & Sanitation Board (WSSB)
TRX00000965,PRJ000314,Dr. Ashok Kumar Mittal (2022-28) (2022-2028),EXPENDITURE,1334520.0,2023-06-18,PFMS_E_PAYMENT,MedTech Healthcare Infrastructure Ltd
TRX00000966,PRJ000314,Dr. Ashok Kumar Mittal (2022-28) (2022-2028),EXPENDITURE,1091880.0,2023-08-17,PFMS_E_PAYMENT,MedTech Healthcare Infrastructure Ltd
TRX00000967,PRJ000315,Dr. Ashok Kumar Mittal (2022-28) (2022-2028),SANCTION,5980000.0,2022-06-04,TREASURY_TRANSFER,Jalandhar Public Works Department (PWD)
TRX00000968,PRJ000315,Dr. Ashok Kumar Mittal (2022-28) (2022-2028),EXPENDITURE,85222.12,2022-07-04,PFMS_E_PAYMENT,TechLine IT & Lab Equipment Solutions Pvt Ltd
TRX00000969,PRJ000315,Dr. Ashok Kumar Mittal (2022-28) (2022-2028),EXPENDITURE,69727.19,2022-09-02,PFMS_E_PAYMENT,TechLine IT & Lab Equipment Solutions Pvt Ltd
TRX00000970,PRJ000316,Dr. Ashok Kumar Mittal (2022-28) (2022-2028),SANCTION,3200000.0,2023-08-26,TREASURY_TRANSFER,Amritsar District Rural Development Agency (DRDA)
TRX00000971,PRJ000316,Dr. Ashok Kumar Mittal (2022-28) (2022-2028),EXPENDITURE,647680.0,2023-09-25,PFMS_E_PAYMENT,National Civic Infrastructure Developers
TRX00000972,PRJ000316,Dr. Ashok Kumar Mittal (2022-28) (2022-2028),EXPENDITURE,529920.0,2023-11-24,PFMS_E_PAYMENT,National Civic Infrastructure Developers
TRX00000973,PRJ000317,Dr. Ashok Kumar Mittal (2022-28) (2022-2028),SANCTION,2780000.0,2022-08-16,TREASURY_TRANSFER,Amritsar District Rural Development Agency (DRDA)
TRX00000974,PRJ000317,Dr. Ashok Kumar Mittal (2022-28) (2022-2028),EXPENDITURE,626890.0,2022-09-15,PFMS_E_PAYMENT,Paramount Multi-Sector Construction Ltd
TRX00000975,PRJ000317,Dr. Ashok Kumar Mittal (2022-28) (2022-2028),EXPENDITURE,512910.0,2022-11-14,PFMS_E_PAYMENT,Paramount Multi-Sector Construction Ltd
TRX00000976,PRJ000318,Shri Upendra Kushwaha (2026-32) (2026-2032),SANCTION,5460000.0,2022-10-21,TREASURY_TRANSFER,Muzaffarpur District Rural Development Agency (DRDA)
TRX00000977,PRJ000318,Shri Upendra Kushwaha (2026-32) (2026-2032),EXPENDITURE,1351350.0,2022-11-20,PFMS_E_PAYMENT,Apex Infracon & Highway Contractors
TRX00000978,PRJ000318,Shri Upendra Kushwaha (2026-32) (2026-2032),EXPENDITURE,1105650.0,2023-01-19,PFMS_E_PAYMENT,Apex Infracon & Highway Contractors
TRX00000979,PRJ000319,Shri Upendra Kushwaha (2026-32) (2026-2032),SANCTION,2300000.0,2022-08-11,TREASURY_TRANSFER,Muzaffarpur District Rural Development Agency (DRDA)
TRX00000980,PRJ000319,Shri Upendra Kushwaha (2026-32) (2026-2032),EXPENDITURE,1518000.0,2022-09-10,PFMS_E_PAYMENT,SunPower Renewable Energy Systems
TRX00000981,PRJ000319,Shri Upendra Kushwaha (2026-32) (2026-2032),EXPENDITURE,1242000.0,2022-11-09,PFMS_E_PAYMENT,SunPower Renewable Energy Systems
TRX00000982,PRJ000320,Dr. Medha Vishram Kulkarni (2024-30) (2024-2030),SANCTION,4760000.0,2023-04-07,TREASURY_TRANSFER,Mumbai Municipal Corporation Infrastructure Cell
TRX00000983,PRJ000320,Dr. Medha Vishram Kulkarni (2024-30) (2024-2030),EXPENDITURE,1557710.0,2023-05-07,PFMS_E_PAYMENT,National Civic Infrastructure Developers
TRX00000984,PRJ000320,Dr. Medha Vishram Kulkarni (2024-30) (2024-2030),EXPENDITURE,1274490.0,2023-07-06,PFMS_E_PAYMENT,National Civic Infrastructure Developers
TRX00000985,PRJ000321,Dr. Medha Vishram Kulkarni (2024-30) (2024-2030),SANCTION,6930000.0,2023-08-29,TREASURY_TRANSFER,Thane District Rural Development Agency (DRDA)
TRX00000986,PRJ000321,Dr. Medha Vishram Kulkarni (2024-30) (2024-2030),EXPENDITURE,1924807.5,2023-09-28,PFMS_E_PAYMENT,National Civic Infrastructure Developers
TRX00000987,PRJ000321,Dr. Medha Vishram Kulkarni (2024-30) (2024-2030),EXPENDITURE,1574842.5,2023-11-27,PFMS_E_PAYMENT,National Civic Infrastructure Developers
TRX00000988,PRJ000322,Dr. Medha Vishram Kulkarni (2024-30) (2024-2030),SANCTION,2800000.0,2022-09-07,TREASURY_TRANSFER,Thane Public Works Department (PWD)
TRX00000989,PRJ000322,Dr. Medha Vishram Kulkarni (2024-30) (2024-2030),EXPENDITURE,432740.0,2022-10-07,PFMS_E_PAYMENT,ProSport Infrastructure & Turf Solutions
TRX00000990,PRJ000322,Dr. Medha Vishram Kulkarni (2024-30) (2024-2030),EXPENDITURE,354060.0,2022-12-06,PFMS_E_PAYMENT,ProSport Infrastructure & Turf Solutions
TRX00000991,PRJ000323,Dr. Medha Vishram Kulkarni (2024-30) (2024-2030),SANCTION,2260000.0,2022-10-03,TREASURY_TRANSFER,Thane District Rural Development Agency (DRDA)
TRX00000992,PRJ000323,Dr. Medha Vishram Kulkarni (2024-30) (2024-2030),EXPENDITURE,1243000.0,2022-11-02,PFMS_E_PAYMENT,Speedway Repair & Resurfacing Contractors
TRX00000993,PRJ000323,Dr. Medha Vishram Kulkarni (2024-30) (2024-2030),EXPENDITURE,1017000.0,2023-01-01,PFMS_E_PAYMENT,Speedway Repair & Resurfacing Contractors
TRX00000994,PRJ000324,Sanjay Jaiswal,SANCTION,4990000.0,2023-08-10,TREASURY_TRANSFER,Muzaffarpur District Rural Development Agency (DRDA)
TRX00000995,PRJ000324,Sanjay Jaiswal,EXPENDITURE,1473796.5,2023-09-09,PFMS_E_PAYMENT,Speedway Repair & Resurfacing Contractors
TRX00000996,PRJ000324,Sanjay Jaiswal,EXPENDITURE,1205833.5,2023-11-08,PFMS_E_PAYMENT,Speedway Repair & Resurfacing Contractors
TRX00000997,PRJ000325,Sanjay Jaiswal,SANCTION,1310000.0,2022-09-05,TREASURY_TRANSFER,Patna State Water Supply & Sanitation Board (WSSB)
TRX00000998,PRJ000325,Sanjay Jaiswal,EXPENDITURE,540375.0,2022-10-05,PFMS_E_PAYMENT,TechLine IT & Lab Equipment Solutions Pvt Ltd
TRX00000999,PRJ000325,Sanjay Jaiswal,EXPENDITURE,442125.0,2022-12-04,PFMS_E_PAYMENT,TechLine IT & Lab Equipment Solutions Pvt Ltd
TRX00001000,PRJ000325,Sanjay Jaiswal,EXPENDITURE,540375.0,2022-10-08,PFMS_E_PAYMENT,TechLine IT & Lab Equipment Solutions Pvt Ltd
TRX00001001,PRJ000326,NIMUBEN JAYANTIBHAI BAMBHANIYA,SANCTION,4870000.0,2023-01-05,TREASURY_TRANSFER,Bhavnagar Municipal Corporation Infrastructure Cell
TRX00001002,PRJ000326,NIMUBEN JAYANTIBHAI BAMBHANIYA,EXPENDITURE,1124970.0,2023-02-04,PFMS_E_PAYMENT,TechLine IT & Lab Equipment Solutions Pvt Ltd
TRX00001003,PRJ000326,NIMUBEN JAYANTIBHAI BAMBHANIYA,EXPENDITURE,920430.0,2023-04-05,PFMS_E_PAYMENT,TechLine IT & Lab Equipment Solutions Pvt Ltd
TRX00001004,PRJ000327,NIMUBEN JAYANTIBHAI BAMBHANIYA,SANCTION,4320000.0,2023-04-24,TREASURY_TRANSFER,Ahmedabad Public Works Department (PWD)
TRX00001005,PRJ000327,NIMUBEN JAYANTIBHAI BAMBHANIYA,EXPENDITURE,724680.0,2023-05-24,PFMS_E_PAYMENT,CleanWater Sanitation & Drainage Works Pvt Ltd
TRX00001006,PRJ000327,NIMUBEN JAYANTIBHAI BAMBHANIYA,EXPENDITURE,592920.0,2023-07-23,PFMS_E_PAYMENT,CleanWater Sanitation & Drainage Works Pvt Ltd
TRX00001007,PRJ000328,NIMUBEN JAYANTIBHAI BAMBHANIYA,SANCTION,6900000.0,2022-07-11,TREASURY_TRANSFER,Ahmedabad District Rural Development Agency (DRDA)
TRX00001008,PRJ000328,NIMUBEN JAYANTIBHAI BAMBHANIYA,EXPENDITURE,2352900.0,2022-08-10,PFMS_E_PAYMENT,BridgeTech Structures Pvt Ltd
TRX00001009,PRJ000328,NIMUBEN JAYANTIBHAI BAMBHANIYA,EXPENDITURE,1925100.0,2022-10-09,PFMS_E_PAYMENT,BridgeTech Structures Pvt Ltd
TRX00001010,PRJ000329,Dr. Dharmshila Gupta (2024-30) (2024-2030),SANCTION,6590000.0,2023-03-19,TREASURY_TRANSFER,Patna Municipal Corporation Infrastructure Cell
TRX00001011,PRJ000329,Dr. Dharmshila Gupta (2024-30) (2024-2030),EXPENDITURE,3051829.0,2023-04-18,PFMS_E_PAYMENT,SunPower Renewable Energy Systems
TRX00001012,PRJ000329,Dr. Dharmshila Gupta (2024-30) (2024-2030),EXPENDITURE,2496951.0,2023-06-17,PFMS_E_PAYMENT,SunPower Renewable Energy Systems
TRX00001013,PRJ000330,Dr. Dharmshila Gupta (2024-30) (2024-2030),SANCTION,2240000.0,2022-08-14,TREASURY_TRANSFER,Patna State Water Supply & Sanitation Board (WSSB)
TRX00001014,PRJ000330,Dr. Dharmshila Gupta (2024-30) (2024-2030),EXPENDITURE,969584.0,2022-09-13,PFMS_E_PAYMENT,BridgeTech Structures Pvt Ltd
TRX00001015,PRJ000330,Dr. Dharmshila Gupta (2024-30) (2024-2030),EXPENDITURE,793296.0,2022-11-12,PFMS_E_PAYMENT,BridgeTech Structures Pvt Ltd
TRX00001016,PRJ000331,Dr. Dharmshila Gupta (2024-30) (2024-2030),SANCTION,1090000.0,2022-07-18,TREASURY_TRANSFER,Muzaffarpur District Rural Development Agency (DRDA)
TRX00001017,PRJ000331,Dr. Dharmshila Gupta (2024-30) (2024-2030),EXPENDITURE,899250.0,2022-08-17,PFMS_E_PAYMENT,BridgeTech Structures Pvt Ltd
TRX00001018,PRJ000331,Dr. Dharmshila Gupta (2024-30) (2024-2030),EXPENDITURE,735750.0,2022-10-16,PFMS_E_PAYMENT,BridgeTech Structures Pvt Ltd
TRX00001019,PRJ000332,Dr. Dharmshila Gupta (2024-30) (2024-2030),SANCTION,1970000.0,2022-04-16,TREASURY_TRANSFER,Bhagalpur Public Works Department (PWD)
TRX00001020,PRJ000332,Dr. Dharmshila Gupta (2024-30) (2024-2030),EXPENDITURE,25457.77,2022-05-16,PFMS_E_PAYMENT,SmartTransit Urban Infra Solutions
TRX00001021,PRJ000332,Dr. Dharmshila Gupta (2024-30) (2024-2030),EXPENDITURE,20829.09,2022-07-15,PFMS_E_PAYMENT,SmartTransit Urban Infra Solutions
TRX00001022,PRJ000333,Smt. Sonia Gandhi (2024-30) (2024-2030),SANCTION,3660000.0,2023-04-23,TREASURY_TRANSFER,Bikaner Public Works Department (PWD)
TRX00001023,PRJ000333,Smt. Sonia Gandhi (2024-30) (2024-2030),EXPENDITURE,837408.0,2023-05-23,PFMS_E_PAYMENT,AquaPure Water Systems & Drilling Corp
TRX00001024,PRJ000333,Smt. Sonia Gandhi (2024-30) (2024-2030),EXPENDITURE,685152.0,2023-07-22,PFMS_E_PAYMENT,AquaPure Water Systems & Drilling Corp
TRX00001025,PRJ000334,Smt. Sonia Gandhi (2024-30) (2024-2030),SANCTION,2530000.0,2022-06-18,TREASURY_TRANSFER,Udaipur Municipal Corporation Infrastructure Cell
TRX00001026,PRJ000334,Smt. Sonia Gandhi (2024-30) (2024-2030),EXPENDITURE,1391500.0,2022-07-18,PFMS_E_PAYMENT,BridgeTech Structures Pvt Ltd
TRX00001027,PRJ000334,Smt. Sonia Gandhi (2024-30) (2024-2030),EXPENDITURE,1138500.0,2022-09-16,PFMS_E_PAYMENT,BridgeTech Structures Pvt Ltd
TRX00001028,PRJ000335,Smt. Sonia Gandhi (2024-30) (2024-2030),SANCTION,7060000.0,2022-12-03,TREASURY_TRANSFER,Udaipur District Rural Development Agency (DRDA)
TRX00001029,PRJ000335,Smt. Sonia Gandhi (2024-30) (2024-2030),EXPENDITURE,5824500.0,2023-01-02,PFMS_E_PAYMENT,Apex Infracon & Highway Contractors
TRX00001030,PRJ000335,Smt. Sonia Gandhi (2024-30) (2024-2030),EXPENDITURE,4765500.0,2023-03-03,PFMS_E_PAYMENT,Apex Infracon & Highway Contractors
TRX00001031,PRJ000336,Smt. Sonia Gandhi (2024-30) (2024-2030),SANCTION,3430000.0,2022-08-17,TREASURY_TRANSFER,Udaipur Municipal Corporation Infrastructure Cell
TRX00001032,PRJ000336,Smt. Sonia Gandhi (2024-30) (2024-2030),EXPENDITURE,694232.0,2022-09-16,PFMS_E_PAYMENT,BridgeTech Structures Pvt Ltd
TRX00001033,PRJ000336,Smt. Sonia Gandhi (2024-30) (2024-2030),EXPENDITURE,568008.0,2022-11-15,PFMS_E_PAYMENT,BridgeTech Structures Pvt Ltd
TRX00001034,PRJ000337,Swami Sachchidanandhari Sakshi ji Maharaj,SANCTION,4450000.0,2022-08-20,TREASURY_TRANSFER,Varanasi District Rural Development Agency (DRDA)
TRX00001035,PRJ000337,Swami Sachchidanandhari Sakshi ji Maharaj,EXPENDITURE,3646775.0,2022-09-19,PFMS_E_PAYMENT,Speedway Repair & Resurfacing Contractors
TRX00001036,PRJ000337,Swami Sachchidanandhari Sakshi ji Maharaj,EXPENDITURE,2983725.0,2022-11-18,PFMS_E_PAYMENT,Speedway Repair & Resurfacing Contractors
TRX00001037,PRJ000338,Swami Sachchidanandhari Sakshi ji Maharaj,SANCTION,6080000.0,2022-08-27,TREASURY_TRANSFER,Varanasi District Rural Development Agency (DRDA)
TRX00001038,PRJ000338,Swami Sachchidanandhari Sakshi ji Maharaj,EXPENDITURE,1136960.0,2022-09-26,PFMS_E_PAYMENT,Apex Infracon & Highway Contractors
TRX00001039,PRJ000338,Swami Sachchidanandhari Sakshi ji Maharaj,EXPENDITURE,930240.0,2022-11-25,PFMS_E_PAYMENT,Apex Infracon & Highway Contractors
TRX00001040,PRJ000339,Swami Sachchidanandhari Sakshi ji Maharaj,SANCTION,6860000.0,2023-02-08,TREASURY_TRANSFER,Kanpur Municipal Corporation Infrastructure Cell
TRX00001041,PRJ000339,Swami Sachchidanandhari Sakshi ji Maharaj,EXPENDITURE,1396010.0,2023-03-10,PFMS_E_PAYMENT,Speedway Repair & Resurfacing Contractors
TRX00001042,PRJ000339,Swami Sachchidanandhari Sakshi ji Maharaj,EXPENDITURE,1142190.0,2023-05-09,PFMS_E_PAYMENT,Speedway Repair & Resurfacing Contractors
TRX00001043,PRJ000340,Swami Sachchidanandhari Sakshi ji Maharaj,SANCTION,4350000.0,2024-01-04,TREASURY_TRANSFER,Varanasi District Rural Development Agency (DRDA)
TRX00001044,PRJ000340,Swami Sachchidanandhari Sakshi ji Maharaj,EXPENDITURE,1023990.0,2024-02-03,PFMS_E_PAYMENT,Paramount Multi-Sector Construction Ltd
TRX00001045,PRJ000340,Swami Sachchidanandhari Sakshi ji Maharaj,EXPENDITURE,837810.0,2024-04-03,PFMS_E_PAYMENT,Paramount Multi-Sector Construction Ltd
TRX00001046,PRJ000341,Swami Sachchidanandhari Sakshi ji Maharaj,SANCTION,920000.0,2023-12-13,TREASURY_TRANSFER,Varanasi Public Works Department (PWD)
TRX00001047,PRJ000341,Swami Sachchidanandhari Sakshi ji Maharaj,EXPENDITURE,329912.0,2024-01-12,PFMS_E_PAYMENT,MedTech Healthcare Infrastructure Ltd
TRX00001048,PRJ000341,Swami Sachchidanandhari Sakshi ji Maharaj,EXPENDITURE,269928.0,2024-03-12,PFMS_E_PAYMENT,MedTech Healthcare Infrastructure Ltd
TRX00001049,PRJ000342,Shri Rajneesh Kumar Agrawal (2026-32) (2026-2032),SANCTION,5760000.0,2023-09-20,TREASURY_TRANSFER,Sagar Municipal Corporation Infrastructure Cell
TRX00001050,PRJ000342,Shri Rajneesh Kumar Agrawal (2026-32) (2026-2032),EXPENDITURE,2353824.0,2023-10-20,PFMS_E_PAYMENT,UrbanDrain Civil Engineering Co
TRX00001051,PRJ000342,Shri Rajneesh Kumar Agrawal (2026-32) (2026-2032),EXPENDITURE,1925856.0,2023-12-19,PFMS_E_PAYMENT,UrbanDrain Civil Engineering Co
TRX00001052,PRJ000343,Shri Rajneesh Kumar Agrawal (2026-32) (2026-2032),SANCTION,6080000.0,2022-12-16,TREASURY_TRANSFER,Ujjain District Rural Development Agency (DRDA)
TRX00001053,PRJ000343,Shri Rajneesh Kumar Agrawal (2026-32) (2026-2032),EXPENDITURE,2766622.11,2023-01-15,PFMS_E_PAYMENT,Speedway Repair & Resurfacing Contractors
TRX00001054,PRJ000343,Shri Rajneesh Kumar Agrawal (2026-32) (2026-2032),EXPENDITURE,2263599.9,2023-03-16,PFMS_E_PAYMENT,Speedway Repair & Resurfacing Contractors
TRX00001055,PRJ000344,Shri Rajneesh Kumar Agrawal (2026-32) (2026-2032),SANCTION,7670000.0,2022-05-25,TREASURY_TRANSFER,Sagar Municipal Corporation Infrastructure Cell
TRX00001056,PRJ000344,Shri Rajneesh Kumar Agrawal (2026-32) (2026-2032),EXPENDITURE,57598.02,2022-06-24,PFMS_E_PAYMENT,Speedway Repair & Resurfacing Contractors
TRX00001057,PRJ000344,Shri Rajneesh Kumar Agrawal (2026-32) (2026-2032),EXPENDITURE,47125.66,2022-08-23,PFMS_E_PAYMENT,Speedway Repair & Resurfacing Contractors
TRX00001058,PRJ000345,Shri Rajneesh Kumar Agrawal (2026-32) (2026-2032),SANCTION,6570000.0,2023-07-23,TREASURY_TRANSFER,Ujjain District Rural Development Agency (DRDA)
TRX00001059,PRJ000345,Shri Rajneesh Kumar Agrawal (2026-32) (2026-2032),EXPENDITURE,3142617.5,2023-08-22,PFMS_E_PAYMENT,BridgeTech Structures Pvt Ltd
TRX00001060,PRJ000345,Shri Rajneesh Kumar Agrawal (2026-32) (2026-2032),EXPENDITURE,2571232.5,2023-10-21,PFMS_E_PAYMENT,BridgeTech Structures Pvt Ltd
TRX00001061,PRJ000346,Shri Naresh Bansal (2020-26) (2020-2026),SANCTION,1580000.0,2023-04-22,TREASURY_TRANSFER,Dehradun District Rural Development Agency (DRDA)
TRX00001062,PRJ000346,Shri Naresh Bansal (2020-26) (2020-2026),EXPENDITURE,550946.0,2023-05-22,PFMS_E_PAYMENT,SwachhBharat Sanitation Infra Ltd
TRX00001063,PRJ000346,Shri Naresh Bansal (2020-26) (2020-2026),EXPENDITURE,450774.0,2023-07-21,PFMS_E_PAYMENT,SwachhBharat Sanitation Infra Ltd
TRX00001064,PRJ000347,Shri Naresh Bansal (2020-26) (2020-2026),SANCTION,7390000.0,2023-05-19,TREASURY_TRANSFER,Dehradun Municipal Corporation Infrastructure Cell
TRX00001065,PRJ000347,Shri Naresh Bansal (2020-26) (2020-2026),EXPENDITURE,1495736.0,2023-06-18,PFMS_E_PAYMENT,Apex Infracon & Highway Contractors
TRX00001066,PRJ000347,Shri Naresh Bansal (2020-26) (2020-2026),EXPENDITURE,1223784.0,2023-08-17,PFMS_E_PAYMENT,Apex Infracon & Highway Contractors
TRX00001067,PRJ000348,Shri Anil Firojiya,SANCTION,7710000.0,2022-05-02,TREASURY_TRANSFER,Ujjain District Rural Development Agency (DRDA)
TRX00001068,PRJ000348,Shri Anil Firojiya,EXPENDITURE,6063915.0,2022-06-01,PFMS_E_PAYMENT,Apex Infracon & Highway Contractors
TRX00001069,PRJ000348,Shri Anil Firojiya,EXPENDITURE,4961385.0,2022-07-31,PFMS_E_PAYMENT,Apex Infracon & Highway Contractors
TRX00001070,PRJ000349,Shri Anil Firojiya,SANCTION,6060000.0,2023-11-07,TREASURY_TRANSFER,Sagar Municipal Corporation Infrastructure Cell
TRX00001071,PRJ000349,Shri Anil Firojiya,EXPENDITURE,1499850.0,2023-12-07,PFMS_E_PAYMENT,UrbanDrain Civil Engineering Co
TRX00001072,PRJ000349,Shri Anil Firojiya,EXPENDITURE,1227150.0,2024-02-05,PFMS_E_PAYMENT,UrbanDrain Civil Engineering Co
TRX00001073,PRJ000350,Shri Anil Firojiya,SANCTION,610000.0,2023-11-05,TREASURY_TRANSFER,Ujjain District Rural Development Agency (DRDA)
TRX00001074,PRJ000350,Shri Anil Firojiya,EXPENDITURE,432795.0,2023-12-05,PFMS_E_PAYMENT,SmartTransit Urban Infra Solutions
TRX00001075,PRJ000350,Shri Anil Firojiya,EXPENDITURE,354105.0,2024-02-03,PFMS_E_PAYMENT,SmartTransit Urban Infra Solutions
TRX00001076,PRJ000351,Shri Anil Firojiya,SANCTION,5710000.0,2022-06-09,TREASURY_TRANSFER,Ujjain District Rural Development Agency (DRDA)
TRX00001077,PRJ000351,Shri Anil Firojiya,EXPENDITURE,2682450.45,2022-07-09,PFMS_E_PAYMENT,SunPower Renewable Energy Systems
TRX00001078,PRJ000351,Shri Anil Firojiya,EXPENDITURE,2194732.19,2022-09-07,PFMS_E_PAYMENT,SunPower Renewable Energy Systems
TRX00001079,PRJ000352,Shri Anil Firojiya,SANCTION,6310000.0,2022-07-16,TREASURY_TRANSFER,Sagar Municipal Corporation Infrastructure Cell
TRX00001080,PRJ000352,Shri Anil Firojiya,EXPENDITURE,1561725.0,2022-08-15,PFMS_E_PAYMENT,TechLine IT & Lab Equipment Solutions Pvt Ltd
TRX00001081,PRJ000352,Shri Anil Firojiya,EXPENDITURE,1277775.0,2022-10-14,PFMS_E_PAYMENT,TechLine IT & Lab Equipment Solutions Pvt Ltd
TRX00001082,PRJ000353,JAI PARKASH,SANCTION,2440000.0,2022-12-19,TREASURY_TRANSFER,Faridabad District Rural Development Agency (DRDA)
TRX00001083,PRJ000353,JAI PARKASH,EXPENDITURE,1878800.0,2023-01-18,PFMS_E_PAYMENT,Apex Infracon & Highway Contractors
TRX00001084,PRJ000353,JAI PARKASH,EXPENDITURE,1537200.0,2023-03-19,PFMS_E_PAYMENT,Apex Infracon & Highway Contractors
TRX00001085,PRJ000354,JAI PARKASH,SANCTION,2490000.0,2022-06-30,TREASURY_TRANSFER,Ambala State Water Supply & Sanitation Board (WSSB)
TRX00001086,PRJ000354,JAI PARKASH,EXPENDITURE,942216.0,2022-07-30,PFMS_E_PAYMENT,AquaPure Water Systems & Drilling Corp
TRX00001087,PRJ000354,JAI PARKASH,EXPENDITURE,770904.0,2022-09-28,PFMS_E_PAYMENT,AquaPure Water Systems & Drilling Corp
TRX00001088,PRJ000355,JAI PARKASH,SANCTION,1280000.0,2023-10-28,TREASURY_TRANSFER,Hisar Public Works Department (PWD)
TRX00001089,PRJ000355,JAI PARKASH,EXPENDITURE,366784.0,2023-11-27,PFMS_E_PAYMENT,CleanWater Sanitation & Drainage Works Pvt Ltd
TRX00001090,PRJ000355,JAI PARKASH,EXPENDITURE,300096.0,2024-01-26,PFMS_E_PAYMENT,CleanWater Sanitation & Drainage Works Pvt Ltd
TRX00001091,PRJ000356,JAI PARKASH,SANCTION,1160000.0,2023-05-29,TREASURY_TRANSFER,Faridabad District Rural Development Agency (DRDA)
TRX00001092,PRJ000356,JAI PARKASH,EXPENDITURE,272426.0,2023-06-28,PFMS_E_PAYMENT,Paramount Multi-Sector Construction Ltd
TRX00001093,PRJ000356,JAI PARKASH,EXPENDITURE,222894.0,2023-08-27,PFMS_E_PAYMENT,Paramount Multi-Sector Construction Ltd
TRX00001094,PRJ000357,MUKESHKUMAR CHANDRAKAANT DALAL,SANCTION,7690000.0,2023-12-03,TREASURY_TRANSFER,Ahmedabad Public Works Department (PWD)
TRX00001095,PRJ000357,MUKESHKUMAR CHANDRAKAANT DALAL,EXPENDITURE,4229500.0,2024-01-02,PFMS_E_PAYMENT,TechLine IT & Lab Equipment Solutions Pvt Ltd
TRX00001096,PRJ000357,MUKESHKUMAR CHANDRAKAANT DALAL,EXPENDITURE,3460500.0,2024-03-02,PFMS_E_PAYMENT,TechLine IT & Lab Equipment Solutions Pvt Ltd
TRX00001097,PRJ000358,MUKESHKUMAR CHANDRAKAANT DALAL,SANCTION,4710000.0,2022-09-28,TREASURY_TRANSFER,Bhavnagar Municipal Corporation Infrastructure Cell
TRX00001098,PRJ000358,MUKESHKUMAR CHANDRAKAANT DALAL,EXPENDITURE,1852207.5,2022-10-28,PFMS_E_PAYMENT,SmartTransit Urban Infra Solutions
TRX00001099,PRJ000358,MUKESHKUMAR CHANDRAKAANT DALAL,EXPENDITURE,1515442.5,2022-12-27,PFMS_E_PAYMENT,SmartTransit Urban Infra Solutions
TRX00001100,PRJ000359,MUKESHKUMAR CHANDRAKAANT DALAL,SANCTION,4760000.0,2022-11-28,TREASURY_TRANSFER,Gandhinagar State Water Supply & Sanitation Board (WSSB)
TRX00001101,PRJ000359,MUKESHKUMAR CHANDRAKAANT DALAL,EXPENDITURE,557634.0,2022-12-28,PFMS_E_PAYMENT,CleanWater Sanitation & Drainage Works Pvt Ltd
TRX00001102,PRJ000359,MUKESHKUMAR CHANDRAKAANT DALAL,EXPENDITURE,456246.0,2023-02-26,PFMS_E_PAYMENT,CleanWater Sanitation & Drainage Works Pvt Ltd
TRX00001103,PRJ000360,MUKESHKUMAR CHANDRAKAANT DALAL,SANCTION,4340000.0,2023-09-11,TREASURY_TRANSFER,Ahmedabad District Rural Development Agency (DRDA)
TRX00001104,PRJ000360,MUKESHKUMAR CHANDRAKAANT DALAL,EXPENDITURE,1074150.0,2023-10-11,PFMS_E_PAYMENT,ProSport Infrastructure & Turf Solutions
TRX00001105,PRJ000360,MUKESHKUMAR CHANDRAKAANT DALAL,EXPENDITURE,878850.0,2023-12-10,PFMS_E_PAYMENT,ProSport Infrastructure & Turf Solutions
TRX00001106,PRJ000361,Mahesh Sharma,SANCTION,6840000.0,2022-08-05,TREASURY_TRANSFER,Varanasi District Rural Development Agency (DRDA)
TRX00001107,PRJ000361,Mahesh Sharma,EXPENDITURE,2734974.0,2022-09-04,PFMS_E_PAYMENT,SunPower Renewable Energy Systems
TRX00001108,PRJ000361,Mahesh Sharma,EXPENDITURE,2237706.0,2022-11-03,PFMS_E_PAYMENT,SunPower Renewable Energy Systems
TRX00001109,PRJ000362,Mahesh Sharma,SANCTION,7260000.0,2022-12-22,TREASURY_TRANSFER,Varanasi District Rural Development Agency (DRDA)
TRX00001110,PRJ000362,Mahesh Sharma,EXPENDITURE,3993000.0,2023-01-21,PFMS_E_PAYMENT,AquaPure Water Systems & Drilling Corp
TRX00001111,PRJ000362,Mahesh Sharma,EXPENDITURE,3267000.0,2023-03-22,PFMS_E_PAYMENT,AquaPure Water Systems & Drilling Corp
TRX00001112,PRJ000363,ADV GOWAAL KAGADA PADAVI,SANCTION,4010000.0,2023-08-16,TREASURY_TRANSFER,Thane District Rural Development Agency (DRDA)
TRX00001113,PRJ000363,ADV GOWAAL KAGADA PADAVI,EXPENDITURE,2867150.0,2023-09-15,PFMS_E_PAYMENT,National Civic Infrastructure Developers
TRX00001114,PRJ000363,ADV GOWAAL KAGADA PADAVI,EXPENDITURE,2345850.0,2023-11-14,PFMS_E_PAYMENT,National Civic Infrastructure Developers
TRX00001115,PRJ000364,ADV GOWAAL KAGADA PADAVI,SANCTION,5700000.0,2023-06-23,TREASURY_TRANSFER,Thane District Rural Development Agency (DRDA)
TRX00001116,PRJ000364,ADV GOWAAL KAGADA PADAVI,EXPENDITURE,1539285.0,2023-07-23,PFMS_E_PAYMENT,Paramount Multi-Sector Construction Ltd
TRX00001117,PRJ000364,ADV GOWAAL KAGADA PADAVI,EXPENDITURE,1259415.0,2023-09-21,PFMS_E_PAYMENT,Paramount Multi-Sector Construction Ltd
TRX00001118,PRJ000365,ADV GOWAAL KAGADA PADAVI,SANCTION,1430000.0,2023-07-01,TREASURY_TRANSFER,Thane District Rural Development Agency (DRDA)
TRX00001119,PRJ000365,ADV GOWAAL KAGADA PADAVI,EXPENDITURE,589875.0,2023-07-31,PFMS_E_PAYMENT,CleanWater Sanitation & Drainage Works Pvt Ltd
TRX00001120,PRJ000365,ADV GOWAAL KAGADA PADAVI,EXPENDITURE,482625.0,2023-09-29,PFMS_E_PAYMENT,CleanWater Sanitation & Drainage Works Pvt Ltd
TRX00001121,PRJ000365,ADV GOWAAL KAGADA PADAVI,EXPENDITURE,589875.0,2023-08-02,PFMS_E_PAYMENT,CleanWater Sanitation & Drainage Works Pvt Ltd
TRX00001122,PRJ000366,ADV GOWAAL KAGADA PADAVI,SANCTION,7170000.0,2023-01-05,TREASURY_TRANSFER,Thane District Rural Development Agency (DRDA)
TRX00001123,PRJ000366,ADV GOWAAL KAGADA PADAVI,EXPENDITURE,1147558.5,2023-02-04,PFMS_E_PAYMENT,Speedway Repair & Resurfacing Contractors
TRX00001124,PRJ000366,ADV GOWAAL KAGADA PADAVI,EXPENDITURE,938911.5,2023-04-05,PFMS_E_PAYMENT,Speedway Repair & Resurfacing Contractors
TRX00001125,PRJ000367,ADV GOWAAL KAGADA PADAVI,SANCTION,6700000.0,2023-12-26,TREASURY_TRANSFER,Thane District Rural Development Agency (DRDA)
TRX00001126,PRJ000367,ADV GOWAAL KAGADA PADAVI,EXPENDITURE,2402620.0,2024-01-25,PFMS_E_PAYMENT,UrbanDrain Civil Engineering Co
TRX00001127,PRJ000367,ADV GOWAAL KAGADA PADAVI,EXPENDITURE,1965780.0,2024-03-25,PFMS_E_PAYMENT,UrbanDrain Civil Engineering Co
TRX00001128,PRJ000368,ANGOMCHA BIMOL AKOIJAM,SANCTION,5940000.0,2022-11-30,TREASURY_TRANSFER,Senapati Public Works Department (PWD)
TRX00001129,PRJ000368,ANGOMCHA BIMOL AKOIJAM,EXPENDITURE,790614.0,2022-12-30,PFMS_E_PAYMENT,MedTech Healthcare Infrastructure Ltd
TRX00001130,PRJ000368,ANGOMCHA BIMOL AKOIJAM,EXPENDITURE,646866.0,2023-02-28,PFMS_E_PAYMENT,MedTech Healthcare Infrastructure Ltd
TRX00001131,PRJ000369,ANGOMCHA BIMOL AKOIJAM,SANCTION,3810000.0,2023-05-03,TREASURY_TRANSFER,Churachandpur District Rural Development Agency (DRDA)
TRX00001132,PRJ000369,ANGOMCHA BIMOL AKOIJAM,EXPENDITURE,1832853.8,2023-06-02,PFMS_E_PAYMENT,Apex Infracon & Highway Contractors
TRX00001133,PRJ000369,ANGOMCHA BIMOL AKOIJAM,EXPENDITURE,1499607.66,2023-08-01,PFMS_E_PAYMENT,Apex Infracon & Highway Contractors
TRX00001134,PRJ000370,ANGOMCHA BIMOL AKOIJAM,SANCTION,5050000.0,2022-12-10,TREASURY_TRANSFER,Churachandpur District Rural Development Agency (DRDA)
TRX00001135,PRJ000370,ANGOMCHA BIMOL AKOIJAM,EXPENDITURE,4138475.0,2023-01-09,PFMS_E_PAYMENT,CleanWater Sanitation & Drainage Works Pvt Ltd
TRX00001136,PRJ000370,ANGOMCHA BIMOL AKOIJAM,EXPENDITURE,3386025.0,2023-03-10,PFMS_E_PAYMENT,CleanWater Sanitation & Drainage Works Pvt Ltd
TRX00001137,PRJ000371,ANGOMCHA BIMOL AKOIJAM,SANCTION,4420000.0,2023-03-17,TREASURY_TRANSFER,Senapati Public Works Department (PWD)
TRX00001138,PRJ000371,ANGOMCHA BIMOL AKOIJAM,EXPENDITURE,1310309.0,2023-04-16,PFMS_E_PAYMENT,CleanWater Sanitation & Drainage Works Pvt Ltd
TRX00001139,PRJ000371,ANGOMCHA BIMOL AKOIJAM,EXPENDITURE,1072071.0,2023-06-15,PFMS_E_PAYMENT,CleanWater Sanitation & Drainage Works Pvt Ltd
TRX00001140,PRJ000372,ANGOMCHA BIMOL AKOIJAM,SANCTION,700000.0,2023-02-27,TREASURY_TRANSFER,Senapati Public Works Department (PWD)
TRX00001141,PRJ000372,ANGOMCHA BIMOL AKOIJAM,EXPENDITURE,113575.0,2023-03-29,PFMS_E_PAYMENT,Apex Infracon & Highway Contractors
TRX00001142,PRJ000372,ANGOMCHA BIMOL AKOIJAM,EXPENDITURE,92925.0,2023-05-28,PFMS_E_PAYMENT,Apex Infracon & Highway Contractors
TRX00001143,PRJ000373,DR. LATA WANKHEDE,SANCTION,7060000.0,2023-07-30,TREASURY_TRANSFER,Ujjain District Rural Development Agency (DRDA)
TRX00001144,PRJ000373,DR. LATA WANKHEDE,EXPENDITURE,1203730.0,2023-08-29,PFMS_E_PAYMENT,AquaPure Water Systems & Drilling Corp
TRX00001145,PRJ000373,DR. LATA WANKHEDE,EXPENDITURE,984870.0,2023-10-28,PFMS_E_PAYMENT,AquaPure Water Systems & Drilling Corp
TRX00001146,PRJ000374,DR. LATA WANKHEDE,SANCTION,1450000.0,2023-06-25,TREASURY_TRANSFER,Gwalior Public Works Department (PWD)
TRX00001147,PRJ000374,DR. LATA WANKHEDE,EXPENDITURE,358875.0,2023-07-25,PFMS_E_PAYMENT,Apex Infracon & Highway Contractors
TRX00001148,PRJ000374,DR. LATA WANKHEDE,EXPENDITURE,293625.0,2023-09-23,PFMS_E_PAYMENT,Apex Infracon & Highway Contractors
TRX00001149,PRJ000375,DR. LATA WANKHEDE,SANCTION,6450000.0,2022-05-12,TREASURY_TRANSFER,Gwalior State Water Supply & Sanitation Board (WSSB)
TRX00001150,PRJ000375,DR. LATA WANKHEDE,EXPENDITURE,203265.51,2022-06-11,PFMS_E_PAYMENT,UrbanDrain Civil Engineering Co
TRX00001151,PRJ000375,DR. LATA WANKHEDE,EXPENDITURE,166308.14,2022-08-10,PFMS_E_PAYMENT,UrbanDrain Civil Engineering Co
TRX00001152,PRJ000376,Shri Bhashyam Rama Krishna (2026-32) (2026-2032),SANCTION,3480000.0,2023-09-17,TREASURY_TRANSFER,Guntur Municipal Corporation Infrastructure Cell
TRX00001153,PRJ000376,Shri Bhashyam Rama Krishna (2026-32) (2026-2032),EXPENDITURE,1914000.0,2023-10-17,PFMS_E_PAYMENT,AquaPure Water Systems & Drilling Corp
TRX00001154,PRJ000376,Shri Bhashyam Rama Krishna (2026-32) (2026-2032),EXPENDITURE,1566000.0,2023-12-16,PFMS_E_PAYMENT,AquaPure Water Systems & Drilling Corp
TRX00001155,PRJ000377,Shri Bhashyam Rama Krishna (2026-32) (2026-2032),SANCTION,1420000.0,2023-06-01,TREASURY_TRANSFER,Guntur Municipal Corporation Infrastructure Cell
TRX00001156,PRJ000377,Shri Bhashyam Rama Krishna (2026-32) (2026-2032),EXPENDITURE,387376.0,2023-07-01,PFMS_E_PAYMENT,CleanWater Sanitation & Drainage Works Pvt Ltd
TRX00001157,PRJ000377,Shri Bhashyam Rama Krishna (2026-32) (2026-2032),EXPENDITURE,316944.0,2023-08-30,PFMS_E_PAYMENT,CleanWater Sanitation & Drainage Works Pvt Ltd
TRX00001158,PRJ000378,Shri Shantanu Thakur,SANCTION,5620000.0,2023-01-04,TREASURY_TRANSFER,Kolkata District Rural Development Agency (DRDA)
TRX00001159,PRJ000378,Shri Shantanu Thakur,EXPENDITURE,3647380.0,2023-02-03,PFMS_E_PAYMENT,SunPower Renewable Energy Systems
TRX00001160,PRJ000378,Shri Shantanu Thakur,EXPENDITURE,2984220.0,2023-04-04,PFMS_E_PAYMENT,SunPower Renewable Energy Systems
TRX00001161,PRJ000379,Shri Shantanu Thakur,SANCTION,1400000.0,2022-12-14,TREASURY_TRANSFER,Siliguri State Water Supply & Sanitation Board (WSSB)
TRX00001162,PRJ000379,Shri Shantanu Thakur,EXPENDITURE,346500.0,2023-01-13,PFMS_E_PAYMENT,Apex Infracon & Highway Contractors
TRX00001163,PRJ000379,Shri Shantanu Thakur,EXPENDITURE,283500.0,2023-03-14,PFMS_E_PAYMENT,Apex Infracon & Highway Contractors
TRX00001164,PRJ000380,Shri Shantanu Thakur,SANCTION,7890000.0,2022-12-09,TREASURY_TRANSFER,Siliguri State Water Supply & Sanitation Board (WSSB)
TRX00001165,PRJ000380,Shri Shantanu Thakur,EXPENDITURE,4339500.0,2023-01-08,PFMS_E_PAYMENT,ProSport Infrastructure & Turf Solutions
TRX00001166,PRJ000380,Shri Shantanu Thakur,EXPENDITURE,3550500.0,2023-03-09,PFMS_E_PAYMENT,ProSport Infrastructure & Turf Solutions
TRX00001167,PRJ000381,Shri Praveen Chakravarthy (2026-28) (2026-2028),SANCTION,7140000.0,2022-06-02,TREASURY_TRANSFER,Madurai District Rural Development Agency (DRDA)
TRX00001168,PRJ000381,Shri Praveen Chakravarthy (2026-28) (2026-2028),EXPENDITURE,5340720.0,2022-07-02,PFMS_E_PAYMENT,MedTech Healthcare Infrastructure Ltd
TRX00001169,PRJ000381,Shri Praveen Chakravarthy (2026-28) (2026-2028),EXPENDITURE,4369680.0,2022-08-31,PFMS_E_PAYMENT,MedTech Healthcare Infrastructure Ltd
TRX00001170,PRJ000382,Shri Praveen Chakravarthy (2026-28) (2026-2028),SANCTION,6370000.0,2023-02-09,TREASURY_TRANSFER,Madurai District Rural Development Agency (DRDA)
TRX00001171,PRJ000382,Shri Praveen Chakravarthy (2026-28) (2026-2028),EXPENDITURE,2536534.0,2023-03-11,PFMS_E_PAYMENT,ProSport Infrastructure & Turf Solutions
TRX00001172,PRJ000382,Shri Praveen Chakravarthy (2026-28) (2026-2028),EXPENDITURE,2075346.0,2023-05-10,PFMS_E_PAYMENT,ProSport Infrastructure & Turf Solutions
TRX00001173,PRJ000383,Shri Praveen Chakravarthy (2026-28) (2026-2028),SANCTION,7290000.0,2022-09-08,TREASURY_TRANSFER,Madurai District Rural Development Agency (DRDA)
TRX00001174,PRJ000383,Shri Praveen Chakravarthy (2026-28) (2026-2028),EXPENDITURE,5452920.0,2022-10-08,PFMS_E_PAYMENT,AquaPure Water Systems & Drilling Corp
TRX00001175,PRJ000383,Shri Praveen Chakravarthy (2026-28) (2026-2028),EXPENDITURE,4461480.0,2022-12-07,PFMS_E_PAYMENT,AquaPure Water Systems & Drilling Corp
TRX00001176,PRJ000384,Shri Praveen Chakravarthy (2026-28) (2026-2028),SANCTION,5700000.0,2022-10-29,TREASURY_TRANSFER,Chennai State Water Supply & Sanitation Board (WSSB)
TRX00001177,PRJ000384,Shri Praveen Chakravarthy (2026-28) (2026-2028),EXPENDITURE,2354385.0,2022-11-28,PFMS_E_PAYMENT,Speedway Repair & Resurfacing Contractors
TRX00001178,PRJ000384,Shri Praveen Chakravarthy (2026-28) (2026-2028),EXPENDITURE,1926315.0,2023-01-27,PFMS_E_PAYMENT,Speedway Repair & Resurfacing Contractors
TRX00001179,PRJ000385,SUDHAKAR SINGH,SANCTION,3610000.0,2023-02-03,TREASURY_TRANSFER,Muzaffarpur District Rural Development Agency (DRDA)
TRX00001180,PRJ000385,SUDHAKAR SINGH,EXPENDITURE,1734699.55,2023-03-05,PFMS_E_PAYMENT,SunPower Renewable Energy Systems
TRX00001181,PRJ000385,SUDHAKAR SINGH,EXPENDITURE,1419299.64,2023-05-04,PFMS_E_PAYMENT,SunPower Renewable Energy Systems
TRX00001182,PRJ000386,SUDHAKAR SINGH,SANCTION,2140000.0,2023-03-22,TREASURY_TRANSFER,Muzaffarpur District Rural Development Agency (DRDA)
TRX00001183,PRJ000386,SUDHAKAR SINGH,EXPENDITURE,559075.0,2023-04-21,PFMS_E_PAYMENT,CleanWater Sanitation & Drainage Works Pvt Ltd
TRX00001184,PRJ000386,SUDHAKAR SINGH,EXPENDITURE,457425.0,2023-06-20,PFMS_E_PAYMENT,CleanWater Sanitation & Drainage Works Pvt Ltd
TRX00001185,PRJ000387,SUDHAKAR SINGH,SANCTION,5730000.0,2022-10-06,TREASURY_TRANSFER,Muzaffarpur District Rural Development Agency (DRDA)
TRX00001186,PRJ000387,SUDHAKAR SINGH,EXPENDITURE,3151500.0,2022-11-05,PFMS_E_PAYMENT,TechLine IT & Lab Equipment Solutions Pvt Ltd
TRX00001187,PRJ000387,SUDHAKAR SINGH,EXPENDITURE,2578500.0,2023-01-04,PFMS_E_PAYMENT,TechLine IT & Lab Equipment Solutions Pvt Ltd
TRX00001188,PRJ000388,SUDHAKAR SINGH,SANCTION,4140000.0,2022-11-27,TREASURY_TRANSFER,Muzaffarpur District Rural Development Agency (DRDA)
TRX00001189,PRJ000388,SUDHAKAR SINGH,EXPENDITURE,1343430.0,2022-12-27,PFMS_E_PAYMENT,Apex Infracon & Highway Contractors
TRX00001190,PRJ000388,SUDHAKAR SINGH,EXPENDITURE,1099170.0,2023-02-25,PFMS_E_PAYMENT,Apex Infracon & Highway Contractors
TRX00001191,PRJ000389,RAJESH RANJAN ALIAS PAPPU YADAV,SANCTION,6740000.0,2023-01-02,TREASURY_TRANSFER,Patna State Water Supply & Sanitation Board (WSSB)
TRX00001192,PRJ000389,RAJESH RANJAN ALIAS PAPPU YADAV,EXPENDITURE,1134342.0,2023-02-01,PFMS_E_PAYMENT,ProSport Infrastructure & Turf Solutions
TRX00001193,PRJ000389,RAJESH RANJAN ALIAS PAPPU YADAV,EXPENDITURE,928098.0,2023-04-02,PFMS_E_PAYMENT,ProSport Infrastructure & Turf Solutions
TRX00001194,PRJ000390,RAJESH RANJAN ALIAS PAPPU YADAV,SANCTION,1240000.0,2023-12-17,TREASURY_TRANSFER,Muzaffarpur District Rural Development Agency (DRDA)
TRX00001195,PRJ000390,RAJESH RANJAN ALIAS PAPPU YADAV,EXPENDITURE,585834.67,2024-01-16,PFMS_E_PAYMENT,TechLine IT & Lab Equipment Solutions Pvt Ltd
TRX00001196,PRJ000390,RAJESH RANJAN ALIAS PAPPU YADAV,EXPENDITURE,479319.28,2024-03-16,PFMS_E_PAYMENT,TechLine IT & Lab Equipment Solutions Pvt Ltd
TRX00001197,PRJ000391,RAJESH RANJAN ALIAS PAPPU YADAV,SANCTION,5210000.0,2022-06-10,TREASURY_TRANSFER,Bhagalpur Public Works Department (PWD)
TRX00001198,PRJ000391,RAJESH RANJAN ALIAS PAPPU YADAV,EXPENDITURE,48110.55,2022-07-10,PFMS_E_PAYMENT,AquaPure Water Systems & Drilling Corp
TRX00001199,PRJ000391,RAJESH RANJAN ALIAS PAPPU YADAV,EXPENDITURE,39363.18,2022-09-08,PFMS_E_PAYMENT,AquaPure Water Systems & Drilling Corp
TRX00001200,PRJ000392,RAJESH RANJAN ALIAS PAPPU YADAV,SANCTION,5850000.0,2022-11-29,TREASURY_TRANSFER,Muzaffarpur District Rural Development Agency (DRDA)
TRX00001201,PRJ000392,RAJESH RANJAN ALIAS PAPPU YADAV,EXPENDITURE,2709135.0,2022-12-29,PFMS_E_PAYMENT,SmartTransit Urban Infra Solutions
TRX00001202,PRJ000392,RAJESH RANJAN ALIAS PAPPU YADAV,EXPENDITURE,2216565.0,2023-02-27,PFMS_E_PAYMENT,SmartTransit Urban Infra Solutions
TRX00001203,PRJ000393,RAJESH RANJAN ALIAS PAPPU YADAV,SANCTION,3770000.0,2023-05-12,TREASURY_TRANSFER,Patna State Water Supply & Sanitation Board (WSSB)
TRX00001204,PRJ000393,RAJESH RANJAN ALIAS PAPPU YADAV,EXPENDITURE,1559272.0,2023-06-11,PFMS_E_PAYMENT,BridgeTech Structures Pvt Ltd
TRX00001205,PRJ000393,RAJESH RANJAN ALIAS PAPPU YADAV,EXPENDITURE,1275768.0,2023-08-10,PFMS_E_PAYMENT,BridgeTech Structures Pvt Ltd
TRX00001206,PRJ000394,JAGADISH SHETTAR,SANCTION,3010000.0,2023-08-05,TREASURY_TRANSFER,Bengaluru Municipal Corporation Infrastructure Cell
TRX00001207,PRJ000394,JAGADISH SHETTAR,EXPENDITURE,579425.0,2023-09-04,PFMS_E_PAYMENT,Speedway Repair & Resurfacing Contractors
TRX00001208,PRJ000394,JAGADISH SHETTAR,EXPENDITURE,474075.0,2023-11-03,PFMS_E_PAYMENT,Speedway Repair & Resurfacing Contractors
TRX00001209,PRJ000395,JAGADISH SHETTAR,SANCTION,2950000.0,2023-11-28,TREASURY_TRANSFER,Mysuru District Rural Development Agency (DRDA)
TRX00001210,PRJ000395,JAGADISH SHETTAR,EXPENDITURE,1622500.0,2023-12-28,PFMS_E_PAYMENT,UrbanDrain Civil Engineering Co
TRX00001211,PRJ000395,JAGADISH SHETTAR,EXPENDITURE,1327500.0,2024-02-26,PFMS_E_PAYMENT,UrbanDrain Civil Engineering Co
TRX00001212,PRJ000396,LUMBARAM,SANCTION,3740000.0,2022-06-02,TREASURY_TRANSFER,Bikaner Public Works Department (PWD)
TRX00001213,PRJ000396,LUMBARAM,EXPENDITURE,925650.0,2022-07-02,PFMS_E_PAYMENT,UrbanDrain Civil Engineering Co
TRX00001214,PRJ000396,LUMBARAM,EXPENDITURE,757350.0,2022-08-31,PFMS_E_PAYMENT,UrbanDrain Civil Engineering Co
TRX00001215,PRJ000397,LUMBARAM,SANCTION,6820000.0,2022-12-21,TREASURY_TRANSFER,Udaipur District Rural Development Agency (DRDA)
TRX00001216,PRJ000397,LUMBARAM,EXPENDITURE,1095292.0,2023-01-20,PFMS_E_PAYMENT,Paramount Multi-Sector Construction Ltd
TRX00001217,PRJ000397,LUMBARAM,EXPENDITURE,896148.0,2023-03-21,PFMS_E_PAYMENT,Paramount Multi-Sector Construction Ltd
TRX00001218,PRJ000398,Smt Veena Devi,SANCTION,5740000.0,2023-05-26,TREASURY_TRANSFER,Patna State Water Supply & Sanitation Board (WSSB)
TRX00001219,PRJ000398,Smt Veena Devi,EXPENDITURE,2367750.0,2023-06-25,PFMS_E_PAYMENT,SunPower Renewable Energy Systems
TRX00001220,PRJ000398,Smt Veena Devi,EXPENDITURE,1937250.0,2023-08-24,PFMS_E_PAYMENT,SunPower Renewable Energy Systems
TRX00001221,PRJ000398,Smt Veena Devi,EXPENDITURE,2367750.0,2023-06-30,PFMS_E_PAYMENT,SunPower Renewable Energy Systems
TRX00001222,PRJ000399,Smt Veena Devi,SANCTION,7690000.0,2022-08-29,TREASURY_TRANSFER,Muzaffarpur District Rural Development Agency (DRDA)
TRX00001223,PRJ000399,Smt Veena Devi,EXPENDITURE,1801767.0,2022-09-28,PFMS_E_PAYMENT,Paramount Multi-Sector Construction Ltd
TRX00001224,PRJ000399,Smt Veena Devi,EXPENDITURE,1474173.0,2022-11-27,PFMS_E_PAYMENT,Paramount Multi-Sector Construction Ltd
TRX00001225,PRJ000400,Smt Veena Devi,SANCTION,7450000.0,2023-12-02,TREASURY_TRANSFER,Muzaffarpur District Rural Development Agency (DRDA)
TRX00001226,PRJ000400,Smt Veena Devi,EXPENDITURE,3461492.89,2024-01-01,PFMS_E_PAYMENT,ProSport Infrastructure & Turf Solutions
TRX00001227,PRJ000400,Smt Veena Devi,EXPENDITURE,2832130.54,2024-03-01,PFMS_E_PAYMENT,ProSport Infrastructure & Turf Solutions
TRX00001228,PRJ000401,Shrirang Appa Barne,SANCTION,2030000.0,2022-07-18,TREASURY_TRANSFER,Thane District Rural Development Agency (DRDA)
TRX00001229,PRJ000401,Shrirang Appa Barne,EXPENDITURE,502425.0,2022-08-17,PFMS_E_PAYMENT,CleanWater Sanitation & Drainage Works Pvt Ltd
TRX00001230,PRJ000401,Shrirang Appa Barne,EXPENDITURE,411075.0,2022-10-16,PFMS_E_PAYMENT,CleanWater Sanitation & Drainage Works Pvt Ltd
TRX00001231,PRJ000402,Shrirang Appa Barne,SANCTION,5030000.0,2022-11-26,TREASURY_TRANSFER,Mumbai Municipal Corporation Infrastructure Cell
TRX00001232,PRJ000402,Shrirang Appa Barne,EXPENDITURE,1424747.5,2022-12-26,PFMS_E_PAYMENT,Apex Infracon & Highway Contractors
TRX00001233,PRJ000402,Shrirang Appa Barne,EXPENDITURE,1165702.5,2023-02-24,PFMS_E_PAYMENT,Apex Infracon & Highway Contractors
TRX00001234,PRJ000403,Shrirang Appa Barne,SANCTION,3680000.0,2022-12-28,TREASURY_TRANSFER,Aurangabad State Water Supply & Sanitation Board (WSSB)
TRX00001235,PRJ000403,Shrirang Appa Barne,EXPENDITURE,2024000.0,2023-01-27,PFMS_E_PAYMENT,Speedway Repair & Resurfacing Contractors
TRX00001236,PRJ000403,Shrirang Appa Barne,EXPENDITURE,1656000.0,2023-03-28,PFMS_E_PAYMENT,Speedway Repair & Resurfacing Contractors
TRX00001237,PRJ000404,Shrirang Appa Barne,SANCTION,2700000.0,2023-08-29,TREASURY_TRANSFER,Thane District Rural Development Agency (DRDA)
TRX00001238,PRJ000404,Shrirang Appa Barne,EXPENDITURE,378675.0,2023-09-28,PFMS_E_PAYMENT,Paramount Multi-Sector Construction Ltd
TRX00001239,PRJ000404,Shrirang Appa Barne,EXPENDITURE,309825.0,2023-11-27,PFMS_E_PAYMENT,Paramount Multi-Sector Construction Ltd
TRX00001240,PRJ000405,Shrirang Appa Barne,SANCTION,1780000.0,2022-10-25,TREASURY_TRANSFER,Thane District Rural Development Agency (DRDA)
TRX00001241,PRJ000405,Shrirang Appa Barne,EXPENDITURE,426844.0,2022-11-24,PFMS_E_PAYMENT,SmartTransit Urban Infra Solutions
TRX00001242,PRJ000405,Shrirang Appa Barne,EXPENDITURE,349236.0,2023-01-23,PFMS_E_PAYMENT,SmartTransit Urban Infra Solutions
TRX00001243,PRJ000406,Thirumaa Valavan Thol,SANCTION,5080000.0,2022-09-11,TREASURY_TRANSFER,Madurai District Rural Development Agency (DRDA)
TRX00001244,PRJ000406,Thirumaa Valavan Thol,EXPENDITURE,4218940.0,2022-10-11,PFMS_E_PAYMENT,MedTech Healthcare Infrastructure Ltd
TRX00001245,PRJ000406,Thirumaa Valavan Thol,EXPENDITURE,3451860.0,2022-12-10,PFMS_E_PAYMENT,MedTech Healthcare Infrastructure Ltd
TRX00001246,PRJ000407,Thirumaa Valavan Thol,SANCTION,4860000.0,2023-09-19,TREASURY_TRANSFER,Tiruchirappalli Municipal Corporation Infrastructure Cell
TRX00001247,PRJ000407,Thirumaa Valavan Thol,EXPENDITURE,2181168.0,2023-10-19,PFMS_E_PAYMENT,Apex Infracon & Highway Contractors
TRX00001248,PRJ000407,Thirumaa Valavan Thol,EXPENDITURE,1784592.0,2023-12-18,PFMS_E_PAYMENT,Apex Infracon & Highway Contractors
TRX00001249,PRJ000408,Thirumaa Valavan Thol,SANCTION,3600000.0,2022-05-18,TREASURY_TRANSFER,Chennai State Water Supply & Sanitation Board (WSSB)
TRX00001250,PRJ000408,Thirumaa Valavan Thol,EXPENDITURE,821700.0,2022-06-17,PFMS_E_PAYMENT,UrbanDrain Civil Engineering Co
TRX00001251,PRJ000408,Thirumaa Valavan Thol,EXPENDITURE,672300.0,2022-08-16,PFMS_E_PAYMENT,UrbanDrain Civil Engineering Co
TRX00001252,PRJ000409,SURENDRA PRASAD YADAV,SANCTION,4990000.0,2023-10-06,TREASURY_TRANSFER,Bhagalpur Public Works Department (PWD)
TRX00001253,PRJ000409,SURENDRA PRASAD YADAV,EXPENDITURE,2126987.5,2023-11-05,PFMS_E_PAYMENT,National Civic Infrastructure Developers
TRX00001254,PRJ000409,SURENDRA PRASAD YADAV,EXPENDITURE,1740262.5,2024-01-04,PFMS_E_PAYMENT,National Civic Infrastructure Developers
TRX00001255,PRJ000410,SURENDRA PRASAD YADAV,SANCTION,4680000.0,2023-01-18,TREASURY_TRANSFER,Bhagalpur Public Works Department (PWD)
TRX00001256,PRJ000410,SURENDRA PRASAD YADAV,EXPENDITURE,1655082.0,2023-02-17,PFMS_E_PAYMENT,SwachhBharat Sanitation Infra Ltd
TRX00001257,PRJ000410,SURENDRA PRASAD YADAV,EXPENDITURE,1354158.0,2023-04-18,PFMS_E_PAYMENT,SwachhBharat Sanitation Infra Ltd
TRX00001258,PRJ000411,Shri Arjun Ram Meghwal,SANCTION,7310000.0,2023-11-20,TREASURY_TRANSFER,Bikaner Public Works Department (PWD)
TRX00001259,PRJ000411,Shri Arjun Ram Meghwal,EXPENDITURE,2018291.0,2023-12-20,PFMS_E_PAYMENT,Speedway Repair & Resurfacing Contractors
TRX00001260,PRJ000411,Shri Arjun Ram Meghwal,EXPENDITURE,1651329.0,2024-02-18,PFMS_E_PAYMENT,Speedway Repair & Resurfacing Contractors
TRX00001261,PRJ000412,Shri Arjun Ram Meghwal,SANCTION,3120000.0,2023-02-28,TREASURY_TRANSFER,Udaipur Municipal Corporation Infrastructure Cell
TRX00001262,PRJ000412,Shri Arjun Ram Meghwal,EXPENDITURE,1063920.0,2023-03-30,PFMS_E_PAYMENT,SmartTransit Urban Infra Solutions
TRX00001263,PRJ000412,Shri Arjun Ram Meghwal,EXPENDITURE,870480.0,2023-05-29,PFMS_E_PAYMENT,SmartTransit Urban Infra Solutions
TRX00001264,PRJ000413,Shri Arjun Ram Meghwal,SANCTION,2070000.0,2022-09-06,TREASURY_TRANSFER,Udaipur District Rural Development Agency (DRDA)
TRX00001265,PRJ000413,Shri Arjun Ram Meghwal,EXPENDITURE,1003196.94,2022-10-06,PFMS_E_PAYMENT,BridgeTech Structures Pvt Ltd
TRX00001266,PRJ000413,Shri Arjun Ram Meghwal,EXPENDITURE,820797.49,2022-12-05,PFMS_E_PAYMENT,BridgeTech Structures Pvt Ltd
TRX00001267,PRJ000414,Shri Arjun Ram Meghwal,SANCTION,6170000.0,2023-01-16,TREASURY_TRANSFER,Udaipur District Rural Development Agency (DRDA)
TRX00001268,PRJ000414,Shri Arjun Ram Meghwal,EXPENDITURE,1693356.5,2023-02-15,PFMS_E_PAYMENT,UrbanDrain Civil Engineering Co
TRX00001269,PRJ000414,Shri Arjun Ram Meghwal,EXPENDITURE,1385473.5,2023-04-16,PFMS_E_PAYMENT,UrbanDrain Civil Engineering Co
TRX00001270,PRJ000415,Dr. M. Dhanapal (2025-31) (2025-2031),SANCTION,4980000.0,2022-08-24,TREASURY_TRANSFER,Chennai State Water Supply & Sanitation Board (WSSB)
TRX00001271,PRJ000415,Dr. M. Dhanapal (2025-31) (2025-2031),EXPENDITURE,1232550.0,2022-09-23,PFMS_E_PAYMENT,MedTech Healthcare Infrastructure Ltd
TRX00001272,PRJ000415,Dr. M. Dhanapal (2025-31) (2025-2031),EXPENDITURE,1008450.0,2022-11-22,PFMS_E_PAYMENT,MedTech Healthcare Infrastructure Ltd
TRX00001273,PRJ000416,Dr. M. Dhanapal (2025-31) (2025-2031),SANCTION,5030000.0,2022-05-25,TREASURY_TRANSFER,Tiruchirappalli Municipal Corporation Infrastructure Cell
TRX00001274,PRJ000416,Dr. M. Dhanapal (2025-31) (2025-2031),EXPENDITURE,134653.25,2022-06-24,PFMS_E_PAYMENT,AquaPure Water Systems & Drilling Corp
TRX00001275,PRJ000416,Dr. M. Dhanapal (2025-31) (2025-2031),EXPENDITURE,110170.84,2022-08-23,PFMS_E_PAYMENT,AquaPure Water Systems & Drilling Corp
TRX00001276,PRJ000417,Dr. M. Dhanapal (2025-31) (2025-2031),SANCTION,7700000.0,2023-04-16,TREASURY_TRANSFER,Madurai District Rural Development Agency (DRDA)
TRX00001277,PRJ000417,Dr. M. Dhanapal (2025-31) (2025-2031),EXPENDITURE,3423146.08,2023-05-16,PFMS_E_PAYMENT,Apex Infracon & Highway Contractors
TRX00001278,PRJ000417,Dr. M. Dhanapal (2025-31) (2025-2031),EXPENDITURE,2800755.89,2023-07-15,PFMS_E_PAYMENT,Apex Infracon & Highway Contractors
TRX00001279,PRJ000418,Dr. M. Dhanapal (2025-31) (2025-2031),SANCTION,2240000.0,2022-08-16,TREASURY_TRANSFER,Chennai State Water Supply & Sanitation Board (WSSB)
TRX00001280,PRJ000418,Dr. M. Dhanapal (2025-31) (2025-2031),EXPENDITURE,299376.0,2022-09-15,PFMS_E_PAYMENT,MedTech Healthcare Infrastructure Ltd
TRX00001281,PRJ000418,Dr. M. Dhanapal (2025-31) (2025-2031),EXPENDITURE,244944.0,2022-11-14,PFMS_E_PAYMENT,MedTech Healthcare Infrastructure Ltd
TRX00001282,PRJ000419,ANIL BALUNI,SANCTION,3120000.0,2023-07-24,TREASURY_TRANSFER,Dehradun District Rural Development Agency (DRDA)
TRX00001283,PRJ000419,ANIL BALUNI,EXPENDITURE,600600.0,2023-08-23,PFMS_E_PAYMENT,UrbanDrain Civil Engineering Co
TRX00001284,PRJ000419,ANIL BALUNI,EXPENDITURE,491400.0,2023-10-22,PFMS_E_PAYMENT,UrbanDrain Civil Engineering Co
TRX00001285,PRJ000420,ANIL BALUNI,SANCTION,4850000.0,2022-07-03,TREASURY_TRANSFER,Dehradun District Rural Development Agency (DRDA)
TRX00001286,PRJ000420,ANIL BALUNI,EXPENDITURE,1139022.5,2022-08-02,PFMS_E_PAYMENT,SwachhBharat Sanitation Infra Ltd
TRX00001287,PRJ000420,ANIL BALUNI,EXPENDITURE,931927.5,2022-10-01,PFMS_E_PAYMENT,SwachhBharat Sanitation Infra Ltd
TRX00001288,PRJ000421,MOHITE PATIL DHAIRYASHEEL RAJSINH,SANCTION,3610000.0,2022-09-18,TREASURY_TRANSFER,Mumbai Municipal Corporation Infrastructure Cell
TRX00001289,PRJ000421,MOHITE PATIL DHAIRYASHEEL RAJSINH,EXPENDITURE,873620.0,2022-10-18,PFMS_E_PAYMENT,TechLine IT & Lab Equipment Solutions Pvt Ltd
TRX00001290,PRJ000421,MOHITE PATIL DHAIRYASHEEL RAJSINH,EXPENDITURE,714780.0,2022-12-17,PFMS_E_PAYMENT,TechLine IT & Lab Equipment Solutions Pvt Ltd
TRX00001291,PRJ000422,MOHITE PATIL DHAIRYASHEEL RAJSINH,SANCTION,3190000.0,2022-12-01,TREASURY_TRANSFER,Aurangabad State Water Supply & Sanitation Board (WSSB)
TRX00001292,PRJ000422,MOHITE PATIL DHAIRYASHEEL RAJSINH,EXPENDITURE,1754500.0,2022-12-31,PFMS_E_PAYMENT,ProSport Infrastructure & Turf Solutions
TRX00001293,PRJ000422,MOHITE PATIL DHAIRYASHEEL RAJSINH,EXPENDITURE,1435500.0,2023-03-01,PFMS_E_PAYMENT,ProSport Infrastructure & Turf Solutions
TRX00001294,PRJ000423,PARSHOTTAMBHAI RUPALA,SANCTION,1150000.0,2022-06-05,TREASURY_TRANSFER,Ahmedabad District Rural Development Agency (DRDA)
TRX00001295,PRJ000423,PARSHOTTAMBHAI RUPALA,EXPENDITURE,29571.34,2022-07-05,PFMS_E_PAYMENT,TechLine IT & Lab Equipment Solutions Pvt Ltd
TRX00001296,PRJ000423,PARSHOTTAMBHAI RUPALA,EXPENDITURE,24194.74,2022-09-03,PFMS_E_PAYMENT,TechLine IT & Lab Equipment Solutions Pvt Ltd
TRX00001297,PRJ000424,PARSHOTTAMBHAI RUPALA,SANCTION,1790000.0,2023-04-13,TREASURY_TRANSFER,Ahmedabad District Rural Development Agency (DRDA)
TRX00001298,PRJ000424,PARSHOTTAMBHAI RUPALA,EXPENDITURE,856780.58,2023-05-13,PFMS_E_PAYMENT,TechLine IT & Lab Equipment Solutions Pvt Ltd
TRX00001299,PRJ000424,PARSHOTTAMBHAI RUPALA,EXPENDITURE,701002.29,2023-07-12,PFMS_E_PAYMENT,TechLine IT & Lab Equipment Solutions Pvt Ltd
TRX00001300,PRJ000425,Shri Sant Balbir Singh (2022-28) (2022-2028),SANCTION,3730000.0,2023-09-08,TREASURY_TRANSFER,Amritsar District Rural Development Agency (DRDA)
TRX00001301,PRJ000425,Shri Sant Balbir Singh (2022-28) (2022-2028),EXPENDITURE,1347835.5,2023-10-08,PFMS_E_PAYMENT,BridgeTech Structures Pvt Ltd
TRX00001302,PRJ000425,Shri Sant Balbir Singh (2022-28) (2022-2028),EXPENDITURE,1102774.5,2023-12-07,PFMS_E_PAYMENT,BridgeTech Structures Pvt Ltd
TRX00001303,PRJ000426,Shri Sant Balbir Singh (2022-28) (2022-2028),SANCTION,3130000.0,2022-07-28,TREASURY_TRANSFER,Patiala Municipal Corporation Infrastructure Cell
TRX00001304,PRJ000426,Shri Sant Balbir Singh (2022-28) (2022-2028),EXPENDITURE,1291125.0,2022-08-27,PFMS_E_PAYMENT,SunPower Renewable Energy Systems
TRX00001305,PRJ000426,Shri Sant Balbir Singh (2022-28) (2022-2028),EXPENDITURE,1056375.0,2022-10-26,PFMS_E_PAYMENT,SunPower Renewable Energy Systems
TRX00001306,PRJ000426,Shri Sant Balbir Singh (2022-28) (2022-2028),EXPENDITURE,1291125.0,2022-08-29,PFMS_E_PAYMENT,SunPower Renewable Energy Systems
TRX00001307,PRJ000427,Smt. Rajathi (2025-31) (2025-2031),SANCTION,7870000.0,2022-07-20,TREASURY_TRANSFER,Madurai Public Works Department (PWD)
TRX00001308,PRJ000427,Smt. Rajathi (2025-31) (2025-2031),EXPENDITURE,1324521.0,2022-08-19,PFMS_E_PAYMENT,SwachhBharat Sanitation Infra Ltd
TRX00001309,PRJ000427,Smt. Rajathi (2025-31) (2025-2031),EXPENDITURE,1083699.0,2022-10-18,PFMS_E_PAYMENT,SwachhBharat Sanitation Infra Ltd
TRX00001310,PRJ000428,Smt. Rajathi (2025-31) (2025-2031),SANCTION,4350000.0,2022-06-11,TREASURY_TRANSFER,Chennai State Water Supply & Sanitation Board (WSSB)
TRX00001311,PRJ000428,Smt. Rajathi (2025-31) (2025-2031),EXPENDITURE,130017.77,2022-07-11,PFMS_E_PAYMENT,ProSport Infrastructure & Turf Solutions
TRX00001312,PRJ000428,Smt. Rajathi (2025-31) (2025-2031),EXPENDITURE,106378.18,2022-09-09,PFMS_E_PAYMENT,ProSport Infrastructure & Turf Solutions
TRX00001313,PRJ000429,Smt. Rajathi (2025-31) (2025-2031),SANCTION,6660000.0,2022-06-29,TREASURY_TRANSFER,Madurai Public Works Department (PWD)
TRX00001314,PRJ000429,Smt. Rajathi (2025-31) (2025-2031),EXPENDITURE,2681316.0,2022-07-29,PFMS_E_PAYMENT,National Civic Infrastructure Developers
TRX00001315,PRJ000429,Smt. Rajathi (2025-31) (2025-2031),EXPENDITURE,2193804.0,2022-09-27,PFMS_E_PAYMENT,National Civic Infrastructure Developers
TRX00001316,PRJ000430,Smt. Rajathi (2025-31) (2025-2031),SANCTION,4750000.0,2022-11-09,TREASURY_TRANSFER,Tiruchirappalli Municipal Corporation Infrastructure Cell
TRX00001317,PRJ000430,Smt. Rajathi (2025-31) (2025-2031),EXPENDITURE,1175625.0,2022-12-09,PFMS_E_PAYMENT,TechLine IT & Lab Equipment Solutions Pvt Ltd
TRX00001318,PRJ000430,Smt. Rajathi (2025-31) (2025-2031),EXPENDITURE,961875.0,2023-02-07,PFMS_E_PAYMENT,TechLine IT & Lab Equipment Solutions Pvt Ltd
TRX00001319,PRJ000431,Smt. Rajathi (2025-31) (2025-2031),SANCTION,4390000.0,2022-04-29,TREASURY_TRANSFER,Chennai State Water Supply & Sanitation Board (WSSB)
TRX00001320,PRJ000431,Smt. Rajathi (2025-31) (2025-2031),EXPENDITURE,78654.08,2022-05-29,PFMS_E_PAYMENT,Speedway Repair & Resurfacing Contractors
TRX00001321,PRJ000431,Smt. Rajathi (2025-31) (2025-2031),EXPENDITURE,64353.34,2022-07-28,PFMS_E_PAYMENT,Speedway Repair & Resurfacing Contractors
TRX00001322,PRJ000432,Shri Bhartruhari Mahtab,SANCTION,5600000.0,2023-09-12,TREASURY_TRANSFER,Puri State Water Supply & Sanitation Board (WSSB)
TRX00001323,PRJ000432,Shri Bhartruhari Mahtab,EXPENDITURE,2507120.0,2023-10-12,PFMS_E_PAYMENT,MedTech Healthcare Infrastructure Ltd
TRX00001324,PRJ000432,Shri Bhartruhari Mahtab,EXPENDITURE,2051280.0,2023-12-11,PFMS_E_PAYMENT,MedTech Healthcare Infrastructure Ltd
TRX00001325,PRJ000433,Shri Bhartruhari Mahtab,SANCTION,5040000.0,2023-04-25,TREASURY_TRANSFER,Berhampur District Rural Development Agency (DRDA)
TRX00001326,PRJ000433,Shri Bhartruhari Mahtab,EXPENDITURE,895356.0,2023-05-25,PFMS_E_PAYMENT,ProSport Infrastructure & Turf Solutions
TRX00001327,PRJ000433,Shri Bhartruhari Mahtab,EXPENDITURE,732564.0,2023-07-24,PFMS_E_PAYMENT,ProSport Infrastructure & Turf Solutions
TRX00001328,PRJ000434,Shri Bhartruhari Mahtab,SANCTION,3910000.0,2022-10-04,TREASURY_TRANSFER,Puri Municipal Corporation Infrastructure Cell
TRX00001329,PRJ000434,Shri Bhartruhari Mahtab,EXPENDITURE,961273.5,2022-11-03,PFMS_E_PAYMENT,Apex Infracon & Highway Contractors
TRX00001330,PRJ000434,Shri Bhartruhari Mahtab,EXPENDITURE,786496.5,2023-01-02,PFMS_E_PAYMENT,Apex Infracon & Highway Contractors
TRX00001331,PRJ000435,UMMEDA RAM BENIWAL,SANCTION,850000.0,2022-10-01,TREASURY_TRANSFER,Udaipur Municipal Corporation Infrastructure Cell
TRX00001332,PRJ000435,UMMEDA RAM BENIWAL,EXPENDITURE,467500.0,2022-10-31,PFMS_E_PAYMENT,SwachhBharat Sanitation Infra Ltd
TRX00001333,PRJ000435,UMMEDA RAM BENIWAL,EXPENDITURE,382500.0,2022-12-30,PFMS_E_PAYMENT,SwachhBharat Sanitation Infra Ltd
TRX00001334,PRJ000436,UMMEDA RAM BENIWAL,SANCTION,4180000.0,2023-06-20,TREASURY_TRANSFER,Kota State Water Supply & Sanitation Board (WSSB)
TRX00001335,PRJ000436,UMMEDA RAM BENIWAL,EXPENDITURE,2299000.0,2023-07-20,PFMS_E_PAYMENT,UrbanDrain Civil Engineering Co
TRX00001336,PRJ000436,UMMEDA RAM BENIWAL,EXPENDITURE,1881000.0,2023-09-18,PFMS_E_PAYMENT,UrbanDrain Civil Engineering Co
TRX00001337,PRJ000437,UMMEDA RAM BENIWAL,SANCTION,1920000.0,2022-11-19,TREASURY_TRANSFER,Udaipur District Rural Development Agency (DRDA)
TRX00001338,PRJ000437,UMMEDA RAM BENIWAL,EXPENDITURE,1636800.0,2022-12-19,PFMS_E_PAYMENT,CleanWater Sanitation & Drainage Works Pvt Ltd
TRX00001339,PRJ000437,UMMEDA RAM BENIWAL,EXPENDITURE,1339200.0,2023-02-17,PFMS_E_PAYMENT,CleanWater Sanitation & Drainage Works Pvt Ltd
TRX00001340,PRJ000438,UMMEDA RAM BENIWAL,SANCTION,1030000.0,2023-03-13,TREASURY_TRANSFER,Bikaner Public Works Department (PWD)
TRX00001341,PRJ000438,UMMEDA RAM BENIWAL,EXPENDITURE,566500.0,2023-04-12,PFMS_E_PAYMENT,BridgeTech Structures Pvt Ltd
TRX00001342,PRJ000438,UMMEDA RAM BENIWAL,EXPENDITURE,463500.0,2023-06-11,PFMS_E_PAYMENT,BridgeTech Structures Pvt Ltd
TRX00001343,PRJ000439,UMMEDA RAM BENIWAL,SANCTION,4210000.0,2023-06-01,TREASURY_TRANSFER,Bikaner Public Works Department (PWD)
TRX00001344,PRJ000439,UMMEDA RAM BENIWAL,EXPENDITURE,1419401.5,2023-07-01,PFMS_E_PAYMENT,Speedway Repair & Resurfacing Contractors
TRX00001345,PRJ000439,UMMEDA RAM BENIWAL,EXPENDITURE,1161328.5,2023-08-30,PFMS_E_PAYMENT,Speedway Repair & Resurfacing Contractors
TRX00001346,PRJ000440,LOVELY ANAND,SANCTION,2050000.0,2023-07-28,TREASURY_TRANSFER,Muzaffarpur District Rural Development Agency (DRDA)
TRX00001347,PRJ000440,LOVELY ANAND,EXPENDITURE,431832.5,2023-08-27,PFMS_E_PAYMENT,Paramount Multi-Sector Construction Ltd
TRX00001348,PRJ000440,LOVELY ANAND,EXPENDITURE,353317.5,2023-10-26,PFMS_E_PAYMENT,Paramount Multi-Sector Construction Ltd
TRX00001349,PRJ000441,LOVELY ANAND,SANCTION,6850000.0,2023-02-06,TREASURY_TRANSFER,Bhagalpur Public Works Department (PWD)
TRX00001350,PRJ000441,LOVELY ANAND,EXPENDITURE,1940262.5,2023-03-08,PFMS_E_PAYMENT,ProSport Infrastructure & Turf Solutions
TRX00001351,PRJ000441,LOVELY ANAND,EXPENDITURE,1587487.5,2023-05-07,PFMS_E_PAYMENT,ProSport Infrastructure & Turf Solutions
TRX00001352,PRJ000442,LOVELY ANAND,SANCTION,1620000.0,2023-05-01,TREASURY_TRANSFER,Patna Municipal Corporation Infrastructure Cell
TRX00001353,PRJ000442,LOVELY ANAND,EXPENDITURE,654885.0,2023-05-31,PFMS_E_PAYMENT,AquaPure Water Systems & Drilling Corp
TRX00001354,PRJ000442,LOVELY ANAND,EXPENDITURE,535815.0,2023-07-30,PFMS_E_PAYMENT,AquaPure Water Systems & Drilling Corp
TRX00001355,PRJ000443,LOVELY ANAND,SANCTION,7590000.0,2023-03-26,TREASURY_TRANSFER,Muzaffarpur District Rural Development Agency (DRDA)
TRX00001356,PRJ000443,LOVELY ANAND,EXPENDITURE,4174500.0,2023-04-25,PFMS_E_PAYMENT,SmartTransit Urban Infra Solutions
TRX00001357,PRJ000443,LOVELY ANAND,EXPENDITURE,3415500.0,2023-06-24,PFMS_E_PAYMENT,SmartTransit Urban Infra Solutions
TRX00001358,PRJ000444,Shri Narendra Modi,SANCTION,3600000.0,2022-07-12,TREASURY_TRANSFER,Varanasi District Rural Development Agency (DRDA)
TRX00001359,PRJ000444,Shri Narendra Modi,EXPENDITURE,1980000.0,2022-08-11,PFMS_E_PAYMENT,AquaPure Water Systems & Drilling Corp
TRX00001360,PRJ000444,Shri Narendra Modi,EXPENDITURE,1620000.0,2022-10-10,PFMS_E_PAYMENT,AquaPure Water Systems & Drilling Corp
TRX00001361,PRJ000445,Shri Narendra Modi,SANCTION,4010000.0,2022-11-29,TREASURY_TRANSFER,Kanpur Municipal Corporation Infrastructure Cell
TRX00001362,PRJ000445,Shri Narendra Modi,EXPENDITURE,533731.0,2022-12-29,PFMS_E_PAYMENT,ProSport Infrastructure & Turf Solutions
TRX00001363,PRJ000445,Shri Narendra Modi,EXPENDITURE,436689.0,2023-02-27,PFMS_E_PAYMENT,ProSport Infrastructure & Turf Solutions
TRX00001364,PRJ000446,Shri Narendra Modi,SANCTION,5930000.0,2023-06-24,TREASURY_TRANSFER,Varanasi State Water Supply & Sanitation Board (WSSB)
TRX00001365,PRJ000446,Shri Narendra Modi,EXPENDITURE,2058006.5,2023-07-24,PFMS_E_PAYMENT,AquaPure Water Systems & Drilling Corp
TRX00001366,PRJ000446,Shri Narendra Modi,EXPENDITURE,1683823.5,2023-09-22,PFMS_E_PAYMENT,AquaPure Water Systems & Drilling Corp
TRX00001367,PRJ000447,GODAM NAGESH,SANCTION,2250000.0,2022-11-09,TREASURY_TRANSFER,Khammam Municipal Corporation Infrastructure Cell
TRX00001368,PRJ000447,GODAM NAGESH,EXPENDITURE,556875.0,2022-12-09,PFMS_E_PAYMENT,TechLine IT & Lab Equipment Solutions Pvt Ltd
TRX00001369,PRJ000447,GODAM NAGESH,EXPENDITURE,455625.0,2023-02-07,PFMS_E_PAYMENT,TechLine IT & Lab Equipment Solutions Pvt Ltd
TRX00001370,PRJ000448,GODAM NAGESH,SANCTION,5180000.0,2023-09-08,TREASURY_TRANSFER,Ramagundam District Rural Development Agency (DRDA)
TRX00001371,PRJ000448,GODAM NAGESH,EXPENDITURE,1410255.0,2023-10-08,PFMS_E_PAYMENT,Paramount Multi-Sector Construction Ltd
TRX00001372,PRJ000448,GODAM NAGESH,EXPENDITURE,1153845.0,2023-12-07,PFMS_E_PAYMENT,Paramount Multi-Sector Construction Ltd
TRX00001373,PRJ000449,GODAM NAGESH,SANCTION,3210000.0,2022-06-16,TREASURY_TRANSFER,Hyderabad State Water Supply & Sanitation Board (WSSB)
TRX00001374,PRJ000449,GODAM NAGESH,EXPENDITURE,358396.5,2022-07-16,PFMS_E_PAYMENT,SmartTransit Urban Infra Solutions
TRX00001375,PRJ000449,GODAM NAGESH,EXPENDITURE,293233.5,2022-09-14,PFMS_E_PAYMENT,SmartTransit Urban Infra Solutions
TRX00001376,PRJ000450,Shri Ryaga Krishnaiah (2024-28) (2024-2028),SANCTION,7260000.0,2022-05-28,TREASURY_TRANSFER,Tirupati Public Works Department (PWD)
TRX00001377,PRJ000450,Shri Ryaga Krishnaiah (2024-28) (2024-2028),EXPENDITURE,1984521.0,2022-06-27,PFMS_E_PAYMENT,TechLine IT & Lab Equipment Solutions Pvt Ltd
TRX00001378,PRJ000450,Shri Ryaga Krishnaiah (2024-28) (2024-2028),EXPENDITURE,1623699.0,2022-08-26,PFMS_E_PAYMENT,TechLine IT & Lab Equipment Solutions Pvt Ltd
TRX00001379,PRJ000451,Shri Ryaga Krishnaiah (2024-28) (2024-2028),SANCTION,6010000.0,2022-10-22,TREASURY_TRANSFER,Guntur District Rural Development Agency (DRDA)
TRX00001380,PRJ000451,Shri Ryaga Krishnaiah (2024-28) (2024-2028),EXPENDITURE,3033729.15,2022-11-21,PFMS_E_PAYMENT,SunPower Renewable Energy Systems
TRX00001381,PRJ000451,Shri Ryaga Krishnaiah (2024-28) (2024-2028),EXPENDITURE,2482142.03,2023-01-20,PFMS_E_PAYMENT,SunPower Renewable Energy Systems
TRX00001382,PRJ000452,Shri Ryaga Krishnaiah (2024-28) (2024-2028),SANCTION,6330000.0,2022-05-25,TREASURY_TRANSFER,Guntur District Rural Development Agency (DRDA)
TRX00001383,PRJ000452,Shri Ryaga Krishnaiah (2024-28) (2024-2028),EXPENDITURE,137910.71,2022-06-24,PFMS_E_PAYMENT,Apex Infracon & Highway Contractors
TRX00001384,PRJ000452,Shri Ryaga Krishnaiah (2024-28) (2024-2028),EXPENDITURE,112836.04,2022-08-23,PFMS_E_PAYMENT,Apex Infracon & Highway Contractors
TRX00001385,PRJ000453,Shri Ryaga Krishnaiah (2024-28) (2024-2028),SANCTION,4370000.0,2022-08-18,TREASURY_TRANSFER,Visakhapatnam State Water Supply & Sanitation Board (WSSB)
TRX00001386,PRJ000453,Shri Ryaga Krishnaiah (2024-28) (2024-2028),EXPENDITURE,766716.5,2022-09-17,PFMS_E_PAYMENT,ProSport Infrastructure & Turf Solutions
TRX00001387,PRJ000453,Shri Ryaga Krishnaiah (2024-28) (2024-2028),EXPENDITURE,627313.5,2022-11-16,PFMS_E_PAYMENT,ProSport Infrastructure & Turf Solutions
TRX00001388,PRJ000454,Shri Ryaga Krishnaiah (2024-28) (2024-2028),SANCTION,1000000.0,2023-11-19,TREASURY_TRANSFER,Guntur District Rural Development Agency (DRDA)
TRX00001389,PRJ000454,Shri Ryaga Krishnaiah (2024-28) (2024-2028),EXPENDITURE,489704.3,2023-12-19,PFMS_E_PAYMENT,BridgeTech Structures Pvt Ltd
TRX00001390,PRJ000454,Shri Ryaga Krishnaiah (2024-28) (2024-2028),EXPENDITURE,400667.16,2024-02-17,PFMS_E_PAYMENT,BridgeTech Structures Pvt Ltd
TRX00001391,PRJ000455,Shri Mohammed Nadimul Haque (2024-30) (2024-2030),SANCTION,1830000.0,2022-08-31,TREASURY_TRANSFER,Siliguri State Water Supply & Sanitation Board (WSSB)
TRX00001392,PRJ000455,Shri Mohammed Nadimul Haque (2024-30) (2024-2030),EXPENDITURE,754875.0,2022-09-30,PFMS_E_PAYMENT,Apex Infracon & Highway Contractors
TRX00001393,PRJ000455,Shri Mohammed Nadimul Haque (2024-30) (2024-2030),EXPENDITURE,617625.0,2022-11-29,PFMS_E_PAYMENT,Apex Infracon & Highway Contractors
TRX00001394,PRJ000455,Shri Mohammed Nadimul Haque (2024-30) (2024-2030),EXPENDITURE,754875.0,2022-10-03,PFMS_E_PAYMENT,Apex Infracon & Highway Contractors
TRX00001395,PRJ000456,Shri Mohammed Nadimul Haque (2024-30) (2024-2030),SANCTION,5850000.0,2023-12-18,TREASURY_TRANSFER,Kolkata Municipal Corporation Infrastructure Cell
TRX00001396,PRJ000456,Shri Mohammed Nadimul Haque (2024-30) (2024-2030),EXPENDITURE,1534747.5,2024-01-17,PFMS_E_PAYMENT,UrbanDrain Civil Engineering Co
TRX00001397,PRJ000456,Shri Mohammed Nadimul Haque (2024-30) (2024-2030),EXPENDITURE,1255702.5,2024-03-17,PFMS_E_PAYMENT,UrbanDrain Civil Engineering Co
TRX00001398,PRJ000457,Shri Mohammed Nadimul Haque (2024-30) (2024-2030),SANCTION,4090000.0,2023-10-11,TREASURY_TRANSFER,Kolkata District Rural Development Agency (DRDA)
TRX00001399,PRJ000457,Shri Mohammed Nadimul Haque (2024-30) (2024-2030),EXPENDITURE,636608.5,2023-11-10,PFMS_E_PAYMENT,Paramount Multi-Sector Construction Ltd
TRX00001400,PRJ000457,Shri Mohammed Nadimul Haque (2024-30) (2024-2030),EXPENDITURE,520861.5,2024-01-09,PFMS_E_PAYMENT,Paramount Multi-Sector Construction Ltd
TRX00001401,PRJ000458,Shri Mohammed Nadimul Haque (2024-30) (2024-2030),SANCTION,7080000.0,2022-09-12,TREASURY_TRANSFER,Kolkata District Rural Development Agency (DRDA)
TRX00001402,PRJ000458,Shri Mohammed Nadimul Haque (2024-30) (2024-2030),EXPENDITURE,1752300.0,2022-10-12,PFMS_E_PAYMENT,UrbanDrain Civil Engineering Co
TRX00001403,PRJ000458,Shri Mohammed Nadimul Haque (2024-30) (2024-2030),EXPENDITURE,1433700.0,2022-12-11,PFMS_E_PAYMENT,UrbanDrain Civil Engineering Co
TRX00001404,PRJ000459,BAG MITALI,SANCTION,1010000.0,2022-05-01,TREASURY_TRANSFER,Siliguri State Water Supply & Sanitation Board (WSSB)
TRX00001405,PRJ000459,BAG MITALI,EXPENDITURE,30558.35,2022-05-31,PFMS_E_PAYMENT,SwachhBharat Sanitation Infra Ltd
TRX00001406,PRJ000459,BAG MITALI,EXPENDITURE,25002.29,2022-07-30,PFMS_E_PAYMENT,SwachhBharat Sanitation Infra Ltd
TRX00001407,PRJ000460,BAG MITALI,SANCTION,2830000.0,2023-04-29,TREASURY_TRANSFER,Kolkata District Rural Development Agency (DRDA)
TRX00001408,PRJ000460,BAG MITALI,EXPENDITURE,1556500.0,2023-05-29,PFMS_E_PAYMENT,SunPower Renewable Energy Systems
TRX00001409,PRJ000460,BAG MITALI,EXPENDITURE,1273500.0,2023-07-28,PFMS_E_PAYMENT,SunPower Renewable Energy Systems
TRX00001410,PRJ000461,BAG MITALI,SANCTION,5730000.0,2023-08-24,TREASURY_TRANSFER,Kolkata District Rural Development Agency (DRDA)
TRX00001411,PRJ000461,BAG MITALI,EXPENDITURE,3151500.0,2023-09-23,PFMS_E_PAYMENT,MedTech Healthcare Infrastructure Ltd
TRX00001412,PRJ000461,BAG MITALI,EXPENDITURE,2578500.0,2023-11-22,PFMS_E_PAYMENT,MedTech Healthcare Infrastructure Ltd
TRX00001413,PRJ000462,BAG MITALI,SANCTION,1840000.0,2022-04-26,TREASURY_TRANSFER,Kolkata District Rural Development Agency (DRDA)
TRX00001414,PRJ000462,BAG MITALI,EXPENDITURE,501952.0,2022-05-26,PFMS_E_PAYMENT,Paramount Multi-Sector Construction Ltd
TRX00001415,PRJ000462,BAG MITALI,EXPENDITURE,410688.0,2022-07-25,PFMS_E_PAYMENT,Paramount Multi-Sector Construction Ltd
TRX00001416,PRJ000463,Mahendra Singh Solanky,SANCTION,2320000.0,2023-05-05,TREASURY_TRANSFER,Gwalior Public Works Department (PWD)
TRX00001417,PRJ000463,Mahendra Singh Solanky,EXPENDITURE,957000.0,2023-06-04,PFMS_E_PAYMENT,CleanWater Sanitation & Drainage Works Pvt Ltd
TRX00001418,PRJ000463,Mahendra Singh Solanky,EXPENDITURE,783000.0,2023-08-03,PFMS_E_PAYMENT,CleanWater Sanitation & Drainage Works Pvt Ltd
TRX00001419,PRJ000463,Mahendra Singh Solanky,EXPENDITURE,957000.0,2023-06-08,PFMS_E_PAYMENT,CleanWater Sanitation & Drainage Works Pvt Ltd
TRX00001420,PRJ000464,Mahendra Singh Solanky,SANCTION,3980000.0,2023-05-02,TREASURY_TRANSFER,Ujjain District Rural Development Agency (DRDA)
TRX00001421,PRJ000464,Mahendra Singh Solanky,EXPENDITURE,577896.0,2023-06-01,PFMS_E_PAYMENT,Apex Infracon & Highway Contractors
TRX00001422,PRJ000464,Mahendra Singh Solanky,EXPENDITURE,472824.0,2023-07-31,PFMS_E_PAYMENT,Apex Infracon & Highway Contractors
TRX00001423,PRJ000465,Mahendra Singh Solanky,SANCTION,2220000.0,2023-01-16,TREASURY_TRANSFER,Sagar Municipal Corporation Infrastructure Cell
TRX00001424,PRJ000465,Mahendra Singh Solanky,EXPENDITURE,549450.0,2023-02-15,PFMS_E_PAYMENT,MedTech Healthcare Infrastructure Ltd
TRX00001425,PRJ000465,Mahendra Singh Solanky,EXPENDITURE,449550.0,2023-04-16,PFMS_E_PAYMENT,MedTech Healthcare Infrastructure Ltd
TRX00001426,PRJ000466,Mahendra Singh Solanky,SANCTION,5640000.0,2022-06-07,TREASURY_TRANSFER,Gwalior State Water Supply & Sanitation Board (WSSB)
TRX00001427,PRJ000466,Mahendra Singh Solanky,EXPENDITURE,3102000.0,2022-07-07,PFMS_E_PAYMENT,ProSport Infrastructure & Turf Solutions
TRX00001428,PRJ000466,Mahendra Singh Solanky,EXPENDITURE,2538000.0,2022-09-05,PFMS_E_PAYMENT,ProSport Infrastructure & Turf Solutions
TRX00001429,PRJ000467,Mahendra Singh Solanky,SANCTION,5650000.0,2023-07-12,TREASURY_TRANSFER,Gwalior State Water Supply & Sanitation Board (WSSB)
TRX00001430,PRJ000467,Mahendra Singh Solanky,EXPENDITURE,2330625.0,2023-08-11,PFMS_E_PAYMENT,SmartTransit Urban Infra Solutions
TRX00001431,PRJ000467,Mahendra Singh Solanky,EXPENDITURE,1906875.0,2023-10-10,PFMS_E_PAYMENT,SmartTransit Urban Infra Solutions
TRX00001432,PRJ000467,Mahendra Singh Solanky,EXPENDITURE,2330625.0,2023-08-14,PFMS_E_PAYMENT,SmartTransit Urban Infra Solutions
TRX00001433,PRJ000468,Shri S. Jaishankar (2023-29) (2023-2029),SANCTION,7590000.0,2022-06-18,TREASURY_TRANSFER,Ahmedabad Public Works Department (PWD)
TRX00001434,PRJ000468,Shri S. Jaishankar (2023-29) (2023-2029),EXPENDITURE,993531.0,2022-07-18,PFMS_E_PAYMENT,SmartTransit Urban Infra Solutions
TRX00001435,PRJ000468,Shri S. Jaishankar (2023-29) (2023-2029),EXPENDITURE,812889.0,2022-09-16,PFMS_E_PAYMENT,SmartTransit Urban Infra Solutions
TRX00001436,PRJ000469,Shri S. Jaishankar (2023-29) (2023-2029),SANCTION,1930000.0,2023-12-26,TREASURY_TRANSFER,Ahmedabad District Rural Development Agency (DRDA)
TRX00001437,PRJ000469,Shri S. Jaishankar (2023-29) (2023-2029),EXPENDITURE,921717.02,2024-01-25,PFMS_E_PAYMENT,TechLine IT & Lab Equipment Solutions Pvt Ltd
TRX00001438,PRJ000469,Shri S. Jaishankar (2023-29) (2023-2029),EXPENDITURE,754132.1,2024-03-25,PFMS_E_PAYMENT,TechLine IT & Lab Equipment Solutions Pvt Ltd
TRX00001439,PRJ000470,Shri S. Jaishankar (2023-29) (2023-2029),SANCTION,1360000.0,2022-08-22,TREASURY_TRANSFER,Ahmedabad District Rural Development Agency (DRDA)
TRX00001440,PRJ000470,Shri S. Jaishankar (2023-29) (2023-2029),EXPENDITURE,623992.93,2022-09-21,PFMS_E_PAYMENT,ProSport Infrastructure & Turf Solutions
TRX00001441,PRJ000470,Shri S. Jaishankar (2023-29) (2023-2029),EXPENDITURE,510539.67,2022-11-20,PFMS_E_PAYMENT,ProSport Infrastructure & Turf Solutions
TRX00001442,PRJ000471,Shri S. Jaishankar (2023-29) (2023-2029),SANCTION,1360000.0,2022-09-20,TREASURY_TRANSFER,Ahmedabad District Rural Development Agency (DRDA)
TRX00001443,PRJ000471,Shri S. Jaishankar (2023-29) (2023-2029),EXPENDITURE,927520.0,2022-10-20,PFMS_E_PAYMENT,Speedway Repair & Resurfacing Contractors
TRX00001444,PRJ000471,Shri S. Jaishankar (2023-29) (2023-2029),EXPENDITURE,758880.0,2022-12-19,PFMS_E_PAYMENT,Speedway Repair & Resurfacing Contractors
TRX00001445,PRJ000472,Shri S. Jaishankar (2023-29) (2023-2029),SANCTION,3840000.0,2022-06-19,TREASURY_TRANSFER,Bhavnagar Municipal Corporation Infrastructure Cell
TRX00001446,PRJ000472,Shri S. Jaishankar (2023-29) (2023-2029),EXPENDITURE,950400.0,2022-07-19,PFMS_E_PAYMENT,SunPower Renewable Energy Systems
TRX00001447,PRJ000472,Shri S. Jaishankar (2023-29) (2023-2029),EXPENDITURE,777600.0,2022-09-17,PFMS_E_PAYMENT,SunPower Renewable Energy Systems
TRX00001448,PRJ000473,RAM PRASAD CHAUDHARY,SANCTION,5440000.0,2023-05-27,TREASURY_TRANSFER,Varanasi District Rural Development Agency (DRDA)
TRX00001449,PRJ000473,RAM PRASAD CHAUDHARY,EXPENDITURE,736032.0,2023-06-26,PFMS_E_PAYMENT,CleanWater Sanitation & Drainage Works Pvt Ltd
TRX00001450,PRJ000473,RAM PRASAD CHAUDHARY,EXPENDITURE,602208.0,2023-08-25,PFMS_E_PAYMENT,CleanWater Sanitation & Drainage Works Pvt Ltd
TRX00001451,PRJ000474,RAM PRASAD CHAUDHARY,SANCTION,3700000.0,2022-12-17,TREASURY_TRANSFER,Varanasi Public Works Department (PWD)
TRX00001452,PRJ000474,RAM PRASAD CHAUDHARY,EXPENDITURE,433455.0,2023-01-16,PFMS_E_PAYMENT,TechLine IT & Lab Equipment Solutions Pvt Ltd
TRX00001453,PRJ000474,RAM PRASAD CHAUDHARY,EXPENDITURE,354645.0,2023-03-17,PFMS_E_PAYMENT,TechLine IT & Lab Equipment Solutions Pvt Ltd
TRX00001454,PRJ000475,BUNTY VIVEK SAHU,SANCTION,2240000.0,2022-08-18,TREASURY_TRANSFER,Ujjain District Rural Development Agency (DRDA)
TRX00001455,PRJ000475,BUNTY VIVEK SAHU,EXPENDITURE,1092193.96,2022-09-17,PFMS_E_PAYMENT,AquaPure Water Systems & Drilling Corp
TRX00001456,PRJ000475,BUNTY VIVEK SAHU,EXPENDITURE,893613.24,2022-11-16,PFMS_E_PAYMENT,AquaPure Water Systems & Drilling Corp
TRX00001457,PRJ000476,BUNTY VIVEK SAHU,SANCTION,4650000.0,2023-03-03,TREASURY_TRANSFER,Ujjain District Rural Development Agency (DRDA)
TRX00001458,PRJ000476,BUNTY VIVEK SAHU,EXPENDITURE,2245892.07,2023-04-02,PFMS_E_PAYMENT,National Civic Infrastructure Developers
TRX00001459,PRJ000476,BUNTY VIVEK SAHU,EXPENDITURE,1837548.06,2023-06-01,PFMS_E_PAYMENT,National Civic Infrastructure Developers
TRX00001460,PRJ000477,BUNTY VIVEK SAHU,SANCTION,1870000.0,2023-03-01,TREASURY_TRANSFER,Ujjain District Rural Development Agency (DRDA)
TRX00001461,PRJ000477,BUNTY VIVEK SAHU,EXPENDITURE,218042.0,2023-03-31,PFMS_E_PAYMENT,BridgeTech Structures Pvt Ltd
TRX00001462,PRJ000477,BUNTY VIVEK SAHU,EXPENDITURE,178398.0,2023-05-30,PFMS_E_PAYMENT,BridgeTech Structures Pvt Ltd
TRX00001463,PRJ000478,BUNTY VIVEK SAHU,SANCTION,5570000.0,2023-02-24,TREASURY_TRANSFER,Gwalior State Water Supply & Sanitation Board (WSSB)
TRX00001464,PRJ000478,BUNTY VIVEK SAHU,EXPENDITURE,1378575.0,2023-03-26,PFMS_E_PAYMENT,National Civic Infrastructure Developers
TRX00001465,PRJ000478,BUNTY VIVEK SAHU,EXPENDITURE,1127925.0,2023-05-25,PFMS_E_PAYMENT,National Civic Infrastructure Developers
TRX00001466,PRJ000479,BUNTY VIVEK SAHU,SANCTION,1920000.0,2023-10-11,TREASURY_TRANSFER,Gwalior Public Works Department (PWD)
TRX00001467,PRJ000479,BUNTY VIVEK SAHU,EXPENDITURE,1056000.0,2023-11-10,PFMS_E_PAYMENT,National Civic Infrastructure Developers
TRX00001468,PRJ000479,BUNTY VIVEK SAHU,EXPENDITURE,864000.0,2024-01-09,PFMS_E_PAYMENT,National Civic Infrastructure Developers
TRX00001469,PRJ000480,IMRAN MASOOD,SANCTION,6840000.0,2022-12-27,TREASURY_TRANSFER,Varanasi District Rural Development Agency (DRDA)
TRX00001470,PRJ000480,IMRAN MASOOD,EXPENDITURE,5755860.0,2023-01-26,PFMS_E_PAYMENT,National Civic Infrastructure Developers
TRX00001471,PRJ000480,IMRAN MASOOD,EXPENDITURE,4709340.0,2023-03-27,PFMS_E_PAYMENT,National Civic Infrastructure Developers
TRX00001472,PRJ000481,IMRAN MASOOD,SANCTION,1710000.0,2022-10-15,TREASURY_TRANSFER,Varanasi District Rural Development Agency (DRDA)
TRX00001473,PRJ000481,IMRAN MASOOD,EXPENDITURE,637659.0,2022-11-14,PFMS_E_PAYMENT,CleanWater Sanitation & Drainage Works Pvt Ltd
TRX00001474,PRJ000481,IMRAN MASOOD,EXPENDITURE,521721.0,2023-01-13,PFMS_E_PAYMENT,CleanWater Sanitation & Drainage Works Pvt Ltd
TRX00001475,PRJ000482,Saumitra khan,SANCTION,6930000.0,2022-09-21,TREASURY_TRANSFER,Kolkata District Rural Development Agency (DRDA)
TRX00001476,PRJ000482,Saumitra khan,EXPENDITURE,3381917.59,2022-10-21,PFMS_E_PAYMENT,UrbanDrain Civil Engineering Co
TRX00001477,PRJ000482,Saumitra khan,EXPENDITURE,2767023.49,2022-12-20,PFMS_E_PAYMENT,UrbanDrain Civil Engineering Co
TRX00001478,PRJ000483,Saumitra khan,SANCTION,6880000.0,2022-12-21,TREASURY_TRANSFER,Kolkata Municipal Corporation Infrastructure Cell
TRX00001479,PRJ000483,Saumitra khan,EXPENDITURE,2372568.0,2023-01-20,PFMS_E_PAYMENT,SwachhBharat Sanitation Infra Ltd
TRX00001480,PRJ000483,Saumitra khan,EXPENDITURE,1941192.0,2023-03-21,PFMS_E_PAYMENT,SwachhBharat Sanitation Infra Ltd
TRX00001481,PRJ000484,DR. HEMANG JOSHI,SANCTION,3710000.0,2023-07-22,TREASURY_TRANSFER,Ahmedabad District Rural Development Agency (DRDA)
TRX00001482,PRJ000484,DR. HEMANG JOSHI,EXPENDITURE,918225.0,2023-08-21,PFMS_E_PAYMENT,National Civic Infrastructure Developers
TRX00001483,PRJ000484,DR. HEMANG JOSHI,EXPENDITURE,751275.0,2023-10-20,PFMS_E_PAYMENT,National Civic Infrastructure Developers
TRX00001484,PRJ000485,DR. HEMANG JOSHI,SANCTION,7740000.0,2023-11-07,TREASURY_TRANSFER,Ahmedabad District Rural Development Agency (DRDA)
TRX00001485,PRJ000485,DR. HEMANG JOSHI,EXPENDITURE,3854906.76,2023-12-07,PFMS_E_PAYMENT,SmartTransit Urban Infra Solutions
TRX00001486,PRJ000485,DR. HEMANG JOSHI,EXPENDITURE,3154014.63,2024-02-05,PFMS_E_PAYMENT,SmartTransit Urban Infra Solutions
TRX00001487,PRJ000486,DR. HEMANG JOSHI,SANCTION,1170000.0,2023-01-31,TREASURY_TRANSFER,Ahmedabad District Rural Development Agency (DRDA)
TRX00001488,PRJ000486,DR. HEMANG JOSHI,EXPENDITURE,933075.0,2023-03-02,PFMS_E_PAYMENT,National Civic Infrastructure Developers
TRX00001489,PRJ000486,DR. HEMANG JOSHI,EXPENDITURE,763425.0,2023-05-01,PFMS_E_PAYMENT,National Civic Infrastructure Developers
TRX00001490,PRJ000487,Smt. Geeta alias Chandraprabha (2020-26) (2020-2026),SANCTION,650000.0,2023-05-27,TREASURY_TRANSFER,Varanasi District Rural Development Agency (DRDA)
TRX00001491,PRJ000487,Smt. Geeta alias Chandraprabha (2020-26) (2020-2026),EXPENDITURE,464750.0,2023-06-26,PFMS_E_PAYMENT,SmartTransit Urban Infra Solutions
TRX00001492,PRJ000487,Smt. Geeta alias Chandraprabha (2020-26) (2020-2026),EXPENDITURE,380250.0,2023-08-25,PFMS_E_PAYMENT,SmartTransit Urban Infra Solutions
TRX00001493,PRJ000488,Smt. Geeta alias Chandraprabha (2020-26) (2020-2026),SANCTION,1140000.0,2022-10-23,TREASURY_TRANSFER,Varanasi District Rural Development Agency (DRDA)
TRX00001494,PRJ000488,Smt. Geeta alias Chandraprabha (2020-26) (2020-2026),EXPENDITURE,574999.82,2022-11-22,PFMS_E_PAYMENT,MedTech Healthcare Infrastructure Ltd
TRX00001495,PRJ000488,Smt. Geeta alias Chandraprabha (2020-26) (2020-2026),EXPENDITURE,470454.4,2023-01-21,PFMS_E_PAYMENT,MedTech Healthcare Infrastructure Ltd
TRX00001496,PRJ000489,Ajay Kumar Mandal,SANCTION,1610000.0,2023-07-25,TREASURY_TRANSFER,Patna Municipal Corporation Infrastructure Cell
TRX00001497,PRJ000489,Ajay Kumar Mandal,EXPENDITURE,330291.5,2023-08-24,PFMS_E_PAYMENT,Speedway Repair & Resurfacing Contractors
TRX00001498,PRJ000489,Ajay Kumar Mandal,EXPENDITURE,270238.5,2023-10-23,PFMS_E_PAYMENT,Speedway Repair & Resurfacing Contractors
TRX00001499,PRJ000490,Ajay Kumar Mandal,SANCTION,2240000.0,2022-08-26,TREASURY_TRANSFER,Muzaffarpur District Rural Development Agency (DRDA)
TRX00001500,PRJ000490,Ajay Kumar Mandal,EXPENDITURE,1650880.0,2022-09-25,PFMS_E_PAYMENT,Speedway Repair & Resurfacing Contractors
TRX00001501,PRJ000490,Ajay Kumar Mandal,EXPENDITURE,1350720.0,2022-11-24,PFMS_E_PAYMENT,Speedway Repair & Resurfacing Contractors
TRX00001502,PRJ000491,Ajay Kumar Mandal,SANCTION,6900000.0,2023-11-18,TREASURY_TRANSFER,Muzaffarpur District Rural Development Agency (DRDA)
TRX00001503,PRJ000491,Ajay Kumar Mandal,EXPENDITURE,4554000.0,2023-12-18,PFMS_E_PAYMENT,ProSport Infrastructure & Turf Solutions
TRX00001504,PRJ000491,Ajay Kumar Mandal,EXPENDITURE,3726000.0,2024-02-16,PFMS_E_PAYMENT,ProSport Infrastructure & Turf Solutions
TRX00001505,PRJ000492,Ajay Kumar Mandal,SANCTION,6370000.0,2023-01-03,TREASURY_TRANSFER,Muzaffarpur District Rural Development Agency (DRDA)
TRX00001506,PRJ000492,Ajay Kumar Mandal,EXPENDITURE,5185180.0,2023-02-02,PFMS_E_PAYMENT,Apex Infracon & Highway Contractors
TRX00001507,PRJ000492,Ajay Kumar Mandal,EXPENDITURE,4242420.0,2023-04-03,PFMS_E_PAYMENT,Apex Infracon & Highway Contractors
TRX00001508,PRJ000493,BIPLAB KUMAR DEB,SANCTION,7360000.0,2022-09-05,TREASURY_TRANSFER,Khowai District Rural Development Agency (DRDA)
TRX00001509,PRJ000493,BIPLAB KUMAR DEB,EXPENDITURE,1862080.0,2022-10-05,PFMS_E_PAYMENT,Paramount Multi-Sector Construction Ltd
TRX00001510,PRJ000493,BIPLAB KUMAR DEB,EXPENDITURE,1523520.0,2022-12-04,PFMS_E_PAYMENT,Paramount Multi-Sector Construction Ltd
TRX00001511,PRJ000494,BIPLAB KUMAR DEB,SANCTION,3220000.0,2022-07-08,TREASURY_TRANSFER,Belonia Public Works Department (PWD)
TRX00001512,PRJ000494,BIPLAB KUMAR DEB,EXPENDITURE,1328250.0,2022-08-07,PFMS_E_PAYMENT,National Civic Infrastructure Developers
TRX00001513,PRJ000494,BIPLAB KUMAR DEB,EXPENDITURE,1086750.0,2022-10-06,PFMS_E_PAYMENT,National Civic Infrastructure Developers
TRX00001514,PRJ000494,BIPLAB KUMAR DEB,EXPENDITURE,1328250.0,2022-08-10,PFMS_E_PAYMENT,National Civic Infrastructure Developers
TRX00001515,PRJ000495,BIPLAB KUMAR DEB,SANCTION,5090000.0,2023-06-02,TREASURY_TRANSFER,Sabroom State Water Supply & Sanitation Board (WSSB)
TRX00001516,PRJ000495,BIPLAB KUMAR DEB,EXPENDITURE,2099625.0,2023-07-02,PFMS_E_PAYMENT,ProSport Infrastructure & Turf Solutions
TRX00001517,PRJ000495,BIPLAB KUMAR DEB,EXPENDITURE,1717875.0,2023-08-31,PFMS_E_PAYMENT,ProSport Infrastructure & Turf Solutions
TRX00001518,PRJ000495,BIPLAB KUMAR DEB,EXPENDITURE,2099625.0,2023-07-05,PFMS_E_PAYMENT,ProSport Infrastructure & Turf Solutions
TRX00001519,PRJ000496,BIPLAB KUMAR DEB,SANCTION,2430000.0,2023-09-09,TREASURY_TRANSFER,Sabroom State Water Supply & Sanitation Board (WSSB)
TRX00001520,PRJ000496,BIPLAB KUMAR DEB,EXPENDITURE,1336500.0,2023-10-09,PFMS_E_PAYMENT,SmartTransit Urban Infra Solutions
TRX00001521,PRJ000496,BIPLAB KUMAR DEB,EXPENDITURE,1093500.0,2023-12-08,PFMS_E_PAYMENT,SmartTransit Urban Infra Solutions
TRX00001522,PRJ000497,AASHTIKAR PATIL NAGESH BAPURAO,SANCTION,1860000.0,2023-09-20,TREASURY_TRANSFER,Thane Public Works Department (PWD)
TRX00001523,PRJ000497,AASHTIKAR PATIL NAGESH BAPURAO,EXPENDITURE,456258.0,2023-10-20,PFMS_E_PAYMENT,CleanWater Sanitation & Drainage Works Pvt Ltd
TRX00001524,PRJ000497,AASHTIKAR PATIL NAGESH BAPURAO,EXPENDITURE,373302.0,2023-12-19,PFMS_E_PAYMENT,CleanWater Sanitation & Drainage Works Pvt Ltd
TRX00001525,PRJ000498,AASHTIKAR PATIL NAGESH BAPURAO,SANCTION,1370000.0,2023-04-09,TREASURY_TRANSFER,Thane District Rural Development Agency (DRDA)
TRX00001526,PRJ000498,AASHTIKAR PATIL NAGESH BAPURAO,EXPENDITURE,1100110.0,2023-05-09,PFMS_E_PAYMENT,Apex Infracon & Highway Contractors
TRX00001527,PRJ000498,AASHTIKAR PATIL NAGESH BAPURAO,EXPENDITURE,900090.0,2023-07-08,PFMS_E_PAYMENT,Apex Infracon & Highway Contractors
TRX00001528,PRJ000499,AASHTIKAR PATIL NAGESH BAPURAO,SANCTION,3950000.0,2022-11-06,TREASURY_TRANSFER,Thane Public Works Department (PWD)
TRX00001529,PRJ000499,AASHTIKAR PATIL NAGESH BAPURAO,EXPENDITURE,2172500.0,2022-12-06,PFMS_E_PAYMENT,Speedway Repair & Resurfacing Contractors
TRX00001530,PRJ000499,AASHTIKAR PATIL NAGESH BAPURAO,EXPENDITURE,1777500.0,2023-02-04,PFMS_E_PAYMENT,Speedway Repair & Resurfacing Contractors
TRX00001531,PRJ000500,AASHTIKAR PATIL NAGESH BAPURAO,SANCTION,580000.0,2023-03-17,TREASURY_TRANSFER,Aurangabad State Water Supply & Sanitation Board (WSSB)
TRX00001532,PRJ000500,AASHTIKAR PATIL NAGESH BAPURAO,EXPENDITURE,239250.0,2023-04-16,PFMS_E_PAYMENT,CleanWater Sanitation & Drainage Works Pvt Ltd
TRX00001533,PRJ000500,AASHTIKAR PATIL NAGESH BAPURAO,EXPENDITURE,195750.0,2023-06-15,PFMS_E_PAYMENT,CleanWater Sanitation & Drainage Works Pvt Ltd
TRX00001534,PRJ000500,AASHTIKAR PATIL NAGESH BAPURAO,EXPENDITURE,239250.0,2023-04-18,PFMS_E_PAYMENT,CleanWater Sanitation & Drainage Works Pvt Ltd
TRX00001535,PRJ000501,Shri M K Raghavan,SANCTION,2720000.0,2023-11-22,TREASURY_TRANSFER,Alappuzha Municipal Corporation Infrastructure Cell
TRX00001536,PRJ000501,Shri M K Raghavan,EXPENDITURE,625328.0,2023-12-22,PFMS_E_PAYMENT,BridgeTech Structures Pvt Ltd
TRX00001537,PRJ000501,Shri M K Raghavan,EXPENDITURE,511632.0,2024-02-20,PFMS_E_PAYMENT,BridgeTech Structures Pvt Ltd
TRX00001538,PRJ000502,Shri M K Raghavan,SANCTION,2100000.0,2023-08-16,TREASURY_TRANSFER,Alappuzha District Rural Development Agency (DRDA)
TRX00001539,PRJ000502,Shri M K Raghavan,EXPENDITURE,1155000.0,2023-09-15,PFMS_E_PAYMENT,National Civic Infrastructure Developers
TRX00001540,PRJ000502,Shri M K Raghavan,EXPENDITURE,945000.0,2023-11-14,PFMS_E_PAYMENT,National Civic Infrastructure Developers
TRX00001541,PRJ000503,Shri M K Raghavan,SANCTION,3120000.0,2023-01-21,TREASURY_TRANSFER,Alappuzha District Rural Development Agency (DRDA)
TRX00001542,PRJ000503,Shri M K Raghavan,EXPENDITURE,1716000.0,2023-02-20,PFMS_E_PAYMENT,Apex Infracon & Highway Contractors
TRX00001543,PRJ000503,Shri M K Raghavan,EXPENDITURE,1404000.0,2023-04-21,PFMS_E_PAYMENT,Apex Infracon & Highway Contractors
TRX00001544,PRJ000504,Shri Abdul Wahab (2021-27) (2021-2027),SANCTION,4030000.0,2023-01-17,TREASURY_TRANSFER,Alappuzha Municipal Corporation Infrastructure Cell
TRX00001545,PRJ000504,Shri Abdul Wahab (2021-27) (2021-2027),EXPENDITURE,997425.0,2023-02-16,PFMS_E_PAYMENT,UrbanDrain Civil Engineering Co
TRX00001546,PRJ000504,Shri Abdul Wahab (2021-27) (2021-2027),EXPENDITURE,816075.0,2023-04-17,PFMS_E_PAYMENT,UrbanDrain Civil Engineering Co
TRX00001547,PRJ000505,Shri Abdul Wahab (2021-27) (2021-2027),SANCTION,6720000.0,2022-06-23,TREASURY_TRANSFER,Alappuzha Municipal Corporation Infrastructure Cell
TRX00001548,PRJ000505,Shri Abdul Wahab (2021-27) (2021-2027),EXPENDITURE,141968.32,2022-07-23,PFMS_E_PAYMENT,MedTech Healthcare Infrastructure Ltd
TRX00001549,PRJ000505,Shri Abdul Wahab (2021-27) (2021-2027),EXPENDITURE,116155.89,2022-09-21,PFMS_E_PAYMENT,MedTech Healthcare Infrastructure Ltd
TRX00001550,PRJ000506,Shri Abdul Wahab (2021-27) (2021-2027),SANCTION,1730000.0,2022-11-09,TREASURY_TRANSFER,Alappuzha Municipal Corporation Infrastructure Cell
TRX00001551,PRJ000506,Shri Abdul Wahab (2021-27) (2021-2027),EXPENDITURE,567094.0,2022-12-09,PFMS_E_PAYMENT,AquaPure Water Systems & Drilling Corp
TRX00001552,PRJ000506,Shri Abdul Wahab (2021-27) (2021-2027),EXPENDITURE,463986.0,2023-02-07,PFMS_E_PAYMENT,AquaPure Water Systems & Drilling Corp
TRX00001553,PRJ000507,Shri Abdul Wahab (2021-27) (2021-2027),SANCTION,2410000.0,2023-05-07,TREASURY_TRANSFER,Alappuzha State Water Supply & Sanitation Board (WSSB)
TRX00001554,PRJ000507,Shri Abdul Wahab (2021-27) (2021-2027),EXPENDITURE,596475.0,2023-06-06,PFMS_E_PAYMENT,Speedway Repair & Resurfacing Contractors
TRX00001555,PRJ000507,Shri Abdul Wahab (2021-27) (2021-2027),EXPENDITURE,488025.0,2023-08-05,PFMS_E_PAYMENT,Speedway Repair & Resurfacing Contractors
TRX00001556,PRJ000508,Dr. Bhim Singh (2024-30) (2024-2030),SANCTION,1500000.0,2023-08-02,TREASURY_TRANSFER,Muzaffarpur District Rural Development Agency (DRDA)
TRX00001557,PRJ000508,Dr. Bhim Singh (2024-30) (2024-2030),EXPENDITURE,754184.11,2023-09-01,PFMS_E_PAYMENT,SwachhBharat Sanitation Infra Ltd
TRX00001558,PRJ000508,Dr. Bhim Singh (2024-30) (2024-2030),EXPENDITURE,617059.72,2023-10-31,PFMS_E_PAYMENT,SwachhBharat Sanitation Infra Ltd
TRX00001559,PRJ000509,Dr. Bhim Singh (2024-30) (2024-2030),SANCTION,6660000.0,2022-08-07,TREASURY_TRANSFER,Bhagalpur Public Works Department (PWD)
TRX00001560,PRJ000509,Dr. Bhim Singh (2024-30) (2024-2030),EXPENDITURE,2769228.0,2022-09-06,PFMS_E_PAYMENT,CleanWater Sanitation & Drainage Works Pvt Ltd
TRX00001561,PRJ000509,Dr. Bhim Singh (2024-30) (2024-2030),EXPENDITURE,2265732.0,2022-11-05,PFMS_E_PAYMENT,CleanWater Sanitation & Drainage Works Pvt Ltd
TRX00001562,PRJ000510,Dr. Bhim Singh (2024-30) (2024-2030),SANCTION,1580000.0,2022-05-09,TREASURY_TRANSFER,Muzaffarpur District Rural Development Agency (DRDA)
TRX00001563,PRJ000510,Dr. Bhim Singh (2024-30) (2024-2030),EXPENDITURE,289377.0,2022-06-08,PFMS_E_PAYMENT,National Civic Infrastructure Developers
TRX00001564,PRJ000510,Dr. Bhim Singh (2024-30) (2024-2030),EXPENDITURE,236763.0,2022-08-07,PFMS_E_PAYMENT,National Civic Infrastructure Developers
TRX00001565,PRJ000511,BHOJRAJ NAG,SANCTION,3280000.0,2023-06-02,TREASURY_TRANSFER,Rajnandgaon Public Works Department (PWD)
TRX00001566,PRJ000511,BHOJRAJ NAG,EXPENDITURE,1804000.0,2023-07-02,PFMS_E_PAYMENT,Speedway Repair & Resurfacing Contractors
TRX00001567,PRJ000511,BHOJRAJ NAG,EXPENDITURE,1476000.0,2023-08-31,PFMS_E_PAYMENT,Speedway Repair & Resurfacing Contractors
TRX00001568,PRJ000512,BHOJRAJ NAG,SANCTION,2690000.0,2022-07-23,TREASURY_TRANSFER,Durg State Water Supply & Sanitation Board (WSSB)
TRX00001569,PRJ000512,BHOJRAJ NAG,EXPENDITURE,1479500.0,2022-08-22,PFMS_E_PAYMENT,CleanWater Sanitation & Drainage Works Pvt Ltd
TRX00001570,PRJ000512,BHOJRAJ NAG,EXPENDITURE,1210500.0,2022-10-21,PFMS_E_PAYMENT,CleanWater Sanitation & Drainage Works Pvt Ltd
TRX00001571,PRJ000513,JAGADISH CHANDRA BARMA BASUNIA,SANCTION,5280000.0,2022-09-02,TREASURY_TRANSFER,Siliguri State Water Supply & Sanitation Board (WSSB)
TRX00001572,PRJ000513,JAGADISH CHANDRA BARMA BASUNIA,EXPENDITURE,2044416.0,2022-10-02,PFMS_E_PAYMENT,CleanWater Sanitation & Drainage Works Pvt Ltd
TRX00001573,PRJ000513,JAGADISH CHANDRA BARMA BASUNIA,EXPENDITURE,1672704.0,2022-12-01,PFMS_E_PAYMENT,CleanWater Sanitation & Drainage Works Pvt Ltd
TRX00001574,PRJ000514,JAGADISH CHANDRA BARMA BASUNIA,SANCTION,7840000.0,2023-06-27,TREASURY_TRANSFER,Kolkata District Rural Development Agency (DRDA)
TRX00001575,PRJ000514,JAGADISH CHANDRA BARMA BASUNIA,EXPENDITURE,2863168.0,2023-07-27,PFMS_E_PAYMENT,UrbanDrain Civil Engineering Co
TRX00001576,PRJ000514,JAGADISH CHANDRA BARMA BASUNIA,EXPENDITURE,2342592.0,2023-09-25,PFMS_E_PAYMENT,UrbanDrain Civil Engineering Co
TRX00001577,PRJ000515,KONDA VISHWESHWAR REDDY,SANCTION,1820000.0,2022-06-22,TREASURY_TRANSFER,Khammam Municipal Corporation Infrastructure Cell
TRX00001578,PRJ000515,KONDA VISHWESHWAR REDDY,EXPENDITURE,450450.0,2022-07-22,PFMS_E_PAYMENT,TechLine IT & Lab Equipment Solutions Pvt Ltd
TRX00001579,PRJ000515,KONDA VISHWESHWAR REDDY,EXPENDITURE,368550.0,2022-09-20,PFMS_E_PAYMENT,TechLine IT & Lab Equipment Solutions Pvt Ltd
TRX00001580,PRJ000516,KONDA VISHWESHWAR REDDY,SANCTION,6280000.0,2023-05-19,TREASURY_TRANSFER,Ramagundam District Rural Development Agency (DRDA)
TRX00001581,PRJ000516,KONDA VISHWESHWAR REDDY,EXPENDITURE,2186382.0,2023-06-18,PFMS_E_PAYMENT,UrbanDrain Civil Engineering Co
TRX00001582,PRJ000516,KONDA VISHWESHWAR REDDY,EXPENDITURE,1788858.0,2023-08-17,PFMS_E_PAYMENT,UrbanDrain Civil Engineering Co
TRX00001583,PRJ000517,KONDA VISHWESHWAR REDDY,SANCTION,5730000.0,2022-09-03,TREASURY_TRANSFER,Ramagundam District Rural Development Agency (DRDA)
TRX00001584,PRJ000517,KONDA VISHWESHWAR REDDY,EXPENDITURE,3151500.0,2022-10-03,PFMS_E_PAYMENT,SmartTransit Urban Infra Solutions
TRX00001585,PRJ000517,KONDA VISHWESHWAR REDDY,EXPENDITURE,2578500.0,2022-12-02,PFMS_E_PAYMENT,SmartTransit Urban Infra Solutions
TRX00001586,PRJ000518,DARSHAN SINGH CHOUDHARY,SANCTION,7540000.0,2023-06-18,TREASURY_TRANSFER,Gwalior State Water Supply & Sanitation Board (WSSB)
TRX00001587,PRJ000518,DARSHAN SINGH CHOUDHARY,EXPENDITURE,2355496.0,2023-07-18,PFMS_E_PAYMENT,ProSport Infrastructure & Turf Solutions
TRX00001588,PRJ000518,DARSHAN SINGH CHOUDHARY,EXPENDITURE,1927224.0,2023-09-16,PFMS_E_PAYMENT,ProSport Infrastructure & Turf Solutions
TRX00001589,PRJ000519,DARSHAN SINGH CHOUDHARY,SANCTION,1720000.0,2023-12-13,TREASURY_TRANSFER,Gwalior Public Works Department (PWD)
TRX00001590,PRJ000519,DARSHAN SINGH CHOUDHARY,EXPENDITURE,246906.0,2024-01-12,PFMS_E_PAYMENT,CleanWater Sanitation & Drainage Works Pvt Ltd
TRX00001591,PRJ000519,DARSHAN SINGH CHOUDHARY,EXPENDITURE,202014.0,2024-03-12,PFMS_E_PAYMENT,CleanWater Sanitation & Drainage Works Pvt Ltd
TRX00001592,PRJ000520,DARSHAN SINGH CHOUDHARY,SANCTION,3250000.0,2022-08-10,TREASURY_TRANSFER,Gwalior Public Works Department (PWD)
TRX00001593,PRJ000520,DARSHAN SINGH CHOUDHARY,EXPENDITURE,1340625.0,2022-09-09,PFMS_E_PAYMENT,Speedway Repair & Resurfacing Contractors
TRX00001594,PRJ000520,DARSHAN SINGH CHOUDHARY,EXPENDITURE,1096875.0,2022-11-08,PFMS_E_PAYMENT,Speedway Repair & Resurfacing Contractors
TRX00001595,PRJ000520,DARSHAN SINGH CHOUDHARY,EXPENDITURE,1340625.0,2022-09-12,PFMS_E_PAYMENT,Speedway Repair & Resurfacing Contractors
TRX00001596,PRJ000521,DARSHAN SINGH CHOUDHARY,SANCTION,6180000.0,2023-06-16,TREASURY_TRANSFER,Ujjain District Rural Development Agency (DRDA)
TRX00001597,PRJ000521,DARSHAN SINGH CHOUDHARY,EXPENDITURE,1536348.0,2023-07-16,PFMS_E_PAYMENT,Paramount Multi-Sector Construction Ltd
TRX00001598,PRJ000521,DARSHAN SINGH CHOUDHARY,EXPENDITURE,1257012.0,2023-09-14,PFMS_E_PAYMENT,Paramount Multi-Sector Construction Ltd
TRX00001599,PRJ000522,ARUN BHARTI,SANCTION,3900000.0,2023-08-11,TREASURY_TRANSFER,Patna State Water Supply & Sanitation Board (WSSB)
TRX00001600,PRJ000522,ARUN BHARTI,EXPENDITURE,630630.0,2023-09-10,PFMS_E_PAYMENT,UrbanDrain Civil Engineering Co
TRX00001601,PRJ000522,ARUN BHARTI,EXPENDITURE,515970.0,2023-11-09,PFMS_E_PAYMENT,UrbanDrain Civil Engineering Co
TRX00001602,PRJ000523,ARUN BHARTI,SANCTION,2740000.0,2022-12-16,TREASURY_TRANSFER,Patna State Water Supply & Sanitation Board (WSSB)
TRX00001603,PRJ000523,ARUN BHARTI,EXPENDITURE,691713.0,2023-01-15,PFMS_E_PAYMENT,CleanWater Sanitation & Drainage Works Pvt Ltd
TRX00001604,PRJ000523,ARUN BHARTI,EXPENDITURE,565947.0,2023-03-16,PFMS_E_PAYMENT,CleanWater Sanitation & Drainage Works Pvt Ltd
TRX00001605,PRJ000524,Shri Dhananjay Bhimrao Mahadik (2022-28) (2022-2028),SANCTION,3200000.0,2022-09-13,TREASURY_TRANSFER,Thane District Rural Development Agency (DRDA)
TRX00001606,PRJ000524,Shri Dhananjay Bhimrao Mahadik (2022-28) (2022-2028),EXPENDITURE,487520.0,2022-10-13,PFMS_E_PAYMENT,Paramount Multi-Sector Construction Ltd
TRX00001607,PRJ000524,Shri Dhananjay Bhimrao Mahadik (2022-28) (2022-2028),EXPENDITURE,398880.0,2022-12-12,PFMS_E_PAYMENT,Paramount Multi-Sector Construction Ltd
TRX00001608,PRJ000525,Shri Dhananjay Bhimrao Mahadik (2022-28) (2022-2028),SANCTION,1110000.0,2023-02-11,TREASURY_TRANSFER,Thane District Rural Development Agency (DRDA)
TRX00001609,PRJ000525,Shri Dhananjay Bhimrao Mahadik (2022-28) (2022-2028),EXPENDITURE,333943.5,2023-03-13,PFMS_E_PAYMENT,Apex Infracon & Highway Contractors
TRX00001610,PRJ000525,Shri Dhananjay Bhimrao Mahadik (2022-28) (2022-2028),EXPENDITURE,273226.5,2023-05-12,PFMS_E_PAYMENT,Apex Infracon & Highway Contractors
TRX00001611,PRJ000526,Shri Dhananjay Bhimrao Mahadik (2022-28) (2022-2028),SANCTION,7460000.0,2022-06-22,TREASURY_TRANSFER,Thane Public Works Department (PWD)
TRX00001612,PRJ000526,Shri Dhananjay Bhimrao Mahadik (2022-28) (2022-2028),EXPENDITURE,166566.82,2022-07-22,PFMS_E_PAYMENT,BridgeTech Structures Pvt Ltd
TRX00001613,PRJ000526,Shri Dhananjay Bhimrao Mahadik (2022-28) (2022-2028),EXPENDITURE,136281.94,2022-09-20,PFMS_E_PAYMENT,BridgeTech Structures Pvt Ltd
TRX00001614,PRJ000527,Shri Dhananjay Bhimrao Mahadik (2022-28) (2022-2028),SANCTION,1630000.0,2022-04-19,TREASURY_TRANSFER,Aurangabad State Water Supply & Sanitation Board (WSSB)
TRX00001615,PRJ000527,Shri Dhananjay Bhimrao Mahadik (2022-28) (2022-2028),EXPENDITURE,21162.31,2022-05-19,PFMS_E_PAYMENT,Apex Infracon & Highway Contractors
TRX00001616,PRJ000527,Shri Dhananjay Bhimrao Mahadik (2022-28) (2022-2028),EXPENDITURE,17314.62,2022-07-18,PFMS_E_PAYMENT,Apex Infracon & Highway Contractors
TRX00001617,PRJ000528,Hon'ble MP,SANCTION,7690000.0,2023-01-22,TREASURY_TRANSFER,Aurangabad State Water Supply & Sanitation Board (WSSB)
TRX00001618,PRJ000528,Hon'ble MP,EXPENDITURE,1903275.0,2023-02-21,PFMS_E_PAYMENT,SwachhBharat Sanitation Infra Ltd
TRX00001619,PRJ000528,Hon'ble MP,EXPENDITURE,1557225.0,2023-04-22,PFMS_E_PAYMENT,SwachhBharat Sanitation Infra Ltd
TRX00001620,PRJ000529,Hon'ble MP,SANCTION,6210000.0,2022-11-04,TREASURY_TRANSFER,Thane District Rural Development Agency (DRDA)
TRX00001621,PRJ000529,Hon'ble MP,EXPENDITURE,2708491.5,2022-12-04,PFMS_E_PAYMENT,AquaPure Water Systems & Drilling Corp
TRX00001622,PRJ000529,Hon'ble MP,EXPENDITURE,2216038.5,2023-02-02,PFMS_E_PAYMENT,AquaPure Water Systems & Drilling Corp
TRX00001623,PRJ000530,Hon'ble MP,SANCTION,4220000.0,2022-11-14,TREASURY_TRANSFER,Aurangabad State Water Supply & Sanitation Board (WSSB)
TRX00001624,PRJ000530,Hon'ble MP,EXPENDITURE,1044450.0,2022-12-14,PFMS_E_PAYMENT,ProSport Infrastructure & Turf Solutions
TRX00001625,PRJ000530,Hon'ble MP,EXPENDITURE,854550.0,2023-02-12,PFMS_E_PAYMENT,ProSport Infrastructure & Turf Solutions
TRX00001626,PRJ000531,Shri Tiruchi Siva (2026-32) (2026-2032),SANCTION,7470000.0,2023-02-07,TREASURY_TRANSFER,Madurai Public Works Department (PWD)
TRX00001627,PRJ000531,Shri Tiruchi Siva (2026-32) (2026-2032),EXPENDITURE,1848825.0,2023-03-09,PFMS_E_PAYMENT,Apex Infracon & Highway Contractors
TRX00001628,PRJ000531,Shri Tiruchi Siva (2026-32) (2026-2032),EXPENDITURE,1512675.0,2023-05-08,PFMS_E_PAYMENT,Apex Infracon & Highway Contractors
TRX00001629,PRJ000532,Shri Tiruchi Siva (2026-32) (2026-2032),SANCTION,2280000.0,2022-11-17,TREASURY_TRANSFER,Chennai State Water Supply & Sanitation Board (WSSB)
TRX00001630,PRJ000532,Shri Tiruchi Siva (2026-32) (2026-2032),EXPENDITURE,596904.0,2022-12-17,PFMS_E_PAYMENT,MedTech Healthcare Infrastructure Ltd
TRX00001631,PRJ000532,Shri Tiruchi Siva (2026-32) (2026-2032),EXPENDITURE,488376.0,2023-02-15,PFMS_E_PAYMENT,MedTech Healthcare Infrastructure Ltd
TRX00001632,PRJ000533,Shri Tiruchi Siva (2026-32) (2026-2032),SANCTION,3590000.0,2023-02-09,TREASURY_TRANSFER,Chennai State Water Supply & Sanitation Board (WSSB)
TRX00001633,PRJ000533,Shri Tiruchi Siva (2026-32) (2026-2032),EXPENDITURE,1974500.0,2023-03-11,PFMS_E_PAYMENT,SmartTransit Urban Infra Solutions
TRX00001634,PRJ000533,Shri Tiruchi Siva (2026-32) (2026-2032),EXPENDITURE,1615500.0,2023-05-10,PFMS_E_PAYMENT,SmartTransit Urban Infra Solutions
TRX00001635,PRJ000534,DR. PRASHANT YADAORAO PADOLE,SANCTION,1390000.0,2023-05-11,TREASURY_TRANSFER,Thane District Rural Development Agency (DRDA)
TRX00001636,PRJ000534,DR. PRASHANT YADAORAO PADOLE,EXPENDITURE,617449.76,2023-06-10,PFMS_E_PAYMENT,UrbanDrain Civil Engineering Co
TRX00001637,PRJ000534,DR. PRASHANT YADAORAO PADOLE,EXPENDITURE,505186.17,2023-08-09,PFMS_E_PAYMENT,UrbanDrain Civil Engineering Co
TRX00001638,PRJ000535,DR. PRASHANT YADAORAO PADOLE,SANCTION,4900000.0,2023-08-11,TREASURY_TRANSFER,Thane Public Works Department (PWD)
TRX00001639,PRJ000535,DR. PRASHANT YADAORAO PADOLE,EXPENDITURE,1064525.0,2023-09-10,PFMS_E_PAYMENT,CleanWater Sanitation & Drainage Works Pvt Ltd
TRX00001640,PRJ000535,DR. PRASHANT YADAORAO PADOLE,EXPENDITURE,870975.0,2023-11-09,PFMS_E_PAYMENT,CleanWater Sanitation & Drainage Works Pvt Ltd
TRX00001641,PRJ000536,ADHIKARI SOUMENDU,SANCTION,4470000.0,2022-06-10,TREASURY_TRANSFER,Siliguri State Water Supply & Sanitation Board (WSSB)
TRX00001642,PRJ000536,ADHIKARI SOUMENDU,EXPENDITURE,117572.24,2022-07-10,PFMS_E_PAYMENT,AquaPure Water Systems & Drilling Corp
TRX00001643,PRJ000536,ADHIKARI SOUMENDU,EXPENDITURE,96195.47,2022-09-08,PFMS_E_PAYMENT,AquaPure Water Systems & Drilling Corp
TRX00001644,PRJ000537,ADHIKARI SOUMENDU,SANCTION,4570000.0,2022-06-03,TREASURY_TRANSFER,Kolkata District Rural Development Agency (DRDA)
TRX00001645,PRJ000537,ADHIKARI SOUMENDU,EXPENDITURE,128058.07,2022-07-03,PFMS_E_PAYMENT,UrbanDrain Civil Engineering Co
TRX00001646,PRJ000537,ADHIKARI SOUMENDU,EXPENDITURE,104774.79,2022-09-01,PFMS_E_PAYMENT,UrbanDrain Civil Engineering Co
TRX00001647,PRJ000538,ADHIKARI SOUMENDU,SANCTION,7620000.0,2023-07-24,TREASURY_TRANSFER,Kolkata District Rural Development Agency (DRDA)
TRX00001648,PRJ000538,ADHIKARI SOUMENDU,EXPENDITURE,5951220.0,2023-08-23,PFMS_E_PAYMENT,MedTech Healthcare Infrastructure Ltd
TRX00001649,PRJ000538,ADHIKARI SOUMENDU,EXPENDITURE,4869180.0,2023-10-22,PFMS_E_PAYMENT,MedTech Healthcare Infrastructure Ltd
TRX00001650,PRJ000539,Omprakash Bhupalsinh Alias Pawan Rajenimbalkar,SANCTION,5350000.0,2023-05-05,TREASURY_TRANSFER,Thane District Rural Development Agency (DRDA)
TRX00001651,PRJ000539,Omprakash Bhupalsinh Alias Pawan Rajenimbalkar,EXPENDITURE,2414334.1,2023-06-04,PFMS_E_PAYMENT,Apex Infracon & Highway Contractors
TRX00001652,PRJ000539,Omprakash Bhupalsinh Alias Pawan Rajenimbalkar,EXPENDITURE,1975364.26,2023-08-03,PFMS_E_PAYMENT,Apex Infracon & Highway Contractors
TRX00001653,PRJ000540,Omprakash Bhupalsinh Alias Pawan Rajenimbalkar,SANCTION,6010000.0,2022-07-26,TREASURY_TRANSFER,Thane District Rural Development Agency (DRDA)
TRX00001654,PRJ000540,Omprakash Bhupalsinh Alias Pawan Rajenimbalkar,EXPENDITURE,1001566.5,2022-08-25,PFMS_E_PAYMENT,Paramount Multi-Sector Construction Ltd
TRX00001655,PRJ000540,Omprakash Bhupalsinh Alias Pawan Rajenimbalkar,EXPENDITURE,819463.5,2022-10-24,PFMS_E_PAYMENT,Paramount Multi-Sector Construction Ltd
TRX00001656,PRJ000541,Omprakash Bhupalsinh Alias Pawan Rajenimbalkar,SANCTION,6940000.0,2023-04-05,TREASURY_TRANSFER,Aurangabad State Water Supply & Sanitation Board (WSSB)
TRX00001657,PRJ000541,Omprakash Bhupalsinh Alias Pawan Rajenimbalkar,EXPENDITURE,2816946.0,2023-05-05,PFMS_E_PAYMENT,National Civic Infrastructure Developers
TRX00001658,PRJ000541,Omprakash Bhupalsinh Alias Pawan Rajenimbalkar,EXPENDITURE,2304774.0,2023-07-04,PFMS_E_PAYMENT,National Civic Infrastructure Developers
TRX00001659,PRJ000542,Omprakash Bhupalsinh Alias Pawan Rajenimbalkar,SANCTION,5750000.0,2023-01-03,TREASURY_TRANSFER,Mumbai Municipal Corporation Infrastructure Cell
TRX00001660,PRJ000542,Omprakash Bhupalsinh Alias Pawan Rajenimbalkar,EXPENDITURE,733700.0,2023-02-02,PFMS_E_PAYMENT,TechLine IT & Lab Equipment Solutions Pvt Ltd
TRX00001661,PRJ000542,Omprakash Bhupalsinh Alias Pawan Rajenimbalkar,EXPENDITURE,600300.0,2023-04-03,PFMS_E_PAYMENT,TechLine IT & Lab Equipment Solutions Pvt Ltd
TRX00001662,PRJ000543,Omprakash Bhupalsinh Alias Pawan Rajenimbalkar,SANCTION,2450000.0,2023-05-20,TREASURY_TRANSFER,Thane District Rural Development Agency (DRDA)
TRX00001663,PRJ000543,Omprakash Bhupalsinh Alias Pawan Rajenimbalkar,EXPENDITURE,927080.0,2023-06-19,PFMS_E_PAYMENT,SunPower Renewable Energy Systems
TRX00001664,PRJ000543,Omprakash Bhupalsinh Alias Pawan Rajenimbalkar,EXPENDITURE,758520.0,2023-08-18,PFMS_E_PAYMENT,SunPower Renewable Energy Systems
TRX00001665,PRJ000544,Shri Akhilesh Prasad Singh (2024-30) (2024-2030),SANCTION,3390000.0,2023-08-16,TREASURY_TRANSFER,Bhagalpur Public Works Department (PWD)
TRX00001666,PRJ000544,Shri Akhilesh Prasad Singh (2024-30) (2024-2030),EXPENDITURE,1098190.5,2023-09-15,PFMS_E_PAYMENT,National Civic Infrastructure Developers
TRX00001667,PRJ000544,Shri Akhilesh Prasad Singh (2024-30) (2024-2030),EXPENDITURE,898519.5,2023-11-14,PFMS_E_PAYMENT,National Civic Infrastructure Developers
TRX00001668,PRJ000545,Shri Akhilesh Prasad Singh (2024-30) (2024-2030),SANCTION,3770000.0,2022-09-19,TREASURY_TRANSFER,Patna State Water Supply & Sanitation Board (WSSB)
TRX00001669,PRJ000545,Shri Akhilesh Prasad Singh (2024-30) (2024-2030),EXPENDITURE,1331187.0,2022-10-19,PFMS_E_PAYMENT,UrbanDrain Civil Engineering Co
TRX00001670,PRJ000545,Shri Akhilesh Prasad Singh (2024-30) (2024-2030),EXPENDITURE,1089153.0,2022-12-18,PFMS_E_PAYMENT,UrbanDrain Civil Engineering Co
TRX00001671,PRJ000546,Shri Akhilesh Prasad Singh (2024-30) (2024-2030),SANCTION,4400000.0,2022-06-13,TREASURY_TRANSFER,Muzaffarpur District Rural Development Agency (DRDA)
TRX00001672,PRJ000546,Shri Akhilesh Prasad Singh (2024-30) (2024-2030),EXPENDITURE,2420000.0,2022-07-13,PFMS_E_PAYMENT,TechLine IT & Lab Equipment Solutions Pvt Ltd
TRX00001673,PRJ000546,Shri Akhilesh Prasad Singh (2024-30) (2024-2030),EXPENDITURE,1980000.0,2022-09-11,PFMS_E_PAYMENT,TechLine IT & Lab Equipment Solutions Pvt Ltd
TRX00001674,PRJ000547,Dr. Vikramjit Singh Sahney (2022-28) (2022-2028),SANCTION,6510000.0,2022-08-20,TREASURY_TRANSFER,Jalandhar Public Works Department (PWD)
TRX00001675,PRJ000547,Dr. Vikramjit Singh Sahney (2022-28) (2022-2028),EXPENDITURE,1611225.0,2022-09-19,PFMS_E_PAYMENT,ProSport Infrastructure & Turf Solutions
TRX00001676,PRJ000547,Dr. Vikramjit Singh Sahney (2022-28) (2022-2028),EXPENDITURE,1318275.0,2022-11-18,PFMS_E_PAYMENT,ProSport Infrastructure & Turf Solutions
TRX00001677,PRJ000548,Dr. Vikramjit Singh Sahney (2022-28) (2022-2028),SANCTION,7670000.0,2023-11-19,TREASURY_TRANSFER,Patiala Municipal Corporation Infrastructure Cell
TRX00001678,PRJ000548,Dr. Vikramjit Singh Sahney (2022-28) (2022-2028),EXPENDITURE,3163875.0,2023-12-19,PFMS_E_PAYMENT,National Civic Infrastructure Developers
TRX00001679,PRJ000548,Dr. Vikramjit Singh Sahney (2022-28) (2022-2028),EXPENDITURE,2588625.0,2024-02-17,PFMS_E_PAYMENT,National Civic Infrastructure Developers
TRX00001680,PRJ000548,Dr. Vikramjit Singh Sahney (2022-28) (2022-2028),EXPENDITURE,3163875.0,2023-12-22,PFMS_E_PAYMENT,National Civic Infrastructure Developers
TRX00001681,PRJ000549,Dr. Vikramjit Singh Sahney (2022-28) (2022-2028),SANCTION,7010000.0,2023-06-14,TREASURY_TRANSFER,Chandigarh State Water Supply & Sanitation Board (WSSB)
TRX00001682,PRJ000549,Dr. Vikramjit Singh Sahney (2022-28) (2022-2028),EXPENDITURE,1588466.0,2023-07-14,PFMS_E_PAYMENT,UrbanDrain Civil Engineering Co
TRX00001683,PRJ000549,Dr. Vikramjit Singh Sahney (2022-28) (2022-2028),EXPENDITURE,1299654.0,2023-09-12,PFMS_E_PAYMENT,UrbanDrain Civil Engineering Co
TRX00001684,PRJ000550,Dr. Vikramjit Singh Sahney (2022-28) (2022-2028),SANCTION,3950000.0,2023-07-08,TREASURY_TRANSFER,Patiala Municipal Corporation Infrastructure Cell
TRX00001685,PRJ000550,Dr. Vikramjit Singh Sahney (2022-28) (2022-2028),EXPENDITURE,945037.5,2023-08-07,PFMS_E_PAYMENT,Speedway Repair & Resurfacing Contractors
TRX00001686,PRJ000550,Dr. Vikramjit Singh Sahney (2022-28) (2022-2028),EXPENDITURE,773212.5,2023-10-06,PFMS_E_PAYMENT,Speedway Repair & Resurfacing Contractors
TRX00001687,PRJ000551,SUKANTA KUMAR PANIGRAHI,SANCTION,1980000.0,2022-06-06,TREASURY_TRANSFER,Puri Public Works Department (PWD)
TRX00001688,PRJ000551,SUKANTA KUMAR PANIGRAHI,EXPENDITURE,48997.49,2022-07-06,PFMS_E_PAYMENT,TechLine IT & Lab Equipment Solutions Pvt Ltd
TRX00001689,PRJ000551,SUKANTA KUMAR PANIGRAHI,EXPENDITURE,40088.86,2022-09-04,PFMS_E_PAYMENT,TechLine IT & Lab Equipment Solutions Pvt Ltd
TRX00001690,PRJ000552,SUKANTA KUMAR PANIGRAHI,SANCTION,3680000.0,2022-04-21,TREASURY_TRANSFER,Puri Municipal Corporation Infrastructure Cell
TRX00001691,PRJ000552,SUKANTA KUMAR PANIGRAHI,EXPENDITURE,39026.64,2022-05-21,PFMS_E_PAYMENT,BridgeTech Structures Pvt Ltd
TRX00001692,PRJ000552,SUKANTA KUMAR PANIGRAHI,EXPENDITURE,31930.89,2022-07-20,PFMS_E_PAYMENT,BridgeTech Structures Pvt Ltd
TRX00001693,PRJ000553,SUKANTA KUMAR PANIGRAHI,SANCTION,1960000.0,2022-08-31,TREASURY_TRANSFER,Berhampur District Rural Development Agency (DRDA)
TRX00001694,PRJ000553,SUKANTA KUMAR PANIGRAHI,EXPENDITURE,879673.29,2022-09-30,PFMS_E_PAYMENT,National Civic Infrastructure Developers
TRX00001695,PRJ000553,SUKANTA KUMAR PANIGRAHI,EXPENDITURE,719732.69,2022-11-29,PFMS_E_PAYMENT,National Civic Infrastructure Developers
TRX00001696,PRJ000554,SUKANTA KUMAR PANIGRAHI,SANCTION,7580000.0,2022-07-15,TREASURY_TRANSFER,Berhampur District Rural Development Agency (DRDA)
TRX00001697,PRJ000554,SUKANTA KUMAR PANIGRAHI,EXPENDITURE,6253500.0,2022-08-14,PFMS_E_PAYMENT,UrbanDrain Civil Engineering Co
TRX00001698,PRJ000554,SUKANTA KUMAR PANIGRAHI,EXPENDITURE,5116500.0,2022-10-13,PFMS_E_PAYMENT,UrbanDrain Civil Engineering Co
TRX00001699,PRJ000555,SUKANTA KUMAR PANIGRAHI,SANCTION,3530000.0,2023-02-06,TREASURY_TRANSFER,Puri State Water Supply & Sanitation Board (WSSB)
TRX00001700,PRJ000555,SUKANTA KUMAR PANIGRAHI,EXPENDITURE,997931.0,2023-03-08,PFMS_E_PAYMENT,UrbanDrain Civil Engineering Co
TRX00001701,PRJ000555,SUKANTA KUMAR PANIGRAHI,EXPENDITURE,816489.0,2023-05-07,PFMS_E_PAYMENT,UrbanDrain Civil Engineering Co
TRX00001702,PRJ000556,DR BYREDDY SHABARI,SANCTION,5070000.0,2022-09-23,TREASURY_TRANSFER,Visakhapatnam State Water Supply & Sanitation Board (WSSB)
TRX00001703,PRJ000556,DR BYREDDY SHABARI,EXPENDITURE,1357999.5,2022-10-23,PFMS_E_PAYMENT,CleanWater Sanitation & Drainage Works Pvt Ltd
TRX00001704,PRJ000556,DR BYREDDY SHABARI,EXPENDITURE,1111090.5,2022-12-22,PFMS_E_PAYMENT,CleanWater Sanitation & Drainage Works Pvt Ltd
TRX00001705,PRJ000557,DR BYREDDY SHABARI,SANCTION,3690000.0,2023-06-27,TREASURY_TRANSFER,Guntur District Rural Development Agency (DRDA)
TRX00001706,PRJ000557,DR BYREDDY SHABARI,EXPENDITURE,781357.5,2023-07-27,PFMS_E_PAYMENT,Paramount Multi-Sector Construction Ltd
TRX00001707,PRJ000557,DR BYREDDY SHABARI,EXPENDITURE,639292.5,2023-09-25,PFMS_E_PAYMENT,Paramount Multi-Sector Construction Ltd
TRX00001708,PRJ000558,DR BYREDDY SHABARI,SANCTION,5400000.0,2023-02-22,TREASURY_TRANSFER,Guntur Municipal Corporation Infrastructure Cell
TRX00001709,PRJ000558,DR BYREDDY SHABARI,EXPENDITURE,1648350.0,2023-03-24,PFMS_E_PAYMENT,Speedway Repair & Resurfacing Contractors
TRX00001710,PRJ000558,DR BYREDDY SHABARI,EXPENDITURE,1348650.0,2023-05-23,PFMS_E_PAYMENT,Speedway Repair & Resurfacing Contractors
TRX00001711,PRJ000559,DR BYREDDY SHABARI,SANCTION,3510000.0,2023-10-21,TREASURY_TRANSFER,Visakhapatnam State Water Supply & Sanitation Board (WSSB)
TRX00001712,PRJ000559,DR BYREDDY SHABARI,EXPENDITURE,1930500.0,2023-11-20,PFMS_E_PAYMENT,AquaPure Water Systems & Drilling Corp
TRX00001713,PRJ000559,DR BYREDDY SHABARI,EXPENDITURE,1579500.0,2024-01-19,PFMS_E_PAYMENT,AquaPure Water Systems & Drilling Corp
TRX00001714,PRJ000560,Shri Neeraj Shekhar (2020-26) (2020-2026),SANCTION,2040000.0,2022-06-15,TREASURY_TRANSFER,Varanasi District Rural Development Agency (DRDA)
TRX00001715,PRJ000560,Shri Neeraj Shekhar (2020-26) (2020-2026),EXPENDITURE,47976.07,2022-07-15,PFMS_E_PAYMENT,TechLine IT & Lab Equipment Solutions Pvt Ltd
TRX00001716,PRJ000560,Shri Neeraj Shekhar (2020-26) (2020-2026),EXPENDITURE,39253.15,2022-09-13,PFMS_E_PAYMENT,TechLine IT & Lab Equipment Solutions Pvt Ltd
TRX00001717,PRJ000561,Shri Neeraj Shekhar (2020-26) (2020-2026),SANCTION,5630000.0,2023-05-14,TREASURY_TRANSFER,Varanasi District Rural Development Agency (DRDA)
TRX00001718,PRJ000561,Shri Neeraj Shekhar (2020-26) (2020-2026),EXPENDITURE,2589569.1,2023-06-13,PFMS_E_PAYMENT,SunPower Renewable Energy Systems
TRX00001719,PRJ000561,Shri Neeraj Shekhar (2020-26) (2020-2026),EXPENDITURE,2118738.35,2023-08-12,PFMS_E_PAYMENT,SunPower Renewable Energy Systems
TRX00001720,PRJ000562,Smt. Sangeeta Yadav (2022-28) (2022-2028),SANCTION,4050000.0,2022-08-21,TREASURY_TRANSFER,Varanasi District Rural Development Agency (DRDA)
TRX00001721,PRJ000562,Smt. Sangeeta Yadav (2022-28) (2022-2028),EXPENDITURE,717255.0,2022-09-20,PFMS_E_PAYMENT,SunPower Renewable Energy Systems
TRX00001722,PRJ000562,Smt. Sangeeta Yadav (2022-28) (2022-2028),EXPENDITURE,586845.0,2022-11-19,PFMS_E_PAYMENT,SunPower Renewable Energy Systems
TRX00001723,PRJ000563,Smt. Sangeeta Yadav (2022-28) (2022-2028),SANCTION,5590000.0,2022-12-14,TREASURY_TRANSFER,Varanasi State Water Supply & Sanitation Board (WSSB)
TRX00001724,PRJ000563,Smt. Sangeeta Yadav (2022-28) (2022-2028),EXPENDITURE,2462674.5,2023-01-13,PFMS_E_PAYMENT,SmartTransit Urban Infra Solutions
TRX00001725,PRJ000563,Smt. Sangeeta Yadav (2022-28) (2022-2028),EXPENDITURE,2014915.5,2023-03-14,PFMS_E_PAYMENT,SmartTransit Urban Infra Solutions
TRX00001726,PRJ000564,Smt. Sangeeta Yadav (2022-28) (2022-2028),SANCTION,3560000.0,2023-12-15,TREASURY_TRANSFER,Varanasi District Rural Development Agency (DRDA)
TRX00001727,PRJ000564,Smt. Sangeeta Yadav (2022-28) (2022-2028),EXPENDITURE,446424.0,2024-01-14,PFMS_E_PAYMENT,CleanWater Sanitation & Drainage Works Pvt Ltd
TRX00001728,PRJ000564,Smt. Sangeeta Yadav (2022-28) (2022-2028),EXPENDITURE,365256.0,2024-03-14,PFMS_E_PAYMENT,CleanWater Sanitation & Drainage Works Pvt Ltd
TRX00001729,PRJ000565,Smt. Sangeeta Yadav (2022-28) (2022-2028),SANCTION,1130000.0,2023-09-28,TREASURY_TRANSFER,Varanasi District Rural Development Agency (DRDA)
TRX00001730,PRJ000565,Smt. Sangeeta Yadav (2022-28) (2022-2028),EXPENDITURE,621500.0,2023-10-28,PFMS_E_PAYMENT,MedTech Healthcare Infrastructure Ltd
TRX00001731,PRJ000565,Smt. Sangeeta Yadav (2022-28) (2022-2028),EXPENDITURE,508500.0,2023-12-27,PFMS_E_PAYMENT,MedTech Healthcare Infrastructure Ltd
TRX00001732,PRJ000566,Smt. Sangeeta Yadav (2022-28) (2022-2028),SANCTION,1960000.0,2022-06-11,TREASURY_TRANSFER,Varanasi District Rural Development Agency (DRDA)
TRX00001733,PRJ000566,Smt. Sangeeta Yadav (2022-28) (2022-2028),EXPENDITURE,1304380.0,2022-07-11,PFMS_E_PAYMENT,Apex Infracon & Highway Contractors
TRX00001734,PRJ000566,Smt. Sangeeta Yadav (2022-28) (2022-2028),EXPENDITURE,1067220.0,2022-09-09,PFMS_E_PAYMENT,Apex Infracon & Highway Contractors
TRX00001735,PRJ000567,Smt Dimple Yadav,SANCTION,6760000.0,2023-12-11,TREASURY_TRANSFER,Varanasi Public Works Department (PWD)
TRX00001736,PRJ000567,Smt Dimple Yadav,EXPENDITURE,1215786.0,2024-01-10,PFMS_E_PAYMENT,BridgeTech Structures Pvt Ltd
TRX00001737,PRJ000567,Smt Dimple Yadav,EXPENDITURE,994734.0,2024-03-10,PFMS_E_PAYMENT,BridgeTech Structures Pvt Ltd
TRX00001738,PRJ000568,Smt Dimple Yadav,SANCTION,1800000.0,2022-07-23,TREASURY_TRANSFER,Varanasi State Water Supply & Sanitation Board (WSSB)
TRX00001739,PRJ000568,Smt Dimple Yadav,EXPENDITURE,742500.0,2022-08-22,PFMS_E_PAYMENT,CleanWater Sanitation & Drainage Works Pvt Ltd
TRX00001740,PRJ000568,Smt Dimple Yadav,EXPENDITURE,607500.0,2022-10-21,PFMS_E_PAYMENT,CleanWater Sanitation & Drainage Works Pvt Ltd
TRX00001741,PRJ000568,Smt Dimple Yadav,EXPENDITURE,742500.0,2022-08-27,PFMS_E_PAYMENT,CleanWater Sanitation & Drainage Works Pvt Ltd
TRX00001742,PRJ000569,Smt Dimple Yadav,SANCTION,7480000.0,2022-09-11,TREASURY_TRANSFER,Varanasi District Rural Development Agency (DRDA)
TRX00001743,PRJ000569,Smt Dimple Yadav,EXPENDITURE,1694968.0,2022-10-11,PFMS_E_PAYMENT,Paramount Multi-Sector Construction Ltd
TRX00001744,PRJ000569,Smt Dimple Yadav,EXPENDITURE,1386792.0,2022-12-10,PFMS_E_PAYMENT,Paramount Multi-Sector Construction Ltd
TRX00001745,PRJ000570,Smt Dimple Yadav,SANCTION,7780000.0,2022-06-16,TREASURY_TRANSFER,Kanpur Municipal Corporation Infrastructure Cell
TRX00001746,PRJ000570,Smt Dimple Yadav,EXPENDITURE,222383.22,2022-07-16,PFMS_E_PAYMENT,Apex Infracon & Highway Contractors
TRX00001747,PRJ000570,Smt Dimple Yadav,EXPENDITURE,181949.91,2022-09-14,PFMS_E_PAYMENT,Apex Infracon & Highway Contractors
TRX00001748,PRJ000571,Smt Dimple Yadav,SANCTION,5060000.0,2022-08-21,TREASURY_TRANSFER,Varanasi District Rural Development Agency (DRDA)
TRX00001749,PRJ000571,Smt Dimple Yadav,EXPENDITURE,2485863.65,2022-09-20,PFMS_E_PAYMENT,SwachhBharat Sanitation Infra Ltd
TRX00001750,PRJ000571,Smt Dimple Yadav,EXPENDITURE,2033888.45,2022-11-19,PFMS_E_PAYMENT,SwachhBharat Sanitation Infra Ltd
TRX00001751,PRJ000572,Shri Ashok Singh (2024-30) (2024-2030),SANCTION,5280000.0,2023-01-08,TREASURY_TRANSFER,Ujjain District Rural Development Agency (DRDA)
TRX00001752,PRJ000572,Shri Ashok Singh (2024-30) (2024-2030),EXPENDITURE,2178000.0,2023-02-07,PFMS_E_PAYMENT,AquaPure Water Systems & Drilling Corp
TRX00001753,PRJ000572,Shri Ashok Singh (2024-30) (2024-2030),EXPENDITURE,1782000.0,2023-04-08,PFMS_E_PAYMENT,AquaPure Water Systems & Drilling Corp
TRX00001754,PRJ000572,Shri Ashok Singh (2024-30) (2024-2030),EXPENDITURE,2178000.0,2023-02-10,PFMS_E_PAYMENT,AquaPure Water Systems & Drilling Corp
TRX00001755,PRJ000573,Shri Ashok Singh (2024-30) (2024-2030),SANCTION,5700000.0,2022-05-21,TREASURY_TRANSFER,Gwalior State Water Supply & Sanitation Board (WSSB)
TRX00001756,PRJ000573,Shri Ashok Singh (2024-30) (2024-2030),EXPENDITURE,2062830.0,2022-06-20,PFMS_E_PAYMENT,TechLine IT & Lab Equipment Solutions Pvt Ltd
TRX00001757,PRJ000573,Shri Ashok Singh (2024-30) (2024-2030),EXPENDITURE,1687770.0,2022-08-19,PFMS_E_PAYMENT,TechLine IT & Lab Equipment Solutions Pvt Ltd
TRX00001758,PRJ000574,Shri Ashok Singh (2024-30) (2024-2030),SANCTION,7860000.0,2023-03-10,TREASURY_TRANSFER,Ujjain District Rural Development Agency (DRDA)
TRX00001759,PRJ000574,Shri Ashok Singh (2024-30) (2024-2030),EXPENDITURE,3526472.85,2023-04-09,PFMS_E_PAYMENT,UrbanDrain Civil Engineering Co
TRX00001760,PRJ000574,Shri Ashok Singh (2024-30) (2024-2030),EXPENDITURE,2885295.97,2023-06-08,PFMS_E_PAYMENT,UrbanDrain Civil Engineering Co
TRX00001761,PRJ000575,Shri Ashok Singh (2024-30) (2024-2030),SANCTION,5470000.0,2023-02-21,TREASURY_TRANSFER,Sagar Municipal Corporation Infrastructure Cell
TRX00001762,PRJ000575,Shri Ashok Singh (2024-30) (2024-2030),EXPENDITURE,1865270.0,2023-03-23,PFMS_E_PAYMENT,AquaPure Water Systems & Drilling Corp
TRX00001763,PRJ000575,Shri Ashok Singh (2024-30) (2024-2030),EXPENDITURE,1526130.0,2023-05-22,PFMS_E_PAYMENT,AquaPure Water Systems & Drilling Corp
TRX00001764,PRJ000576,Dileshwar Kamait,SANCTION,1890000.0,2022-12-30,TREASURY_TRANSFER,Bhagalpur Public Works Department (PWD)
TRX00001765,PRJ000576,Dileshwar Kamait,EXPENDITURE,603949.5,2023-01-29,PFMS_E_PAYMENT,UrbanDrain Civil Engineering Co
TRX00001766,PRJ000576,Dileshwar Kamait,EXPENDITURE,494140.5,2023-03-30,PFMS_E_PAYMENT,UrbanDrain Civil Engineering Co
TRX00001767,PRJ000577,Dileshwar Kamait,SANCTION,4200000.0,2023-01-21,TREASURY_TRANSFER,Muzaffarpur District Rural Development Agency (DRDA)
TRX00001768,PRJ000577,Dileshwar Kamait,EXPENDITURE,3257100.0,2023-02-20,PFMS_E_PAYMENT,MedTech Healthcare Infrastructure Ltd
TRX00001769,PRJ000577,Dileshwar Kamait,EXPENDITURE,2664900.0,2023-04-21,PFMS_E_PAYMENT,MedTech Healthcare Infrastructure Ltd
TRX00001770,PRJ000578,TANUJ PUNIA,SANCTION,3150000.0,2022-12-11,TREASURY_TRANSFER,Varanasi District Rural Development Agency (DRDA)
TRX00001771,PRJ000578,TANUJ PUNIA,EXPENDITURE,717255.0,2023-01-10,PFMS_E_PAYMENT,Paramount Multi-Sector Construction Ltd
TRX00001772,PRJ000578,TANUJ PUNIA,EXPENDITURE,586845.0,2023-03-11,PFMS_E_PAYMENT,Paramount Multi-Sector Construction Ltd
TRX00001773,PRJ000579,TANUJ PUNIA,SANCTION,7690000.0,2023-10-17,TREASURY_TRANSFER,Varanasi State Water Supply & Sanitation Board (WSSB)
TRX00001774,PRJ000579,TANUJ PUNIA,EXPENDITURE,2402356.0,2023-11-16,PFMS_E_PAYMENT,ProSport Infrastructure & Turf Solutions
TRX00001775,PRJ000579,TANUJ PUNIA,EXPENDITURE,1965564.0,2024-01-15,PFMS_E_PAYMENT,ProSport Infrastructure & Turf Solutions
TRX00001776,PRJ000580,TANUJ PUNIA,SANCTION,2690000.0,2023-06-05,TREASURY_TRANSFER,Varanasi District Rural Development Agency (DRDA)
TRX00001777,PRJ000580,TANUJ PUNIA,EXPENDITURE,312174.5,2023-07-05,PFMS_E_PAYMENT,UrbanDrain Civil Engineering Co
TRX00001778,PRJ000580,TANUJ PUNIA,EXPENDITURE,255415.5,2023-09-03,PFMS_E_PAYMENT,UrbanDrain Civil Engineering Co
TRX00001779,PRJ000581,TANUJ PUNIA,SANCTION,7610000.0,2022-11-15,TREASURY_TRANSFER,Varanasi State Water Supply & Sanitation Board (WSSB)
TRX00001780,PRJ000581,TANUJ PUNIA,EXPENDITURE,3545118.5,2022-12-15,PFMS_E_PAYMENT,Apex Infracon & Highway Contractors
TRX00001781,PRJ000581,TANUJ PUNIA,EXPENDITURE,2900551.5,2023-02-13,PFMS_E_PAYMENT,Apex Infracon & Highway Contractors
TRX00001782,PRJ000582,TANUJ PUNIA,SANCTION,4490000.0,2022-05-23,TREASURY_TRANSFER,Kanpur Municipal Corporation Infrastructure Cell
TRX00001783,PRJ000582,TANUJ PUNIA,EXPENDITURE,2469500.0,2022-06-22,PFMS_E_PAYMENT,BridgeTech Structures Pvt Ltd
TRX00001784,PRJ000582,TANUJ PUNIA,EXPENDITURE,2020500.0,2022-08-21,PFMS_E_PAYMENT,BridgeTech Structures Pvt Ltd
TRX00001785,PRJ000583,Shri Kamal Haasan (2025-31) (2025-2031),SANCTION,7980000.0,2022-12-02,TREASURY_TRANSFER,Madurai District Rural Development Agency (DRDA)
TRX00001786,PRJ000583,Shri Kamal Haasan (2025-31) (2025-2031),EXPENDITURE,3462921.0,2023-01-01,PFMS_E_PAYMENT,CleanWater Sanitation & Drainage Works Pvt Ltd
TRX00001787,PRJ000583,Shri Kamal Haasan (2025-31) (2025-2031),EXPENDITURE,2833299.0,2023-03-02,PFMS_E_PAYMENT,CleanWater Sanitation & Drainage Works Pvt Ltd
TRX00001788,PRJ000584,Shri Kamal Haasan (2025-31) (2025-2031),SANCTION,7440000.0,2023-09-18,TREASURY_TRANSFER,Madurai District Rural Development Agency (DRDA)
TRX00001789,PRJ000584,Shri Kamal Haasan (2025-31) (2025-2031),EXPENDITURE,1170312.0,2023-10-18,PFMS_E_PAYMENT,UrbanDrain Civil Engineering Co
TRX00001790,PRJ000584,Shri Kamal Haasan (2025-31) (2025-2031),EXPENDITURE,957528.0,2023-12-17,PFMS_E_PAYMENT,UrbanDrain Civil Engineering Co
TRX00001791,PRJ000585,Bhola Singh,SANCTION,5780000.0,2023-08-20,TREASURY_TRANSFER,Varanasi Public Works Department (PWD)
TRX00001792,PRJ000585,Bhola Singh,EXPENDITURE,1430550.0,2023-09-19,PFMS_E_PAYMENT,CleanWater Sanitation & Drainage Works Pvt Ltd
TRX00001793,PRJ000585,Bhola Singh,EXPENDITURE,1170450.0,2023-11-18,PFMS_E_PAYMENT,CleanWater Sanitation & Drainage Works Pvt Ltd
TRX00001794,PRJ000586,Bhola Singh,SANCTION,2560000.0,2022-07-12,TREASURY_TRANSFER,Varanasi District Rural Development Agency (DRDA)
TRX00001795,PRJ000586,Bhola Singh,EXPENDITURE,377344.0,2022-08-11,PFMS_E_PAYMENT,Paramount Multi-Sector Construction Ltd
TRX00001796,PRJ000586,Bhola Singh,EXPENDITURE,308736.0,2022-10-10,PFMS_E_PAYMENT,Paramount Multi-Sector Construction Ltd
TRX00001797,PRJ000587,SELVARAJ V,SANCTION,7890000.0,2023-11-14,TREASURY_TRANSFER,Madurai District Rural Development Agency (DRDA)
TRX00001798,PRJ000587,SELVARAJ V,EXPENDITURE,3687169.89,2023-12-14,PFMS_E_PAYMENT,SunPower Renewable Energy Systems
TRX00001799,PRJ000587,SELVARAJ V,EXPENDITURE,3016775.37,2024-02-12,PFMS_E_PAYMENT,SunPower Renewable Energy Systems
TRX00001800,PRJ000588,SELVARAJ V,SANCTION,2740000.0,2023-03-09,TREASURY_TRANSFER,Chennai State Water Supply & Sanitation Board (WSSB)
TRX00001801,PRJ000588,SELVARAJ V,EXPENDITURE,896665.0,2023-04-08,PFMS_E_PAYMENT,Speedway Repair & Resurfacing Contractors
TRX00001802,PRJ000588,SELVARAJ V,EXPENDITURE,733635.0,2023-06-07,PFMS_E_PAYMENT,Speedway Repair & Resurfacing Contractors
TRX00001803,PRJ000589,DR.K.SUDHAKAR,SANCTION,2390000.0,2023-09-12,TREASURY_TRANSFER,Mysuru District Rural Development Agency (DRDA)
TRX00001804,PRJ000589,DR.K.SUDHAKAR,EXPENDITURE,1656270.0,2023-10-12,PFMS_E_PAYMENT,BridgeTech Structures Pvt Ltd
TRX00001805,PRJ000589,DR.K.SUDHAKAR,EXPENDITURE,1355130.0,2023-12-11,PFMS_E_PAYMENT,BridgeTech Structures Pvt Ltd
TRX00001806,PRJ000590,DR.K.SUDHAKAR,SANCTION,1570000.0,2022-12-27,TREASURY_TRANSFER,Bengaluru Public Works Department (PWD)
TRX00001807,PRJ000590,DR.K.SUDHAKAR,EXPENDITURE,388575.0,2023-01-26,PFMS_E_PAYMENT,MedTech Healthcare Infrastructure Ltd
TRX00001808,PRJ000590,DR.K.SUDHAKAR,EXPENDITURE,317925.0,2023-03-27,PFMS_E_PAYMENT,MedTech Healthcare Infrastructure Ltd
TRX00001809,PRJ000591,DR.K.SUDHAKAR,SANCTION,5260000.0,2023-02-24,TREASURY_TRANSFER,Bengaluru Municipal Corporation Infrastructure Cell
TRX00001810,PRJ000591,DR.K.SUDHAKAR,EXPENDITURE,2288363.0,2023-03-26,PFMS_E_PAYMENT,SwachhBharat Sanitation Infra Ltd
TRX00001811,PRJ000591,DR.K.SUDHAKAR,EXPENDITURE,1872297.0,2023-05-25,PFMS_E_PAYMENT,SwachhBharat Sanitation Infra Ltd
TRX00001812,PRJ000592,DR.K.SUDHAKAR,SANCTION,1560000.0,2022-08-28,TREASURY_TRANSFER,Hubballi State Water Supply & Sanitation Board (WSSB)
TRX00001813,PRJ000592,DR.K.SUDHAKAR,EXPENDITURE,340626.0,2022-09-27,PFMS_E_PAYMENT,Speedway Repair & Resurfacing Contractors
TRX00001814,PRJ000592,DR.K.SUDHAKAR,EXPENDITURE,278694.0,2022-11-26,PFMS_E_PAYMENT,Speedway Repair & Resurfacing Contractors
TRX00001815,PRJ000593,Shri Baburam Nishad (2022-28) (2022-2028),SANCTION,7690000.0,2023-10-10,TREASURY_TRANSFER,Varanasi District Rural Development Agency (DRDA)
TRX00001816,PRJ000593,Shri Baburam Nishad (2022-28) (2022-2028),EXPENDITURE,1133506.0,2023-11-09,PFMS_E_PAYMENT,SmartTransit Urban Infra Solutions
TRX00001817,PRJ000593,Shri Baburam Nishad (2022-28) (2022-2028),EXPENDITURE,927414.0,2024-01-08,PFMS_E_PAYMENT,SmartTransit Urban Infra Solutions
TRX00001818,PRJ000594,Shri Baburam Nishad (2022-28) (2022-2028),SANCTION,5360000.0,2022-11-29,TREASURY_TRANSFER,Varanasi State Water Supply & Sanitation Board (WSSB)
TRX00001819,PRJ000594,Shri Baburam Nishad (2022-28) (2022-2028),EXPENDITURE,1326600.0,2022-12-29,PFMS_E_PAYMENT,SunPower Renewable Energy Systems
TRX00001820,PRJ000594,Shri Baburam Nishad (2022-28) (2022-2028),EXPENDITURE,1085400.0,2023-02-27,PFMS_E_PAYMENT,SunPower Renewable Energy Systems
TRX00001821,PRJ000595,Shri Baburam Nishad (2022-28) (2022-2028),SANCTION,3530000.0,2023-01-05,TREASURY_TRANSFER,Varanasi Public Works Department (PWD)
TRX00001822,PRJ000595,Shri Baburam Nishad (2022-28) (2022-2028),EXPENDITURE,959101.0,2023-02-04,PFMS_E_PAYMENT,SmartTransit Urban Infra Solutions
TRX00001823,PRJ000595,Shri Baburam Nishad (2022-28) (2022-2028),EXPENDITURE,784719.0,2023-04-05,PFMS_E_PAYMENT,SmartTransit Urban Infra Solutions
TRX00001824,PRJ000596,Shri Baburam Nishad (2022-28) (2022-2028),SANCTION,5840000.0,2022-09-04,TREASURY_TRANSFER,Varanasi District Rural Development Agency (DRDA)
TRX00001825,PRJ000596,Shri Baburam Nishad (2022-28) (2022-2028),EXPENDITURE,2881968.41,2022-10-04,PFMS_E_PAYMENT,National Civic Infrastructure Developers
TRX00001826,PRJ000596,Shri Baburam Nishad (2022-28) (2022-2028),EXPENDITURE,2357974.16,2022-12-03,PFMS_E_PAYMENT,National Civic Infrastructure Developers
TRX00001827,PRJ000597,NEERAJ MAURYA,SANCTION,2310000.0,2023-07-28,TREASURY_TRANSFER,Varanasi State Water Supply & Sanitation Board (WSSB)
TRX00001828,PRJ000597,NEERAJ MAURYA,EXPENDITURE,571725.0,2023-08-27,PFMS_E_PAYMENT,National Civic Infrastructure Developers
TRX00001829,PRJ000597,NEERAJ MAURYA,EXPENDITURE,467775.0,2023-10-26,PFMS_E_PAYMENT,National Civic Infrastructure Developers
TRX00001830,PRJ000598,NEERAJ MAURYA,SANCTION,1950000.0,2023-10-02,TREASURY_TRANSFER,Varanasi State Water Supply & Sanitation Board (WSSB)
TRX00001831,PRJ000598,NEERAJ MAURYA,EXPENDITURE,487987.5,2023-11-01,PFMS_E_PAYMENT,AquaPure Water Systems & Drilling Corp
TRX00001832,PRJ000598,NEERAJ MAURYA,EXPENDITURE,399262.5,2023-12-31,PFMS_E_PAYMENT,AquaPure Water Systems & Drilling Corp
TRX00001833,PRJ000599,NEERAJ MAURYA,SANCTION,2150000.0,2023-04-05,TREASURY_TRANSFER,Varanasi District Rural Development Agency (DRDA)
TRX00001834,PRJ000599,NEERAJ MAURYA,EXPENDITURE,334647.5,2023-05-05,PFMS_E_PAYMENT,Apex Infracon & Highway Contractors
TRX00001835,PRJ000599,NEERAJ MAURYA,EXPENDITURE,273802.5,2023-07-04,PFMS_E_PAYMENT,Apex Infracon & Highway Contractors
TRX00001836,PRJ000600,NEERAJ MAURYA,SANCTION,1860000.0,2023-04-18,TREASURY_TRANSFER,Varanasi State Water Supply & Sanitation Board (WSSB)
TRX00001837,PRJ000600,NEERAJ MAURYA,EXPENDITURE,767250.0,2023-05-18,PFMS_E_PAYMENT,ProSport Infrastructure & Turf Solutions
TRX00001838,PRJ000600,NEERAJ MAURYA,EXPENDITURE,627750.0,2023-07-17,PFMS_E_PAYMENT,ProSport Infrastructure & Turf Solutions
TRX00001839,PRJ000600,NEERAJ MAURYA,EXPENDITURE,767250.0,2023-05-23,PFMS_E_PAYMENT,ProSport Infrastructure & Turf Solutions
TRX00001840,PRJ000601,NEERAJ MAURYA,SANCTION,7790000.0,2022-10-10,TREASURY_TRANSFER,Kanpur Municipal Corporation Infrastructure Cell
TRX00001841,PRJ000601,NEERAJ MAURYA,EXPENDITURE,1259643.0,2022-11-09,PFMS_E_PAYMENT,BridgeTech Structures Pvt Ltd
TRX00001842,PRJ000601,NEERAJ MAURYA,EXPENDITURE,1030617.0,2023-01-08,PFMS_E_PAYMENT,BridgeTech Structures Pvt Ltd
TRX00001843,PRJ000602,Thalikkottai Rajuthevar Baalu,SANCTION,4900000.0,2023-04-19,TREASURY_TRANSFER,Madurai District Rural Development Agency (DRDA)
TRX00001844,PRJ000602,Thalikkottai Rajuthevar Baalu,EXPENDITURE,1212750.0,2023-05-19,PFMS_E_PAYMENT,SunPower Renewable Energy Systems
TRX00001845,PRJ000602,Thalikkottai Rajuthevar Baalu,EXPENDITURE,992250.0,2023-07-18,PFMS_E_PAYMENT,SunPower Renewable Energy Systems
TRX00001846,PRJ000603,Thalikkottai Rajuthevar Baalu,SANCTION,2320000.0,2023-11-23,TREASURY_TRANSFER,Madurai District Rural Development Agency (DRDA)
TRX00001847,PRJ000603,Thalikkottai Rajuthevar Baalu,EXPENDITURE,696696.0,2023-12-23,PFMS_E_PAYMENT,TechLine IT & Lab Equipment Solutions Pvt Ltd
TRX00001848,PRJ000603,Thalikkottai Rajuthevar Baalu,EXPENDITURE,570024.0,2024-02-21,PFMS_E_PAYMENT,TechLine IT & Lab Equipment Solutions Pvt Ltd
TRX00001849,PRJ000604,Thalikkottai Rajuthevar Baalu,SANCTION,7970000.0,2023-10-07,TREASURY_TRANSFER,Madurai District Rural Development Agency (DRDA)
TRX00001850,PRJ000604,Thalikkottai Rajuthevar Baalu,EXPENDITURE,1323817.0,2023-11-06,PFMS_E_PAYMENT,ProSport Infrastructure & Turf Solutions
TRX00001851,PRJ000604,Thalikkottai Rajuthevar Baalu,EXPENDITURE,1083123.0,2024-01-05,PFMS_E_PAYMENT,ProSport Infrastructure & Turf Solutions
TRX00001852,PRJ000605,Shri Gurwinder Singh Oberoi (2025-31) (2025-2031),SANCTION,720000.0,2023-08-27,TREASURY_TRANSFER,Srinagar Municipal Corporation Infrastructure Cell
TRX00001853,PRJ000605,Shri Gurwinder Singh Oberoi (2025-31) (2025-2031),EXPENDITURE,91476.0,2023-09-26,PFMS_E_PAYMENT,AquaPure Water Systems & Drilling Corp
TRX00001854,PRJ000605,Shri Gurwinder Singh Oberoi (2025-31) (2025-2031),EXPENDITURE,74844.0,2023-11-25,PFMS_E_PAYMENT,AquaPure Water Systems & Drilling Corp
TRX00001855,PRJ000606,Shri Gurwinder Singh Oberoi (2025-31) (2025-2031),SANCTION,6540000.0,2023-10-29,TREASURY_TRANSFER,Sopore State Water Supply & Sanitation Board (WSSB)
TRX00001856,PRJ000606,Shri Gurwinder Singh Oberoi (2025-31) (2025-2031),EXPENDITURE,3597000.0,2023-11-28,PFMS_E_PAYMENT,MedTech Healthcare Infrastructure Ltd
TRX00001857,PRJ000606,Shri Gurwinder Singh Oberoi (2025-31) (2025-2031),EXPENDITURE,2943000.0,2024-01-27,PFMS_E_PAYMENT,MedTech Healthcare Infrastructure Ltd
TRX00001858,PRJ000607,Shri Gurwinder Singh Oberoi (2025-31) (2025-2031),SANCTION,580000.0,2022-08-12,TREASURY_TRANSFER,Srinagar Municipal Corporation Infrastructure Cell
TRX00001859,PRJ000607,Shri Gurwinder Singh Oberoi (2025-31) (2025-2031),EXPENDITURE,143550.0,2022-09-11,PFMS_E_PAYMENT,UrbanDrain Civil Engineering Co
TRX00001860,PRJ000607,Shri Gurwinder Singh Oberoi (2025-31) (2025-2031),EXPENDITURE,117450.0,2022-11-10,PFMS_E_PAYMENT,UrbanDrain Civil Engineering Co
TRX00001861,PRJ000608,Shri Gurwinder Singh Oberoi (2025-31) (2025-2031),SANCTION,7600000.0,2023-11-10,TREASURY_TRANSFER,Sopore State Water Supply & Sanitation Board (WSSB)
TRX00001862,PRJ000608,Shri Gurwinder Singh Oberoi (2025-31) (2025-2031),EXPENDITURE,1032460.0,2023-12-10,PFMS_E_PAYMENT,BridgeTech Structures Pvt Ltd
TRX00001863,PRJ000608,Shri Gurwinder Singh Oberoi (2025-31) (2025-2031),EXPENDITURE,844740.0,2024-02-08,PFMS_E_PAYMENT,BridgeTech Structures Pvt Ltd
TRX00001864,PRJ000609,ROOP KUMARI CHOUDHARY,SANCTION,6130000.0,2023-02-15,TREASURY_TRANSFER,Raipur District Rural Development Agency (DRDA)
TRX00001865,PRJ000609,ROOP KUMARI CHOUDHARY,EXPENDITURE,859732.5,2023-03-17,PFMS_E_PAYMENT,SunPower Renewable Energy Systems
TRX00001866,PRJ000609,ROOP KUMARI CHOUDHARY,EXPENDITURE,703417.5,2023-05-16,PFMS_E_PAYMENT,SunPower Renewable Energy Systems
TRX00001867,PRJ000610,ROOP KUMARI CHOUDHARY,SANCTION,7890000.0,2022-07-17,TREASURY_TRANSFER,Durg State Water Supply & Sanitation Board (WSSB)
TRX00001868,PRJ000610,ROOP KUMARI CHOUDHARY,EXPENDITURE,2920483.5,2022-08-16,PFMS_E_PAYMENT,AquaPure Water Systems & Drilling Corp
TRX00001869,PRJ000610,ROOP KUMARI CHOUDHARY,EXPENDITURE,2389486.5,2022-10-15,PFMS_E_PAYMENT,AquaPure Water Systems & Drilling Corp
TRX00001870,PRJ000611,ROOP KUMARI CHOUDHARY,SANCTION,3100000.0,2022-06-15,TREASURY_TRANSFER,Bhilai Municipal Corporation Infrastructure Cell
TRX00001871,PRJ000611,ROOP KUMARI CHOUDHARY,EXPENDITURE,767250.0,2022-07-15,PFMS_E_PAYMENT,AquaPure Water Systems & Drilling Corp
TRX00001872,PRJ000611,ROOP KUMARI CHOUDHARY,EXPENDITURE,627750.0,2022-09-13,PFMS_E_PAYMENT,AquaPure Water Systems & Drilling Corp
TRX00001873,PRJ000612,ROOP KUMARI CHOUDHARY,SANCTION,3300000.0,2022-05-11,TREASURY_TRANSFER,Durg State Water Supply & Sanitation Board (WSSB)
TRX00001874,PRJ000612,ROOP KUMARI CHOUDHARY,EXPENDITURE,1815000.0,2022-06-10,PFMS_E_PAYMENT,ProSport Infrastructure & Turf Solutions
TRX00001875,PRJ000612,ROOP KUMARI CHOUDHARY,EXPENDITURE,1485000.0,2022-08-09,PFMS_E_PAYMENT,ProSport Infrastructure & Turf Solutions
TRX00001876,PRJ000613,ROOP KUMARI CHOUDHARY,SANCTION,5020000.0,2023-07-08,TREASURY_TRANSFER,Durg State Water Supply & Sanitation Board (WSSB)
TRX00001877,PRJ000613,ROOP KUMARI CHOUDHARY,EXPENDITURE,2761000.0,2023-08-07,PFMS_E_PAYMENT,National Civic Infrastructure Developers
TRX00001878,PRJ000613,ROOP KUMARI CHOUDHARY,EXPENDITURE,2259000.0,2023-10-06,PFMS_E_PAYMENT,National Civic Infrastructure Developers
TRX00001879,PRJ000614,Hon'ble MP,SANCTION,3990000.0,2023-01-04,TREASURY_TRANSFER,Thane Public Works Department (PWD)
TRX00001880,PRJ000614,Hon'ble MP,EXPENDITURE,730768.5,2023-02-03,PFMS_E_PAYMENT,ProSport Infrastructure & Turf Solutions
TRX00001881,PRJ000614,Hon'ble MP,EXPENDITURE,597901.5,2023-04-04,PFMS_E_PAYMENT,ProSport Infrastructure & Turf Solutions
TRX00001882,PRJ000615,Hon'ble MP,SANCTION,3870000.0,2022-12-28,TREASURY_TRANSFER,Thane District Rural Development Agency (DRDA)
TRX00001883,PRJ000615,Hon'ble MP,EXPENDITURE,2532915.0,2023-01-27,PFMS_E_PAYMENT,SunPower Renewable Energy Systems
TRX00001884,PRJ000615,Hon'ble MP,EXPENDITURE,2072385.0,2023-03-28,PFMS_E_PAYMENT,SunPower Renewable Energy Systems
TRX00001885,PRJ000616,VARUN CHAUDHRY,SANCTION,790000.0,2023-02-26,TREASURY_TRANSFER,Ambala State Water Supply & Sanitation Board (WSSB)
TRX00001886,PRJ000616,VARUN CHAUDHRY,EXPENDITURE,250706.5,2023-03-28,PFMS_E_PAYMENT,Speedway Repair & Resurfacing Contractors
TRX00001887,PRJ000616,VARUN CHAUDHRY,EXPENDITURE,205123.5,2023-05-27,PFMS_E_PAYMENT,Speedway Repair & Resurfacing Contractors
TRX00001888,PRJ000617,VARUN CHAUDHRY,SANCTION,6110000.0,2022-11-04,TREASURY_TRANSFER,Faridabad District Rural Development Agency (DRDA)
TRX00001889,PRJ000617,VARUN CHAUDHRY,EXPENDITURE,4167020.0,2022-12-04,PFMS_E_PAYMENT,SunPower Renewable Energy Systems
TRX00001890,PRJ000617,VARUN CHAUDHRY,EXPENDITURE,3409380.0,2023-02-02,PFMS_E_PAYMENT,SunPower Renewable Energy Systems
TRX00001891,PRJ000618,IQRA CHOUDHARY,SANCTION,610000.0,2023-03-10,TREASURY_TRANSFER,Varanasi District Rural Development Agency (DRDA)
TRX00001892,PRJ000618,IQRA CHOUDHARY,EXPENDITURE,131516.0,2023-04-09,PFMS_E_PAYMENT,Paramount Multi-Sector Construction Ltd
TRX00001893,PRJ000618,IQRA CHOUDHARY,EXPENDITURE,107604.0,2023-06-08,PFMS_E_PAYMENT,Paramount Multi-Sector Construction Ltd
TRX00001894,PRJ000619,IQRA CHOUDHARY,SANCTION,670000.0,2022-08-05,TREASURY_TRANSFER,Varanasi District Rural Development Agency (DRDA)
TRX00001895,PRJ000619,IQRA CHOUDHARY,EXPENDITURE,160297.5,2022-09-04,PFMS_E_PAYMENT,Paramount Multi-Sector Construction Ltd
TRX00001896,PRJ000619,IQRA CHOUDHARY,EXPENDITURE,131152.5,2022-11-03,PFMS_E_PAYMENT,Paramount Multi-Sector Construction Ltd
TRX00001897,PRJ000620,IQRA CHOUDHARY,SANCTION,710000.0,2022-12-05,TREASURY_TRANSFER,Varanasi District Rural Development Agency (DRDA)
TRX00001898,PRJ000620,IQRA CHOUDHARY,EXPENDITURE,308885.5,2023-01-04,PFMS_E_PAYMENT,BridgeTech Structures Pvt Ltd
TRX00001899,PRJ000620,IQRA CHOUDHARY,EXPENDITURE,252724.5,2023-03-05,PFMS_E_PAYMENT,BridgeTech Structures Pvt Ltd
TRX00001900,PRJ000621,IQRA CHOUDHARY,SANCTION,700000.0,2023-01-20,TREASURY_TRANSFER,Varanasi State Water Supply & Sanitation Board (WSSB)
TRX00001901,PRJ000621,IQRA CHOUDHARY,EXPENDITURE,105105.0,2023-02-19,PFMS_E_PAYMENT,SmartTransit Urban Infra Solutions
TRX00001902,PRJ000621,IQRA CHOUDHARY,EXPENDITURE,85995.0,2023-04-20,PFMS_E_PAYMENT,SmartTransit Urban Infra Solutions
TRX00001903,PRJ000622,IQRA CHOUDHARY,SANCTION,6430000.0,2023-04-06,TREASURY_TRANSFER,Varanasi State Water Supply & Sanitation Board (WSSB)
TRX00001904,PRJ000622,IQRA CHOUDHARY,EXPENDITURE,1637399.5,2023-05-06,PFMS_E_PAYMENT,Speedway Repair & Resurfacing Contractors
TRX00001905,PRJ000622,IQRA CHOUDHARY,EXPENDITURE,1339690.5,2023-07-05,PFMS_E_PAYMENT,Speedway Repair & Resurfacing Contractors
TRX00001906,PRJ000623,Shri Terash Gowalla (2026-32) (2026-2032),SANCTION,1230000.0,2023-04-13,TREASURY_TRANSFER,Silchar Municipal Corporation Infrastructure Cell
TRX00001907,PRJ000623,Shri Terash Gowalla (2026-32) (2026-2032),EXPENDITURE,167772.0,2023-05-13,PFMS_E_PAYMENT,National Civic Infrastructure Developers
TRX00001908,PRJ000623,Shri Terash Gowalla (2026-32) (2026-2032),EXPENDITURE,137268.0,2023-07-12,PFMS_E_PAYMENT,National Civic Infrastructure Developers
TRX00001909,PRJ000624,Shri Terash Gowalla (2026-32) (2026-2032),SANCTION,1570000.0,2023-01-02,TREASURY_TRANSFER,Tezpur Public Works Department (PWD)
TRX00001910,PRJ000624,Shri Terash Gowalla (2026-32) (2026-2032),EXPENDITURE,664895.0,2023-02-01,PFMS_E_PAYMENT,TechLine IT & Lab Equipment Solutions Pvt Ltd
TRX00001911,PRJ000624,Shri Terash Gowalla (2026-32) (2026-2032),EXPENDITURE,544005.0,2023-04-02,PFMS_E_PAYMENT,TechLine IT & Lab Equipment Solutions Pvt Ltd
TRX00001912,PRJ000625,Shri Terash Gowalla (2026-32) (2026-2032),SANCTION,7570000.0,2023-03-16,TREASURY_TRANSFER,Silchar Municipal Corporation Infrastructure Cell
TRX00001913,PRJ000625,Shri Terash Gowalla (2026-32) (2026-2032),EXPENDITURE,1873575.0,2023-04-15,PFMS_E_PAYMENT,BridgeTech Structures Pvt Ltd
TRX00001914,PRJ000625,Shri Terash Gowalla (2026-32) (2026-2032),EXPENDITURE,1532925.0,2023-06-14,PFMS_E_PAYMENT,BridgeTech Structures Pvt Ltd
TRX00001915,PRJ000626,Shri Terash Gowalla (2026-32) (2026-2032),SANCTION,4680000.0,2022-10-26,TREASURY_TRANSFER,Guwahati District Rural Development Agency (DRDA)
TRX00001916,PRJ000626,Shri Terash Gowalla (2026-32) (2026-2032),EXPENDITURE,728442.0,2022-11-25,PFMS_E_PAYMENT,TechLine IT & Lab Equipment Solutions Pvt Ltd
TRX00001917,PRJ000626,Shri Terash Gowalla (2026-32) (2026-2032),EXPENDITURE,595998.0,2023-01-24,PFMS_E_PAYMENT,TechLine IT & Lab Equipment Solutions Pvt Ltd
TRX00001918,PRJ000627,Shri Terash Gowalla (2026-32) (2026-2032),SANCTION,4560000.0,2022-08-03,TREASURY_TRANSFER,Guwahati District Rural Development Agency (DRDA)
TRX00001919,PRJ000627,Shri Terash Gowalla (2026-32) (2026-2032),EXPENDITURE,1128600.0,2022-09-02,PFMS_E_PAYMENT,MedTech Healthcare Infrastructure Ltd
TRX00001920,PRJ000627,Shri Terash Gowalla (2026-32) (2026-2032),EXPENDITURE,923400.0,2022-11-01,PFMS_E_PAYMENT,MedTech Healthcare Infrastructure Ltd
TRX00001921,PRJ000628,Smt. Mamata Thakur (2024-30) (2024-2030),SANCTION,6430000.0,2022-07-20,TREASURY_TRANSFER,Kolkata District Rural Development Agency (DRDA)
TRX00001922,PRJ000628,Smt. Mamata Thakur (2024-30) (2024-2030),EXPENDITURE,2143119.0,2022-08-19,PFMS_E_PAYMENT,SmartTransit Urban Infra Solutions
TRX00001923,PRJ000628,Smt. Mamata Thakur (2024-30) (2024-2030),EXPENDITURE,1753461.0,2022-10-18,PFMS_E_PAYMENT,SmartTransit Urban Infra Solutions
TRX00001924,PRJ000629,Smt. Mamata Thakur (2024-30) (2024-2030),SANCTION,3440000.0,2023-07-08,TREASURY_TRANSFER,Kolkata Municipal Corporation Infrastructure Cell
TRX00001925,PRJ000629,Smt. Mamata Thakur (2024-30) (2024-2030),EXPENDITURE,1290344.0,2023-08-07,PFMS_E_PAYMENT,AquaPure Water Systems & Drilling Corp
TRX00001926,PRJ000629,Smt. Mamata Thakur (2024-30) (2024-2030),EXPENDITURE,1055736.0,2023-10-06,PFMS_E_PAYMENT,AquaPure Water Systems & Drilling Corp
TRX00001927,PRJ000630,CHARANJIT SINGH CHANNI,SANCTION,6410000.0,2023-04-05,TREASURY_TRANSFER,Chandigarh State Water Supply & Sanitation Board (WSSB)
TRX00001928,PRJ000630,CHARANJIT SINGH CHANNI,EXPENDITURE,3525500.0,2023-05-05,PFMS_E_PAYMENT,ProSport Infrastructure & Turf Solutions
TRX00001929,PRJ000630,CHARANJIT SINGH CHANNI,EXPENDITURE,2884500.0,2023-07-04,PFMS_E_PAYMENT,ProSport Infrastructure & Turf Solutions
TRX00001930,PRJ000631,CHARANJIT SINGH CHANNI,SANCTION,4030000.0,2023-11-12,TREASURY_TRANSFER,Chandigarh State Water Supply & Sanitation Board (WSSB)
TRX00001931,PRJ000631,CHARANJIT SINGH CHANNI,EXPENDITURE,1593663.5,2023-12-12,PFMS_E_PAYMENT,SunPower Renewable Energy Systems
TRX00001932,PRJ000631,CHARANJIT SINGH CHANNI,EXPENDITURE,1303906.5,2024-02-10,PFMS_E_PAYMENT,SunPower Renewable Energy Systems
TRX00001933,PRJ000632,CHARANJIT SINGH CHANNI,SANCTION,3870000.0,2022-09-25,TREASURY_TRANSFER,Amritsar District Rural Development Agency (DRDA)
TRX00001934,PRJ000632,CHARANJIT SINGH CHANNI,EXPENDITURE,3065040.0,2022-10-25,PFMS_E_PAYMENT,Apex Infracon & Highway Contractors
TRX00001935,PRJ000632,CHARANJIT SINGH CHANNI,EXPENDITURE,2507760.0,2022-12-24,PFMS_E_PAYMENT,Apex Infracon & Highway Contractors
TRX00001936,PRJ000633,CHARANJIT SINGH CHANNI,SANCTION,770000.0,2022-09-05,TREASURY_TRANSFER,Amritsar District Rural Development Agency (DRDA)
TRX00001937,PRJ000633,CHARANJIT SINGH CHANNI,EXPENDITURE,575960.0,2022-10-05,PFMS_E_PAYMENT,ProSport Infrastructure & Turf Solutions
TRX00001938,PRJ000633,CHARANJIT SINGH CHANNI,EXPENDITURE,471240.0,2022-12-04,PFMS_E_PAYMENT,ProSport Infrastructure & Turf Solutions
TRX00001939,PRJ000634,Rodmal Nagar,SANCTION,3910000.0,2022-09-02,TREASURY_TRANSFER,Ujjain District Rural Development Agency (DRDA)
TRX00001940,PRJ000634,Rodmal Nagar,EXPENDITURE,1824746.84,2022-10-02,PFMS_E_PAYMENT,Speedway Repair & Resurfacing Contractors
TRX00001941,PRJ000634,Rodmal Nagar,EXPENDITURE,1492974.69,2022-12-01,PFMS_E_PAYMENT,Speedway Repair & Resurfacing Contractors
TRX00001942,PRJ000635,Rodmal Nagar,SANCTION,1860000.0,2022-11-08,TREASURY_TRANSFER,Gwalior Public Works Department (PWD)
TRX00001943,PRJ000635,Rodmal Nagar,EXPENDITURE,317130.0,2022-12-08,PFMS_E_PAYMENT,SmartTransit Urban Infra Solutions
TRX00001944,PRJ000635,Rodmal Nagar,EXPENDITURE,259470.0,2023-02-06,PFMS_E_PAYMENT,SmartTransit Urban Infra Solutions
TRX00001945,PRJ000636,Rodmal Nagar,SANCTION,4330000.0,2022-10-03,TREASURY_TRANSFER,Gwalior Public Works Department (PWD)
TRX00001946,PRJ000636,Rodmal Nagar,EXPENDITURE,828762.0,2022-11-02,PFMS_E_PAYMENT,SmartTransit Urban Infra Solutions
TRX00001947,PRJ000636,Rodmal Nagar,EXPENDITURE,678078.0,2023-01-01,PFMS_E_PAYMENT,SmartTransit Urban Infra Solutions
TRX00001948,PRJ000637,Rodmal Nagar,SANCTION,2390000.0,2023-04-16,TREASURY_TRANSFER,Gwalior Public Works Department (PWD)
TRX00001949,PRJ000637,Rodmal Nagar,EXPENDITURE,985875.0,2023-05-16,PFMS_E_PAYMENT,Speedway Repair & Resurfacing Contractors
TRX00001950,PRJ000637,Rodmal Nagar,EXPENDITURE,806625.0,2023-07-15,PFMS_E_PAYMENT,Speedway Repair & Resurfacing Contractors
TRX00001951,PRJ000637,Rodmal Nagar,EXPENDITURE,985875.0,2023-05-18,PFMS_E_PAYMENT,Speedway Repair & Resurfacing Contractors
TRX00001952,PRJ000638,BASAVARAJ BOMMAI,SANCTION,5720000.0,2022-06-30,TREASURY_TRANSFER,Bengaluru Municipal Corporation Infrastructure Cell
TRX00001953,PRJ000638,BASAVARAJ BOMMAI,EXPENDITURE,2359500.0,2022-07-30,PFMS_E_PAYMENT,AquaPure Water Systems & Drilling Corp
TRX00001954,PRJ000638,BASAVARAJ BOMMAI,EXPENDITURE,1930500.0,2022-09-28,PFMS_E_PAYMENT,AquaPure Water Systems & Drilling Corp
TRX00001955,PRJ000638,BASAVARAJ BOMMAI,EXPENDITURE,2359500.0,2022-08-03,PFMS_E_PAYMENT,AquaPure Water Systems & Drilling Corp
TRX00001956,PRJ000639,BASAVARAJ BOMMAI,SANCTION,7750000.0,2023-03-31,TREASURY_TRANSFER,Bengaluru Public Works Department (PWD)
TRX00001957,PRJ000639,BASAVARAJ BOMMAI,EXPENDITURE,4262500.0,2023-04-30,PFMS_E_PAYMENT,CleanWater Sanitation & Drainage Works Pvt Ltd
TRX00001958,PRJ000639,BASAVARAJ BOMMAI,EXPENDITURE,3487500.0,2023-06-29,PFMS_E_PAYMENT,CleanWater Sanitation & Drainage Works Pvt Ltd
TRX00001959,PRJ000640,BASAVARAJ BOMMAI,SANCTION,3450000.0,2023-10-01,TREASURY_TRANSFER,Mysuru District Rural Development Agency (DRDA)
TRX00001960,PRJ000640,BASAVARAJ BOMMAI,EXPENDITURE,1897500.0,2023-10-31,PFMS_E_PAYMENT,Apex Infracon & Highway Contractors
TRX00001961,PRJ000640,BASAVARAJ BOMMAI,EXPENDITURE,1552500.0,2023-12-30,PFMS_E_PAYMENT,Apex Infracon & Highway Contractors
TRX00001962,PRJ000641,Asaduddin Owaisi,SANCTION,4290000.0,2022-12-05,TREASURY_TRANSFER,Ramagundam District Rural Development Agency (DRDA)
TRX00001963,PRJ000641,Asaduddin Owaisi,EXPENDITURE,1996945.55,2023-01-04,PFMS_E_PAYMENT,BridgeTech Structures Pvt Ltd
TRX00001964,PRJ000641,Asaduddin Owaisi,EXPENDITURE,1633864.54,2023-03-05,PFMS_E_PAYMENT,BridgeTech Structures Pvt Ltd
TRX00001965,PRJ000642,Asaduddin Owaisi,SANCTION,2090000.0,2023-11-13,TREASURY_TRANSFER,Khammam Municipal Corporation Infrastructure Cell
TRX00001966,PRJ000642,Asaduddin Owaisi,EXPENDITURE,517275.0,2023-12-13,PFMS_E_PAYMENT,CleanWater Sanitation & Drainage Works Pvt Ltd
TRX00001967,PRJ000642,Asaduddin Owaisi,EXPENDITURE,423225.0,2024-02-11,PFMS_E_PAYMENT,CleanWater Sanitation & Drainage Works Pvt Ltd
TRX00001968,PRJ000643,Asaduddin Owaisi,SANCTION,5930000.0,2023-09-21,TREASURY_TRANSFER,Khammam Municipal Corporation Infrastructure Cell
TRX00001969,PRJ000643,Asaduddin Owaisi,EXPENDITURE,714268.5,2023-10-21,PFMS_E_PAYMENT,SunPower Renewable Energy Systems
TRX00001970,PRJ000643,Asaduddin Owaisi,EXPENDITURE,584401.5,2023-12-20,PFMS_E_PAYMENT,SunPower Renewable Energy Systems
TRX00001971,PRJ000644,Asaduddin Owaisi,SANCTION,5000000.0,2023-07-14,TREASURY_TRANSFER,Ramagundam District Rural Development Agency (DRDA)
TRX00001972,PRJ000644,Asaduddin Owaisi,EXPENDITURE,910250.0,2023-08-13,PFMS_E_PAYMENT,CleanWater Sanitation & Drainage Works Pvt Ltd
TRX00001973,PRJ000644,Asaduddin Owaisi,EXPENDITURE,744750.0,2023-10-12,PFMS_E_PAYMENT,CleanWater Sanitation & Drainage Works Pvt Ltd
TRX00001974,PRJ000645,Asaduddin Owaisi,SANCTION,1810000.0,2022-09-07,TREASURY_TRANSFER,Ramagundam District Rural Development Agency (DRDA)
TRX00001975,PRJ000645,Asaduddin Owaisi,EXPENDITURE,307609.5,2022-10-07,PFMS_E_PAYMENT,Paramount Multi-Sector Construction Ltd
TRX00001976,PRJ000645,Asaduddin Owaisi,EXPENDITURE,251680.5,2022-12-06,PFMS_E_PAYMENT,Paramount Multi-Sector Construction Ltd
TRX00001977,PRJ000646,Radha Mohan Singh,SANCTION,3350000.0,2022-10-28,TREASURY_TRANSFER,Patna Municipal Corporation Infrastructure Cell
TRX00001978,PRJ000646,Radha Mohan Singh,EXPENDITURE,652245.0,2022-11-27,PFMS_E_PAYMENT,SwachhBharat Sanitation Infra Ltd
TRX00001979,PRJ000646,Radha Mohan Singh,EXPENDITURE,533655.0,2023-01-26,PFMS_E_PAYMENT,SwachhBharat Sanitation Infra Ltd
TRX00001980,PRJ000647,Radha Mohan Singh,SANCTION,5760000.0,2022-10-03,TREASURY_TRANSFER,Bhagalpur Public Works Department (PWD)
TRX00001981,PRJ000647,Radha Mohan Singh,EXPENDITURE,1425600.0,2022-11-02,PFMS_E_PAYMENT,SunPower Renewable Energy Systems
TRX00001982,PRJ000647,Radha Mohan Singh,EXPENDITURE,1166400.0,2023-01-01,PFMS_E_PAYMENT,SunPower Renewable Energy Systems
TRX00001983,PRJ000648,RAJ BHUSHAN CHOUDHARY,SANCTION,3680000.0,2022-07-31,TREASURY_TRANSFER,Muzaffarpur District Rural Development Agency (DRDA)
TRX00001984,PRJ000648,RAJ BHUSHAN CHOUDHARY,EXPENDITURE,3056240.0,2022-08-30,PFMS_E_PAYMENT,SwachhBharat Sanitation Infra Ltd
TRX00001985,PRJ000648,RAJ BHUSHAN CHOUDHARY,EXPENDITURE,2500560.0,2022-10-29,PFMS_E_PAYMENT,SwachhBharat Sanitation Infra Ltd
TRX00001986,PRJ000649,RAJ BHUSHAN CHOUDHARY,SANCTION,5950000.0,2023-01-10,TREASURY_TRANSFER,Bhagalpur Public Works Department (PWD)
TRX00001987,PRJ000649,RAJ BHUSHAN CHOUDHARY,EXPENDITURE,690497.5,2023-02-09,PFMS_E_PAYMENT,Speedway Repair & Resurfacing Contractors
TRX00001988,PRJ000649,RAJ BHUSHAN CHOUDHARY,EXPENDITURE,564952.5,2023-04-10,PFMS_E_PAYMENT,Speedway Repair & Resurfacing Contractors
TRX00001989,PRJ000650,RAJ BHUSHAN CHOUDHARY,SANCTION,7260000.0,2022-10-18,TREASURY_TRANSFER,Muzaffarpur District Rural Development Agency (DRDA)
TRX00001990,PRJ000650,RAJ BHUSHAN CHOUDHARY,EXPENDITURE,1122033.0,2022-11-17,PFMS_E_PAYMENT,TechLine IT & Lab Equipment Solutions Pvt Ltd
TRX00001991,PRJ000650,RAJ BHUSHAN CHOUDHARY,EXPENDITURE,918027.0,2023-01-16,PFMS_E_PAYMENT,TechLine IT & Lab Equipment Solutions Pvt Ltd
TRX00001992,PRJ000651,RAJ BHUSHAN CHOUDHARY,SANCTION,4780000.0,2022-09-28,TREASURY_TRANSFER,Patna State Water Supply & Sanitation Board (WSSB)
TRX00001993,PRJ000651,RAJ BHUSHAN CHOUDHARY,EXPENDITURE,2629000.0,2022-10-28,PFMS_E_PAYMENT,SwachhBharat Sanitation Infra Ltd
TRX00001994,PRJ000651,RAJ BHUSHAN CHOUDHARY,EXPENDITURE,2151000.0,2022-12-27,PFMS_E_PAYMENT,SwachhBharat Sanitation Infra Ltd
TRX00001995,PRJ000652,RAJ BHUSHAN CHOUDHARY,SANCTION,4810000.0,2023-02-26,TREASURY_TRANSFER,Patna Municipal Corporation Infrastructure Cell
TRX00001996,PRJ000652,RAJ BHUSHAN CHOUDHARY,EXPENDITURE,1190475.0,2023-03-28,PFMS_E_PAYMENT,SmartTransit Urban Infra Solutions
TRX00001997,PRJ000652,RAJ BHUSHAN CHOUDHARY,EXPENDITURE,974025.0,2023-05-27,PFMS_E_PAYMENT,SmartTransit Urban Infra Solutions
TRX00001998,PRJ000653,AMRARAM,SANCTION,5570000.0,2022-07-29,TREASURY_TRANSFER,Udaipur District Rural Development Agency (DRDA)
TRX00001999,PRJ000653,AMRARAM,EXPENDITURE,4564615.0,2022-08-28,PFMS_E_PAYMENT,National Civic Infrastructure Developers
TRX00002000,PRJ000653,AMRARAM,EXPENDITURE,3734685.0,2022-10-27,PFMS_E_PAYMENT,National Civic Infrastructure Developers
TRX00002001,PRJ000654,AMRARAM,SANCTION,4080000.0,2023-09-16,TREASURY_TRANSFER,Udaipur District Rural Development Agency (DRDA)
TRX00002002,PRJ000654,AMRARAM,EXPENDITURE,2894760.0,2023-10-16,PFMS_E_PAYMENT,UrbanDrain Civil Engineering Co
TRX00002003,PRJ000654,AMRARAM,EXPENDITURE,2368440.0,2023-12-15,PFMS_E_PAYMENT,UrbanDrain Civil Engineering Co
TRX00002004,PRJ000655,AMRARAM,SANCTION,2060000.0,2023-09-29,TREASURY_TRANSFER,Udaipur Municipal Corporation Infrastructure Cell
TRX00002005,PRJ000655,AMRARAM,EXPENDITURE,849750.0,2023-10-29,PFMS_E_PAYMENT,SunPower Renewable Energy Systems
TRX00002006,PRJ000655,AMRARAM,EXPENDITURE,695250.0,2023-12-28,PFMS_E_PAYMENT,SunPower Renewable Energy Systems
TRX00002007,PRJ000655,AMRARAM,EXPENDITURE,849750.0,2023-11-01,PFMS_E_PAYMENT,SunPower Renewable Energy Systems
TRX00002008,PRJ000656,AMRARAM,SANCTION,1970000.0,2023-05-26,TREASURY_TRANSFER,Bikaner Public Works Department (PWD)
TRX00002009,PRJ000656,AMRARAM,EXPENDITURE,411730.0,2023-06-25,PFMS_E_PAYMENT,SunPower Renewable Energy Systems
TRX00002010,PRJ000656,AMRARAM,EXPENDITURE,336870.0,2023-08-24,PFMS_E_PAYMENT,SunPower Renewable Energy Systems
TRX00002011,PRJ000657,AMRARAM,SANCTION,1650000.0,2022-08-28,TREASURY_TRANSFER,Udaipur District Rural Development Agency (DRDA)
TRX00002012,PRJ000657,AMRARAM,EXPENDITURE,753114.61,2022-09-27,PFMS_E_PAYMENT,TechLine IT & Lab Equipment Solutions Pvt Ltd
TRX00002013,PRJ000657,AMRARAM,EXPENDITURE,616184.68,2022-11-26,PFMS_E_PAYMENT,TechLine IT & Lab Equipment Solutions Pvt Ltd
TRX00002014,PRJ000658,Dr. Sarfraz Ahmad (2024-30) (2024-2030),SANCTION,890000.0,2022-10-10,TREASURY_TRANSFER,Jamshedpur District Rural Development Agency (DRDA)
TRX00002015,PRJ000658,Dr. Sarfraz Ahmad (2024-30) (2024-2030),EXPENDITURE,372509.5,2022-11-09,PFMS_E_PAYMENT,Apex Infracon & Highway Contractors
TRX00002016,PRJ000658,Dr. Sarfraz Ahmad (2024-30) (2024-2030),EXPENDITURE,304780.5,2023-01-08,PFMS_E_PAYMENT,Apex Infracon & Highway Contractors
TRX00002017,PRJ000659,Dr. Sarfraz Ahmad (2024-30) (2024-2030),SANCTION,520000.0,2023-06-18,TREASURY_TRANSFER,Ranchi State Water Supply & Sanitation Board (WSSB)
TRX00002018,PRJ000659,Dr. Sarfraz Ahmad (2024-30) (2024-2030),EXPENDITURE,214500.0,2023-07-18,PFMS_E_PAYMENT,MedTech Healthcare Infrastructure Ltd
TRX00002019,PRJ000659,Dr. Sarfraz Ahmad (2024-30) (2024-2030),EXPENDITURE,175500.0,2023-09-16,PFMS_E_PAYMENT,MedTech Healthcare Infrastructure Ltd
TRX00002020,PRJ000659,Dr. Sarfraz Ahmad (2024-30) (2024-2030),EXPENDITURE,214500.0,2023-07-20,PFMS_E_PAYMENT,MedTech Healthcare Infrastructure Ltd
TRX00002021,PRJ000660,Dr. Sarfraz Ahmad (2024-30) (2024-2030),SANCTION,5520000.0,2023-05-08,TREASURY_TRANSFER,Ranchi State Water Supply & Sanitation Board (WSSB)
TRX00002022,PRJ000660,Dr. Sarfraz Ahmad (2024-30) (2024-2030),EXPENDITURE,3036000.0,2023-06-07,PFMS_E_PAYMENT,SwachhBharat Sanitation Infra Ltd
TRX00002023,PRJ000660,Dr. Sarfraz Ahmad (2024-30) (2024-2030),EXPENDITURE,2484000.0,2023-08-06,PFMS_E_PAYMENT,SwachhBharat Sanitation Infra Ltd
TRX00002024,PRJ000661,Thiru Dayanidhi Maran,SANCTION,4070000.0,2023-07-10,TREASURY_TRANSFER,Madurai District Rural Development Agency (DRDA)
TRX00002025,PRJ000661,Thiru Dayanidhi Maran,EXPENDITURE,1981261.3,2023-08-09,PFMS_E_PAYMENT,AquaPure Water Systems & Drilling Corp
TRX00002026,PRJ000661,Thiru Dayanidhi Maran,EXPENDITURE,1621031.97,2023-10-08,PFMS_E_PAYMENT,AquaPure Water Systems & Drilling Corp
TRX00002027,PRJ000662,Thiru Dayanidhi Maran,SANCTION,7410000.0,2023-03-25,TREASURY_TRANSFER,Tiruchirappalli Municipal Corporation Infrastructure Cell
TRX00002028,PRJ000662,Thiru Dayanidhi Maran,EXPENDITURE,1772842.5,2023-04-24,PFMS_E_PAYMENT,SwachhBharat Sanitation Infra Ltd
TRX00002029,PRJ000662,Thiru Dayanidhi Maran,EXPENDITURE,1450507.5,2023-06-23,PFMS_E_PAYMENT,SwachhBharat Sanitation Infra Ltd
TRX00002030,PRJ000663,Thiru Dayanidhi Maran,SANCTION,6260000.0,2023-02-01,TREASURY_TRANSFER,Madurai Public Works Department (PWD)
TRX00002031,PRJ000663,Thiru Dayanidhi Maran,EXPENDITURE,1556236.0,2023-03-03,PFMS_E_PAYMENT,TechLine IT & Lab Equipment Solutions Pvt Ltd
TRX00002032,PRJ000663,Thiru Dayanidhi Maran,EXPENDITURE,1273284.0,2023-05-02,PFMS_E_PAYMENT,TechLine IT & Lab Equipment Solutions Pvt Ltd
TRX00002033,PRJ000664,Thiru Dayanidhi Maran,SANCTION,6270000.0,2023-06-09,TREASURY_TRANSFER,Tiruchirappalli Municipal Corporation Infrastructure Cell
TRX00002034,PRJ000664,Thiru Dayanidhi Maran,EXPENDITURE,1551825.0,2023-07-09,PFMS_E_PAYMENT,National Civic Infrastructure Developers
TRX00002035,PRJ000664,Thiru Dayanidhi Maran,EXPENDITURE,1269675.0,2023-09-07,PFMS_E_PAYMENT,National Civic Infrastructure Developers
TRX00002036,PRJ000665,Thiru Dayanidhi Maran,SANCTION,4510000.0,2022-12-09,TREASURY_TRANSFER,Madurai District Rural Development Agency (DRDA)
TRX00002037,PRJ000665,Thiru Dayanidhi Maran,EXPENDITURE,602761.5,2023-01-08,PFMS_E_PAYMENT,BridgeTech Structures Pvt Ltd
TRX00002038,PRJ000665,Thiru Dayanidhi Maran,EXPENDITURE,493168.5,2023-03-09,PFMS_E_PAYMENT,BridgeTech Structures Pvt Ltd
TRX00002039,PRJ000666,Smt Hema Malini,SANCTION,4860000.0,2022-08-13,TREASURY_TRANSFER,Varanasi State Water Supply & Sanitation Board (WSSB)
TRX00002040,PRJ000666,Smt Hema Malini,EXPENDITURE,2673000.0,2022-09-12,PFMS_E_PAYMENT,UrbanDrain Civil Engineering Co
TRX00002041,PRJ000666,Smt Hema Malini,EXPENDITURE,2187000.0,2022-11-11,PFMS_E_PAYMENT,UrbanDrain Civil Engineering Co
TRX00002042,PRJ000667,Smt Hema Malini,SANCTION,880000.0,2022-06-24,TREASURY_TRANSFER,Varanasi State Water Supply & Sanitation Board (WSSB)
TRX00002043,PRJ000667,Smt Hema Malini,EXPENDITURE,229416.0,2022-07-24,PFMS_E_PAYMENT,MedTech Healthcare Infrastructure Ltd
TRX00002044,PRJ000667,Smt Hema Malini,EXPENDITURE,187704.0,2022-09-22,PFMS_E_PAYMENT,MedTech Healthcare Infrastructure Ltd
TRX00002045,PRJ000668,Smt Hema Malini,SANCTION,6600000.0,2022-12-24,TREASURY_TRANSFER,Varanasi District Rural Development Agency (DRDA)
TRX00002046,PRJ000668,Smt Hema Malini,EXPENDITURE,1226940.0,2023-01-23,PFMS_E_PAYMENT,Paramount Multi-Sector Construction Ltd
TRX00002047,PRJ000668,Smt Hema Malini,EXPENDITURE,1003860.0,2023-03-24,PFMS_E_PAYMENT,Paramount Multi-Sector Construction Ltd
TRX00002048,PRJ000669,Smt Hema Malini,SANCTION,5960000.0,2022-11-19,TREASURY_TRANSFER,Varanasi District Rural Development Agency (DRDA)
TRX00002049,PRJ000669,Smt Hema Malini,EXPENDITURE,3278000.0,2022-12-19,PFMS_E_PAYMENT,TechLine IT & Lab Equipment Solutions Pvt Ltd
TRX00002050,PRJ000669,Smt Hema Malini,EXPENDITURE,2682000.0,2023-02-17,PFMS_E_PAYMENT,TechLine IT & Lab Equipment Solutions Pvt Ltd
TRX00002051,PRJ000670,PRADEEP PUROHIT,SANCTION,5250000.0,2023-12-28,TREASURY_TRANSFER,Berhampur District Rural Development Agency (DRDA)
TRX00002052,PRJ000670,PRADEEP PUROHIT,EXPENDITURE,2352145.55,2024-01-27,PFMS_E_PAYMENT,Apex Infracon & Highway Contractors
TRX00002053,PRJ000670,PRADEEP PUROHIT,EXPENDITURE,1924482.73,2024-03-27,PFMS_E_PAYMENT,Apex Infracon & Highway Contractors
TRX00002054,PRJ000671,PRADEEP PUROHIT,SANCTION,2230000.0,2022-06-16,TREASURY_TRANSFER,Puri State Water Supply & Sanitation Board (WSSB)
TRX00002055,PRJ000671,PRADEEP PUROHIT,EXPENDITURE,15163.04,2022-07-16,PFMS_E_PAYMENT,Apex Infracon & Highway Contractors
TRX00002056,PRJ000671,PRADEEP PUROHIT,EXPENDITURE,12406.12,2022-09-14,PFMS_E_PAYMENT,Apex Infracon & Highway Contractors
TRX00002057,PRJ000672,PRADEEP PUROHIT,SANCTION,4670000.0,2022-05-19,TREASURY_TRANSFER,Berhampur District Rural Development Agency (DRDA)
TRX00002058,PRJ000672,PRADEEP PUROHIT,EXPENDITURE,857879.0,2022-06-18,PFMS_E_PAYMENT,SmartTransit Urban Infra Solutions
TRX00002059,PRJ000672,PRADEEP PUROHIT,EXPENDITURE,701901.0,2022-08-17,PFMS_E_PAYMENT,SmartTransit Urban Infra Solutions
TRX00002060,PRJ000673,PRADEEP PUROHIT,SANCTION,540000.0,2022-07-17,TREASURY_TRANSFER,Berhampur District Rural Development Agency (DRDA)
TRX00002061,PRJ000673,PRADEEP PUROHIT,EXPENDITURE,61182.0,2022-08-16,PFMS_E_PAYMENT,SwachhBharat Sanitation Infra Ltd
TRX00002062,PRJ000673,PRADEEP PUROHIT,EXPENDITURE,50058.0,2022-10-15,PFMS_E_PAYMENT,SwachhBharat Sanitation Infra Ltd
TRX00002063,PRJ000674,NARESH CHANDRA UTTAM PATEL,SANCTION,2090000.0,2022-10-13,TREASURY_TRANSFER,Varanasi State Water Supply & Sanitation Board (WSSB)
TRX00002064,PRJ000674,NARESH CHANDRA UTTAM PATEL,EXPENDITURE,517275.0,2022-11-12,PFMS_E_PAYMENT,MedTech Healthcare Infrastructure Ltd
TRX00002065,PRJ000674,NARESH CHANDRA UTTAM PATEL,EXPENDITURE,423225.0,2023-01-11,PFMS_E_PAYMENT,MedTech Healthcare Infrastructure Ltd
TRX00002066,PRJ000675,NARESH CHANDRA UTTAM PATEL,SANCTION,1410000.0,2023-09-19,TREASURY_TRANSFER,Kanpur Municipal Corporation Infrastructure Cell
TRX00002067,PRJ000675,NARESH CHANDRA UTTAM PATEL,EXPENDITURE,348975.0,2023-10-19,PFMS_E_PAYMENT,AquaPure Water Systems & Drilling Corp
TRX00002068,PRJ000675,NARESH CHANDRA UTTAM PATEL,EXPENDITURE,285525.0,2023-12-18,PFMS_E_PAYMENT,AquaPure Water Systems & Drilling Corp
TRX00002069,PRJ000676,NARESH CHANDRA UTTAM PATEL,SANCTION,3930000.0,2022-08-08,TREASURY_TRANSFER,Varanasi District Rural Development Agency (DRDA)
TRX00002070,PRJ000676,NARESH CHANDRA UTTAM PATEL,EXPENDITURE,2788335.0,2022-09-07,PFMS_E_PAYMENT,UrbanDrain Civil Engineering Co
TRX00002071,PRJ000676,NARESH CHANDRA UTTAM PATEL,EXPENDITURE,2281365.0,2022-11-06,PFMS_E_PAYMENT,UrbanDrain Civil Engineering Co
TRX00002072,PRJ000677,Shri Govindbhai Laljibhai Dholakia (2024-30) (2024-2030),SANCTION,1640000.0,2022-10-15,TREASURY_TRANSFER,Ahmedabad Public Works Department (PWD)
TRX00002073,PRJ000677,Shri Govindbhai Laljibhai Dholakia (2024-30) (2024-2030),EXPENDITURE,676500.0,2022-11-14,PFMS_E_PAYMENT,National Civic Infrastructure Developers
TRX00002074,PRJ000677,Shri Govindbhai Laljibhai Dholakia (2024-30) (2024-2030),EXPENDITURE,553500.0,2023-01-13,PFMS_E_PAYMENT,National Civic Infrastructure Developers
TRX00002075,PRJ000677,Shri Govindbhai Laljibhai Dholakia (2024-30) (2024-2030),EXPENDITURE,676500.0,2022-11-16,PFMS_E_PAYMENT,National Civic Infrastructure Developers
TRX00002076,PRJ000678,Shri Govindbhai Laljibhai Dholakia (2024-30) (2024-2030),SANCTION,770000.0,2022-10-13,TREASURY_TRANSFER,Gandhinagar State Water Supply & Sanitation Board (WSSB)
TRX00002077,PRJ000678,Shri Govindbhai Laljibhai Dholakia (2024-30) (2024-2030),EXPENDITURE,423500.0,2022-11-12,PFMS_E_PAYMENT,UrbanDrain Civil Engineering Co
TRX00002078,PRJ000678,Shri Govindbhai Laljibhai Dholakia (2024-30) (2024-2030),EXPENDITURE,346500.0,2023-01-11,PFMS_E_PAYMENT,UrbanDrain Civil Engineering Co
TRX00002079,PRJ000679,Shri Govindbhai Laljibhai Dholakia (2024-30) (2024-2030),SANCTION,6730000.0,2022-05-13,TREASURY_TRANSFER,Ahmedabad District Rural Development Agency (DRDA)
TRX00002080,PRJ000679,Shri Govindbhai Laljibhai Dholakia (2024-30) (2024-2030),EXPENDITURE,1462092.5,2022-06-12,PFMS_E_PAYMENT,Paramount Multi-Sector Construction Ltd
TRX00002081,PRJ000679,Shri Govindbhai Laljibhai Dholakia (2024-30) (2024-2030),EXPENDITURE,1196257.5,2022-08-11,PFMS_E_PAYMENT,Paramount Multi-Sector Construction Ltd
TRX00002082,PRJ000680,Shri Govindbhai Laljibhai Dholakia (2024-30) (2024-2030),SANCTION,7770000.0,2022-11-23,TREASURY_TRANSFER,Ahmedabad District Rural Development Agency (DRDA)
TRX00002083,PRJ000680,Shri Govindbhai Laljibhai Dholakia (2024-30) (2024-2030),EXPENDITURE,1572648.0,2022-12-23,PFMS_E_PAYMENT,Paramount Multi-Sector Construction Ltd
TRX00002084,PRJ000680,Shri Govindbhai Laljibhai Dholakia (2024-30) (2024-2030),EXPENDITURE,1286712.0,2023-02-21,PFMS_E_PAYMENT,Paramount Multi-Sector Construction Ltd
TRX00002085,PRJ000681,Shri Govindbhai Laljibhai Dholakia (2024-30) (2024-2030),SANCTION,4540000.0,2023-04-08,TREASURY_TRANSFER,Gandhinagar State Water Supply & Sanitation Board (WSSB)
TRX00002086,PRJ000681,Shri Govindbhai Laljibhai Dholakia (2024-30) (2024-2030),EXPENDITURE,2497000.0,2023-05-08,PFMS_E_PAYMENT,Apex Infracon & Highway Contractors
TRX00002087,PRJ000681,Shri Govindbhai Laljibhai Dholakia (2024-30) (2024-2030),EXPENDITURE,2043000.0,2023-07-07,PFMS_E_PAYMENT,Apex Infracon & Highway Contractors
TRX00002088,PRJ000682,Pradan Baruah,SANCTION,3050000.0,2023-07-30,TREASURY_TRANSFER,Guwahati District Rural Development Agency (DRDA)
TRX00002089,PRJ000682,Pradan Baruah,EXPENDITURE,2281400.0,2023-08-29,PFMS_E_PAYMENT,SunPower Renewable Energy Systems
TRX00002090,PRJ000682,Pradan Baruah,EXPENDITURE,1866600.0,2023-10-28,PFMS_E_PAYMENT,SunPower Renewable Energy Systems
TRX00002091,PRJ000683,Pradan Baruah,SANCTION,550000.0,2022-05-27,TREASURY_TRANSFER,Guwahati District Rural Development Agency (DRDA)
TRX00002092,PRJ000683,Pradan Baruah,EXPENDITURE,302500.0,2022-06-26,PFMS_E_PAYMENT,MedTech Healthcare Infrastructure Ltd
TRX00002093,PRJ000683,Pradan Baruah,EXPENDITURE,247500.0,2022-08-25,PFMS_E_PAYMENT,MedTech Healthcare Infrastructure Ltd
TRX00002094,PRJ000684,Pradan Baruah,SANCTION,6480000.0,2023-09-30,TREASURY_TRANSFER,Guwahati District Rural Development Agency (DRDA)
TRX00002095,PRJ000684,Pradan Baruah,EXPENDITURE,2869308.93,2023-10-30,PFMS_E_PAYMENT,Apex Infracon & Highway Contractors
TRX00002096,PRJ000684,Pradan Baruah,EXPENDITURE,2347616.39,2023-12-29,PFMS_E_PAYMENT,Apex Infracon & Highway Contractors
TRX00002097,PRJ000685,Shri P. P. Suneer (2024-30) (2024-2030),SANCTION,2010000.0,2022-08-20,TREASURY_TRANSFER,Alappuzha Municipal Corporation Infrastructure Cell
TRX00002098,PRJ000685,Shri P. P. Suneer (2024-30) (2024-2030),EXPENDITURE,395769.0,2022-09-19,PFMS_E_PAYMENT,SmartTransit Urban Infra Solutions
TRX00002099,PRJ000685,Shri P. P. Suneer (2024-30) (2024-2030),EXPENDITURE,323811.0,2022-11-18,PFMS_E_PAYMENT,SmartTransit Urban Infra Solutions
TRX00002100,PRJ000686,Shri P. P. Suneer (2024-30) (2024-2030),SANCTION,6590000.0,2022-06-07,TREASURY_TRANSFER,Alappuzha Municipal Corporation Infrastructure Cell
TRX00002101,PRJ000686,Shri P. P. Suneer (2024-30) (2024-2030),EXPENDITURE,120972.67,2022-07-07,PFMS_E_PAYMENT,BridgeTech Structures Pvt Ltd
TRX00002102,PRJ000686,Shri P. P. Suneer (2024-30) (2024-2030),EXPENDITURE,98977.64,2022-09-05,PFMS_E_PAYMENT,BridgeTech Structures Pvt Ltd
TRX00002103,PRJ000687,Shri Kartikeya Sharma (2022-28) (2022-2028),SANCTION,5010000.0,2023-04-21,TREASURY_TRANSFER,Faridabad District Rural Development Agency (DRDA)
TRX00002104,PRJ000687,Shri Kartikeya Sharma (2022-28) (2022-2028),EXPENDITURE,3830145.0,2023-05-21,PFMS_E_PAYMENT,Speedway Repair & Resurfacing Contractors
TRX00002105,PRJ000687,Shri Kartikeya Sharma (2022-28) (2022-2028),EXPENDITURE,3133755.0,2023-07-20,PFMS_E_PAYMENT,Speedway Repair & Resurfacing Contractors
TRX00002106,PRJ000688,Shri Kartikeya Sharma (2022-28) (2022-2028),SANCTION,6950000.0,2023-09-24,TREASURY_TRANSFER,Faridabad District Rural Development Agency (DRDA)
TRX00002107,PRJ000688,Shri Kartikeya Sharma (2022-28) (2022-2028),EXPENDITURE,2935680.0,2023-10-24,PFMS_E_PAYMENT,Speedway Repair & Resurfacing Contractors
TRX00002108,PRJ000688,Shri Kartikeya Sharma (2022-28) (2022-2028),EXPENDITURE,2401920.0,2023-12-23,PFMS_E_PAYMENT,Speedway Repair & Resurfacing Contractors
TRX00002109,PRJ000689,Shri Khiangte Laltluangkima (2026-32) (2026-2032),SANCTION,7970000.0,2023-03-13,TREASURY_TRANSFER,Lunglei Municipal Corporation Infrastructure Cell
TRX00002110,PRJ000689,Shri Khiangte Laltluangkima (2026-32) (2026-2032),EXPENDITURE,2244352.0,2023-04-12,PFMS_E_PAYMENT,BridgeTech Structures Pvt Ltd
TRX00002111,PRJ000689,Shri Khiangte Laltluangkima (2026-32) (2026-2032),EXPENDITURE,1836288.0,2023-06-11,PFMS_E_PAYMENT,BridgeTech Structures Pvt Ltd
TRX00002112,PRJ000690,Shri Khiangte Laltluangkima (2026-32) (2026-2032),SANCTION,1860000.0,2023-03-25,TREASURY_TRANSFER,Serchhip District Rural Development Agency (DRDA)
TRX00002113,PRJ000690,Shri Khiangte Laltluangkima (2026-32) (2026-2032),EXPENDITURE,767250.0,2023-04-24,PFMS_E_PAYMENT,SunPower Renewable Energy Systems
TRX00002114,PRJ000690,Shri Khiangte Laltluangkima (2026-32) (2026-2032),EXPENDITURE,627750.0,2023-06-23,PFMS_E_PAYMENT,SunPower Renewable Energy Systems
TRX00002115,PRJ000690,Shri Khiangte Laltluangkima (2026-32) (2026-2032),EXPENDITURE,767250.0,2023-04-25,PFMS_E_PAYMENT,SunPower Renewable Energy Systems
TRX00002116,PRJ000691,Shri Khiangte Laltluangkima (2026-32) (2026-2032),SANCTION,2170000.0,2023-03-08,TREASURY_TRANSFER,Serchhip District Rural Development Agency (DRDA)
TRX00002117,PRJ000691,Shri Khiangte Laltluangkima (2026-32) (2026-2032),EXPENDITURE,1479940.0,2023-04-07,PFMS_E_PAYMENT,CleanWater Sanitation & Drainage Works Pvt Ltd
TRX00002118,PRJ000691,Shri Khiangte Laltluangkima (2026-32) (2026-2032),EXPENDITURE,1210860.0,2023-06-06,PFMS_E_PAYMENT,CleanWater Sanitation & Drainage Works Pvt Ltd
TRX00002119,PRJ000692,Shri Khiangte Laltluangkima (2026-32) (2026-2032),SANCTION,5330000.0,2022-09-15,TREASURY_TRANSFER,Serchhip Public Works Department (PWD)
TRX00002120,PRJ000692,Shri Khiangte Laltluangkima (2026-32) (2026-2032),EXPENDITURE,2198625.0,2022-10-15,PFMS_E_PAYMENT,Apex Infracon & Highway Contractors
TRX00002121,PRJ000692,Shri Khiangte Laltluangkima (2026-32) (2026-2032),EXPENDITURE,1798875.0,2022-12-14,PFMS_E_PAYMENT,Apex Infracon & Highway Contractors
TRX00002122,PRJ000692,Shri Khiangte Laltluangkima (2026-32) (2026-2032),EXPENDITURE,2198625.0,2022-10-17,PFMS_E_PAYMENT,Apex Infracon & Highway Contractors
TRX00002123,PRJ000693,G. KUMAR NAIK,SANCTION,5680000.0,2022-07-08,TREASURY_TRANSFER,Mysuru District Rural Development Agency (DRDA)
TRX00002124,PRJ000693,G. KUMAR NAIK,EXPENDITURE,1530760.0,2022-08-07,PFMS_E_PAYMENT,TechLine IT & Lab Equipment Solutions Pvt Ltd
TRX00002125,PRJ000693,G. KUMAR NAIK,EXPENDITURE,1252440.0,2022-10-06,PFMS_E_PAYMENT,TechLine IT & Lab Equipment Solutions Pvt Ltd
TRX00002126,PRJ000694,G. KUMAR NAIK,SANCTION,1560000.0,2023-06-28,TREASURY_TRANSFER,Mysuru District Rural Development Agency (DRDA)
TRX00002127,PRJ000694,G. KUMAR NAIK,EXPENDITURE,684684.0,2023-07-28,PFMS_E_PAYMENT,ProSport Infrastructure & Turf Solutions
TRX00002128,PRJ000694,G. KUMAR NAIK,EXPENDITURE,560196.0,2023-09-26,PFMS_E_PAYMENT,ProSport Infrastructure & Turf Solutions
TRX00002129,PRJ000695,G. KUMAR NAIK,SANCTION,7280000.0,2022-12-02,TREASURY_TRANSFER,Mysuru District Rural Development Agency (DRDA)
TRX00002130,PRJ000695,G. KUMAR NAIK,EXPENDITURE,1801800.0,2023-01-01,PFMS_E_PAYMENT,UrbanDrain Civil Engineering Co
TRX00002131,PRJ000695,G. KUMAR NAIK,EXPENDITURE,1474200.0,2023-03-02,PFMS_E_PAYMENT,UrbanDrain Civil Engineering Co
TRX00002132,PRJ000696,G. KUMAR NAIK,SANCTION,5320000.0,2022-10-15,TREASURY_TRANSFER,Mysuru District Rural Development Agency (DRDA)
TRX00002133,PRJ000696,G. KUMAR NAIK,EXPENDITURE,1755600.0,2022-11-14,PFMS_E_PAYMENT,AquaPure Water Systems & Drilling Corp
TRX00002134,PRJ000696,G. KUMAR NAIK,EXPENDITURE,1436400.0,2023-01-13,PFMS_E_PAYMENT,AquaPure Water Systems & Drilling Corp
TRX00002135,PRJ000697,DR. PRADEEP KUMAR PANIGRAHY,SANCTION,7570000.0,2023-10-26,TREASURY_TRANSFER,Berhampur District Rural Development Agency (DRDA)
TRX00002136,PRJ000697,DR. PRADEEP KUMAR PANIGRAHY,EXPENDITURE,4996200.0,2023-11-25,PFMS_E_PAYMENT,TechLine IT & Lab Equipment Solutions Pvt Ltd
TRX00002137,PRJ000697,DR. PRADEEP KUMAR PANIGRAHY,EXPENDITURE,4087800.0,2024-01-24,PFMS_E_PAYMENT,TechLine IT & Lab Equipment Solutions Pvt Ltd
TRX00002138,PRJ000698,DR. PRADEEP KUMAR PANIGRAHY,SANCTION,2210000.0,2023-09-17,TREASURY_TRANSFER,Puri Municipal Corporation Infrastructure Cell
TRX00002139,PRJ000698,DR. PRADEEP KUMAR PANIGRAHY,EXPENDITURE,546975.0,2023-10-17,PFMS_E_PAYMENT,TechLine IT & Lab Equipment Solutions Pvt Ltd
TRX00002140,PRJ000698,DR. PRADEEP KUMAR PANIGRAHY,EXPENDITURE,447525.0,2023-12-16,PFMS_E_PAYMENT,TechLine IT & Lab Equipment Solutions Pvt Ltd
TRX00002141,PRJ000699,DR. PRADEEP KUMAR PANIGRAHY,SANCTION,5230000.0,2022-11-26,TREASURY_TRANSFER,Puri State Water Supply & Sanitation Board (WSSB)
TRX00002142,PRJ000699,DR. PRADEEP KUMAR PANIGRAHY,EXPENDITURE,2876500.0,2022-12-26,PFMS_E_PAYMENT,SunPower Renewable Energy Systems
TRX00002143,PRJ000699,DR. PRADEEP KUMAR PANIGRAHY,EXPENDITURE,2353500.0,2023-02-24,PFMS_E_PAYMENT,SunPower Renewable Energy Systems
TRX00002144,PRJ000700,DR. PRADEEP KUMAR PANIGRAHY,SANCTION,7190000.0,2023-05-12,TREASURY_TRANSFER,Berhampur District Rural Development Agency (DRDA)
TRX00002145,PRJ000700,DR. PRADEEP KUMAR PANIGRAHY,EXPENDITURE,5931750.0,2023-06-11,PFMS_E_PAYMENT,ProSport Infrastructure & Turf Solutions
TRX00002146,PRJ000700,DR. PRADEEP KUMAR PANIGRAHY,EXPENDITURE,4853250.0,2023-08-10,PFMS_E_PAYMENT,ProSport Infrastructure & Turf Solutions
TRX00002147,PRJ000701,DR. PRADEEP KUMAR PANIGRAHY,SANCTION,5190000.0,2023-05-28,TREASURY_TRANSFER,Berhampur District Rural Development Agency (DRDA)
TRX00002148,PRJ000701,DR. PRADEEP KUMAR PANIGRAHY,EXPENDITURE,2391534.21,2023-06-27,PFMS_E_PAYMENT,SwachhBharat Sanitation Infra Ltd
TRX00002149,PRJ000701,DR. PRADEEP KUMAR PANIGRAHY,EXPENDITURE,1956709.8,2023-08-26,PFMS_E_PAYMENT,SwachhBharat Sanitation Infra Ltd
TRX00002150,PRJ000702,Shri Sanjay Raut (2022-28) (2022-2028),SANCTION,3960000.0,2022-06-08,TREASURY_TRANSFER,Aurangabad State Water Supply & Sanitation Board (WSSB)
TRX00002151,PRJ000702,Shri Sanjay Raut (2022-28) (2022-2028),EXPENDITURE,1633500.0,2022-07-08,PFMS_E_PAYMENT,ProSport Infrastructure & Turf Solutions
TRX00002152,PRJ000702,Shri Sanjay Raut (2022-28) (2022-2028),EXPENDITURE,1336500.0,2022-09-06,PFMS_E_PAYMENT,ProSport Infrastructure & Turf Solutions
TRX00002153,PRJ000702,Shri Sanjay Raut (2022-28) (2022-2028),EXPENDITURE,1633500.0,2022-07-13,PFMS_E_PAYMENT,ProSport Infrastructure & Turf Solutions
TRX00002154,PRJ000703,Shri Sanjay Raut (2022-28) (2022-2028),SANCTION,5800000.0,2023-07-10,TREASURY_TRANSFER,Aurangabad State Water Supply & Sanitation Board (WSSB)
TRX00002155,PRJ000703,Shri Sanjay Raut (2022-28) (2022-2028),EXPENDITURE,720940.0,2023-08-09,PFMS_E_PAYMENT,SunPower Renewable Energy Systems
TRX00002156,PRJ000703,Shri Sanjay Raut (2022-28) (2022-2028),EXPENDITURE,589860.0,2023-10-08,PFMS_E_PAYMENT,SunPower Renewable Energy Systems
TRX00002157,PRJ000704,Shri Sanjay Raut (2022-28) (2022-2028),SANCTION,7270000.0,2022-11-16,TREASURY_TRANSFER,Aurangabad State Water Supply & Sanitation Board (WSSB)
TRX00002158,PRJ000704,Shri Sanjay Raut (2022-28) (2022-2028),EXPENDITURE,3250780.5,2022-12-16,PFMS_E_PAYMENT,AquaPure Water Systems & Drilling Corp
TRX00002159,PRJ000704,Shri Sanjay Raut (2022-28) (2022-2028),EXPENDITURE,2659729.5,2023-02-14,PFMS_E_PAYMENT,AquaPure Water Systems & Drilling Corp
TRX00002160,PRJ000705,Shri Sanjay Raut (2022-28) (2022-2028),SANCTION,6560000.0,2022-10-19,TREASURY_TRANSFER,Thane Public Works Department (PWD)
TRX00002161,PRJ000705,Shri Sanjay Raut (2022-28) (2022-2028),EXPENDITURE,1623600.0,2022-11-18,PFMS_E_PAYMENT,SunPower Renewable Energy Systems
TRX00002162,PRJ000705,Shri Sanjay Raut (2022-28) (2022-2028),EXPENDITURE,1328400.0,2023-01-17,PFMS_E_PAYMENT,SunPower Renewable Energy Systems
TRX00002163,PRJ000706,Jaswantsinh Sumanbhai Bhabhor,SANCTION,5410000.0,2023-03-14,TREASURY_TRANSFER,Gandhinagar State Water Supply & Sanitation Board (WSSB)
TRX00002164,PRJ000706,Jaswantsinh Sumanbhai Bhabhor,EXPENDITURE,2975500.0,2023-04-13,PFMS_E_PAYMENT,SwachhBharat Sanitation Infra Ltd
TRX00002165,PRJ000706,Jaswantsinh Sumanbhai Bhabhor,EXPENDITURE,2434500.0,2023-06-12,PFMS_E_PAYMENT,SwachhBharat Sanitation Infra Ltd
TRX00002166,PRJ000707,Jaswantsinh Sumanbhai Bhabhor,SANCTION,2150000.0,2023-07-14,TREASURY_TRANSFER,Gandhinagar State Water Supply & Sanitation Board (WSSB)
TRX00002167,PRJ000707,Jaswantsinh Sumanbhai Bhabhor,EXPENDITURE,532125.0,2023-08-13,PFMS_E_PAYMENT,CleanWater Sanitation & Drainage Works Pvt Ltd
TRX00002168,PRJ000707,Jaswantsinh Sumanbhai Bhabhor,EXPENDITURE,435375.0,2023-10-12,PFMS_E_PAYMENT,CleanWater Sanitation & Drainage Works Pvt Ltd
TRX00002169,PRJ000708,Jaswantsinh Sumanbhai Bhabhor,SANCTION,7350000.0,2023-05-05,TREASURY_TRANSFER,Ahmedabad District Rural Development Agency (DRDA)
TRX00002170,PRJ000708,Jaswantsinh Sumanbhai Bhabhor,EXPENDITURE,3462199.48,2023-06-04,PFMS_E_PAYMENT,SmartTransit Urban Infra Solutions
TRX00002171,PRJ000708,Jaswantsinh Sumanbhai Bhabhor,EXPENDITURE,2832708.66,2023-08-03,PFMS_E_PAYMENT,SmartTransit Urban Infra Solutions
TRX00002172,PRJ000709,Jaswantsinh Sumanbhai Bhabhor,SANCTION,3250000.0,2022-06-04,TREASURY_TRANSFER,Ahmedabad District Rural Development Agency (DRDA)
TRX00002173,PRJ000709,Jaswantsinh Sumanbhai Bhabhor,EXPENDITURE,1458478.05,2022-07-04,PFMS_E_PAYMENT,TechLine IT & Lab Equipment Solutions Pvt Ltd
TRX00002174,PRJ000709,Jaswantsinh Sumanbhai Bhabhor,EXPENDITURE,1193300.22,2022-09-02,PFMS_E_PAYMENT,TechLine IT & Lab Equipment Solutions Pvt Ltd
TRX00002175,PRJ000710,Jaswantsinh Sumanbhai Bhabhor,SANCTION,4110000.0,2023-02-04,TREASURY_TRANSFER,Bhavnagar Municipal Corporation Infrastructure Cell
TRX00002176,PRJ000710,Jaswantsinh Sumanbhai Bhabhor,EXPENDITURE,1017225.0,2023-03-06,PFMS_E_PAYMENT,ProSport Infrastructure & Turf Solutions
TRX00002177,PRJ000710,Jaswantsinh Sumanbhai Bhabhor,EXPENDITURE,832275.0,2023-05-05,PFMS_E_PAYMENT,ProSport Infrastructure & Turf Solutions
TRX00002178,PRJ000711,Shri Karamvir Singh Singh Boudh (2026-32) (2026-2032),SANCTION,7500000.0,2022-09-15,TREASURY_TRANSFER,Faridabad District Rural Development Agency (DRDA)
TRX00002179,PRJ000711,Shri Karamvir Singh Singh Boudh (2026-32) (2026-2032),EXPENDITURE,948750.0,2022-10-15,PFMS_E_PAYMENT,MedTech Healthcare Infrastructure Ltd
TRX00002180,PRJ000711,Shri Karamvir Singh Singh Boudh (2026-32) (2026-2032),EXPENDITURE,776250.0,2022-12-14,PFMS_E_PAYMENT,MedTech Healthcare Infrastructure Ltd
TRX00002181,PRJ000712,Shri Karamvir Singh Singh Boudh (2026-32) (2026-2032),SANCTION,1140000.0,2023-06-29,TREASURY_TRANSFER,Faridabad District Rural Development Agency (DRDA)
TRX00002182,PRJ000712,Shri Karamvir Singh Singh Boudh (2026-32) (2026-2032),EXPENDITURE,282150.0,2023-07-29,PFMS_E_PAYMENT,UrbanDrain Civil Engineering Co
TRX00002183,PRJ000712,Shri Karamvir Singh Singh Boudh (2026-32) (2026-2032),EXPENDITURE,230850.0,2023-09-27,PFMS_E_PAYMENT,UrbanDrain Civil Engineering Co
TRX00002184,PRJ000713,Shri Karamvir Singh Singh Boudh (2026-32) (2026-2032),SANCTION,4680000.0,2022-12-28,TREASURY_TRANSFER,Hisar Public Works Department (PWD)
TRX00002185,PRJ000713,Shri Karamvir Singh Singh Boudh (2026-32) (2026-2032),EXPENDITURE,1158300.0,2023-01-27,PFMS_E_PAYMENT,ProSport Infrastructure & Turf Solutions
TRX00002186,PRJ000713,Shri Karamvir Singh Singh Boudh (2026-32) (2026-2032),EXPENDITURE,947700.0,2023-03-28,PFMS_E_PAYMENT,ProSport Infrastructure & Turf Solutions
TRX00002187,PRJ000714,Shri Karamvir Singh Singh Boudh (2026-32) (2026-2032),SANCTION,6330000.0,2022-11-12,TREASURY_TRANSFER,Ambala State Water Supply & Sanitation Board (WSSB)
TRX00002188,PRJ000714,Shri Karamvir Singh Singh Boudh (2026-32) (2026-2032),EXPENDITURE,3481500.0,2022-12-12,PFMS_E_PAYMENT,SmartTransit Urban Infra Solutions
TRX00002189,PRJ000714,Shri Karamvir Singh Singh Boudh (2026-32) (2026-2032),EXPENDITURE,2848500.0,2023-02-10,PFMS_E_PAYMENT,SmartTransit Urban Infra Solutions
TRX00002190,PRJ000715,PRAVEEN PATEL,SANCTION,5220000.0,2023-08-16,TREASURY_TRANSFER,Varanasi District Rural Development Agency (DRDA)
TRX00002191,PRJ000715,PRAVEEN PATEL,EXPENDITURE,1019205.0,2023-09-15,PFMS_E_PAYMENT,Paramount Multi-Sector Construction Ltd
TRX00002192,PRJ000715,PRAVEEN PATEL,EXPENDITURE,833895.0,2023-11-14,PFMS_E_PAYMENT,Paramount Multi-Sector Construction Ltd
TRX00002193,PRJ000716,PRAVEEN PATEL,SANCTION,6010000.0,2023-12-18,TREASURY_TRANSFER,Varanasi State Water Supply & Sanitation Board (WSSB)
TRX00002194,PRJ000716,PRAVEEN PATEL,EXPENDITURE,1593251.0,2024-01-17,PFMS_E_PAYMENT,SunPower Renewable Energy Systems
TRX00002195,PRJ000716,PRAVEEN PATEL,EXPENDITURE,1303569.0,2024-03-17,PFMS_E_PAYMENT,SunPower Renewable Energy Systems
TRX00002196,PRJ000717,PRAVEEN PATEL,SANCTION,4760000.0,2022-05-17,TREASURY_TRANSFER,Varanasi District Rural Development Agency (DRDA)
TRX00002197,PRJ000717,PRAVEEN PATEL,EXPENDITURE,85321.95,2022-06-16,PFMS_E_PAYMENT,AquaPure Water Systems & Drilling Corp
TRX00002198,PRJ000717,PRAVEEN PATEL,EXPENDITURE,69808.87,2022-08-15,PFMS_E_PAYMENT,AquaPure Water Systems & Drilling Corp
TRX00002199,PRJ000718,PRAVEEN PATEL,SANCTION,6670000.0,2023-08-31,TREASURY_TRANSFER,Varanasi District Rural Development Agency (DRDA)
TRX00002200,PRJ000718,PRAVEEN PATEL,EXPENDITURE,1672836.0,2023-09-30,PFMS_E_PAYMENT,Paramount Multi-Sector Construction Ltd
TRX00002201,PRJ000718,PRAVEEN PATEL,EXPENDITURE,1368684.0,2023-11-29,PFMS_E_PAYMENT,Paramount Multi-Sector Construction Ltd
TRX00002202,PRJ000719,PRAVEEN PATEL,SANCTION,4670000.0,2023-07-02,TREASURY_TRANSFER,Varanasi State Water Supply & Sanitation Board (WSSB)
TRX00002203,PRJ000719,PRAVEEN PATEL,EXPENDITURE,965756.0,2023-08-01,PFMS_E_PAYMENT,UrbanDrain Civil Engineering Co
TRX00002204,PRJ000719,PRAVEEN PATEL,EXPENDITURE,790164.0,2023-09-30,PFMS_E_PAYMENT,UrbanDrain Civil Engineering Co
TRX00002205,PRJ000720,Shri Mahendra Bhatt (2024-30) (2024-2030),SANCTION,5400000.0,2022-05-26,TREASURY_TRANSFER,Haridwar State Water Supply & Sanitation Board (WSSB)
TRX00002206,PRJ000720,Shri Mahendra Bhatt (2024-30) (2024-2030),EXPENDITURE,2334420.0,2022-06-25,PFMS_E_PAYMENT,MedTech Healthcare Infrastructure Ltd
TRX00002207,PRJ000720,Shri Mahendra Bhatt (2024-30) (2024-2030),EXPENDITURE,1909980.0,2022-08-24,PFMS_E_PAYMENT,MedTech Healthcare Infrastructure Ltd
TRX00002208,PRJ000721,Shri Mahendra Bhatt (2024-30) (2024-2030),SANCTION,6670000.0,2022-11-28,TREASURY_TRANSFER,Dehradun Public Works Department (PWD)
TRX00002209,PRJ000721,Shri Mahendra Bhatt (2024-30) (2024-2030),EXPENDITURE,3668500.0,2022-12-28,PFMS_E_PAYMENT,Speedway Repair & Resurfacing Contractors
TRX00002210,PRJ000721,Shri Mahendra Bhatt (2024-30) (2024-2030),EXPENDITURE,3001500.0,2023-02-26,PFMS_E_PAYMENT,Speedway Repair & Resurfacing Contractors
TRX00002211,PRJ000722,Shri Mahendra Bhatt (2024-30) (2024-2030),SANCTION,4310000.0,2023-06-09,TREASURY_TRANSFER,Dehradun Public Works Department (PWD)
TRX00002212,PRJ000722,Shri Mahendra Bhatt (2024-30) (2024-2030),EXPENDITURE,1216066.5,2023-07-09,PFMS_E_PAYMENT,Apex Infracon & Highway Contractors
TRX00002213,PRJ000722,Shri Mahendra Bhatt (2024-30) (2024-2030),EXPENDITURE,994963.5,2023-09-07,PFMS_E_PAYMENT,Apex Infracon & Highway Contractors
TRX00002214,PRJ000723,Kamlesh Paswan,SANCTION,4410000.0,2023-12-06,TREASURY_TRANSFER,Varanasi State Water Supply & Sanitation Board (WSSB)
TRX00002215,PRJ000723,Kamlesh Paswan,EXPENDITURE,1913719.5,2024-01-05,PFMS_E_PAYMENT,Apex Infracon & Highway Contractors
TRX00002216,PRJ000723,Kamlesh Paswan,EXPENDITURE,1565770.5,2024-03-05,PFMS_E_PAYMENT,Apex Infracon & Highway Contractors
TRX00002217,PRJ000724,Kamlesh Paswan,SANCTION,1910000.0,2022-11-18,TREASURY_TRANSFER,Varanasi Public Works Department (PWD)
TRX00002218,PRJ000724,Kamlesh Paswan,EXPENDITURE,1050500.0,2022-12-18,PFMS_E_PAYMENT,CleanWater Sanitation & Drainage Works Pvt Ltd
TRX00002219,PRJ000724,Kamlesh Paswan,EXPENDITURE,859500.0,2023-02-16,PFMS_E_PAYMENT,CleanWater Sanitation & Drainage Works Pvt Ltd
TRX00002220,PRJ000725,Kamlesh Paswan,SANCTION,1790000.0,2022-09-09,TREASURY_TRANSFER,Varanasi State Water Supply & Sanitation Board (WSSB)
TRX00002221,PRJ000725,Kamlesh Paswan,EXPENDITURE,984500.0,2022-10-09,PFMS_E_PAYMENT,Speedway Repair & Resurfacing Contractors
TRX00002222,PRJ000725,Kamlesh Paswan,EXPENDITURE,805500.0,2022-12-08,PFMS_E_PAYMENT,Speedway Repair & Resurfacing Contractors
TRX00002223,PRJ000726,Kamlesh Paswan,SANCTION,6030000.0,2022-12-19,TREASURY_TRANSFER,Varanasi District Rural Development Agency (DRDA)
TRX00002224,PRJ000726,Kamlesh Paswan,EXPENDITURE,2831595.12,2023-01-18,PFMS_E_PAYMENT,TechLine IT & Lab Equipment Solutions Pvt Ltd
TRX00002225,PRJ000726,Kamlesh Paswan,EXPENDITURE,2316759.65,2023-03-19,PFMS_E_PAYMENT,TechLine IT & Lab Equipment Solutions Pvt Ltd
TRX00002226,PRJ000727,BALWANT BASWANT WANKHADE,SANCTION,5990000.0,2023-05-22,TREASURY_TRANSFER,Thane District Rural Development Agency (DRDA)
TRX00002227,PRJ000727,BALWANT BASWANT WANKHADE,EXPENDITURE,5073530.0,2023-06-21,PFMS_E_PAYMENT,CleanWater Sanitation & Drainage Works Pvt Ltd
TRX00002228,PRJ000727,BALWANT BASWANT WANKHADE,EXPENDITURE,4151070.0,2023-08-20,PFMS_E_PAYMENT,CleanWater Sanitation & Drainage Works Pvt Ltd
TRX00002229,PRJ000728,BALWANT BASWANT WANKHADE,SANCTION,1980000.0,2023-09-22,TREASURY_TRANSFER,Aurangabad State Water Supply & Sanitation Board (WSSB)
TRX00002230,PRJ000728,BALWANT BASWANT WANKHADE,EXPENDITURE,861399.0,2023-10-22,PFMS_E_PAYMENT,UrbanDrain Civil Engineering Co
TRX00002231,PRJ000728,BALWANT BASWANT WANKHADE,EXPENDITURE,704781.0,2023-12-21,PFMS_E_PAYMENT,UrbanDrain Civil Engineering Co
TRX00002232,PRJ000729,BALWANT BASWANT WANKHADE,SANCTION,1630000.0,2023-08-26,TREASURY_TRANSFER,Thane District Rural Development Agency (DRDA)
TRX00002233,PRJ000729,BALWANT BASWANT WANKHADE,EXPENDITURE,787833.38,2023-09-25,PFMS_E_PAYMENT,ProSport Infrastructure & Turf Solutions
TRX00002234,PRJ000729,BALWANT BASWANT WANKHADE,EXPENDITURE,644590.94,2023-11-24,PFMS_E_PAYMENT,ProSport Infrastructure & Turf Solutions
TRX00002235,PRJ000730,Smt. Ranjeet Ranjan (2022-28) (2022-2028),SANCTION,1610000.0,2023-11-24,TREASURY_TRANSFER,Raipur District Rural Development Agency (DRDA)
TRX00002236,PRJ000730,Smt. Ranjeet Ranjan (2022-28) (2022-2028),EXPENDITURE,398475.0,2023-12-24,PFMS_E_PAYMENT,TechLine IT & Lab Equipment Solutions Pvt Ltd
TRX00002237,PRJ000730,Smt. Ranjeet Ranjan (2022-28) (2022-2028),EXPENDITURE,326025.0,2024-02-22,PFMS_E_PAYMENT,TechLine IT & Lab Equipment Solutions Pvt Ltd
TRX00002238,PRJ000731,Smt. Ranjeet Ranjan (2022-28) (2022-2028),SANCTION,2940000.0,2022-07-25,TREASURY_TRANSFER,Raipur District Rural Development Agency (DRDA)
TRX00002239,PRJ000731,Smt. Ranjeet Ranjan (2022-28) (2022-2028),EXPENDITURE,1617000.0,2022-08-24,PFMS_E_PAYMENT,TechLine IT & Lab Equipment Solutions Pvt Ltd
TRX00002240,PRJ000731,Smt. Ranjeet Ranjan (2022-28) (2022-2028),EXPENDITURE,1323000.0,2022-10-23,PFMS_E_PAYMENT,TechLine IT & Lab Equipment Solutions Pvt Ltd
TRX00002241,PRJ000732,Smt. Ranjeet Ranjan (2022-28) (2022-2028),SANCTION,6670000.0,2022-09-13,TREASURY_TRANSFER,Raipur District Rural Development Agency (DRDA)
TRX00002242,PRJ000732,Smt. Ranjeet Ranjan (2022-28) (2022-2028),EXPENDITURE,5502750.0,2022-10-13,PFMS_E_PAYMENT,CleanWater Sanitation & Drainage Works Pvt Ltd
TRX00002243,PRJ000732,Smt. Ranjeet Ranjan (2022-28) (2022-2028),EXPENDITURE,4502250.0,2022-12-12,PFMS_E_PAYMENT,CleanWater Sanitation & Drainage Works Pvt Ltd
TRX00002244,PRJ000733,Shri Sadanand Mhalu Shet Tanavade (2023-29) (2023-2029),SANCTION,3070000.0,2022-05-05,TREASURY_TRANSFER,Vasco District Rural Development Agency (DRDA)
TRX00002245,PRJ000733,Shri Sadanand Mhalu Shet Tanavade (2023-29) (2023-2029),EXPENDITURE,2313245.0,2022-06-04,PFMS_E_PAYMENT,Speedway Repair & Resurfacing Contractors
TRX00002246,PRJ000733,Shri Sadanand Mhalu Shet Tanavade (2023-29) (2023-2029),EXPENDITURE,1892655.0,2022-08-03,PFMS_E_PAYMENT,Speedway Repair & Resurfacing Contractors
TRX00002247,PRJ000734,Shri Sadanand Mhalu Shet Tanavade (2023-29) (2023-2029),SANCTION,6910000.0,2023-01-26,TREASURY_TRANSFER,Vasco District Rural Development Agency (DRDA)
TRX00002248,PRJ000734,Shri Sadanand Mhalu Shet Tanavade (2023-29) (2023-2029),EXPENDITURE,991930.5,2023-02-25,PFMS_E_PAYMENT,SmartTransit Urban Infra Solutions
TRX00002249,PRJ000734,Shri Sadanand Mhalu Shet Tanavade (2023-29) (2023-2029),EXPENDITURE,811579.5,2023-04-26,PFMS_E_PAYMENT,SmartTransit Urban Infra Solutions
TRX00002250,PRJ000735,Shri Sadanand Mhalu Shet Tanavade (2023-29) (2023-2029),SANCTION,670000.0,2023-08-03,TREASURY_TRANSFER,Vasco District Rural Development Agency (DRDA)
TRX00002251,PRJ000735,Shri Sadanand Mhalu Shet Tanavade (2023-29) (2023-2029),EXPENDITURE,130449.0,2023-09-02,PFMS_E_PAYMENT,SmartTransit Urban Infra Solutions
TRX00002252,PRJ000735,Shri Sadanand Mhalu Shet Tanavade (2023-29) (2023-2029),EXPENDITURE,106731.0,2023-11-01,PFMS_E_PAYMENT,SmartTransit Urban Infra Solutions
TRX00002253,PRJ000736,Shri Sadanand Mhalu Shet Tanavade (2023-29) (2023-2029),SANCTION,2430000.0,2022-09-05,TREASURY_TRANSFER,Mapusa State Water Supply & Sanitation Board (WSSB)
TRX00002254,PRJ000736,Shri Sadanand Mhalu Shet Tanavade (2023-29) (2023-2029),EXPENDITURE,954261.0,2022-10-05,PFMS_E_PAYMENT,SunPower Renewable Energy Systems
TRX00002255,PRJ000736,Shri Sadanand Mhalu Shet Tanavade (2023-29) (2023-2029),EXPENDITURE,780759.0,2022-12-04,PFMS_E_PAYMENT,SunPower Renewable Energy Systems
TRX00002256,PRJ000737,Shri Kanad Purkayastha (2025-31) (2025-2031),SANCTION,7630000.0,2022-09-20,TREASURY_TRANSFER,Guwahati District Rural Development Agency (DRDA)
TRX00002257,PRJ000737,Shri Kanad Purkayastha (2025-31) (2025-2031),EXPENDITURE,2127625.5,2022-10-20,PFMS_E_PAYMENT,AquaPure Water Systems & Drilling Corp
TRX00002258,PRJ000737,Shri Kanad Purkayastha (2025-31) (2025-2031),EXPENDITURE,1740784.5,2022-12-19,PFMS_E_PAYMENT,AquaPure Water Systems & Drilling Corp
TRX00002259,PRJ000738,Shri Kanad Purkayastha (2025-31) (2025-2031),SANCTION,2690000.0,2023-08-05,TREASURY_TRANSFER,Guwahati District Rural Development Agency (DRDA)
TRX00002260,PRJ000738,Shri Kanad Purkayastha (2025-31) (2025-2031),EXPENDITURE,1289092.28,2023-09-04,PFMS_E_PAYMENT,National Civic Infrastructure Developers
TRX00002261,PRJ000738,Shri Kanad Purkayastha (2025-31) (2025-2031),EXPENDITURE,1054711.87,2023-11-03,PFMS_E_PAYMENT,National Civic Infrastructure Developers
TRX00002262,PRJ000739,Shri Kanad Purkayastha (2025-31) (2025-2031),SANCTION,1160000.0,2023-08-29,TREASURY_TRANSFER,Jorhat State Water Supply & Sanitation Board (WSSB)
TRX00002263,PRJ000739,Shri Kanad Purkayastha (2025-31) (2025-2031),EXPENDITURE,363022.0,2023-09-28,PFMS_E_PAYMENT,AquaPure Water Systems & Drilling Corp
TRX00002264,PRJ000739,Shri Kanad Purkayastha (2025-31) (2025-2031),EXPENDITURE,297018.0,2023-11-27,PFMS_E_PAYMENT,AquaPure Water Systems & Drilling Corp
TRX00002265,PRJ000740,Shri Kanad Purkayastha (2025-31) (2025-2031),SANCTION,3430000.0,2023-10-18,TREASURY_TRANSFER,Jorhat State Water Supply & Sanitation Board (WSSB)
TRX00002266,PRJ000740,Shri Kanad Purkayastha (2025-31) (2025-2031),EXPENDITURE,1886500.0,2023-11-17,PFMS_E_PAYMENT,Speedway Repair & Resurfacing Contractors
TRX00002267,PRJ000740,Shri Kanad Purkayastha (2025-31) (2025-2031),EXPENDITURE,1543500.0,2024-01-16,PFMS_E_PAYMENT,Speedway Repair & Resurfacing Contractors
TRX00002268,PRJ000741,Indra Hang Subba,SANCTION,1790000.0,2023-06-09,TREASURY_TRANSFER,Namchi Municipal Corporation Infrastructure Cell
TRX00002269,PRJ000741,Indra Hang Subba,EXPENDITURE,984500.0,2023-07-09,PFMS_E_PAYMENT,SunPower Renewable Energy Systems
TRX00002270,PRJ000741,Indra Hang Subba,EXPENDITURE,805500.0,2023-09-07,PFMS_E_PAYMENT,SunPower Renewable Energy Systems
TRX00002271,PRJ000742,Indra Hang Subba,SANCTION,7720000.0,2023-01-05,TREASURY_TRANSFER,Namchi District Rural Development Agency (DRDA)
TRX00002272,PRJ000742,Indra Hang Subba,EXPENDITURE,5562260.0,2023-02-04,PFMS_E_PAYMENT,ProSport Infrastructure & Turf Solutions
TRX00002273,PRJ000742,Indra Hang Subba,EXPENDITURE,4550940.0,2023-04-05,PFMS_E_PAYMENT,ProSport Infrastructure & Turf Solutions
TRX00002274,PRJ000743,Indra Hang Subba,SANCTION,820000.0,2022-09-21,TREASURY_TRANSFER,Namchi State Water Supply & Sanitation Board (WSSB)
TRX00002275,PRJ000743,Indra Hang Subba,EXPENDITURE,146575.0,2022-10-21,PFMS_E_PAYMENT,SwachhBharat Sanitation Infra Ltd
TRX00002276,PRJ000743,Indra Hang Subba,EXPENDITURE,119925.0,2022-12-20,PFMS_E_PAYMENT,SwachhBharat Sanitation Infra Ltd
TRX00002277,PRJ000744,Indra Hang Subba,SANCTION,1730000.0,2023-04-19,TREASURY_TRANSFER,Namchi Municipal Corporation Infrastructure Cell
TRX00002278,PRJ000744,Indra Hang Subba,EXPENDITURE,329219.0,2023-05-19,PFMS_E_PAYMENT,BridgeTech Structures Pvt Ltd
TRX00002279,PRJ000744,Indra Hang Subba,EXPENDITURE,269361.0,2023-07-18,PFMS_E_PAYMENT,BridgeTech Structures Pvt Ltd
TRX00002280,PRJ000745,Indra Hang Subba,SANCTION,740000.0,2023-11-21,TREASURY_TRANSFER,Namchi District Rural Development Agency (DRDA)
TRX00002281,PRJ000745,Indra Hang Subba,EXPENDITURE,343742.83,2023-12-21,PFMS_E_PAYMENT,TechLine IT & Lab Equipment Solutions Pvt Ltd
TRX00002282,PRJ000745,Indra Hang Subba,EXPENDITURE,281244.14,2024-02-19,PFMS_E_PAYMENT,TechLine IT & Lab Equipment Solutions Pvt Ltd
TRX00002283,PRJ000746,Gajendra Singh Shekhawat,SANCTION,5720000.0,2022-11-05,TREASURY_TRANSFER,Udaipur Municipal Corporation Infrastructure Cell
TRX00002284,PRJ000746,Gajendra Singh Shekhawat,EXPENDITURE,1085370.0,2022-12-05,PFMS_E_PAYMENT,MedTech Healthcare Infrastructure Ltd
TRX00002285,PRJ000746,Gajendra Singh Shekhawat,EXPENDITURE,888030.0,2023-02-03,PFMS_E_PAYMENT,MedTech Healthcare Infrastructure Ltd
TRX00002286,PRJ000747,Gajendra Singh Shekhawat,SANCTION,850000.0,2023-03-22,TREASURY_TRANSFER,Kota State Water Supply & Sanitation Board (WSSB)
TRX00002287,PRJ000747,Gajendra Singh Shekhawat,EXPENDITURE,275825.0,2023-04-21,PFMS_E_PAYMENT,TechLine IT & Lab Equipment Solutions Pvt Ltd
TRX00002288,PRJ000747,Gajendra Singh Shekhawat,EXPENDITURE,225675.0,2023-06-20,PFMS_E_PAYMENT,TechLine IT & Lab Equipment Solutions Pvt Ltd
TRX00002289,PRJ000748,ARUN GOVIL,SANCTION,2840000.0,2023-01-30,TREASURY_TRANSFER,Varanasi Public Works Department (PWD)
TRX00002290,PRJ000748,ARUN GOVIL,EXPENDITURE,771628.0,2023-03-01,PFMS_E_PAYMENT,SunPower Renewable Energy Systems
TRX00002291,PRJ000748,ARUN GOVIL,EXPENDITURE,631332.0,2023-04-30,PFMS_E_PAYMENT,SunPower Renewable Energy Systems
TRX00002292,PRJ000749,ARUN GOVIL,SANCTION,4570000.0,2022-05-18,TREASURY_TRANSFER,Varanasi Public Works Department (PWD)
TRX00002293,PRJ000749,ARUN GOVIL,EXPENDITURE,1151183.0,2022-06-17,PFMS_E_PAYMENT,Apex Infracon & Highway Contractors
TRX00002294,PRJ000749,ARUN GOVIL,EXPENDITURE,941877.0,2022-08-16,PFMS_E_PAYMENT,Apex Infracon & Highway Contractors
TRX00002295,PRJ000750,ARUN GOVIL,SANCTION,5270000.0,2023-10-20,TREASURY_TRANSFER,Varanasi District Rural Development Agency (DRDA)
TRX00002296,PRJ000750,ARUN GOVIL,EXPENDITURE,2647112.75,2023-11-19,PFMS_E_PAYMENT,Apex Infracon & Highway Contractors
TRX00002297,PRJ000750,ARUN GOVIL,EXPENDITURE,2165819.53,2024-01-18,PFMS_E_PAYMENT,Apex Infracon & Highway Contractors
TRX00002298,PRJ000751,ARUN GOVIL,SANCTION,1530000.0,2022-08-16,TREASURY_TRANSFER,Varanasi District Rural Development Agency (DRDA)
TRX00002299,PRJ000751,ARUN GOVIL,EXPENDITURE,1262250.0,2022-09-15,PFMS_E_PAYMENT,National Civic Infrastructure Developers
TRX00002300,PRJ000751,ARUN GOVIL,EXPENDITURE,1032750.0,2022-11-14,PFMS_E_PAYMENT,National Civic Infrastructure Developers
TRX00002301,PRJ000752,ARUP CHAKRABORTY,SANCTION,1940000.0,2023-09-20,TREASURY_TRANSFER,Kolkata District Rural Development Agency (DRDA)
TRX00002302,PRJ000752,ARUP CHAKRABORTY,EXPENDITURE,800250.0,2023-10-20,PFMS_E_PAYMENT,SmartTransit Urban Infra Solutions
TRX00002303,PRJ000752,ARUP CHAKRABORTY,EXPENDITURE,654750.0,2023-12-19,PFMS_E_PAYMENT,SmartTransit Urban Infra Solutions
TRX00002304,PRJ000753,ARUP CHAKRABORTY,SANCTION,6880000.0,2023-09-26,TREASURY_TRANSFER,Kolkata Municipal Corporation Infrastructure Cell
TRX00002305,PRJ000753,ARUP CHAKRABORTY,EXPENDITURE,1702800.0,2023-10-26,PFMS_E_PAYMENT,Apex Infracon & Highway Contractors
TRX00002306,PRJ000753,ARUP CHAKRABORTY,EXPENDITURE,1393200.0,2023-12-25,PFMS_E_PAYMENT,Apex Infracon & Highway Contractors
TRX00002307,PRJ000754,ARUP CHAKRABORTY,SANCTION,6490000.0,2022-07-18,TREASURY_TRANSFER,Kolkata District Rural Development Agency (DRDA)
TRX00002308,PRJ000754,ARUP CHAKRABORTY,EXPENDITURE,4283400.0,2022-08-17,PFMS_E_PAYMENT,ProSport Infrastructure & Turf Solutions
TRX00002309,PRJ000754,ARUP CHAKRABORTY,EXPENDITURE,3504600.0,2022-10-16,PFMS_E_PAYMENT,ProSport Infrastructure & Turf Solutions
TRX00002310,PRJ000755,Shri Dorjee Tshering Lepcha (2024-30) (2024-2030),SANCTION,2490000.0,2023-01-14,TREASURY_TRANSFER,Rangpo Public Works Department (PWD)
TRX00002311,PRJ000755,Shri Dorjee Tshering Lepcha (2024-30) (2024-2030),EXPENDITURE,1027125.0,2023-02-13,PFMS_E_PAYMENT,SmartTransit Urban Infra Solutions
TRX00002312,PRJ000755,Shri Dorjee Tshering Lepcha (2024-30) (2024-2030),EXPENDITURE,840375.0,2023-04-14,PFMS_E_PAYMENT,SmartTransit Urban Infra Solutions
TRX00002313,PRJ000755,Shri Dorjee Tshering Lepcha (2024-30) (2024-2030),EXPENDITURE,1027125.0,2023-02-17,PFMS_E_PAYMENT,SmartTransit Urban Infra Solutions
TRX00002314,PRJ000756,Shri Dorjee Tshering Lepcha (2024-30) (2024-2030),SANCTION,2450000.0,2023-01-15,TREASURY_TRANSFER,Namchi District Rural Development Agency (DRDA)
TRX00002315,PRJ000756,Shri Dorjee Tshering Lepcha (2024-30) (2024-2030),EXPENDITURE,1859550.0,2023-02-14,PFMS_E_PAYMENT,UrbanDrain Civil Engineering Co
TRX00002316,PRJ000756,Shri Dorjee Tshering Lepcha (2024-30) (2024-2030),EXPENDITURE,1521450.0,2023-04-15,PFMS_E_PAYMENT,UrbanDrain Civil Engineering Co
TRX00002317,PRJ000757,H.D. KUMARASWAMY,SANCTION,5710000.0,2022-11-24,TREASURY_TRANSFER,Hubballi State Water Supply & Sanitation Board (WSSB)
TRX00002318,PRJ000757,H.D. KUMARASWAMY,EXPENDITURE,2490416.5,2022-12-24,PFMS_E_PAYMENT,UrbanDrain Civil Engineering Co
TRX00002319,PRJ000757,H.D. KUMARASWAMY,EXPENDITURE,2037613.5,2023-02-22,PFMS_E_PAYMENT,UrbanDrain Civil Engineering Co
TRX00002320,PRJ000758,H.D. KUMARASWAMY,SANCTION,1500000.0,2023-01-08,TREASURY_TRANSFER,Mysuru District Rural Development Agency (DRDA)
TRX00002321,PRJ000758,H.D. KUMARASWAMY,EXPENDITURE,170775.0,2023-02-07,PFMS_E_PAYMENT,AquaPure Water Systems & Drilling Corp
TRX00002322,PRJ000758,H.D. KUMARASWAMY,EXPENDITURE,139725.0,2023-04-08,PFMS_E_PAYMENT,AquaPure Water Systems & Drilling Corp
TRX00002323,PRJ000759,H.D. KUMARASWAMY,SANCTION,7500000.0,2023-06-26,TREASURY_TRANSFER,Mysuru District Rural Development Agency (DRDA)
TRX00002324,PRJ000759,H.D. KUMARASWAMY,EXPENDITURE,6146250.0,2023-07-26,PFMS_E_PAYMENT,National Civic Infrastructure Developers
TRX00002325,PRJ000759,H.D. KUMARASWAMY,EXPENDITURE,5028750.0,2023-09-24,PFMS_E_PAYMENT,National Civic Infrastructure Developers
TRX00002326,PRJ000760,H.D. KUMARASWAMY,SANCTION,4160000.0,2022-10-29,TREASURY_TRANSFER,Hubballi State Water Supply & Sanitation Board (WSSB)
TRX00002327,PRJ000760,H.D. KUMARASWAMY,EXPENDITURE,1029600.0,2022-11-28,PFMS_E_PAYMENT,Speedway Repair & Resurfacing Contractors
TRX00002328,PRJ000760,H.D. KUMARASWAMY,EXPENDITURE,842400.0,2023-01-27,PFMS_E_PAYMENT,Speedway Repair & Resurfacing Contractors
TRX00002329,PRJ000761,H.D. KUMARASWAMY,SANCTION,6840000.0,2023-10-26,TREASURY_TRANSFER,Bengaluru Municipal Corporation Infrastructure Cell
TRX00002330,PRJ000761,H.D. KUMARASWAMY,EXPENDITURE,948024.0,2023-11-25,PFMS_E_PAYMENT,BridgeTech Structures Pvt Ltd
TRX00002331,PRJ000761,H.D. KUMARASWAMY,EXPENDITURE,775656.0,2024-01-24,PFMS_E_PAYMENT,BridgeTech Structures Pvt Ltd
TRX00002332,PRJ000762,Smt Satabdi Roy (Banerjee),SANCTION,1790000.0,2023-06-11,TREASURY_TRANSFER,Kolkata District Rural Development Agency (DRDA)
TRX00002333,PRJ000762,Smt Satabdi Roy (Banerjee),EXPENDITURE,984500.0,2023-07-11,PFMS_E_PAYMENT,SunPower Renewable Energy Systems
TRX00002334,PRJ000762,Smt Satabdi Roy (Banerjee),EXPENDITURE,805500.0,2023-09-09,PFMS_E_PAYMENT,SunPower Renewable Energy Systems
TRX00002335,PRJ000763,Smt Satabdi Roy (Banerjee),SANCTION,2410000.0,2023-10-12,TREASURY_TRANSFER,Kolkata District Rural Development Agency (DRDA)
TRX00002336,PRJ000763,Smt Satabdi Roy (Banerjee),EXPENDITURE,813857.0,2023-11-11,PFMS_E_PAYMENT,SmartTransit Urban Infra Solutions
TRX00002337,PRJ000763,Smt Satabdi Roy (Banerjee),EXPENDITURE,665883.0,2024-01-10,PFMS_E_PAYMENT,SmartTransit Urban Infra Solutions
TRX00002338,PRJ000764,Alok Kumar Suman,SANCTION,3810000.0,2022-07-10,TREASURY_TRANSFER,Patna Municipal Corporation Infrastructure Cell
TRX00002339,PRJ000764,Alok Kumar Suman,EXPENDITURE,2095500.0,2022-08-09,PFMS_E_PAYMENT,Apex Infracon & Highway Contractors
TRX00002340,PRJ000764,Alok Kumar Suman,EXPENDITURE,1714500.0,2022-10-08,PFMS_E_PAYMENT,Apex Infracon & Highway Contractors
TRX00002341,PRJ000765,Alok Kumar Suman,SANCTION,6050000.0,2022-12-29,TREASURY_TRANSFER,Muzaffarpur District Rural Development Agency (DRDA)
TRX00002342,PRJ000765,Alok Kumar Suman,EXPENDITURE,3327500.0,2023-01-28,PFMS_E_PAYMENT,CleanWater Sanitation & Drainage Works Pvt Ltd
TRX00002343,PRJ000765,Alok Kumar Suman,EXPENDITURE,2722500.0,2023-03-29,PFMS_E_PAYMENT,CleanWater Sanitation & Drainage Works Pvt Ltd
TRX00002344,PRJ000766,Alok Kumar Suman,SANCTION,1060000.0,2023-03-15,TREASURY_TRANSFER,Muzaffarpur District Rural Development Agency (DRDA)
TRX00002345,PRJ000766,Alok Kumar Suman,EXPENDITURE,262350.0,2023-04-14,PFMS_E_PAYMENT,AquaPure Water Systems & Drilling Corp
TRX00002346,PRJ000766,Alok Kumar Suman,EXPENDITURE,214650.0,2023-06-13,PFMS_E_PAYMENT,AquaPure Water Systems & Drilling Corp
TRX00002347,PRJ000767,Alok Kumar Suman,SANCTION,7260000.0,2023-01-29,TREASURY_TRANSFER,Patna State Water Supply & Sanitation Board (WSSB)
TRX00002348,PRJ000767,Alok Kumar Suman,EXPENDITURE,2994750.0,2023-02-28,PFMS_E_PAYMENT,AquaPure Water Systems & Drilling Corp
TRX00002349,PRJ000767,Alok Kumar Suman,EXPENDITURE,2450250.0,2023-04-29,PFMS_E_PAYMENT,AquaPure Water Systems & Drilling Corp
TRX00002350,PRJ000767,Alok Kumar Suman,EXPENDITURE,2994750.0,2023-03-05,PFMS_E_PAYMENT,AquaPure Water Systems & Drilling Corp
TRX00002351,PRJ000768,Shri R. Girirajan (2022-28) (2022-2028),SANCTION,1640000.0,2022-07-30,TREASURY_TRANSFER,Madurai District Rural Development Agency (DRDA)
TRX00002352,PRJ000768,Shri R. Girirajan (2022-28) (2022-2028),EXPENDITURE,759896.12,2022-08-29,PFMS_E_PAYMENT,Speedway Repair & Resurfacing Contractors
TRX00002353,PRJ000768,Shri R. Girirajan (2022-28) (2022-2028),EXPENDITURE,621733.18,2022-10-28,PFMS_E_PAYMENT,Speedway Repair & Resurfacing Contractors
TRX00002354,PRJ000769,Shri R. Girirajan (2022-28) (2022-2028),SANCTION,5130000.0,2023-07-02,TREASURY_TRANSFER,Tiruchirappalli Municipal Corporation Infrastructure Cell
TRX00002355,PRJ000769,Shri R. Girirajan (2022-28) (2022-2028),EXPENDITURE,2821500.0,2023-08-01,PFMS_E_PAYMENT,UrbanDrain Civil Engineering Co
TRX00002356,PRJ000769,Shri R. Girirajan (2022-28) (2022-2028),EXPENDITURE,2308500.0,2023-09-30,PFMS_E_PAYMENT,UrbanDrain Civil Engineering Co
TRX00002357,PRJ000770,VISHAL,SANCTION,6450000.0,2023-09-04,TREASURY_TRANSFER,Thane District Rural Development Agency (DRDA)
TRX00002358,PRJ000770,VISHAL,EXPENDITURE,1319670.0,2023-10-04,PFMS_E_PAYMENT,Paramount Multi-Sector Construction Ltd
TRX00002359,PRJ000770,VISHAL,EXPENDITURE,1079730.0,2023-12-03,PFMS_E_PAYMENT,Paramount Multi-Sector Construction Ltd
TRX00002360,PRJ000771,VISHAL,SANCTION,5750000.0,2022-09-21,TREASURY_TRANSFER,Thane Public Works Department (PWD)
TRX00002361,PRJ000771,VISHAL,EXPENDITURE,1173287.5,2022-10-21,PFMS_E_PAYMENT,MedTech Healthcare Infrastructure Ltd
TRX00002362,PRJ000771,VISHAL,EXPENDITURE,959962.5,2022-12-20,PFMS_E_PAYMENT,MedTech Healthcare Infrastructure Ltd
TRX00002363,PRJ000772,K RADHAKRISHNAN,SANCTION,7400000.0,2022-07-07,TREASURY_TRANSFER,Alappuzha District Rural Development Agency (DRDA)
TRX00002364,PRJ000772,K RADHAKRISHNAN,EXPENDITURE,1831500.0,2022-08-06,PFMS_E_PAYMENT,TechLine IT & Lab Equipment Solutions Pvt Ltd
TRX00002365,PRJ000772,K RADHAKRISHNAN,EXPENDITURE,1498500.0,2022-10-05,PFMS_E_PAYMENT,TechLine IT & Lab Equipment Solutions Pvt Ltd
TRX00002366,PRJ000773,K RADHAKRISHNAN,SANCTION,1780000.0,2023-01-23,TREASURY_TRANSFER,Alappuzha State Water Supply & Sanitation Board (WSSB)
TRX00002367,PRJ000773,K RADHAKRISHNAN,EXPENDITURE,444466.0,2023-02-22,PFMS_E_PAYMENT,Speedway Repair & Resurfacing Contractors
TRX00002368,PRJ000773,K RADHAKRISHNAN,EXPENDITURE,363654.0,2023-04-23,PFMS_E_PAYMENT,Speedway Repair & Resurfacing Contractors
TRX00002369,PRJ000774,V S Matheswaran,SANCTION,6240000.0,2022-08-11,TREASURY_TRANSFER,Madurai Public Works Department (PWD)
TRX00002370,PRJ000774,V S Matheswaran,EXPENDITURE,2467608.0,2022-09-10,PFMS_E_PAYMENT,MedTech Healthcare Infrastructure Ltd
TRX00002371,PRJ000774,V S Matheswaran,EXPENDITURE,2018952.0,2022-11-09,PFMS_E_PAYMENT,MedTech Healthcare Infrastructure Ltd
TRX00002372,PRJ000775,V S Matheswaran,SANCTION,7510000.0,2022-04-15,TREASURY_TRANSFER,Madurai Public Works Department (PWD)
TRX00002373,PRJ000775,V S Matheswaran,EXPENDITURE,73725.76,2022-05-15,PFMS_E_PAYMENT,UrbanDrain Civil Engineering Co
TRX00002374,PRJ000775,V S Matheswaran,EXPENDITURE,60321.07,2022-07-14,PFMS_E_PAYMENT,UrbanDrain Civil Engineering Co
TRX00002375,PRJ000776,V S Matheswaran,SANCTION,3360000.0,2023-06-07,TREASURY_TRANSFER,Madurai Public Works Department (PWD)
TRX00002376,PRJ000776,V S Matheswaran,EXPENDITURE,1848000.0,2023-07-07,PFMS_E_PAYMENT,UrbanDrain Civil Engineering Co
TRX00002377,PRJ000776,V S Matheswaran,EXPENDITURE,1512000.0,2023-09-05,PFMS_E_PAYMENT,UrbanDrain Civil Engineering Co
TRX00002378,PRJ000777,V S Matheswaran,SANCTION,520000.0,2023-05-14,TREASURY_TRANSFER,Chennai State Water Supply & Sanitation Board (WSSB)
TRX00002379,PRJ000777,V S Matheswaran,EXPENDITURE,60060.0,2023-06-13,PFMS_E_PAYMENT,CleanWater Sanitation & Drainage Works Pvt Ltd
TRX00002380,PRJ000777,V S Matheswaran,EXPENDITURE,49140.0,2023-08-12,PFMS_E_PAYMENT,CleanWater Sanitation & Drainage Works Pvt Ltd
TRX00002381,PRJ000778,V S Matheswaran,SANCTION,7310000.0,2022-12-16,TREASURY_TRANSFER,Tiruchirappalli Municipal Corporation Infrastructure Cell
TRX00002382,PRJ000778,V S Matheswaran,EXPENDITURE,2299726.0,2023-01-15,PFMS_E_PAYMENT,MedTech Healthcare Infrastructure Ltd
TRX00002383,PRJ000778,V S Matheswaran,EXPENDITURE,1881594.0,2023-03-16,PFMS_E_PAYMENT,MedTech Healthcare Infrastructure Ltd
TRX00002384,PRJ000779,DR DHARAMVIRA GANDHI,SANCTION,3880000.0,2022-05-25,TREASURY_TRANSFER,Amritsar District Rural Development Agency (DRDA)
TRX00002385,PRJ000779,DR DHARAMVIRA GANDHI,EXPENDITURE,1856839.38,2022-06-24,PFMS_E_PAYMENT,UrbanDrain Civil Engineering Co
TRX00002386,PRJ000779,DR DHARAMVIRA GANDHI,EXPENDITURE,1519232.22,2022-08-23,PFMS_E_PAYMENT,UrbanDrain Civil Engineering Co
TRX00002387,PRJ000780,DR DHARAMVIRA GANDHI,SANCTION,4170000.0,2023-03-07,TREASURY_TRANSFER,Chandigarh State Water Supply & Sanitation Board (WSSB)
TRX00002388,PRJ000780,DR DHARAMVIRA GANDHI,EXPENDITURE,637593.0,2023-04-06,PFMS_E_PAYMENT,MedTech Healthcare Infrastructure Ltd
TRX00002389,PRJ000780,DR DHARAMVIRA GANDHI,EXPENDITURE,521667.0,2023-06-05,PFMS_E_PAYMENT,MedTech Healthcare Infrastructure Ltd
TRX00002390,PRJ000781,DR.MALLU RAVI,SANCTION,4040000.0,2022-08-26,TREASURY_TRANSFER,Ramagundam District Rural Development Agency (DRDA)
TRX00002391,PRJ000781,DR.MALLU RAVI,EXPENDITURE,2043131.39,2022-09-25,PFMS_E_PAYMENT,TechLine IT & Lab Equipment Solutions Pvt Ltd
TRX00002392,PRJ000781,DR.MALLU RAVI,EXPENDITURE,1671652.95,2022-11-24,PFMS_E_PAYMENT,TechLine IT & Lab Equipment Solutions Pvt Ltd
TRX00002393,PRJ000782,DR.MALLU RAVI,SANCTION,1980000.0,2022-10-26,TREASURY_TRANSFER,Khammam Municipal Corporation Infrastructure Cell
TRX00002394,PRJ000782,DR.MALLU RAVI,EXPENDITURE,490050.0,2022-11-25,PFMS_E_PAYMENT,SwachhBharat Sanitation Infra Ltd
TRX00002395,PRJ000782,DR.MALLU RAVI,EXPENDITURE,400950.0,2023-01-24,PFMS_E_PAYMENT,SwachhBharat Sanitation Infra Ltd
TRX00002396,PRJ000783,DR.MALLU RAVI,SANCTION,4880000.0,2023-07-05,TREASURY_TRANSFER,Ramagundam District Rural Development Agency (DRDA)
TRX00002397,PRJ000783,DR.MALLU RAVI,EXPENDITURE,1473516.0,2023-08-04,PFMS_E_PAYMENT,BridgeTech Structures Pvt Ltd
TRX00002398,PRJ000783,DR.MALLU RAVI,EXPENDITURE,1205604.0,2023-10-03,PFMS_E_PAYMENT,BridgeTech Structures Pvt Ltd
TRX00002399,PRJ000784,DR.MALLU RAVI,SANCTION,7710000.0,2023-06-19,TREASURY_TRANSFER,Ramagundam Public Works Department (PWD)
TRX00002400,PRJ000784,DR.MALLU RAVI,EXPENDITURE,1017720.0,2023-07-19,PFMS_E_PAYMENT,UrbanDrain Civil Engineering Co
TRX00002401,PRJ000784,DR.MALLU RAVI,EXPENDITURE,832680.0,2023-09-17,PFMS_E_PAYMENT,UrbanDrain Civil Engineering Co
TRX00002402,PRJ000785,Gumma Thanuja Rani,SANCTION,1460000.0,2023-11-30,TREASURY_TRANSFER,Tirupati Public Works Department (PWD)
TRX00002403,PRJ000785,Gumma Thanuja Rani,EXPENDITURE,460922.0,2023-12-30,PFMS_E_PAYMENT,Speedway Repair & Resurfacing Contractors
TRX00002404,PRJ000785,Gumma Thanuja Rani,EXPENDITURE,377118.0,2024-02-28,PFMS_E_PAYMENT,Speedway Repair & Resurfacing Contractors
TRX00002405,PRJ000786,Gumma Thanuja Rani,SANCTION,7990000.0,2022-08-15,TREASURY_TRANSFER,Guntur Municipal Corporation Infrastructure Cell
TRX00002406,PRJ000786,Gumma Thanuja Rani,EXPENDITURE,2140121.5,2022-09-14,PFMS_E_PAYMENT,AquaPure Water Systems & Drilling Corp
TRX00002407,PRJ000786,Gumma Thanuja Rani,EXPENDITURE,1751008.5,2022-11-13,PFMS_E_PAYMENT,AquaPure Water Systems & Drilling Corp
TRX00002408,PRJ000787,Gumma Thanuja Rani,SANCTION,3400000.0,2023-02-12,TREASURY_TRANSFER,Visakhapatnam State Water Supply & Sanitation Board (WSSB)
TRX00002409,PRJ000787,Gumma Thanuja Rani,EXPENDITURE,841500.0,2023-03-14,PFMS_E_PAYMENT,ProSport Infrastructure & Turf Solutions
TRX00002410,PRJ000787,Gumma Thanuja Rani,EXPENDITURE,688500.0,2023-05-13,PFMS_E_PAYMENT,ProSport Infrastructure & Turf Solutions
TRX00002411,PRJ000788,Shri A. A. Rahim (2022-28) (2022-2028),SANCTION,4940000.0,2023-05-28,TREASURY_TRANSFER,Alappuzha District Rural Development Agency (DRDA)
TRX00002412,PRJ000788,Shri A. A. Rahim (2022-28) (2022-2028),EXPENDITURE,1040611.0,2023-06-27,PFMS_E_PAYMENT,Paramount Multi-Sector Construction Ltd
TRX00002413,PRJ000788,Shri A. A. Rahim (2022-28) (2022-2028),EXPENDITURE,851409.0,2023-08-26,PFMS_E_PAYMENT,Paramount Multi-Sector Construction Ltd
TRX00002414,PRJ000789,Shri A. A. Rahim (2022-28) (2022-2028),SANCTION,6830000.0,2022-08-02,TREASURY_TRANSFER,Alappuzha District Rural Development Agency (DRDA)
TRX00002415,PRJ000789,Shri A. A. Rahim (2022-28) (2022-2028),EXPENDITURE,3756500.0,2022-09-01,PFMS_E_PAYMENT,Speedway Repair & Resurfacing Contractors
TRX00002416,PRJ000789,Shri A. A. Rahim (2022-28) (2022-2028),EXPENDITURE,3073500.0,2022-10-31,PFMS_E_PAYMENT,Speedway Repair & Resurfacing Contractors
TRX00002417,PRJ000790,MALAIYARASAN D,SANCTION,6310000.0,2022-05-16,TREASURY_TRANSFER,Madurai District Rural Development Agency (DRDA)
TRX00002418,PRJ000790,MALAIYARASAN D,EXPENDITURE,1561725.0,2022-06-15,PFMS_E_PAYMENT,AquaPure Water Systems & Drilling Corp
TRX00002419,PRJ000790,MALAIYARASAN D,EXPENDITURE,1277775.0,2022-08-14,PFMS_E_PAYMENT,AquaPure Water Systems & Drilling Corp
TRX00002420,PRJ000791,MALAIYARASAN D,SANCTION,2210000.0,2022-09-14,TREASURY_TRANSFER,Tiruchirappalli Municipal Corporation Infrastructure Cell
TRX00002421,PRJ000791,MALAIYARASAN D,EXPENDITURE,1215500.0,2022-10-14,PFMS_E_PAYMENT,SmartTransit Urban Infra Solutions
TRX00002422,PRJ000791,MALAIYARASAN D,EXPENDITURE,994500.0,2022-12-13,PFMS_E_PAYMENT,SmartTransit Urban Infra Solutions
TRX00002423,PRJ000792,MALAIYARASAN D,SANCTION,1800000.0,2023-08-25,TREASURY_TRANSFER,Tiruchirappalli Municipal Corporation Infrastructure Cell
TRX00002424,PRJ000792,MALAIYARASAN D,EXPENDITURE,462330.0,2023-09-24,PFMS_E_PAYMENT,ProSport Infrastructure & Turf Solutions
TRX00002425,PRJ000792,MALAIYARASAN D,EXPENDITURE,378270.0,2023-11-23,PFMS_E_PAYMENT,ProSport Infrastructure & Turf Solutions
TRX00002426,PRJ000793,Shri Imran Pratapgarhi (2022-28) (2022-2028),SANCTION,3780000.0,2022-11-29,TREASURY_TRANSFER,Thane District Rural Development Agency (DRDA)
TRX00002427,PRJ000793,Shri Imran Pratapgarhi (2022-28) (2022-2028),EXPENDITURE,2889810.0,2022-12-29,PFMS_E_PAYMENT,ProSport Infrastructure & Turf Solutions
TRX00002428,PRJ000793,Shri Imran Pratapgarhi (2022-28) (2022-2028),EXPENDITURE,2364390.0,2023-02-27,PFMS_E_PAYMENT,ProSport Infrastructure & Turf Solutions
TRX00002429,PRJ000794,Shri Imran Pratapgarhi (2022-28) (2022-2028),SANCTION,3870000.0,2023-06-28,TREASURY_TRANSFER,Thane District Rural Development Agency (DRDA)
TRX00002430,PRJ000794,Shri Imran Pratapgarhi (2022-28) (2022-2028),EXPENDITURE,957825.0,2023-07-28,PFMS_E_PAYMENT,AquaPure Water Systems & Drilling Corp
TRX00002431,PRJ000794,Shri Imran Pratapgarhi (2022-28) (2022-2028),EXPENDITURE,783675.0,2023-09-26,PFMS_E_PAYMENT,AquaPure Water Systems & Drilling Corp
TRX00002432,PRJ000795,Shri Imran Pratapgarhi (2022-28) (2022-2028),SANCTION,2660000.0,2022-07-02,TREASURY_TRANSFER,Thane District Rural Development Agency (DRDA)
TRX00002433,PRJ000795,Shri Imran Pratapgarhi (2022-28) (2022-2028),EXPENDITURE,1289973.8,2022-08-01,PFMS_E_PAYMENT,TechLine IT & Lab Equipment Solutions Pvt Ltd
TRX00002434,PRJ000795,Shri Imran Pratapgarhi (2022-28) (2022-2028),EXPENDITURE,1055433.11,2022-09-30,PFMS_E_PAYMENT,TechLine IT & Lab Equipment Solutions Pvt Ltd
TRX00002435,PRJ000796,Shri Imran Pratapgarhi (2022-28) (2022-2028),SANCTION,7560000.0,2023-04-15,TREASURY_TRANSFER,Aurangabad State Water Supply & Sanitation Board (WSSB)
TRX00002436,PRJ000796,Shri Imran Pratapgarhi (2022-28) (2022-2028),EXPENDITURE,4158000.0,2023-05-15,PFMS_E_PAYMENT,SmartTransit Urban Infra Solutions
TRX00002437,PRJ000796,Shri Imran Pratapgarhi (2022-28) (2022-2028),EXPENDITURE,3402000.0,2023-07-14,PFMS_E_PAYMENT,SmartTransit Urban Infra Solutions
TRX00002438,PRJ000797,Hon'ble MP,SANCTION,570000.0,2023-11-24,TREASURY_TRANSFER,Thane District Rural Development Agency (DRDA)
TRX00002439,PRJ000797,Hon'ble MP,EXPENDITURE,75867.0,2023-12-24,PFMS_E_PAYMENT,Paramount Multi-Sector Construction Ltd
TRX00002440,PRJ000797,Hon'ble MP,EXPENDITURE,62073.0,2024-02-22,PFMS_E_PAYMENT,Paramount Multi-Sector Construction Ltd
TRX00002441,PRJ000798,Hon'ble MP,SANCTION,3220000.0,2023-07-26,TREASURY_TRANSFER,Aurangabad State Water Supply & Sanitation Board (WSSB)
TRX00002442,PRJ000798,Hon'ble MP,EXPENDITURE,1032493.0,2023-08-25,PFMS_E_PAYMENT,SwachhBharat Sanitation Infra Ltd
TRX00002443,PRJ000798,Hon'ble MP,EXPENDITURE,844767.0,2023-10-24,PFMS_E_PAYMENT,SwachhBharat Sanitation Infra Ltd
TRX00002444,PRJ000799,Hon'ble MP,SANCTION,1760000.0,2022-10-04,TREASURY_TRANSFER,Mumbai Municipal Corporation Infrastructure Cell
TRX00002445,PRJ000799,Hon'ble MP,EXPENDITURE,463672.0,2022-11-03,PFMS_E_PAYMENT,Speedway Repair & Resurfacing Contractors
TRX00002446,PRJ000799,Hon'ble MP,EXPENDITURE,379368.0,2023-01-02,PFMS_E_PAYMENT,Speedway Repair & Resurfacing Contractors
TRX00002447,PRJ000800,Hon'ble MP,SANCTION,2890000.0,2022-09-03,TREASURY_TRANSFER,Thane Public Works Department (PWD)
TRX00002448,PRJ000800,Hon'ble MP,EXPENDITURE,878993.5,2022-10-03,PFMS_E_PAYMENT,UrbanDrain Civil Engineering Co
TRX00002449,PRJ000800,Hon'ble MP,EXPENDITURE,719176.5,2022-12-02,PFMS_E_PAYMENT,UrbanDrain Civil Engineering Co
TRX00002450,PRJ000801,BHARATBHAI MANUBHAI SUTARIYA,SANCTION,3920000.0,2022-08-10,TREASURY_TRANSFER,Ahmedabad District Rural Development Agency (DRDA)
TRX00002451,PRJ000801,BHARATBHAI MANUBHAI SUTARIYA,EXPENDITURE,2802800.0,2022-09-09,PFMS_E_PAYMENT,Apex Infracon & Highway Contractors
TRX00002452,PRJ000801,BHARATBHAI MANUBHAI SUTARIYA,EXPENDITURE,2293200.0,2022-11-08,PFMS_E_PAYMENT,Apex Infracon & Highway Contractors
TRX00002453,PRJ000802,BHARATBHAI MANUBHAI SUTARIYA,SANCTION,4900000.0,2023-12-11,TREASURY_TRANSFER,Ahmedabad District Rural Development Agency (DRDA)
TRX00002454,PRJ000802,BHARATBHAI MANUBHAI SUTARIYA,EXPENDITURE,3746050.0,2024-01-10,PFMS_E_PAYMENT,National Civic Infrastructure Developers
TRX00002455,PRJ000802,BHARATBHAI MANUBHAI SUTARIYA,EXPENDITURE,3064950.0,2024-03-10,PFMS_E_PAYMENT,National Civic Infrastructure Developers
TRX00002456,PRJ000803,BHARATBHAI MANUBHAI SUTARIYA,SANCTION,2630000.0,2024-01-03,TREASURY_TRANSFER,Ahmedabad District Rural Development Agency (DRDA)
TRX00002457,PRJ000803,BHARATBHAI MANUBHAI SUTARIYA,EXPENDITURE,1299296.21,2024-02-02,PFMS_E_PAYMENT,MedTech Healthcare Infrastructure Ltd
TRX00002458,PRJ000803,BHARATBHAI MANUBHAI SUTARIYA,EXPENDITURE,1063060.54,2024-04-02,PFMS_E_PAYMENT,MedTech Healthcare Infrastructure Ltd
TRX00002459,PRJ000804,RAVINDRA DATTARAM WAIKAR,SANCTION,1810000.0,2022-11-07,TREASURY_TRANSFER,Thane Public Works Department (PWD)
TRX00002460,PRJ000804,RAVINDRA DATTARAM WAIKAR,EXPENDITURE,995500.0,2022-12-07,PFMS_E_PAYMENT,National Civic Infrastructure Developers
TRX00002461,PRJ000804,RAVINDRA DATTARAM WAIKAR,EXPENDITURE,814500.0,2023-02-05,PFMS_E_PAYMENT,National Civic Infrastructure Developers
TRX00002462,PRJ000805,RAVINDRA DATTARAM WAIKAR,SANCTION,2010000.0,2023-08-23,TREASURY_TRANSFER,Aurangabad State Water Supply & Sanitation Board (WSSB)
TRX00002463,PRJ000805,RAVINDRA DATTARAM WAIKAR,EXPENDITURE,344916.0,2023-09-22,PFMS_E_PAYMENT,AquaPure Water Systems & Drilling Corp
TRX00002464,PRJ000805,RAVINDRA DATTARAM WAIKAR,EXPENDITURE,282204.0,2023-11-21,PFMS_E_PAYMENT,AquaPure Water Systems & Drilling Corp
TRX00002465,PRJ000806,RAVINDRA DATTARAM WAIKAR,SANCTION,7990000.0,2023-01-12,TREASURY_TRANSFER,Thane Public Works Department (PWD)
TRX00002466,PRJ000806,RAVINDRA DATTARAM WAIKAR,EXPENDITURE,1977525.0,2023-02-11,PFMS_E_PAYMENT,Apex Infracon & Highway Contractors
TRX00002467,PRJ000806,RAVINDRA DATTARAM WAIKAR,EXPENDITURE,1617975.0,2023-04-12,PFMS_E_PAYMENT,Apex Infracon & Highway Contractors
TRX00002468,PRJ000807,NAVEEN JINDAL,SANCTION,7320000.0,2022-10-13,TREASURY_TRANSFER,Ambala State Water Supply & Sanitation Board (WSSB)
TRX00002469,PRJ000807,NAVEEN JINDAL,EXPENDITURE,1811700.0,2022-11-12,PFMS_E_PAYMENT,MedTech Healthcare Infrastructure Ltd
TRX00002470,PRJ000807,NAVEEN JINDAL,EXPENDITURE,1482300.0,2023-01-11,PFMS_E_PAYMENT,MedTech Healthcare Infrastructure Ltd
TRX00002471,PRJ000808,NAVEEN JINDAL,SANCTION,7560000.0,2023-05-11,TREASURY_TRANSFER,Hisar Municipal Corporation Infrastructure Cell
TRX00002472,PRJ000808,NAVEEN JINDAL,EXPENDITURE,3118500.0,2023-06-10,PFMS_E_PAYMENT,SunPower Renewable Energy Systems
TRX00002473,PRJ000808,NAVEEN JINDAL,EXPENDITURE,2551500.0,2023-08-09,PFMS_E_PAYMENT,SunPower Renewable Energy Systems
TRX00002474,PRJ000808,NAVEEN JINDAL,EXPENDITURE,3118500.0,2023-06-15,PFMS_E_PAYMENT,SunPower Renewable Energy Systems
TRX00002475,PRJ000809,NAVEEN JINDAL,SANCTION,1980000.0,2022-08-08,TREASURY_TRANSFER,Faridabad District Rural Development Agency (DRDA)
TRX00002476,PRJ000809,NAVEEN JINDAL,EXPENDITURE,1089000.0,2022-09-07,PFMS_E_PAYMENT,ProSport Infrastructure & Turf Solutions
TRX00002477,PRJ000809,NAVEEN JINDAL,EXPENDITURE,891000.0,2022-11-06,PFMS_E_PAYMENT,ProSport Infrastructure & Turf Solutions
TRX00002478,PRJ000810,NAVEEN JINDAL,SANCTION,5040000.0,2023-08-27,TREASURY_TRANSFER,Faridabad District Rural Development Agency (DRDA)
TRX00002479,PRJ000810,NAVEEN JINDAL,EXPENDITURE,1721412.0,2023-09-26,PFMS_E_PAYMENT,MedTech Healthcare Infrastructure Ltd
TRX00002480,PRJ000810,NAVEEN JINDAL,EXPENDITURE,1408428.0,2023-11-25,PFMS_E_PAYMENT,MedTech Healthcare Infrastructure Ltd
TRX00002481,PRJ000811,GURMEET SINGH MEET HAYER,SANCTION,5940000.0,2022-05-14,TREASURY_TRANSFER,Chandigarh State Water Supply & Sanitation Board (WSSB)
TRX00002482,PRJ000811,GURMEET SINGH MEET HAYER,EXPENDITURE,1623699.0,2022-06-13,PFMS_E_PAYMENT,CleanWater Sanitation & Drainage Works Pvt Ltd
TRX00002483,PRJ000811,GURMEET SINGH MEET HAYER,EXPENDITURE,1328481.0,2022-08-12,PFMS_E_PAYMENT,CleanWater Sanitation & Drainage Works Pvt Ltd
TRX00002484,PRJ000812,GURMEET SINGH MEET HAYER,SANCTION,2640000.0,2022-11-30,TREASURY_TRANSFER,Patiala Municipal Corporation Infrastructure Cell
TRX00002485,PRJ000812,GURMEET SINGH MEET HAYER,EXPENDITURE,653400.0,2022-12-30,PFMS_E_PAYMENT,National Civic Infrastructure Developers
TRX00002486,PRJ000812,GURMEET SINGH MEET HAYER,EXPENDITURE,534600.0,2023-02-28,PFMS_E_PAYMENT,National Civic Infrastructure Developers
TRX00002487,PRJ000813,GURMEET SINGH MEET HAYER,SANCTION,4810000.0,2022-08-13,TREASURY_TRANSFER,Chandigarh State Water Supply & Sanitation Board (WSSB)
TRX00002488,PRJ000813,GURMEET SINGH MEET HAYER,EXPENDITURE,1986770.5,2022-09-12,PFMS_E_PAYMENT,BridgeTech Structures Pvt Ltd
TRX00002489,PRJ000813,GURMEET SINGH MEET HAYER,EXPENDITURE,1625539.5,2022-11-11,PFMS_E_PAYMENT,BridgeTech Structures Pvt Ltd
TRX00002490,PRJ000814,GURMEET SINGH MEET HAYER,SANCTION,3330000.0,2022-11-17,TREASURY_TRANSFER,Amritsar District Rural Development Agency (DRDA)
TRX00002491,PRJ000814,GURMEET SINGH MEET HAYER,EXPENDITURE,2637360.0,2022-12-17,PFMS_E_PAYMENT,AquaPure Water Systems & Drilling Corp
TRX00002492,PRJ000814,GURMEET SINGH MEET HAYER,EXPENDITURE,2157840.0,2023-02-15,PFMS_E_PAYMENT,AquaPure Water Systems & Drilling Corp
TRX00002493,PRJ000815,R.K. CHAUDHARY,SANCTION,4400000.0,2023-09-21,TREASURY_TRANSFER,Varanasi District Rural Development Agency (DRDA)
TRX00002494,PRJ000815,R.K. CHAUDHARY,EXPENDITURE,1858560.0,2023-10-21,PFMS_E_PAYMENT,AquaPure Water Systems & Drilling Corp
TRX00002495,PRJ000815,R.K. CHAUDHARY,EXPENDITURE,1520640.0,2023-12-20,PFMS_E_PAYMENT,AquaPure Water Systems & Drilling Corp
TRX00002496,PRJ000816,R.K. CHAUDHARY,SANCTION,6330000.0,2022-05-22,TREASURY_TRANSFER,Varanasi District Rural Development Agency (DRDA)
TRX00002497,PRJ000816,R.K. CHAUDHARY,EXPENDITURE,2148085.5,2022-06-21,PFMS_E_PAYMENT,National Civic Infrastructure Developers
TRX00002498,PRJ000816,R.K. CHAUDHARY,EXPENDITURE,1757524.5,2022-08-20,PFMS_E_PAYMENT,National Civic Infrastructure Developers
TRX00002499,PRJ000817,R.K. CHAUDHARY,SANCTION,4840000.0,2022-05-05,TREASURY_TRANSFER,Varanasi State Water Supply & Sanitation Board (WSSB)
TRX00002500,PRJ000817,R.K. CHAUDHARY,EXPENDITURE,758670.0,2022-06-04,PFMS_E_PAYMENT,ProSport Infrastructure & Turf Solutions
TRX00002501,PRJ000817,R.K. CHAUDHARY,EXPENDITURE,620730.0,2022-08-03,PFMS_E_PAYMENT,ProSport Infrastructure & Turf Solutions
TRX00002502,PRJ000818,R.K. CHAUDHARY,SANCTION,690000.0,2023-11-12,TREASURY_TRANSFER,Varanasi State Water Supply & Sanitation Board (WSSB)
TRX00002503,PRJ000818,R.K. CHAUDHARY,EXPENDITURE,209484.0,2023-12-12,PFMS_E_PAYMENT,SunPower Renewable Energy Systems
TRX00002504,PRJ000818,R.K. CHAUDHARY,EXPENDITURE,171396.0,2024-02-10,PFMS_E_PAYMENT,SunPower Renewable Energy Systems
TRX00002505,PRJ000819,R.K. CHAUDHARY,SANCTION,5140000.0,2023-06-07,TREASURY_TRANSFER,Kanpur Municipal Corporation Infrastructure Cell
TRX00002506,PRJ000819,R.K. CHAUDHARY,EXPENDITURE,1342825.0,2023-07-07,PFMS_E_PAYMENT,Apex Infracon & Highway Contractors
TRX00002507,PRJ000819,R.K. CHAUDHARY,EXPENDITURE,1098675.0,2023-09-05,PFMS_E_PAYMENT,Apex Infracon & Highway Contractors
TRX00002508,PRJ000820,GANAPATHY RAJKUMAR P,SANCTION,570000.0,2023-07-11,TREASURY_TRANSFER,Madurai District Rural Development Agency (DRDA)
TRX00002509,PRJ000820,GANAPATHY RAJKUMAR P,EXPENDITURE,192175.5,2023-08-10,PFMS_E_PAYMENT,National Civic Infrastructure Developers
TRX00002510,PRJ000820,GANAPATHY RAJKUMAR P,EXPENDITURE,157234.5,2023-10-09,PFMS_E_PAYMENT,National Civic Infrastructure Developers
TRX00002511,PRJ000821,GANAPATHY RAJKUMAR P,SANCTION,2550000.0,2022-08-13,TREASURY_TRANSFER,Tiruchirappalli Municipal Corporation Infrastructure Cell
TRX00002512,PRJ000821,GANAPATHY RAJKUMAR P,EXPENDITURE,1402500.0,2022-09-12,PFMS_E_PAYMENT,SwachhBharat Sanitation Infra Ltd
TRX00002513,PRJ000821,GANAPATHY RAJKUMAR P,EXPENDITURE,1147500.0,2022-11-11,PFMS_E_PAYMENT,SwachhBharat Sanitation Infra Ltd
TRX00002514,PRJ000822,GANAPATHY RAJKUMAR P,SANCTION,7800000.0,2023-07-28,TREASURY_TRANSFER,Chennai State Water Supply & Sanitation Board (WSSB)
TRX00002515,PRJ000822,GANAPATHY RAJKUMAR P,EXPENDITURE,3118830.0,2023-08-27,PFMS_E_PAYMENT,SwachhBharat Sanitation Infra Ltd
TRX00002516,PRJ000822,GANAPATHY RAJKUMAR P,EXPENDITURE,2551770.0,2023-10-26,PFMS_E_PAYMENT,SwachhBharat Sanitation Infra Ltd
TRX00002517,PRJ000823,Maddila Gurumoorthy,SANCTION,4550000.0,2023-01-11,TREASURY_TRANSFER,Guntur District Rural Development Agency (DRDA)
TRX00002518,PRJ000823,Maddila Gurumoorthy,EXPENDITURE,690690.0,2023-02-10,PFMS_E_PAYMENT,Paramount Multi-Sector Construction Ltd
TRX00002519,PRJ000823,Maddila Gurumoorthy,EXPENDITURE,565110.0,2023-04-11,PFMS_E_PAYMENT,Paramount Multi-Sector Construction Ltd
TRX00002520,PRJ000824,Maddila Gurumoorthy,SANCTION,1090000.0,2022-09-03,TREASURY_TRANSFER,Guntur Municipal Corporation Infrastructure Cell
TRX00002521,PRJ000824,Maddila Gurumoorthy,EXPENDITURE,443630.0,2022-10-03,PFMS_E_PAYMENT,Apex Infracon & Highway Contractors
TRX00002522,PRJ000824,Maddila Gurumoorthy,EXPENDITURE,362970.0,2022-12-02,PFMS_E_PAYMENT,Apex Infracon & Highway Contractors
TRX00002523,PRJ000825,PRATAPSINHAMAHARAJ BHONSLE,SANCTION,1030000.0,2023-08-28,TREASURY_TRANSFER,Thane District Rural Development Agency (DRDA)
TRX00002524,PRJ000825,PRATAPSINHAMAHARAJ BHONSLE,EXPENDITURE,296846.0,2023-09-27,PFMS_E_PAYMENT,SwachhBharat Sanitation Infra Ltd
TRX00002525,PRJ000825,PRATAPSINHAMAHARAJ BHONSLE,EXPENDITURE,242874.0,2023-11-26,PFMS_E_PAYMENT,SwachhBharat Sanitation Infra Ltd
TRX00002526,PRJ000826,PRATAPSINHAMAHARAJ BHONSLE,SANCTION,1760000.0,2023-06-09,TREASURY_TRANSFER,Thane Public Works Department (PWD)
TRX00002527,PRJ000826,PRATAPSINHAMAHARAJ BHONSLE,EXPENDITURE,435600.0,2023-07-09,PFMS_E_PAYMENT,SunPower Renewable Energy Systems
TRX00002528,PRJ000826,PRATAPSINHAMAHARAJ BHONSLE,EXPENDITURE,356400.0,2023-09-07,PFMS_E_PAYMENT,SunPower Renewable Energy Systems
TRX00002529,PRJ000827,PRATAPSINHAMAHARAJ BHONSLE,SANCTION,5300000.0,2023-11-06,TREASURY_TRANSFER,Thane District Rural Development Agency (DRDA)
TRX00002530,PRJ000827,PRATAPSINHAMAHARAJ BHONSLE,EXPENDITURE,854095.0,2023-12-06,PFMS_E_PAYMENT,Speedway Repair & Resurfacing Contractors
TRX00002531,PRJ000827,PRATAPSINHAMAHARAJ BHONSLE,EXPENDITURE,698805.0,2024-02-04,PFMS_E_PAYMENT,Speedway Repair & Resurfacing Contractors
TRX00002532,PRJ000828,PRATAPSINHAMAHARAJ BHONSLE,SANCTION,2100000.0,2023-04-27,TREASURY_TRANSFER,Thane Public Works Department (PWD)
TRX00002533,PRJ000828,PRATAPSINHAMAHARAJ BHONSLE,EXPENDITURE,294525.0,2023-05-27,PFMS_E_PAYMENT,AquaPure Water Systems & Drilling Corp
TRX00002534,PRJ000828,PRATAPSINHAMAHARAJ BHONSLE,EXPENDITURE,240975.0,2023-07-26,PFMS_E_PAYMENT,AquaPure Water Systems & Drilling Corp
TRX00002535,PRJ000829,Dr. M. Thambi Durai (2026-32) (2026-2032),SANCTION,5000000.0,2022-09-08,TREASURY_TRANSFER,Madurai Public Works Department (PWD)
TRX00002536,PRJ000829,Dr. M. Thambi Durai (2026-32) (2026-2032),EXPENDITURE,1463000.0,2022-10-08,PFMS_E_PAYMENT,CleanWater Sanitation & Drainage Works Pvt Ltd
TRX00002537,PRJ000829,Dr. M. Thambi Durai (2026-32) (2026-2032),EXPENDITURE,1197000.0,2022-12-07,PFMS_E_PAYMENT,CleanWater Sanitation & Drainage Works Pvt Ltd
TRX00002538,PRJ000830,Dr. M. Thambi Durai (2026-32) (2026-2032),SANCTION,1640000.0,2022-12-06,TREASURY_TRANSFER,Tiruchirappalli Municipal Corporation Infrastructure Cell
TRX00002539,PRJ000830,Dr. M. Thambi Durai (2026-32) (2026-2032),EXPENDITURE,497002.0,2023-01-05,PFMS_E_PAYMENT,ProSport Infrastructure & Turf Solutions
TRX00002540,PRJ000830,Dr. M. Thambi Durai (2026-32) (2026-2032),EXPENDITURE,406638.0,2023-03-06,PFMS_E_PAYMENT,ProSport Infrastructure & Turf Solutions
TRX00002541,PRJ000831,Dr. M. Thambi Durai (2026-32) (2026-2032),SANCTION,1770000.0,2022-06-18,TREASURY_TRANSFER,Tiruchirappalli Municipal Corporation Infrastructure Cell
TRX00002542,PRJ000831,Dr. M. Thambi Durai (2026-32) (2026-2032),EXPENDITURE,438075.0,2022-07-18,PFMS_E_PAYMENT,AquaPure Water Systems & Drilling Corp
TRX00002543,PRJ000831,Dr. M. Thambi Durai (2026-32) (2026-2032),EXPENDITURE,358425.0,2022-09-16,PFMS_E_PAYMENT,AquaPure Water Systems & Drilling Corp
TRX00002544,PRJ000832,Dr. M. Thambi Durai (2026-32) (2026-2032),SANCTION,1870000.0,2023-09-18,TREASURY_TRANSFER,Tiruchirappalli Municipal Corporation Infrastructure Cell
TRX00002545,PRJ000832,Dr. M. Thambi Durai (2026-32) (2026-2032),EXPENDITURE,1028500.0,2023-10-18,PFMS_E_PAYMENT,SwachhBharat Sanitation Infra Ltd
TRX00002546,PRJ000832,Dr. M. Thambi Durai (2026-32) (2026-2032),EXPENDITURE,841500.0,2023-12-17,PFMS_E_PAYMENT,SwachhBharat Sanitation Infra Ltd
TRX00002547,PRJ000833,Dr. M. Thambi Durai (2026-32) (2026-2032),SANCTION,5900000.0,2022-05-27,TREASURY_TRANSFER,Madurai Public Works Department (PWD)
TRX00002548,PRJ000833,Dr. M. Thambi Durai (2026-32) (2026-2032),EXPENDITURE,125255.34,2022-06-26,PFMS_E_PAYMENT,UrbanDrain Civil Engineering Co
TRX00002549,PRJ000833,Dr. M. Thambi Durai (2026-32) (2026-2032),EXPENDITURE,102481.64,2022-08-25,PFMS_E_PAYMENT,UrbanDrain Civil Engineering Co
TRX00002550,PRJ000834,SELJA,SANCTION,3290000.0,2023-03-24,TREASURY_TRANSFER,Hisar Public Works Department (PWD)
TRX00002551,PRJ000834,SELJA,EXPENDITURE,1047700.5,2023-04-23,PFMS_E_PAYMENT,UrbanDrain Civil Engineering Co
TRX00002552,PRJ000834,SELJA,EXPENDITURE,857209.5,2023-06-22,PFMS_E_PAYMENT,UrbanDrain Civil Engineering Co
TRX00002553,PRJ000835,SELJA,SANCTION,6830000.0,2022-10-05,TREASURY_TRANSFER,Faridabad District Rural Development Agency (DRDA)
TRX00002554,PRJ000835,SELJA,EXPENDITURE,3756500.0,2022-11-04,PFMS_E_PAYMENT,ProSport Infrastructure & Turf Solutions
TRX00002555,PRJ000835,SELJA,EXPENDITURE,3073500.0,2023-01-03,PFMS_E_PAYMENT,ProSport Infrastructure & Turf Solutions
TRX00002556,PRJ000836,Shri Sat Paul Sharma (2025-31) (2025-2031),SANCTION,2390000.0,2022-12-21,TREASURY_TRANSFER,Sopore State Water Supply & Sanitation Board (WSSB)
TRX00002557,PRJ000836,Shri Sat Paul Sharma (2025-31) (2025-2031),EXPENDITURE,591525.0,2023-01-20,PFMS_E_PAYMENT,CleanWater Sanitation & Drainage Works Pvt Ltd
TRX00002558,PRJ000836,Shri Sat Paul Sharma (2025-31) (2025-2031),EXPENDITURE,483975.0,2023-03-21,PFMS_E_PAYMENT,CleanWater Sanitation & Drainage Works Pvt Ltd
TRX00002559,PRJ000837,Shri Sat Paul Sharma (2025-31) (2025-2031),SANCTION,1400000.0,2022-04-16,TREASURY_TRANSFER,Leh Public Works Department (PWD)
TRX00002560,PRJ000837,Shri Sat Paul Sharma (2025-31) (2025-2031),EXPENDITURE,40441.57,2022-05-16,PFMS_E_PAYMENT,SmartTransit Urban Infra Solutions
TRX00002561,PRJ000837,Shri Sat Paul Sharma (2025-31) (2025-2031),EXPENDITURE,33088.55,2022-07-15,PFMS_E_PAYMENT,SmartTransit Urban Infra Solutions
TRX00002562,PRJ000838,Shri Sat Paul Sharma (2025-31) (2025-2031),SANCTION,4730000.0,2023-06-11,TREASURY_TRANSFER,Sopore District Rural Development Agency (DRDA)
TRX00002563,PRJ000838,Shri Sat Paul Sharma (2025-31) (2025-2031),EXPENDITURE,1186284.0,2023-07-11,PFMS_E_PAYMENT,TechLine IT & Lab Equipment Solutions Pvt Ltd
TRX00002564,PRJ000838,Shri Sat Paul Sharma (2025-31) (2025-2031),EXPENDITURE,970596.0,2023-09-09,PFMS_E_PAYMENT,TechLine IT & Lab Equipment Solutions Pvt Ltd
TRX00002565,PRJ000839,Shyamkumar,SANCTION,2930000.0,2022-07-30,TREASURY_TRANSFER,Mumbai Municipal Corporation Infrastructure Cell
TRX00002566,PRJ000839,Shyamkumar,EXPENDITURE,459277.5,2022-08-29,PFMS_E_PAYMENT,MedTech Healthcare Infrastructure Ltd
TRX00002567,PRJ000839,Shyamkumar,EXPENDITURE,375772.5,2022-10-28,PFMS_E_PAYMENT,MedTech Healthcare Infrastructure Ltd
TRX00002568,PRJ000840,Shyamkumar,SANCTION,7650000.0,2023-01-30,TREASURY_TRANSFER,Thane District Rural Development Agency (DRDA)
TRX00002569,PRJ000840,Shyamkumar,EXPENDITURE,5638050.0,2023-03-01,PFMS_E_PAYMENT,CleanWater Sanitation & Drainage Works Pvt Ltd
TRX00002570,PRJ000840,Shyamkumar,EXPENDITURE,4612950.0,2023-04-30,PFMS_E_PAYMENT,CleanWater Sanitation & Drainage Works Pvt Ltd
TRX00002571,PRJ000841,Shyamkumar,SANCTION,3600000.0,2023-06-02,TREASURY_TRANSFER,Mumbai Municipal Corporation Infrastructure Cell
TRX00002572,PRJ000841,Shyamkumar,EXPENDITURE,891000.0,2023-07-02,PFMS_E_PAYMENT,SmartTransit Urban Infra Solutions
TRX00002573,PRJ000841,Shyamkumar,EXPENDITURE,729000.0,2023-08-31,PFMS_E_PAYMENT,SmartTransit Urban Infra Solutions
TRX00002574,PRJ000842,Shyamkumar,SANCTION,6520000.0,2023-10-27,TREASURY_TRANSFER,Thane District Rural Development Agency (DRDA)
TRX00002575,PRJ000842,Shyamkumar,EXPENDITURE,2949546.93,2023-11-26,PFMS_E_PAYMENT,BridgeTech Structures Pvt Ltd
TRX00002576,PRJ000842,Shyamkumar,EXPENDITURE,2413265.67,2024-01-25,PFMS_E_PAYMENT,BridgeTech Structures Pvt Ltd
TRX00002577,PRJ000843,GAURAV GOGOI,SANCTION,7740000.0,2022-06-21,TREASURY_TRANSFER,Jorhat State Water Supply & Sanitation Board (WSSB)
TRX00002578,PRJ000843,GAURAV GOGOI,EXPENDITURE,112981.84,2022-07-21,PFMS_E_PAYMENT,Speedway Repair & Resurfacing Contractors
TRX00002579,PRJ000843,GAURAV GOGOI,EXPENDITURE,92439.68,2022-09-19,PFMS_E_PAYMENT,Speedway Repair & Resurfacing Contractors
TRX00002580,PRJ000844,GAURAV GOGOI,SANCTION,3880000.0,2023-11-04,TREASURY_TRANSFER,Guwahati District Rural Development Agency (DRDA)
TRX00002581,PRJ000844,GAURAV GOGOI,EXPENDITURE,3051620.0,2023-12-04,PFMS_E_PAYMENT,Apex Infracon & Highway Contractors
TRX00002582,PRJ000844,GAURAV GOGOI,EXPENDITURE,2496780.0,2024-02-02,PFMS_E_PAYMENT,Apex Infracon & Highway Contractors
TRX00002583,PRJ000845,GAURAV GOGOI,SANCTION,7820000.0,2022-12-08,TREASURY_TRANSFER,Tezpur Public Works Department (PWD)
TRX00002584,PRJ000845,GAURAV GOGOI,EXPENDITURE,3488111.0,2023-01-07,PFMS_E_PAYMENT,CleanWater Sanitation & Drainage Works Pvt Ltd
TRX00002585,PRJ000845,GAURAV GOGOI,EXPENDITURE,2853909.0,2023-03-08,PFMS_E_PAYMENT,CleanWater Sanitation & Drainage Works Pvt Ltd
TRX00002586,PRJ000846,Dr. Meenakshi Jain (2025-31) (2025-2031),SANCTION,3670000.0,2022-06-08,TREASURY_TRANSFER,Central Delhi District Rural Development Agency (DRDA)
TRX00002587,PRJ000846,Dr. Meenakshi Jain (2025-31) (2025-2031),EXPENDITURE,2018500.0,2022-07-08,PFMS_E_PAYMENT,National Civic Infrastructure Developers
TRX00002588,PRJ000846,Dr. Meenakshi Jain (2025-31) (2025-2031),EXPENDITURE,1651500.0,2022-09-06,PFMS_E_PAYMENT,National Civic Infrastructure Developers
TRX00002589,PRJ000847,Dr. Meenakshi Jain (2025-31) (2025-2031),SANCTION,2300000.0,2023-07-14,TREASURY_TRANSFER,Central Delhi District Rural Development Agency (DRDA)
TRX00002590,PRJ000847,Dr. Meenakshi Jain (2025-31) (2025-2031),EXPENDITURE,569250.0,2023-08-13,PFMS_E_PAYMENT,TechLine IT & Lab Equipment Solutions Pvt Ltd
TRX00002591,PRJ000847,Dr. Meenakshi Jain (2025-31) (2025-2031),EXPENDITURE,465750.0,2023-10-12,PFMS_E_PAYMENT,TechLine IT & Lab Equipment Solutions Pvt Ltd
TRX00002592,PRJ000848,Shri Pabitra Margherita (2022-28) (2022-2028),SANCTION,3450000.0,2022-05-15,TREASURY_TRANSFER,Jorhat State Water Supply & Sanitation Board (WSSB)
TRX00002593,PRJ000848,Shri Pabitra Margherita (2022-28) (2022-2028),EXPENDITURE,48639.45,2022-06-14,PFMS_E_PAYMENT,ProSport Infrastructure & Turf Solutions
TRX00002594,PRJ000848,Shri Pabitra Margherita (2022-28) (2022-2028),EXPENDITURE,39795.91,2022-08-13,PFMS_E_PAYMENT,ProSport Infrastructure & Turf Solutions
TRX00002595,PRJ000849,Shri Pabitra Margherita (2022-28) (2022-2028),SANCTION,1720000.0,2022-09-09,TREASURY_TRANSFER,Guwahati District Rural Development Agency (DRDA)
TRX00002596,PRJ000849,Shri Pabitra Margherita (2022-28) (2022-2028),EXPENDITURE,776453.82,2022-10-09,PFMS_E_PAYMENT,CleanWater Sanitation & Drainage Works Pvt Ltd
TRX00002597,PRJ000849,Shri Pabitra Margherita (2022-28) (2022-2028),EXPENDITURE,635280.4,2022-12-08,PFMS_E_PAYMENT,CleanWater Sanitation & Drainage Works Pvt Ltd
TRX00002598,PRJ000850,Hon'ble MP,SANCTION,7090000.0,2023-03-31,TREASURY_TRANSFER,Thane Public Works Department (PWD)
TRX00002599,PRJ000850,Hon'ble MP,EXPENDITURE,3189791.0,2023-04-30,PFMS_E_PAYMENT,SunPower Renewable Energy Systems
TRX00002600,PRJ000850,Hon'ble MP,EXPENDITURE,2609829.0,2023-06-29,PFMS_E_PAYMENT,SunPower Renewable Energy Systems
TRX00002601,PRJ000851,Hon'ble MP,SANCTION,3060000.0,2023-12-21,TREASURY_TRANSFER,Thane District Rural Development Agency (DRDA)
TRX00002602,PRJ000851,Hon'ble MP,EXPENDITURE,1373208.52,2024-01-20,PFMS_E_PAYMENT,TechLine IT & Lab Equipment Solutions Pvt Ltd
TRX00002603,PRJ000851,Hon'ble MP,EXPENDITURE,1123534.24,2024-03-20,PFMS_E_PAYMENT,TechLine IT & Lab Equipment Solutions Pvt Ltd
TRX00002604,PRJ000852,Hon'ble MP,SANCTION,3780000.0,2023-12-09,TREASURY_TRANSFER,Mumbai Municipal Corporation Infrastructure Cell
TRX00002605,PRJ000852,Hon'ble MP,EXPENDITURE,419958.0,2024-01-08,PFMS_E_PAYMENT,Apex Infracon & Highway Contractors
TRX00002606,PRJ000852,Hon'ble MP,EXPENDITURE,343602.0,2024-03-08,PFMS_E_PAYMENT,Apex Infracon & Highway Contractors
TRX00002607,PRJ000853,Hon'ble MP,SANCTION,4870000.0,2022-08-01,TREASURY_TRANSFER,Mumbai Municipal Corporation Infrastructure Cell
TRX00002608,PRJ000853,Hon'ble MP,EXPENDITURE,2678500.0,2022-08-31,PFMS_E_PAYMENT,SmartTransit Urban Infra Solutions
TRX00002609,PRJ000853,Hon'ble MP,EXPENDITURE,2191500.0,2022-10-30,PFMS_E_PAYMENT,SmartTransit Urban Infra Solutions
TRX00002610,PRJ000854,DAROGA PRASAD SAROJ,SANCTION,7870000.0,2023-02-01,TREASURY_TRANSFER,Varanasi District Rural Development Agency (DRDA)
TRX00002611,PRJ000854,DAROGA PRASAD SAROJ,EXPENDITURE,3177119.0,2023-03-03,PFMS_E_PAYMENT,UrbanDrain Civil Engineering Co
TRX00002612,PRJ000854,DAROGA PRASAD SAROJ,EXPENDITURE,2599461.0,2023-05-02,PFMS_E_PAYMENT,UrbanDrain Civil Engineering Co
TRX00002613,PRJ000855,DAROGA PRASAD SAROJ,SANCTION,1020000.0,2023-07-14,TREASURY_TRANSFER,Varanasi District Rural Development Agency (DRDA)
TRX00002614,PRJ000855,DAROGA PRASAD SAROJ,EXPENDITURE,561000.0,2023-08-13,PFMS_E_PAYMENT,CleanWater Sanitation & Drainage Works Pvt Ltd
TRX00002615,PRJ000855,DAROGA PRASAD SAROJ,EXPENDITURE,459000.0,2023-10-12,PFMS_E_PAYMENT,CleanWater Sanitation & Drainage Works Pvt Ltd
TRX00002616,PRJ000856,DAROGA PRASAD SAROJ,SANCTION,7820000.0,2022-10-26,TREASURY_TRANSFER,Varanasi District Rural Development Agency (DRDA)
TRX00002617,PRJ000856,DAROGA PRASAD SAROJ,EXPENDITURE,3476706.87,2022-11-25,PFMS_E_PAYMENT,CleanWater Sanitation & Drainage Works Pvt Ltd
TRX00002618,PRJ000856,DAROGA PRASAD SAROJ,EXPENDITURE,2844578.34,2023-01-24,PFMS_E_PAYMENT,CleanWater Sanitation & Drainage Works Pvt Ltd
TRX00002619,PRJ000857,MALVIKA DEVI,SANCTION,5610000.0,2022-07-09,TREASURY_TRANSFER,Berhampur District Rural Development Agency (DRDA)
TRX00002620,PRJ000857,MALVIKA DEVI,EXPENDITURE,934906.5,2022-08-08,PFMS_E_PAYMENT,Paramount Multi-Sector Construction Ltd
TRX00002621,PRJ000857,MALVIKA DEVI,EXPENDITURE,764923.5,2022-10-07,PFMS_E_PAYMENT,Paramount Multi-Sector Construction Ltd
TRX00002622,PRJ000858,MALVIKA DEVI,SANCTION,3770000.0,2022-10-02,TREASURY_TRANSFER,Berhampur District Rural Development Agency (DRDA)
TRX00002623,PRJ000858,MALVIKA DEVI,EXPENDITURE,3068780.0,2022-11-01,PFMS_E_PAYMENT,MedTech Healthcare Infrastructure Ltd
TRX00002624,PRJ000858,MALVIKA DEVI,EXPENDITURE,2510820.0,2022-12-31,PFMS_E_PAYMENT,MedTech Healthcare Infrastructure Ltd
TRX00002625,PRJ000859,MALVIKA DEVI,SANCTION,7870000.0,2022-10-12,TREASURY_TRANSFER,Puri Municipal Corporation Infrastructure Cell
TRX00002626,PRJ000859,MALVIKA DEVI,EXPENDITURE,1367806.0,2022-11-11,PFMS_E_PAYMENT,Apex Infracon & Highway Contractors
TRX00002627,PRJ000859,MALVIKA DEVI,EXPENDITURE,1119114.0,2023-01-10,PFMS_E_PAYMENT,Apex Infracon & Highway Contractors
TRX00002628,PRJ000860,BRIJENDRA SINGH OLA,SANCTION,7780000.0,2023-09-06,TREASURY_TRANSFER,Udaipur Municipal Corporation Infrastructure Cell
TRX00002629,PRJ000860,BRIJENDRA SINGH OLA,EXPENDITURE,954217.0,2023-10-06,PFMS_E_PAYMENT,Speedway Repair & Resurfacing Contractors
TRX00002630,PRJ000860,BRIJENDRA SINGH OLA,EXPENDITURE,780723.0,2023-12-05,PFMS_E_PAYMENT,Speedway Repair & Resurfacing Contractors
TRX00002631,PRJ000861,BRIJENDRA SINGH OLA,SANCTION,3790000.0,2023-11-27,TREASURY_TRANSFER,Kota State Water Supply & Sanitation Board (WSSB)
TRX00002632,PRJ000861,BRIJENDRA SINGH OLA,EXPENDITURE,1563375.0,2023-12-27,PFMS_E_PAYMENT,Speedway Repair & Resurfacing Contractors
TRX00002633,PRJ000861,BRIJENDRA SINGH OLA,EXPENDITURE,1279125.0,2024-02-25,PFMS_E_PAYMENT,Speedway Repair & Resurfacing Contractors
TRX00002634,PRJ000861,BRIJENDRA SINGH OLA,EXPENDITURE,1563375.0,2023-12-28,PFMS_E_PAYMENT,Speedway Repair & Resurfacing Contractors
TRX00002635,PRJ000862,BRIJENDRA SINGH OLA,SANCTION,2970000.0,2022-12-08,TREASURY_TRANSFER,Bikaner Public Works Department (PWD)
TRX00002636,PRJ000862,BRIJENDRA SINGH OLA,EXPENDITURE,1633500.0,2023-01-07,PFMS_E_PAYMENT,TechLine IT & Lab Equipment Solutions Pvt Ltd
TRX00002637,PRJ000862,BRIJENDRA SINGH OLA,EXPENDITURE,1336500.0,2023-03-08,PFMS_E_PAYMENT,TechLine IT & Lab Equipment Solutions Pvt Ltd
TRX00002638,PRJ000863,BRIJENDRA SINGH OLA,SANCTION,5350000.0,2023-10-10,TREASURY_TRANSFER,Udaipur District Rural Development Agency (DRDA)
TRX00002639,PRJ000863,BRIJENDRA SINGH OLA,EXPENDITURE,609097.5,2023-11-09,PFMS_E_PAYMENT,Paramount Multi-Sector Construction Ltd
TRX00002640,PRJ000863,BRIJENDRA SINGH OLA,EXPENDITURE,498352.5,2024-01-08,PFMS_E_PAYMENT,Paramount Multi-Sector Construction Ltd
TRX00002641,PRJ000864,BRIJENDRA SINGH OLA,SANCTION,7380000.0,2022-06-13,TREASURY_TRANSFER,Kota State Water Supply & Sanitation Board (WSSB)
TRX00002642,PRJ000864,BRIJENDRA SINGH OLA,EXPENDITURE,1842786.0,2022-07-13,PFMS_E_PAYMENT,SmartTransit Urban Infra Solutions
TRX00002643,PRJ000864,BRIJENDRA SINGH OLA,EXPENDITURE,1507734.0,2022-09-11,PFMS_E_PAYMENT,SmartTransit Urban Infra Solutions
TRX00002644,PRJ000865,JUNE MALIAH,SANCTION,2460000.0,2023-09-20,TREASURY_TRANSFER,Siliguri State Water Supply & Sanitation Board (WSSB)
TRX00002645,PRJ000865,JUNE MALIAH,EXPENDITURE,416724.0,2023-10-20,PFMS_E_PAYMENT,CleanWater Sanitation & Drainage Works Pvt Ltd
TRX00002646,PRJ000865,JUNE MALIAH,EXPENDITURE,340956.0,2023-12-19,PFMS_E_PAYMENT,CleanWater Sanitation & Drainage Works Pvt Ltd
TRX00002647,PRJ000866,JUNE MALIAH,SANCTION,2890000.0,2022-08-17,TREASURY_TRANSFER,Siliguri State Water Supply & Sanitation Board (WSSB)
TRX00002648,PRJ000866,JUNE MALIAH,EXPENDITURE,1589500.0,2022-09-16,PFMS_E_PAYMENT,UrbanDrain Civil Engineering Co
TRX00002649,PRJ000866,JUNE MALIAH,EXPENDITURE,1300500.0,2022-11-15,PFMS_E_PAYMENT,UrbanDrain Civil Engineering Co
TRX00002650,PRJ000867,JUNE MALIAH,SANCTION,7080000.0,2023-08-30,TREASURY_TRANSFER,Kolkata District Rural Development Agency (DRDA)
TRX00002651,PRJ000867,JUNE MALIAH,EXPENDITURE,5373720.0,2023-09-29,PFMS_E_PAYMENT,AquaPure Water Systems & Drilling Corp
TRX00002652,PRJ000867,JUNE MALIAH,EXPENDITURE,4396680.0,2023-11-28,PFMS_E_PAYMENT,AquaPure Water Systems & Drilling Corp
TRX00002653,PRJ000868,JUNE MALIAH,SANCTION,7300000.0,2023-05-27,TREASURY_TRANSFER,Kolkata District Rural Development Agency (DRDA)
TRX00002654,PRJ000868,JUNE MALIAH,EXPENDITURE,4858150.0,2023-06-26,PFMS_E_PAYMENT,AquaPure Water Systems & Drilling Corp
TRX00002655,PRJ000868,JUNE MALIAH,EXPENDITURE,3974850.0,2023-08-25,PFMS_E_PAYMENT,AquaPure Water Systems & Drilling Corp
TRX00002656,PRJ000869,Kamaljeet Sehrawat,SANCTION,7420000.0,2022-06-06,TREASURY_TRANSFER,East Delhi Public Works Department (PWD)
TRX00002657,PRJ000869,Kamaljeet Sehrawat,EXPENDITURE,221989.99,2022-07-06,PFMS_E_PAYMENT,SunPower Renewable Energy Systems
TRX00002658,PRJ000869,Kamaljeet Sehrawat,EXPENDITURE,181628.18,2022-09-04,PFMS_E_PAYMENT,SunPower Renewable Energy Systems
TRX00002659,PRJ000870,Kamaljeet Sehrawat,SANCTION,4130000.0,2023-11-06,TREASURY_TRANSFER,Central Delhi State Water Supply & Sanitation Board (WSSB)
TRX00002660,PRJ000870,Kamaljeet Sehrawat,EXPENDITURE,1022175.0,2023-12-06,PFMS_E_PAYMENT,Speedway Repair & Resurfacing Contractors
TRX00002661,PRJ000870,Kamaljeet Sehrawat,EXPENDITURE,836325.0,2024-02-04,PFMS_E_PAYMENT,Speedway Repair & Resurfacing Contractors
TRX00002662,PRJ000871,Shri Brij Lal (2020-26) (2020-2026),SANCTION,6540000.0,2022-08-17,TREASURY_TRANSFER,Varanasi Public Works Department (PWD)
TRX00002663,PRJ000871,Shri Brij Lal (2020-26) (2020-2026),EXPENDITURE,2697750.0,2022-09-16,PFMS_E_PAYMENT,TechLine IT & Lab Equipment Solutions Pvt Ltd
TRX00002664,PRJ000871,Shri Brij Lal (2020-26) (2020-2026),EXPENDITURE,2207250.0,2022-11-15,PFMS_E_PAYMENT,TechLine IT & Lab Equipment Solutions Pvt Ltd
TRX00002665,PRJ000871,Shri Brij Lal (2020-26) (2020-2026),EXPENDITURE,2697750.0,2022-09-19,PFMS_E_PAYMENT,TechLine IT & Lab Equipment Solutions Pvt Ltd
TRX00002666,PRJ000872,Shri Brij Lal (2020-26) (2020-2026),SANCTION,1660000.0,2022-10-27,TREASURY_TRANSFER,Varanasi State Water Supply & Sanitation Board (WSSB)
TRX00002667,PRJ000872,Shri Brij Lal (2020-26) (2020-2026),EXPENDITURE,913000.0,2022-11-26,PFMS_E_PAYMENT,TechLine IT & Lab Equipment Solutions Pvt Ltd
TRX00002668,PRJ000872,Shri Brij Lal (2020-26) (2020-2026),EXPENDITURE,747000.0,2023-01-25,PFMS_E_PAYMENT,TechLine IT & Lab Equipment Solutions Pvt Ltd
TRX00002669,PRJ000873,Hon'ble MP,SANCTION,2700000.0,2023-12-09,TREASURY_TRANSFER,Thane Public Works Department (PWD)
TRX00002670,PRJ000873,Hon'ble MP,EXPENDITURE,1076625.0,2024-01-08,PFMS_E_PAYMENT,Apex Infracon & Highway Contractors
TRX00002671,PRJ000873,Hon'ble MP,EXPENDITURE,880875.0,2024-03-08,PFMS_E_PAYMENT,Apex Infracon & Highway Contractors
TRX00002672,PRJ000874,Hon'ble MP,SANCTION,5530000.0,2023-11-14,TREASURY_TRANSFER,Aurangabad State Water Supply & Sanitation Board (WSSB)
TRX00002673,PRJ000874,Hon'ble MP,EXPENDITURE,3041500.0,2023-12-14,PFMS_E_PAYMENT,ProSport Infrastructure & Turf Solutions
TRX00002674,PRJ000874,Hon'ble MP,EXPENDITURE,2488500.0,2024-02-12,PFMS_E_PAYMENT,ProSport Infrastructure & Turf Solutions
TRX00002675,PRJ000875,Hon'ble MP,SANCTION,5120000.0,2023-08-02,TREASURY_TRANSFER,Mumbai Municipal Corporation Infrastructure Cell
TRX00002676,PRJ000875,Hon'ble MP,EXPENDITURE,1500928.0,2023-09-01,PFMS_E_PAYMENT,CleanWater Sanitation & Drainage Works Pvt Ltd
TRX00002677,PRJ000875,Hon'ble MP,EXPENDITURE,1228032.0,2023-10-31,PFMS_E_PAYMENT,CleanWater Sanitation & Drainage Works Pvt Ltd
TRX00002678,PRJ000876,Hon'ble MP,SANCTION,5940000.0,2023-04-01,TREASURY_TRANSFER,Thane District Rural Development Agency (DRDA)
TRX00002679,PRJ000876,Hon'ble MP,EXPENDITURE,3855060.0,2023-05-01,PFMS_E_PAYMENT,Apex Infracon & Highway Contractors
TRX00002680,PRJ000876,Hon'ble MP,EXPENDITURE,3154140.0,2023-06-30,PFMS_E_PAYMENT,Apex Infracon & Highway Contractors
TRX00002681,PRJ000877,Hon'ble MP,SANCTION,5560000.0,2022-06-27,TREASURY_TRANSFER,Thane District Rural Development Agency (DRDA)
TRX00002682,PRJ000877,Hon'ble MP,EXPENDITURE,93318.52,2022-07-27,PFMS_E_PAYMENT,BridgeTech Structures Pvt Ltd
TRX00002683,PRJ000877,Hon'ble MP,EXPENDITURE,76351.52,2022-09-25,PFMS_E_PAYMENT,BridgeTech Structures Pvt Ltd
TRX00002684,PRJ000878,Shri PP Chaudhary,SANCTION,6200000.0,2022-05-26,TREASURY_TRANSFER,Udaipur District Rural Development Agency (DRDA)
TRX00002685,PRJ000878,Shri PP Chaudhary,EXPENDITURE,94606.63,2022-06-25,PFMS_E_PAYMENT,CleanWater Sanitation & Drainage Works Pvt Ltd
TRX00002686,PRJ000878,Shri PP Chaudhary,EXPENDITURE,77405.42,2022-08-24,PFMS_E_PAYMENT,CleanWater Sanitation & Drainage Works Pvt Ltd
TRX00002687,PRJ000879,Shri PP Chaudhary,SANCTION,3650000.0,2022-09-25,TREASURY_TRANSFER,Udaipur Municipal Corporation Infrastructure Cell
TRX00002688,PRJ000879,Shri PP Chaudhary,EXPENDITURE,1234612.5,2022-10-25,PFMS_E_PAYMENT,BridgeTech Structures Pvt Ltd
TRX00002689,PRJ000879,Shri PP Chaudhary,EXPENDITURE,1010137.5,2022-12-24,PFMS_E_PAYMENT,BridgeTech Structures Pvt Ltd
TRX00002690,PRJ000880,Shri PP Chaudhary,SANCTION,4730000.0,2022-07-23,TREASURY_TRANSFER,Udaipur District Rural Development Agency (DRDA)
TRX00002691,PRJ000880,Shri PP Chaudhary,EXPENDITURE,1451637.0,2022-08-22,PFMS_E_PAYMENT,SunPower Renewable Energy Systems
TRX00002692,PRJ000880,Shri PP Chaudhary,EXPENDITURE,1187703.0,2022-10-21,PFMS_E_PAYMENT,SunPower Renewable Energy Systems
TRX00002693,PRJ000881,Shri PP Chaudhary,SANCTION,2890000.0,2022-05-10,TREASURY_TRANSFER,Udaipur District Rural Development Agency (DRDA)
TRX00002694,PRJ000881,Shri PP Chaudhary,EXPENDITURE,2320670.0,2022-06-09,PFMS_E_PAYMENT,SunPower Renewable Energy Systems
TRX00002695,PRJ000881,Shri PP Chaudhary,EXPENDITURE,1898730.0,2022-08-08,PFMS_E_PAYMENT,SunPower Renewable Energy Systems
TRX00002696,PRJ000882,PRANITI SUSHILKUMAR SHINDE,SANCTION,5030000.0,2023-05-10,TREASURY_TRANSFER,Thane District Rural Development Agency (DRDA)
TRX00002697,PRJ000882,PRANITI SUSHILKUMAR SHINDE,EXPENDITURE,946143.0,2023-06-09,PFMS_E_PAYMENT,Paramount Multi-Sector Construction Ltd
TRX00002698,PRJ000882,PRANITI SUSHILKUMAR SHINDE,EXPENDITURE,774117.0,2023-08-08,PFMS_E_PAYMENT,Paramount Multi-Sector Construction Ltd
TRX00002699,PRJ000883,PRANITI SUSHILKUMAR SHINDE,SANCTION,1760000.0,2023-05-15,TREASURY_TRANSFER,Aurangabad State Water Supply & Sanitation Board (WSSB)
TRX00002700,PRJ000883,PRANITI SUSHILKUMAR SHINDE,EXPENDITURE,968000.0,2023-06-14,PFMS_E_PAYMENT,Apex Infracon & Highway Contractors
TRX00002701,PRJ000883,PRANITI SUSHILKUMAR SHINDE,EXPENDITURE,792000.0,2023-08-13,PFMS_E_PAYMENT,Apex Infracon & Highway Contractors
TRX00002702,PRJ000884,PRANITI SUSHILKUMAR SHINDE,SANCTION,7100000.0,2023-04-15,TREASURY_TRANSFER,Thane District Rural Development Agency (DRDA)
TRX00002703,PRJ000884,PRANITI SUSHILKUMAR SHINDE,EXPENDITURE,1323795.0,2023-05-15,PFMS_E_PAYMENT,Paramount Multi-Sector Construction Ltd
TRX00002704,PRJ000884,PRANITI SUSHILKUMAR SHINDE,EXPENDITURE,1083105.0,2023-07-14,PFMS_E_PAYMENT,Paramount Multi-Sector Construction Ltd
TRX00002705,PRJ000885,PRANITI SUSHILKUMAR SHINDE,SANCTION,2560000.0,2022-06-21,TREASURY_TRANSFER,Thane Public Works Department (PWD)
TRX00002706,PRJ000885,PRANITI SUSHILKUMAR SHINDE,EXPENDITURE,856064.0,2022-07-21,PFMS_E_PAYMENT,AquaPure Water Systems & Drilling Corp
TRX00002707,PRJ000885,PRANITI SUSHILKUMAR SHINDE,EXPENDITURE,700416.0,2022-09-19,PFMS_E_PAYMENT,AquaPure Water Systems & Drilling Corp
TRX00002708,PRJ000886,Saptagiri Sankar Ulaka,SANCTION,4870000.0,2022-05-26,TREASURY_TRANSFER,Puri State Water Supply & Sanitation Board (WSSB)
TRX00002709,PRJ000886,Saptagiri Sankar Ulaka,EXPENDITURE,140376.92,2022-06-25,PFMS_E_PAYMENT,National Civic Infrastructure Developers
TRX00002710,PRJ000886,Saptagiri Sankar Ulaka,EXPENDITURE,114853.84,2022-08-24,PFMS_E_PAYMENT,National Civic Infrastructure Developers
TRX00002711,PRJ000887,Saptagiri Sankar Ulaka,SANCTION,1360000.0,2022-07-16,TREASURY_TRANSFER,Berhampur District Rural Development Agency (DRDA)
TRX00002712,PRJ000887,Saptagiri Sankar Ulaka,EXPENDITURE,236368.0,2022-08-15,PFMS_E_PAYMENT,Paramount Multi-Sector Construction Ltd
TRX00002713,PRJ000887,Saptagiri Sankar Ulaka,EXPENDITURE,193392.0,2022-10-14,PFMS_E_PAYMENT,Paramount Multi-Sector Construction Ltd
TRX00002714,PRJ000888,Saptagiri Sankar Ulaka,SANCTION,7960000.0,2022-05-25,TREASURY_TRANSFER,Puri Public Works Department (PWD)
TRX00002715,PRJ000888,Saptagiri Sankar Ulaka,EXPENDITURE,2377254.0,2022-06-24,PFMS_E_PAYMENT,ProSport Infrastructure & Turf Solutions
TRX00002716,PRJ000888,Saptagiri Sankar Ulaka,EXPENDITURE,1945026.0,2022-08-23,PFMS_E_PAYMENT,ProSport Infrastructure & Turf Solutions
TRX00002717,PRJ000889,Saptagiri Sankar Ulaka,SANCTION,3900000.0,2022-12-02,TREASURY_TRANSFER,Puri Public Works Department (PWD)
TRX00002718,PRJ000889,Saptagiri Sankar Ulaka,EXPENDITURE,2145000.0,2023-01-01,PFMS_E_PAYMENT,CleanWater Sanitation & Drainage Works Pvt Ltd
TRX00002719,PRJ000889,Saptagiri Sankar Ulaka,EXPENDITURE,1755000.0,2023-03-02,PFMS_E_PAYMENT,CleanWater Sanitation & Drainage Works Pvt Ltd
TRX00002720,PRJ000890,GM Harish Balayogi,SANCTION,1370000.0,2023-04-19,TREASURY_TRANSFER,Guntur District Rural Development Agency (DRDA)
TRX00002721,PRJ000890,GM Harish Balayogi,EXPENDITURE,567385.5,2023-05-19,PFMS_E_PAYMENT,UrbanDrain Civil Engineering Co
TRX00002722,PRJ000890,GM Harish Balayogi,EXPENDITURE,464224.5,2023-07-18,PFMS_E_PAYMENT,UrbanDrain Civil Engineering Co
TRX00002723,PRJ000891,GM Harish Balayogi,SANCTION,620000.0,2023-09-23,TREASURY_TRANSFER,Guntur District Rural Development Agency (DRDA)
TRX00002724,PRJ000891,GM Harish Balayogi,EXPENDITURE,106392.0,2023-10-23,PFMS_E_PAYMENT,Paramount Multi-Sector Construction Ltd
TRX00002725,PRJ000891,GM Harish Balayogi,EXPENDITURE,87048.0,2023-12-22,PFMS_E_PAYMENT,Paramount Multi-Sector Construction Ltd
TRX00002726,PRJ000892,AMRINDER SINGH RAJA WARRING,SANCTION,1670000.0,2023-09-23,TREASURY_TRANSFER,Amritsar District Rural Development Agency (DRDA)
TRX00002727,PRJ000892,AMRINDER SINGH RAJA WARRING,EXPENDITURE,843353.02,2023-10-23,PFMS_E_PAYMENT,AquaPure Water Systems & Drilling Corp
TRX00002728,PRJ000892,AMRINDER SINGH RAJA WARRING,EXPENDITURE,690016.11,2023-12-22,PFMS_E_PAYMENT,AquaPure Water Systems & Drilling Corp
TRX00002729,PRJ000893,AMRINDER SINGH RAJA WARRING,SANCTION,6770000.0,2023-10-10,TREASURY_TRANSFER,Patiala Municipal Corporation Infrastructure Cell
TRX00002730,PRJ000893,AMRINDER SINGH RAJA WARRING,EXPENDITURE,1351630.5,2023-11-09,PFMS_E_PAYMENT,UrbanDrain Civil Engineering Co
TRX00002731,PRJ000893,AMRINDER SINGH RAJA WARRING,EXPENDITURE,1105879.5,2024-01-08,PFMS_E_PAYMENT,UrbanDrain Civil Engineering Co
TRX00002732,PRJ000894,AMRINDER SINGH RAJA WARRING,SANCTION,6910000.0,2022-09-26,TREASURY_TRANSFER,Patiala Municipal Corporation Infrastructure Cell
TRX00002733,PRJ000894,AMRINDER SINGH RAJA WARRING,EXPENDITURE,2553936.0,2022-10-26,PFMS_E_PAYMENT,Apex Infracon & Highway Contractors
TRX00002734,PRJ000894,AMRINDER SINGH RAJA WARRING,EXPENDITURE,2089584.0,2022-12-25,PFMS_E_PAYMENT,Apex Infracon & Highway Contractors
TRX00002735,PRJ000895,RAHUL SINGH LODHI,SANCTION,5560000.0,2022-06-24,TREASURY_TRANSFER,Gwalior State Water Supply & Sanitation Board (WSSB)
TRX00002736,PRJ000895,RAHUL SINGH LODHI,EXPENDITURE,1412796.0,2022-07-24,PFMS_E_PAYMENT,SunPower Renewable Energy Systems
TRX00002737,PRJ000895,RAHUL SINGH LODHI,EXPENDITURE,1155924.0,2022-09-22,PFMS_E_PAYMENT,SunPower Renewable Energy Systems
TRX00002738,PRJ000896,RAHUL SINGH LODHI,SANCTION,4620000.0,2023-03-17,TREASURY_TRANSFER,Gwalior State Water Supply & Sanitation Board (WSSB)
TRX00002739,PRJ000896,RAHUL SINGH LODHI,EXPENDITURE,1905750.0,2023-04-16,PFMS_E_PAYMENT,CleanWater Sanitation & Drainage Works Pvt Ltd
TRX00002740,PRJ000896,RAHUL SINGH LODHI,EXPENDITURE,1559250.0,2023-06-15,PFMS_E_PAYMENT,CleanWater Sanitation & Drainage Works Pvt Ltd
TRX00002741,PRJ000896,RAHUL SINGH LODHI,EXPENDITURE,1905750.0,2023-04-18,PFMS_E_PAYMENT,CleanWater Sanitation & Drainage Works Pvt Ltd
TRX00002742,PRJ000897,RAHUL SINGH LODHI,SANCTION,7550000.0,2022-08-13,TREASURY_TRANSFER,Ujjain District Rural Development Agency (DRDA)
TRX00002743,PRJ000897,RAHUL SINGH LODHI,EXPENDITURE,1868625.0,2022-09-12,PFMS_E_PAYMENT,SmartTransit Urban Infra Solutions
TRX00002744,PRJ000897,RAHUL SINGH LODHI,EXPENDITURE,1528875.0,2022-11-11,PFMS_E_PAYMENT,SmartTransit Urban Infra Solutions
TRX00002745,PRJ000898,SHER SINGH GHUBAYA,SANCTION,2210000.0,2023-06-19,TREASURY_TRANSFER,Jalandhar Public Works Department (PWD)
TRX00002746,PRJ000898,SHER SINGH GHUBAYA,EXPENDITURE,503217.0,2023-07-19,PFMS_E_PAYMENT,ProSport Infrastructure & Turf Solutions
TRX00002747,PRJ000898,SHER SINGH GHUBAYA,EXPENDITURE,411723.0,2023-09-17,PFMS_E_PAYMENT,ProSport Infrastructure & Turf Solutions
TRX00002748,PRJ000899,SHER SINGH GHUBAYA,SANCTION,1890000.0,2022-06-28,TREASURY_TRANSFER,Patiala Municipal Corporation Infrastructure Cell
TRX00002749,PRJ000899,SHER SINGH GHUBAYA,EXPENDITURE,15505.3,2022-07-28,PFMS_E_PAYMENT,ProSport Infrastructure & Turf Solutions
TRX00002750,PRJ000899,SHER SINGH GHUBAYA,EXPENDITURE,12686.16,2022-09-26,PFMS_E_PAYMENT,ProSport Infrastructure & Turf Solutions
TRX00002751,PRJ000900,SHER SINGH GHUBAYA,SANCTION,5220000.0,2024-01-01,TREASURY_TRANSFER,Amritsar District Rural Development Agency (DRDA)
TRX00002752,PRJ000900,SHER SINGH GHUBAYA,EXPENDITURE,2871000.0,2024-01-31,PFMS_E_PAYMENT,SunPower Renewable Energy Systems
TRX00002753,PRJ000900,SHER SINGH GHUBAYA,EXPENDITURE,2349000.0,2024-03-31,PFMS_E_PAYMENT,SunPower Renewable Energy Systems
TRX00002754,PRJ000901,VINOD KUMAR BIND,SANCTION,2430000.0,2023-01-02,TREASURY_TRANSFER,Varanasi District Rural Development Agency (DRDA)
TRX00002755,PRJ000901,VINOD KUMAR BIND,EXPENDITURE,1710720.0,2023-02-01,PFMS_E_PAYMENT,TechLine IT & Lab Equipment Solutions Pvt Ltd
TRX00002756,PRJ000901,VINOD KUMAR BIND,EXPENDITURE,1399680.0,2023-04-02,PFMS_E_PAYMENT,TechLine IT & Lab Equipment Solutions Pvt Ltd
TRX00002757,PRJ000902,VINOD KUMAR BIND,SANCTION,2110000.0,2022-06-02,TREASURY_TRANSFER,Varanasi Public Works Department (PWD)
TRX00002758,PRJ000902,VINOD KUMAR BIND,EXPENDITURE,969017.5,2022-07-02,PFMS_E_PAYMENT,TechLine IT & Lab Equipment Solutions Pvt Ltd
TRX00002759,PRJ000902,VINOD KUMAR BIND,EXPENDITURE,792832.5,2022-08-31,PFMS_E_PAYMENT,TechLine IT & Lab Equipment Solutions Pvt Ltd
TRX00002760,PRJ000903,VINOD KUMAR BIND,SANCTION,2640000.0,2022-10-29,TREASURY_TRANSFER,Varanasi State Water Supply & Sanitation Board (WSSB)
TRX00002761,PRJ000903,VINOD KUMAR BIND,EXPENDITURE,439956.0,2022-11-28,PFMS_E_PAYMENT,CleanWater Sanitation & Drainage Works Pvt Ltd
TRX00002762,PRJ000903,VINOD KUMAR BIND,EXPENDITURE,359964.0,2023-01-27,PFMS_E_PAYMENT,CleanWater Sanitation & Drainage Works Pvt Ltd
TRX00002763,PRJ000904,VINOD KUMAR BIND,SANCTION,3920000.0,2023-04-17,TREASURY_TRANSFER,Varanasi District Rural Development Agency (DRDA)
TRX00002764,PRJ000904,VINOD KUMAR BIND,EXPENDITURE,2156000.0,2023-05-17,PFMS_E_PAYMENT,ProSport Infrastructure & Turf Solutions
TRX00002765,PRJ000904,VINOD KUMAR BIND,EXPENDITURE,1764000.0,2023-07-16,PFMS_E_PAYMENT,ProSport Infrastructure & Turf Solutions
TRX00002766,PRJ000905,VINOD KUMAR BIND,SANCTION,7100000.0,2023-03-14,TREASURY_TRANSFER,Varanasi District Rural Development Agency (DRDA)
TRX00002767,PRJ000905,VINOD KUMAR BIND,EXPENDITURE,3185698.63,2023-04-13,PFMS_E_PAYMENT,SmartTransit Urban Infra Solutions
TRX00002768,PRJ000905,VINOD KUMAR BIND,EXPENDITURE,2606480.7,2023-06-12,PFMS_E_PAYMENT,SmartTransit Urban Infra Solutions
TRX00002769,PRJ000906,Ganesh Singh,SANCTION,5980000.0,2023-05-22,TREASURY_TRANSFER,Sagar Municipal Corporation Infrastructure Cell
TRX00002770,PRJ000906,Ganesh Singh,EXPENDITURE,3289000.0,2023-06-21,PFMS_E_PAYMENT,SmartTransit Urban Infra Solutions
TRX00002771,PRJ000906,Ganesh Singh,EXPENDITURE,2691000.0,2023-08-20,PFMS_E_PAYMENT,SmartTransit Urban Infra Solutions
TRX00002772,PRJ000907,Ganesh Singh,SANCTION,5770000.0,2022-11-27,TREASURY_TRANSFER,Sagar Municipal Corporation Infrastructure Cell
TRX00002773,PRJ000907,Ganesh Singh,EXPENDITURE,844151.0,2022-12-27,PFMS_E_PAYMENT,UrbanDrain Civil Engineering Co
TRX00002774,PRJ000907,Ganesh Singh,EXPENDITURE,690669.0,2023-02-25,PFMS_E_PAYMENT,UrbanDrain Civil Engineering Co
TRX00002775,PRJ000908,Ganesh Singh,SANCTION,7150000.0,2022-08-29,TREASURY_TRANSFER,Gwalior State Water Supply & Sanitation Board (WSSB)
TRX00002776,PRJ000908,Ganesh Singh,EXPENDITURE,2371297.5,2022-09-28,PFMS_E_PAYMENT,CleanWater Sanitation & Drainage Works Pvt Ltd
TRX00002777,PRJ000908,Ganesh Singh,EXPENDITURE,1940152.5,2022-11-27,PFMS_E_PAYMENT,CleanWater Sanitation & Drainage Works Pvt Ltd
TRX00002778,PRJ000909,MANOHAR LAL,SANCTION,6270000.0,2022-05-14,TREASURY_TRANSFER,Hisar Municipal Corporation Infrastructure Cell
TRX00002779,PRJ000909,MANOHAR LAL,EXPENDITURE,3448500.0,2022-06-13,PFMS_E_PAYMENT,Speedway Repair & Resurfacing Contractors
TRX00002780,PRJ000909,MANOHAR LAL,EXPENDITURE,2821500.0,2022-08-12,PFMS_E_PAYMENT,Speedway Repair & Resurfacing Contractors
TRX00002781,PRJ000910,MANOHAR LAL,SANCTION,1220000.0,2022-08-02,TREASURY_TRANSFER,Ambala State Water Supply & Sanitation Board (WSSB)
TRX00002782,PRJ000910,MANOHAR LAL,EXPENDITURE,503250.0,2022-09-01,PFMS_E_PAYMENT,CleanWater Sanitation & Drainage Works Pvt Ltd
TRX00002783,PRJ000910,MANOHAR LAL,EXPENDITURE,411750.0,2022-10-31,PFMS_E_PAYMENT,CleanWater Sanitation & Drainage Works Pvt Ltd
TRX00002784,PRJ000910,MANOHAR LAL,EXPENDITURE,503250.0,2022-09-04,PFMS_E_PAYMENT,CleanWater Sanitation & Drainage Works Pvt Ltd
TRX00002785,PRJ000911,MANOHAR LAL,SANCTION,2580000.0,2022-10-29,TREASURY_TRANSFER,Faridabad District Rural Development Agency (DRDA)
TRX00002786,PRJ000911,MANOHAR LAL,EXPENDITURE,1300826.35,2022-11-28,PFMS_E_PAYMENT,CleanWater Sanitation & Drainage Works Pvt Ltd
TRX00002787,PRJ000911,MANOHAR LAL,EXPENDITURE,1064312.47,2023-01-27,PFMS_E_PAYMENT,CleanWater Sanitation & Drainage Works Pvt Ltd
TRX00002788,PRJ000912,Putta Mahesh Kumar,SANCTION,1200000.0,2022-10-07,TREASURY_TRANSFER,Guntur District Rural Development Agency (DRDA)
TRX00002789,PRJ000912,Putta Mahesh Kumar,EXPENDITURE,258720.0,2022-11-06,PFMS_E_PAYMENT,Paramount Multi-Sector Construction Ltd
TRX00002790,PRJ000912,Putta Mahesh Kumar,EXPENDITURE,211680.0,2023-01-05,PFMS_E_PAYMENT,Paramount Multi-Sector Construction Ltd
TRX00002791,PRJ000913,Putta Mahesh Kumar,SANCTION,3340000.0,2023-11-16,TREASURY_TRANSFER,Guntur District Rural Development Agency (DRDA)
TRX00002792,PRJ000913,Putta Mahesh Kumar,EXPENDITURE,835835.0,2023-12-16,PFMS_E_PAYMENT,Paramount Multi-Sector Construction Ltd
TRX00002793,PRJ000913,Putta Mahesh Kumar,EXPENDITURE,683865.0,2024-02-14,PFMS_E_PAYMENT,Paramount Multi-Sector Construction Ltd
TRX00002794,PRJ000914,Midhun Reddy,SANCTION,4120000.0,2023-05-23,TREASURY_TRANSFER,Visakhapatnam State Water Supply & Sanitation Board (WSSB)
TRX00002795,PRJ000914,Midhun Reddy,EXPENDITURE,1019700.0,2023-06-22,PFMS_E_PAYMENT,BridgeTech Structures Pvt Ltd
TRX00002796,PRJ000914,Midhun Reddy,EXPENDITURE,834300.0,2023-08-21,PFMS_E_PAYMENT,BridgeTech Structures Pvt Ltd
TRX00002797,PRJ000915,Midhun Reddy,SANCTION,4570000.0,2023-03-11,TREASURY_TRANSFER,Guntur District Rural Development Agency (DRDA)
TRX00002798,PRJ000915,Midhun Reddy,EXPENDITURE,1885125.0,2023-04-10,PFMS_E_PAYMENT,ProSport Infrastructure & Turf Solutions
TRX00002799,PRJ000915,Midhun Reddy,EXPENDITURE,1542375.0,2023-06-09,PFMS_E_PAYMENT,ProSport Infrastructure & Turf Solutions
TRX00002800,PRJ000915,Midhun Reddy,EXPENDITURE,1885125.0,2023-04-12,PFMS_E_PAYMENT,ProSport Infrastructure & Turf Solutions
TRX00002801,PRJ000916,SACHITHANANTHAM R,SANCTION,5150000.0,2023-08-20,TREASURY_TRANSFER,Madurai District Rural Development Agency (DRDA)
TRX00002802,PRJ000916,SACHITHANANTHAM R,EXPENDITURE,1093345.0,2023-09-19,PFMS_E_PAYMENT,MedTech Healthcare Infrastructure Ltd
TRX00002803,PRJ000916,SACHITHANANTHAM R,EXPENDITURE,894555.0,2023-11-18,PFMS_E_PAYMENT,MedTech Healthcare Infrastructure Ltd
TRX00002804,PRJ000917,SACHITHANANTHAM R,SANCTION,4250000.0,2022-08-13,TREASURY_TRANSFER,Madurai Public Works Department (PWD)
TRX00002805,PRJ000917,SACHITHANANTHAM R,EXPENDITURE,666187.5,2022-09-12,PFMS_E_PAYMENT,AquaPure Water Systems & Drilling Corp
TRX00002806,PRJ000917,SACHITHANANTHAM R,EXPENDITURE,545062.5,2022-11-11,PFMS_E_PAYMENT,AquaPure Water Systems & Drilling Corp
TRX00002807,PRJ000918,SACHITHANANTHAM R,SANCTION,6420000.0,2023-08-26,TREASURY_TRANSFER,Madurai District Rural Development Agency (DRDA)
TRX00002808,PRJ000918,SACHITHANANTHAM R,EXPENDITURE,1193478.0,2023-09-25,PFMS_E_PAYMENT,SmartTransit Urban Infra Solutions
TRX00002809,PRJ000918,SACHITHANANTHAM R,EXPENDITURE,976482.0,2023-11-24,PFMS_E_PAYMENT,SmartTransit Urban Infra Solutions
TRX00002810,PRJ000919,SACHITHANANTHAM R,SANCTION,4490000.0,2023-05-23,TREASURY_TRANSFER,Madurai District Rural Development Agency (DRDA)
TRX00002811,PRJ000919,SACHITHANANTHAM R,EXPENDITURE,1852125.0,2023-06-22,PFMS_E_PAYMENT,MedTech Healthcare Infrastructure Ltd
TRX00002812,PRJ000919,SACHITHANANTHAM R,EXPENDITURE,1515375.0,2023-08-21,PFMS_E_PAYMENT,MedTech Healthcare Infrastructure Ltd
TRX00002813,PRJ000919,SACHITHANANTHAM R,EXPENDITURE,1852125.0,2023-06-25,PFMS_E_PAYMENT,MedTech Healthcare Infrastructure Ltd
TRX00002814,PRJ000920,Shri Masthan Rao Yadav Beedha (2024-28) (2024-2028),SANCTION,3960000.0,2023-06-26,TREASURY_TRANSFER,Tirupati Public Works Department (PWD)
TRX00002815,PRJ000920,Shri Masthan Rao Yadav Beedha (2024-28) (2024-2028),EXPENDITURE,1219680.0,2023-07-26,PFMS_E_PAYMENT,CleanWater Sanitation & Drainage Works Pvt Ltd
TRX00002816,PRJ000920,Shri Masthan Rao Yadav Beedha (2024-28) (2024-2028),EXPENDITURE,997920.0,2023-09-24,PFMS_E_PAYMENT,CleanWater Sanitation & Drainage Works Pvt Ltd
TRX00002817,PRJ000921,Shri Masthan Rao Yadav Beedha (2024-28) (2024-2028),SANCTION,5410000.0,2022-11-01,TREASURY_TRANSFER,Guntur District Rural Development Agency (DRDA)
TRX00002818,PRJ000921,Shri Masthan Rao Yadav Beedha (2024-28) (2024-2028),EXPENDITURE,3897905.0,2022-12-01,PFMS_E_PAYMENT,SunPower Renewable Energy Systems
TRX00002819,PRJ000921,Shri Masthan Rao Yadav Beedha (2024-28) (2024-2028),EXPENDITURE,3189195.0,2023-01-30,PFMS_E_PAYMENT,SunPower Renewable Energy Systems
TRX00002820,PRJ000922,CHHATRA PAL SINGH GANGWAR,SANCTION,2650000.0,2022-08-26,TREASURY_TRANSFER,Kanpur Municipal Corporation Infrastructure Cell
TRX00002821,PRJ000922,CHHATRA PAL SINGH GANGWAR,EXPENDITURE,473687.5,2022-09-25,PFMS_E_PAYMENT,TechLine IT & Lab Equipment Solutions Pvt Ltd
TRX00002822,PRJ000922,CHHATRA PAL SINGH GANGWAR,EXPENDITURE,387562.5,2022-11-24,PFMS_E_PAYMENT,TechLine IT & Lab Equipment Solutions Pvt Ltd
TRX00002823,PRJ000923,CHHATRA PAL SINGH GANGWAR,SANCTION,6790000.0,2023-04-25,TREASURY_TRANSFER,Varanasi Public Works Department (PWD)
TRX00002824,PRJ000923,CHHATRA PAL SINGH GANGWAR,EXPENDITURE,1680525.0,2023-05-25,PFMS_E_PAYMENT,MedTech Healthcare Infrastructure Ltd
TRX00002825,PRJ000923,CHHATRA PAL SINGH GANGWAR,EXPENDITURE,1374975.0,2023-07-24,PFMS_E_PAYMENT,MedTech Healthcare Infrastructure Ltd
TRX00002826,PRJ000924,CHHATRA PAL SINGH GANGWAR,SANCTION,4560000.0,2023-04-02,TREASURY_TRANSFER,Varanasi Public Works Department (PWD)
TRX00002827,PRJ000924,CHHATRA PAL SINGH GANGWAR,EXPENDITURE,1640232.0,2023-05-02,PFMS_E_PAYMENT,BridgeTech Structures Pvt Ltd
TRX00002828,PRJ000924,CHHATRA PAL SINGH GANGWAR,EXPENDITURE,1342008.0,2023-07-01,PFMS_E_PAYMENT,BridgeTech Structures Pvt Ltd
TRX00002829,PRJ000925,CHHATRA PAL SINGH GANGWAR,SANCTION,3180000.0,2022-11-22,TREASURY_TRANSFER,Varanasi District Rural Development Agency (DRDA)
TRX00002830,PRJ000925,CHHATRA PAL SINGH GANGWAR,EXPENDITURE,547437.0,2022-12-22,PFMS_E_PAYMENT,Paramount Multi-Sector Construction Ltd
TRX00002831,PRJ000925,CHHATRA PAL SINGH GANGWAR,EXPENDITURE,447903.0,2023-02-20,PFMS_E_PAYMENT,Paramount Multi-Sector Construction Ltd
TRX00002832,PRJ000926,CHHATRA PAL SINGH GANGWAR,SANCTION,4650000.0,2022-07-26,TREASURY_TRANSFER,Varanasi District Rural Development Agency (DRDA)
TRX00002833,PRJ000926,CHHATRA PAL SINGH GANGWAR,EXPENDITURE,754462.5,2022-08-25,PFMS_E_PAYMENT,BridgeTech Structures Pvt Ltd
TRX00002834,PRJ000926,CHHATRA PAL SINGH GANGWAR,EXPENDITURE,617287.5,2022-10-24,PFMS_E_PAYMENT,BridgeTech Structures Pvt Ltd
TRX00002835,PRJ000927,Asit Kumar Mal,SANCTION,3580000.0,2023-01-20,TREASURY_TRANSFER,Kolkata District Rural Development Agency (DRDA)
TRX00002836,PRJ000927,Asit Kumar Mal,EXPENDITURE,691119.0,2023-02-19,PFMS_E_PAYMENT,UrbanDrain Civil Engineering Co
TRX00002837,PRJ000927,Asit Kumar Mal,EXPENDITURE,565461.0,2023-04-20,PFMS_E_PAYMENT,UrbanDrain Civil Engineering Co
TRX00002838,PRJ000928,Asit Kumar Mal,SANCTION,4260000.0,2023-05-05,TREASURY_TRANSFER,Darjeeling Public Works Department (PWD)
TRX00002839,PRJ000928,Asit Kumar Mal,EXPENDITURE,1422201.0,2023-06-04,PFMS_E_PAYMENT,CleanWater Sanitation & Drainage Works Pvt Ltd
TRX00002840,PRJ000928,Asit Kumar Mal,EXPENDITURE,1163619.0,2023-08-03,PFMS_E_PAYMENT,CleanWater Sanitation & Drainage Works Pvt Ltd
TRX00002841,PRJ000929,Asit Kumar Mal,SANCTION,7340000.0,2022-12-13,TREASURY_TRANSFER,Siliguri State Water Supply & Sanitation Board (WSSB)
TRX00002842,PRJ000929,Asit Kumar Mal,EXPENDITURE,3249785.0,2023-01-12,PFMS_E_PAYMENT,TechLine IT & Lab Equipment Solutions Pvt Ltd
TRX00002843,PRJ000929,Asit Kumar Mal,EXPENDITURE,2658915.0,2023-03-13,PFMS_E_PAYMENT,TechLine IT & Lab Equipment Solutions Pvt Ltd
TRX00002844,PRJ000930,Asit Kumar Mal,SANCTION,1430000.0,2022-09-06,TREASURY_TRANSFER,Kolkata Municipal Corporation Infrastructure Cell
TRX00002845,PRJ000930,Asit Kumar Mal,EXPENDITURE,328757.0,2022-10-06,PFMS_E_PAYMENT,TechLine IT & Lab Equipment Solutions Pvt Ltd
TRX00002846,PRJ000930,Asit Kumar Mal,EXPENDITURE,268983.0,2022-12-05,PFMS_E_PAYMENT,TechLine IT & Lab Equipment Solutions Pvt Ltd
TRX00002847,PRJ000931,Nitin Jairam Gadkari,SANCTION,2620000.0,2022-05-27,TREASURY_TRANSFER,Thane Public Works Department (PWD)
TRX00002848,PRJ000931,Nitin Jairam Gadkari,EXPENDITURE,946737.0,2022-06-26,PFMS_E_PAYMENT,UrbanDrain Civil Engineering Co
TRX00002849,PRJ000931,Nitin Jairam Gadkari,EXPENDITURE,774603.0,2022-08-25,PFMS_E_PAYMENT,UrbanDrain Civil Engineering Co
TRX00002850,PRJ000932,Nitin Jairam Gadkari,SANCTION,7830000.0,2023-11-10,TREASURY_TRANSFER,Mumbai Municipal Corporation Infrastructure Cell
TRX00002851,PRJ000932,Nitin Jairam Gadkari,EXPENDITURE,1352241.0,2023-12-10,PFMS_E_PAYMENT,Apex Infracon & Highway Contractors
TRX00002852,PRJ000932,Nitin Jairam Gadkari,EXPENDITURE,1106379.0,2024-02-08,PFMS_E_PAYMENT,Apex Infracon & Highway Contractors
TRX00002853,PRJ000933,Nitin Jairam Gadkari,SANCTION,2170000.0,2023-12-13,TREASURY_TRANSFER,Aurangabad State Water Supply & Sanitation Board (WSSB)
TRX00002854,PRJ000933,Nitin Jairam Gadkari,EXPENDITURE,895125.0,2024-01-12,PFMS_E_PAYMENT,TechLine IT & Lab Equipment Solutions Pvt Ltd
TRX00002855,PRJ000933,Nitin Jairam Gadkari,EXPENDITURE,732375.0,2024-03-12,PFMS_E_PAYMENT,TechLine IT & Lab Equipment Solutions Pvt Ltd
TRX00002856,PRJ000933,Nitin Jairam Gadkari,EXPENDITURE,895125.0,2024-01-17,PFMS_E_PAYMENT,TechLine IT & Lab Equipment Solutions Pvt Ltd
TRX00002857,PRJ000934,Nitin Jairam Gadkari,SANCTION,6860000.0,2023-12-15,TREASURY_TRANSFER,Aurangabad State Water Supply & Sanitation Board (WSSB)
TRX00002858,PRJ000934,Nitin Jairam Gadkari,EXPENDITURE,3773000.0,2024-01-14,PFMS_E_PAYMENT,TechLine IT & Lab Equipment Solutions Pvt Ltd
TRX00002859,PRJ000934,Nitin Jairam Gadkari,EXPENDITURE,3087000.0,2024-03-14,PFMS_E_PAYMENT,TechLine IT & Lab Equipment Solutions Pvt Ltd
TRX00002860,PRJ000935,Nitin Jairam Gadkari,SANCTION,810000.0,2023-12-12,TREASURY_TRANSFER,Thane District Rural Development Agency (DRDA)
TRX00002861,PRJ000935,Nitin Jairam Gadkari,EXPENDITURE,115830.0,2024-01-11,PFMS_E_PAYMENT,Apex Infracon & Highway Contractors
TRX00002862,PRJ000935,Nitin Jairam Gadkari,EXPENDITURE,94770.0,2024-03-11,PFMS_E_PAYMENT,Apex Infracon & Highway Contractors
TRX00002863,PRJ000936,RAJEEV BHARDWAJ,SANCTION,6820000.0,2023-09-29,TREASURY_TRANSFER,Manali State Water Supply & Sanitation Board (WSSB)
TRX00002864,PRJ000936,RAJEEV BHARDWAJ,EXPENDITURE,2918278.0,2023-10-29,PFMS_E_PAYMENT,ProSport Infrastructure & Turf Solutions
TRX00002865,PRJ000936,RAJEEV BHARDWAJ,EXPENDITURE,2387682.0,2023-12-28,PFMS_E_PAYMENT,ProSport Infrastructure & Turf Solutions
TRX00002866,PRJ000937,RAJEEV BHARDWAJ,SANCTION,6680000.0,2023-04-05,TREASURY_TRANSFER,Kullu Municipal Corporation Infrastructure Cell
TRX00002867,PRJ000937,RAJEEV BHARDWAJ,EXPENDITURE,3674000.0,2023-05-05,PFMS_E_PAYMENT,SwachhBharat Sanitation Infra Ltd
TRX00002868,PRJ000937,RAJEEV BHARDWAJ,EXPENDITURE,3006000.0,2023-07-04,PFMS_E_PAYMENT,SwachhBharat Sanitation Infra Ltd
TRX00002869,PRJ000938,DR KALGE SHIVAJI BANDAPPA,SANCTION,5030000.0,2023-01-09,TREASURY_TRANSFER,Thane District Rural Development Agency (DRDA)
TRX00002870,PRJ000938,DR KALGE SHIVAJI BANDAPPA,EXPENDITURE,627995.5,2023-02-08,PFMS_E_PAYMENT,Paramount Multi-Sector Construction Ltd
TRX00002871,PRJ000938,DR KALGE SHIVAJI BANDAPPA,EXPENDITURE,513814.5,2023-04-09,PFMS_E_PAYMENT,Paramount Multi-Sector Construction Ltd
TRX00002872,PRJ000939,DR KALGE SHIVAJI BANDAPPA,SANCTION,2500000.0,2022-07-14,TREASURY_TRANSFER,Aurangabad State Water Supply & Sanitation Board (WSSB)
TRX00002873,PRJ000939,DR KALGE SHIVAJI BANDAPPA,EXPENDITURE,742500.0,2022-08-13,PFMS_E_PAYMENT,MedTech Healthcare Infrastructure Ltd
TRX00002874,PRJ000939,DR KALGE SHIVAJI BANDAPPA,EXPENDITURE,607500.0,2022-10-12,PFMS_E_PAYMENT,MedTech Healthcare Infrastructure Ltd
TRX00002875,PRJ000940,MANISH JAISWAL,SANCTION,4590000.0,2023-01-05,TREASURY_TRANSFER,Jamshedpur District Rural Development Agency (DRDA)
TRX00002876,PRJ000940,MANISH JAISWAL,EXPENDITURE,1444014.0,2023-02-04,PFMS_E_PAYMENT,UrbanDrain Civil Engineering Co
TRX00002877,PRJ000940,MANISH JAISWAL,EXPENDITURE,1181466.0,2023-04-05,PFMS_E_PAYMENT,UrbanDrain Civil Engineering Co
TRX00002878,PRJ000941,MANISH JAISWAL,SANCTION,1860000.0,2022-10-31,TREASURY_TRANSFER,Jamshedpur District Rural Development Agency (DRDA)
TRX00002879,PRJ000941,MANISH JAISWAL,EXPENDITURE,1340130.0,2022-11-30,PFMS_E_PAYMENT,CleanWater Sanitation & Drainage Works Pvt Ltd
TRX00002880,PRJ000941,MANISH JAISWAL,EXPENDITURE,1096470.0,2023-01-29,PFMS_E_PAYMENT,CleanWater Sanitation & Drainage Works Pvt Ltd
TRX00002881,PRJ000942,MANISH JAISWAL,SANCTION,1830000.0,2022-08-16,TREASURY_TRANSFER,Hazaribagh Municipal Corporation Infrastructure Cell
TRX00002882,PRJ000942,MANISH JAISWAL,EXPENDITURE,469029.0,2022-09-15,PFMS_E_PAYMENT,SunPower Renewable Energy Systems
TRX00002883,PRJ000942,MANISH JAISWAL,EXPENDITURE,383751.0,2022-11-14,PFMS_E_PAYMENT,SunPower Renewable Energy Systems
TRX00002884,PRJ000943,MANISH JAISWAL,SANCTION,5630000.0,2022-06-14,TREASURY_TRANSFER,Dhanbad Public Works Department (PWD)
TRX00002885,PRJ000943,MANISH JAISWAL,EXPENDITURE,1839321.0,2022-07-14,PFMS_E_PAYMENT,ProSport Infrastructure & Turf Solutions
TRX00002886,PRJ000943,MANISH JAISWAL,EXPENDITURE,1504899.0,2022-09-12,PFMS_E_PAYMENT,ProSport Infrastructure & Turf Solutions
TRX00002887,PRJ000944,RAMESH AWASTHI,SANCTION,6960000.0,2022-08-07,TREASURY_TRANSFER,Varanasi Public Works Department (PWD)
TRX00002888,PRJ000944,RAMESH AWASTHI,EXPENDITURE,1366596.0,2022-09-06,PFMS_E_PAYMENT,SwachhBharat Sanitation Infra Ltd
TRX00002889,PRJ000944,RAMESH AWASTHI,EXPENDITURE,1118124.0,2022-11-05,PFMS_E_PAYMENT,SwachhBharat Sanitation Infra Ltd
TRX00002890,PRJ000945,RAMESH AWASTHI,SANCTION,2360000.0,2022-12-17,TREASURY_TRANSFER,Varanasi Public Works Department (PWD)
TRX00002891,PRJ000945,RAMESH AWASTHI,EXPENDITURE,1298000.0,2023-01-16,PFMS_E_PAYMENT,Apex Infracon & Highway Contractors
TRX00002892,PRJ000945,RAMESH AWASTHI,EXPENDITURE,1062000.0,2023-03-17,PFMS_E_PAYMENT,Apex Infracon & Highway Contractors
TRX00002893,PRJ000946,Manoj Tiwari,SANCTION,4530000.0,2023-02-27,TREASURY_TRANSFER,Central Delhi District Rural Development Agency (DRDA)
TRX00002894,PRJ000946,Manoj Tiwari,EXPENDITURE,1651864.5,2023-03-29,PFMS_E_PAYMENT,Speedway Repair & Resurfacing Contractors
TRX00002895,PRJ000946,Manoj Tiwari,EXPENDITURE,1351525.5,2023-05-28,PFMS_E_PAYMENT,Speedway Repair & Resurfacing Contractors
TRX00002896,PRJ000947,Manoj Tiwari,SANCTION,4680000.0,2022-07-20,TREASURY_TRANSFER,New Delhi Municipal Corporation Infrastructure Cell
TRX00002897,PRJ000947,Manoj Tiwari,EXPENDITURE,754182.0,2022-08-19,PFMS_E_PAYMENT,Speedway Repair & Resurfacing Contractors
TRX00002898,PRJ000947,Manoj Tiwari,EXPENDITURE,617058.0,2022-10-18,PFMS_E_PAYMENT,Speedway Repair & Resurfacing Contractors
TRX00002899,PRJ000948,Manoj Tiwari,SANCTION,7170000.0,2022-09-12,TREASURY_TRANSFER,Central Delhi District Rural Development Agency (DRDA)
TRX00002900,PRJ000948,Manoj Tiwari,EXPENDITURE,1384168.5,2022-10-12,PFMS_E_PAYMENT,TechLine IT & Lab Equipment Solutions Pvt Ltd
TRX00002901,PRJ000948,Manoj Tiwari,EXPENDITURE,1132501.5,2022-12-11,PFMS_E_PAYMENT,TechLine IT & Lab Equipment Solutions Pvt Ltd
TRX00002902,PRJ000949,Rajnath Singh,SANCTION,5160000.0,2023-09-09,TREASURY_TRANSFER,Kanpur Municipal Corporation Infrastructure Cell
TRX00002903,PRJ000949,Rajnath Singh,EXPENDITURE,1200474.0,2023-10-09,PFMS_E_PAYMENT,AquaPure Water Systems & Drilling Corp
TRX00002904,PRJ000949,Rajnath Singh,EXPENDITURE,982206.0,2023-12-08,PFMS_E_PAYMENT,AquaPure Water Systems & Drilling Corp
TRX00002905,PRJ000950,Rajnath Singh,SANCTION,5860000.0,2023-04-19,TREASURY_TRANSFER,Kanpur Municipal Corporation Infrastructure Cell
TRX00002906,PRJ000950,Rajnath Singh,EXPENDITURE,876656.0,2023-05-19,PFMS_E_PAYMENT,Speedway Repair & Resurfacing Contractors
TRX00002907,PRJ000950,Rajnath Singh,EXPENDITURE,717264.0,2023-07-18,PFMS_E_PAYMENT,Speedway Repair & Resurfacing Contractors
TRX00002908,PRJ000951,Rajnath Singh,SANCTION,3340000.0,2022-09-30,TREASURY_TRANSFER,Kanpur Municipal Corporation Infrastructure Cell
TRX00002909,PRJ000951,Rajnath Singh,EXPENDITURE,743985.0,2022-10-30,PFMS_E_PAYMENT,National Civic Infrastructure Developers
TRX00002910,PRJ000951,Rajnath Singh,EXPENDITURE,608715.0,2022-12-29,PFMS_E_PAYMENT,National Civic Infrastructure Developers
TRX00002911,PRJ000952,Rajnath Singh,SANCTION,630000.0,2023-08-22,TREASURY_TRANSFER,Varanasi Public Works Department (PWD)
TRX00002912,PRJ000952,Rajnath Singh,EXPENDITURE,346500.0,2023-09-21,PFMS_E_PAYMENT,UrbanDrain Civil Engineering Co
TRX00002913,PRJ000952,Rajnath Singh,EXPENDITURE,283500.0,2023-11-20,PFMS_E_PAYMENT,UrbanDrain Civil Engineering Co
TRX00002914,PRJ000953,Rajnath Singh,SANCTION,1840000.0,2022-10-25,TREASURY_TRANSFER,Kanpur Municipal Corporation Infrastructure Cell
TRX00002915,PRJ000953,Rajnath Singh,EXPENDITURE,455400.0,2022-11-24,PFMS_E_PAYMENT,MedTech Healthcare Infrastructure Ltd
TRX00002916,PRJ000953,Rajnath Singh,EXPENDITURE,372600.0,2023-01-23,PFMS_E_PAYMENT,MedTech Healthcare Infrastructure Ltd
TRX00002917,PRJ000954,CHAVAN VASANTRAO BALWANTRAO,SANCTION,1760000.0,2022-05-09,TREASURY_TRANSFER,Thane Public Works Department (PWD)
TRX00002918,PRJ000954,CHAVAN VASANTRAO BALWANTRAO,EXPENDITURE,790856.0,2022-06-08,PFMS_E_PAYMENT,TechLine IT & Lab Equipment Solutions Pvt Ltd
TRX00002919,PRJ000954,CHAVAN VASANTRAO BALWANTRAO,EXPENDITURE,647064.0,2022-08-07,PFMS_E_PAYMENT,TechLine IT & Lab Equipment Solutions Pvt Ltd
TRX00002920,PRJ000955,CHAVAN VASANTRAO BALWANTRAO,SANCTION,6020000.0,2023-01-22,TREASURY_TRANSFER,Mumbai Municipal Corporation Infrastructure Cell
TRX00002921,PRJ000955,CHAVAN VASANTRAO BALWANTRAO,EXPENDITURE,2529604.0,2023-02-21,PFMS_E_PAYMENT,Speedway Repair & Resurfacing Contractors
TRX00002922,PRJ000955,CHAVAN VASANTRAO BALWANTRAO,EXPENDITURE,2069676.0,2023-04-22,PFMS_E_PAYMENT,Speedway Repair & Resurfacing Contractors
TRX00002923,PRJ000956,CHAVAN VASANTRAO BALWANTRAO,SANCTION,5980000.0,2023-01-03,TREASURY_TRANSFER,Thane Public Works Department (PWD)
TRX00002924,PRJ000956,CHAVAN VASANTRAO BALWANTRAO,EXPENDITURE,2068781.0,2023-02-02,PFMS_E_PAYMENT,CleanWater Sanitation & Drainage Works Pvt Ltd
TRX00002925,PRJ000956,CHAVAN VASANTRAO BALWANTRAO,EXPENDITURE,1692639.0,2023-04-03,PFMS_E_PAYMENT,CleanWater Sanitation & Drainage Works Pvt Ltd
TRX00002926,PRJ000957,CHAVAN VASANTRAO BALWANTRAO,SANCTION,1850000.0,2022-08-28,TREASURY_TRANSFER,Thane Public Works Department (PWD)
TRX00002927,PRJ000957,CHAVAN VASANTRAO BALWANTRAO,EXPENDITURE,457875.0,2022-09-27,PFMS_E_PAYMENT,MedTech Healthcare Infrastructure Ltd
TRX00002928,PRJ000957,CHAVAN VASANTRAO BALWANTRAO,EXPENDITURE,374625.0,2022-11-26,PFMS_E_PAYMENT,MedTech Healthcare Infrastructure Ltd
TRX00002929,PRJ000958,CHAVAN VASANTRAO BALWANTRAO,SANCTION,4060000.0,2022-05-29,TREASURY_TRANSFER,Thane Public Works Department (PWD)
TRX00002930,PRJ000958,CHAVAN VASANTRAO BALWANTRAO,EXPENDITURE,908831.0,2022-06-28,PFMS_E_PAYMENT,CleanWater Sanitation & Drainage Works Pvt Ltd
TRX00002931,PRJ000958,CHAVAN VASANTRAO BALWANTRAO,EXPENDITURE,743589.0,2022-08-27,PFMS_E_PAYMENT,CleanWater Sanitation & Drainage Works Pvt Ltd
TRX00002932,PRJ000959,Mansukhbhai Dhanjibhai Vasava,SANCTION,3850000.0,2022-11-24,TREASURY_TRANSFER,Ahmedabad District Rural Development Agency (DRDA)
TRX00002933,PRJ000959,Mansukhbhai Dhanjibhai Vasava,EXPENDITURE,1706576.08,2022-12-24,PFMS_E_PAYMENT,Apex Infracon & Highway Contractors
TRX00002934,PRJ000959,Mansukhbhai Dhanjibhai Vasava,EXPENDITURE,1396289.52,2023-02-22,PFMS_E_PAYMENT,Apex Infracon & Highway Contractors
TRX00002935,PRJ000960,Mansukhbhai Dhanjibhai Vasava,SANCTION,7560000.0,2023-07-31,TREASURY_TRANSFER,Bhavnagar Municipal Corporation Infrastructure Cell
TRX00002936,PRJ000960,Mansukhbhai Dhanjibhai Vasava,EXPENDITURE,4158000.0,2023-08-30,PFMS_E_PAYMENT,AquaPure Water Systems & Drilling Corp
TRX00002937,PRJ000960,Mansukhbhai Dhanjibhai Vasava,EXPENDITURE,3402000.0,2023-10-29,PFMS_E_PAYMENT,AquaPure Water Systems & Drilling Corp
TRX00002938,PRJ000961,Mansukhbhai Dhanjibhai Vasava,SANCTION,4590000.0,2022-11-07,TREASURY_TRANSFER,Bhavnagar Municipal Corporation Infrastructure Cell
TRX00002939,PRJ000961,Mansukhbhai Dhanjibhai Vasava,EXPENDITURE,1936291.5,2022-12-07,PFMS_E_PAYMENT,MedTech Healthcare Infrastructure Ltd
TRX00002940,PRJ000961,Mansukhbhai Dhanjibhai Vasava,EXPENDITURE,1584238.5,2023-02-05,PFMS_E_PAYMENT,MedTech Healthcare Infrastructure Ltd
TRX00002941,PRJ000962,Mansukhbhai Dhanjibhai Vasava,SANCTION,930000.0,2022-09-21,TREASURY_TRANSFER,Bhavnagar Municipal Corporation Infrastructure Cell
TRX00002942,PRJ000962,Mansukhbhai Dhanjibhai Vasava,EXPENDITURE,511500.0,2022-10-21,PFMS_E_PAYMENT,ProSport Infrastructure & Turf Solutions
TRX00002943,PRJ000962,Mansukhbhai Dhanjibhai Vasava,EXPENDITURE,418500.0,2022-12-20,PFMS_E_PAYMENT,ProSport Infrastructure & Turf Solutions
TRX00002944,PRJ000963,Mansukhbhai Dhanjibhai Vasava,SANCTION,4130000.0,2023-04-06,TREASURY_TRANSFER,Bhavnagar Municipal Corporation Infrastructure Cell
TRX00002945,PRJ000963,Mansukhbhai Dhanjibhai Vasava,EXPENDITURE,1022175.0,2023-05-06,PFMS_E_PAYMENT,BridgeTech Structures Pvt Ltd
TRX00002946,PRJ000963,Mansukhbhai Dhanjibhai Vasava,EXPENDITURE,836325.0,2023-07-05,PFMS_E_PAYMENT,BridgeTech Structures Pvt Ltd
TRX00002947,PRJ000964,DR. HEMANT VISHNU SAVARA,SANCTION,3640000.0,2023-06-19,TREASURY_TRANSFER,Thane Public Works Department (PWD)
TRX00002948,PRJ000964,DR. HEMANT VISHNU SAVARA,EXPENDITURE,1501500.0,2023-07-19,PFMS_E_PAYMENT,SmartTransit Urban Infra Solutions
TRX00002949,PRJ000964,DR. HEMANT VISHNU SAVARA,EXPENDITURE,1228500.0,2023-09-17,PFMS_E_PAYMENT,SmartTransit Urban Infra Solutions
TRX00002950,PRJ000964,DR. HEMANT VISHNU SAVARA,EXPENDITURE,1501500.0,2023-07-23,PFMS_E_PAYMENT,SmartTransit Urban Infra Solutions
TRX00002951,PRJ000965,DR. HEMANT VISHNU SAVARA,SANCTION,7890000.0,2023-01-24,TREASURY_TRANSFER,Thane District Rural Development Agency (DRDA)
TRX00002952,PRJ000965,DR. HEMANT VISHNU SAVARA,EXPENDITURE,2451817.5,2023-02-23,PFMS_E_PAYMENT,TechLine IT & Lab Equipment Solutions Pvt Ltd
TRX00002953,PRJ000965,DR. HEMANT VISHNU SAVARA,EXPENDITURE,2006032.5,2023-04-24,PFMS_E_PAYMENT,TechLine IT & Lab Equipment Solutions Pvt Ltd
TRX00002954,PRJ000966,DR. HEMANT VISHNU SAVARA,SANCTION,4700000.0,2023-04-09,TREASURY_TRANSFER,Thane District Rural Development Agency (DRDA)
TRX00002955,PRJ000966,DR. HEMANT VISHNU SAVARA,EXPENDITURE,935770.0,2023-05-09,PFMS_E_PAYMENT,AquaPure Water Systems & Drilling Corp
TRX00002956,PRJ000966,DR. HEMANT VISHNU SAVARA,EXPENDITURE,765630.0,2023-07-08,PFMS_E_PAYMENT,AquaPure Water Systems & Drilling Corp
TRX00002957,PRJ000967,MANOJ KUMAR,SANCTION,3720000.0,2023-08-08,TREASURY_TRANSFER,Patna State Water Supply & Sanitation Board (WSSB)
TRX00002958,PRJ000967,MANOJ KUMAR,EXPENDITURE,920700.0,2023-09-07,PFMS_E_PAYMENT,Apex Infracon & Highway Contractors
TRX00002959,PRJ000967,MANOJ KUMAR,EXPENDITURE,753300.0,2023-11-06,PFMS_E_PAYMENT,Apex Infracon & Highway Contractors
TRX00002960,PRJ000968,MANOJ KUMAR,SANCTION,2970000.0,2023-06-15,TREASURY_TRANSFER,Muzaffarpur District Rural Development Agency (DRDA)
TRX00002961,PRJ000968,MANOJ KUMAR,EXPENDITURE,1330659.37,2023-07-15,PFMS_E_PAYMENT,SwachhBharat Sanitation Infra Ltd
TRX00002962,PRJ000968,MANOJ KUMAR,EXPENDITURE,1088721.3,2023-09-13,PFMS_E_PAYMENT,SwachhBharat Sanitation Infra Ltd
TRX00002963,PRJ000969,MANOJ KUMAR,SANCTION,4470000.0,2022-10-15,TREASURY_TRANSFER,Muzaffarpur District Rural Development Agency (DRDA)
TRX00002964,PRJ000969,MANOJ KUMAR,EXPENDITURE,1880752.5,2022-11-14,PFMS_E_PAYMENT,SmartTransit Urban Infra Solutions
TRX00002965,PRJ000969,MANOJ KUMAR,EXPENDITURE,1538797.5,2023-01-13,PFMS_E_PAYMENT,SmartTransit Urban Infra Solutions
TRX00002966,PRJ000970,MANOJ KUMAR,SANCTION,7590000.0,2022-07-03,TREASURY_TRANSFER,Patna Municipal Corporation Infrastructure Cell
TRX00002967,PRJ000970,MANOJ KUMAR,EXPENDITURE,1160511.0,2022-08-02,PFMS_E_PAYMENT,CleanWater Sanitation & Drainage Works Pvt Ltd
TRX00002968,PRJ000970,MANOJ KUMAR,EXPENDITURE,949509.0,2022-10-01,PFMS_E_PAYMENT,CleanWater Sanitation & Drainage Works Pvt Ltd
TRX00002969,PRJ000971,DINESHBHAI MAKWANA,SANCTION,6680000.0,2023-04-03,TREASURY_TRANSFER,Ahmedabad District Rural Development Agency (DRDA)
TRX00002970,PRJ000971,DINESHBHAI MAKWANA,EXPENDITURE,2755500.0,2023-05-03,PFMS_E_PAYMENT,SmartTransit Urban Infra Solutions
TRX00002971,PRJ000971,DINESHBHAI MAKWANA,EXPENDITURE,2254500.0,2023-07-02,PFMS_E_PAYMENT,SmartTransit Urban Infra Solutions
TRX00002972,PRJ000971,DINESHBHAI MAKWANA,EXPENDITURE,2755500.0,2023-05-08,PFMS_E_PAYMENT,SmartTransit Urban Infra Solutions
TRX00002973,PRJ000972,DINESHBHAI MAKWANA,SANCTION,6830000.0,2023-02-07,TREASURY_TRANSFER,Bhavnagar Municipal Corporation Infrastructure Cell
TRX00002974,PRJ000972,DINESHBHAI MAKWANA,EXPENDITURE,2723462.5,2023-03-09,PFMS_E_PAYMENT,UrbanDrain Civil Engineering Co
TRX00002975,PRJ000972,DINESHBHAI MAKWANA,EXPENDITURE,2228287.5,2023-05-08,PFMS_E_PAYMENT,UrbanDrain Civil Engineering Co
TRX00002976,PRJ000973,Praveen Khandelwal,SANCTION,7870000.0,2022-07-30,TREASURY_TRANSFER,Central Delhi District Rural Development Agency (DRDA)
TRX00002977,PRJ000973,Praveen Khandelwal,EXPENDITURE,5843475.0,2022-08-29,PFMS_E_PAYMENT,National Civic Infrastructure Developers
TRX00002978,PRJ000973,Praveen Khandelwal,EXPENDITURE,4781025.0,2022-10-28,PFMS_E_PAYMENT,National Civic Infrastructure Developers
TRX00002979,PRJ000974,Praveen Khandelwal,SANCTION,760000.0,2023-08-27,TREASURY_TRANSFER,Central Delhi State Water Supply & Sanitation Board (WSSB)
TRX00002980,PRJ000974,Praveen Khandelwal,EXPENDITURE,418000.0,2023-09-26,PFMS_E_PAYMENT,UrbanDrain Civil Engineering Co
TRX00002981,PRJ000974,Praveen Khandelwal,EXPENDITURE,342000.0,2023-11-25,PFMS_E_PAYMENT,UrbanDrain Civil Engineering Co
TRX00002982,PRJ000975,Praveen Khandelwal,SANCTION,1310000.0,2023-11-05,TREASURY_TRANSFER,Central Delhi District Rural Development Agency (DRDA)
TRX00002983,PRJ000975,Praveen Khandelwal,EXPENDITURE,582546.0,2023-12-05,PFMS_E_PAYMENT,National Civic Infrastructure Developers
TRX00002984,PRJ000975,Praveen Khandelwal,EXPENDITURE,476628.54,2024-02-03,PFMS_E_PAYMENT,National Civic Infrastructure Developers
TRX00002985,PRJ000976,Praveen Khandelwal,SANCTION,3860000.0,2023-11-17,TREASURY_TRANSFER,Central Delhi District Rural Development Agency (DRDA)
TRX00002986,PRJ000976,Praveen Khandelwal,EXPENDITURE,1787617.12,2023-12-17,PFMS_E_PAYMENT,SmartTransit Urban Infra Solutions
TRX00002987,PRJ000976,Praveen Khandelwal,EXPENDITURE,1462595.82,2024-02-15,PFMS_E_PAYMENT,SmartTransit Urban Infra Solutions
TRX00002988,PRJ000977,Shri Khiru Mahto (2022-28) (2022-2028),SANCTION,3380000.0,2023-09-04,TREASURY_TRANSFER,Patna State Water Supply & Sanitation Board (WSSB)
TRX00002989,PRJ000977,Shri Khiru Mahto (2022-28) (2022-2028),EXPENDITURE,1394250.0,2023-10-04,PFMS_E_PAYMENT,CleanWater Sanitation & Drainage Works Pvt Ltd
TRX00002990,PRJ000977,Shri Khiru Mahto (2022-28) (2022-2028),EXPENDITURE,1140750.0,2023-12-03,PFMS_E_PAYMENT,CleanWater Sanitation & Drainage Works Pvt Ltd
TRX00002991,PRJ000977,Shri Khiru Mahto (2022-28) (2022-2028),EXPENDITURE,1394250.0,2023-10-09,PFMS_E_PAYMENT,CleanWater Sanitation & Drainage Works Pvt Ltd
TRX00002992,PRJ000978,Shri Khiru Mahto (2022-28) (2022-2028),SANCTION,4860000.0,2023-04-09,TREASURY_TRANSFER,Patna State Water Supply & Sanitation Board (WSSB)
TRX00002993,PRJ000978,Shri Khiru Mahto (2022-28) (2022-2028),EXPENDITURE,1553013.0,2023-05-09,PFMS_E_PAYMENT,TechLine IT & Lab Equipment Solutions Pvt Ltd
TRX00002994,PRJ000978,Shri Khiru Mahto (2022-28) (2022-2028),EXPENDITURE,1270647.0,2023-07-08,PFMS_E_PAYMENT,TechLine IT & Lab Equipment Solutions Pvt Ltd
TRX00002995,PRJ000979,Shri Khiru Mahto (2022-28) (2022-2028),SANCTION,1380000.0,2022-11-13,TREASURY_TRANSFER,Muzaffarpur District Rural Development Agency (DRDA)
TRX00002996,PRJ000979,Shri Khiru Mahto (2022-28) (2022-2028),EXPENDITURE,451605.0,2022-12-13,PFMS_E_PAYMENT,ProSport Infrastructure & Turf Solutions
TRX00002997,PRJ000979,Shri Khiru Mahto (2022-28) (2022-2028),EXPENDITURE,369495.0,2023-02-11,PFMS_E_PAYMENT,ProSport Infrastructure & Turf Solutions
TRX00002998,PRJ000980,BAJRANG MANOHAR SONWANE,SANCTION,2970000.0,2022-07-01,TREASURY_TRANSFER,Thane District Rural Development Agency (DRDA)
TRX00002999,PRJ000980,BAJRANG MANOHAR SONWANE,EXPENDITURE,609295.5,2022-07-31,PFMS_E_PAYMENT,SmartTransit Urban Infra Solutions
TRX00003000,PRJ000980,BAJRANG MANOHAR SONWANE,EXPENDITURE,498514.5,2022-09-29,PFMS_E_PAYMENT,SmartTransit Urban Infra Solutions
TRX00003001,PRJ000981,BAJRANG MANOHAR SONWANE,SANCTION,4300000.0,2023-02-13,TREASURY_TRANSFER,Thane Public Works Department (PWD)
TRX00003002,PRJ000981,BAJRANG MANOHAR SONWANE,EXPENDITURE,2365000.0,2023-03-15,PFMS_E_PAYMENT,ProSport Infrastructure & Turf Solutions
TRX00003003,PRJ000981,BAJRANG MANOHAR SONWANE,EXPENDITURE,1935000.0,2023-05-14,PFMS_E_PAYMENT,ProSport Infrastructure & Turf Solutions
TRX00003004,PRJ000982,BAJRANG MANOHAR SONWANE,SANCTION,7370000.0,2023-04-17,TREASURY_TRANSFER,Thane District Rural Development Agency (DRDA)
TRX00003005,PRJ000982,BAJRANG MANOHAR SONWANE,EXPENDITURE,1305227.0,2023-05-17,PFMS_E_PAYMENT,Paramount Multi-Sector Construction Ltd
TRX00003006,PRJ000982,BAJRANG MANOHAR SONWANE,EXPENDITURE,1067913.0,2023-07-16,PFMS_E_PAYMENT,Paramount Multi-Sector Construction Ltd
TRX00003007,PRJ000983,BAJRANG MANOHAR SONWANE,SANCTION,7380000.0,2023-08-14,TREASURY_TRANSFER,Thane Public Works Department (PWD)
TRX00003008,PRJ000983,BAJRANG MANOHAR SONWANE,EXPENDITURE,2106621.0,2023-09-13,PFMS_E_PAYMENT,AquaPure Water Systems & Drilling Corp
TRX00003009,PRJ000983,BAJRANG MANOHAR SONWANE,EXPENDITURE,1723599.0,2023-11-12,PFMS_E_PAYMENT,AquaPure Water Systems & Drilling Corp
TRX00003010,PRJ000984,Arvind Ganpat Sawant,SANCTION,1030000.0,2022-12-26,TREASURY_TRANSFER,Aurangabad State Water Supply & Sanitation Board (WSSB)
TRX00003011,PRJ000984,Arvind Ganpat Sawant,EXPENDITURE,254925.0,2023-01-25,PFMS_E_PAYMENT,ProSport Infrastructure & Turf Solutions
TRX00003012,PRJ000984,Arvind Ganpat Sawant,EXPENDITURE,208575.0,2023-03-26,PFMS_E_PAYMENT,ProSport Infrastructure & Turf Solutions
TRX00003013,PRJ000985,Arvind Ganpat Sawant,SANCTION,940000.0,2022-08-21,TREASURY_TRANSFER,Mumbai Municipal Corporation Infrastructure Cell
TRX00003014,PRJ000985,Arvind Ganpat Sawant,EXPENDITURE,222827.0,2022-09-20,PFMS_E_PAYMENT,MedTech Healthcare Infrastructure Ltd
TRX00003015,PRJ000985,Arvind Ganpat Sawant,EXPENDITURE,182313.0,2022-11-19,PFMS_E_PAYMENT,MedTech Healthcare Infrastructure Ltd
TRX00003016,PRJ000986,Arvind Ganpat Sawant,SANCTION,740000.0,2022-10-28,TREASURY_TRANSFER,Thane District Rural Development Agency (DRDA)
TRX00003017,PRJ000986,Arvind Ganpat Sawant,EXPENDITURE,115181.0,2022-11-27,PFMS_E_PAYMENT,ProSport Infrastructure & Turf Solutions
TRX00003018,PRJ000986,Arvind Ganpat Sawant,EXPENDITURE,94239.0,2023-01-26,PFMS_E_PAYMENT,ProSport Infrastructure & Turf Solutions
TRX00003019,PRJ000987,RUCHI VIRA,SANCTION,6650000.0,2023-12-03,TREASURY_TRANSFER,Varanasi State Water Supply & Sanitation Board (WSSB)
TRX00003020,PRJ000987,RUCHI VIRA,EXPENDITURE,2505387.5,2024-01-02,PFMS_E_PAYMENT,National Civic Infrastructure Developers
TRX00003021,PRJ000987,RUCHI VIRA,EXPENDITURE,2049862.5,2024-03-02,PFMS_E_PAYMENT,National Civic Infrastructure Developers
TRX00003022,PRJ000988,RUCHI VIRA,SANCTION,710000.0,2023-05-14,TREASURY_TRANSFER,Varanasi District Rural Development Agency (DRDA)
TRX00003023,PRJ000988,RUCHI VIRA,EXPENDITURE,166743.5,2023-06-13,PFMS_E_PAYMENT,TechLine IT & Lab Equipment Solutions Pvt Ltd
TRX00003024,PRJ000988,RUCHI VIRA,EXPENDITURE,136426.5,2023-08-12,PFMS_E_PAYMENT,TechLine IT & Lab Equipment Solutions Pvt Ltd
TRX00003025,PRJ000989,RUCHI VIRA,SANCTION,1010000.0,2023-04-09,TREASURY_TRANSFER,Varanasi State Water Supply & Sanitation Board (WSSB)
TRX00003026,PRJ000989,RUCHI VIRA,EXPENDITURE,213867.5,2023-05-09,PFMS_E_PAYMENT,SmartTransit Urban Infra Solutions
TRX00003027,PRJ000989,RUCHI VIRA,EXPENDITURE,174982.5,2023-07-08,PFMS_E_PAYMENT,SmartTransit Urban Infra Solutions
TRX00003028,PRJ000990,RUCHI VIRA,SANCTION,520000.0,2023-01-20,TREASURY_TRANSFER,Varanasi Public Works Department (PWD)
TRX00003029,PRJ000990,RUCHI VIRA,EXPENDITURE,198484.0,2023-02-19,PFMS_E_PAYMENT,National Civic Infrastructure Developers
TRX00003030,PRJ000990,RUCHI VIRA,EXPENDITURE,162396.0,2023-04-20,PFMS_E_PAYMENT,National Civic Infrastructure Developers
TRX00003031,PRJ000991,Dilip Saikia,SANCTION,3980000.0,2022-12-07,TREASURY_TRANSFER,Guwahati District Rural Development Agency (DRDA)
TRX00003032,PRJ000991,Dilip Saikia,EXPENDITURE,1206139.0,2023-01-06,PFMS_E_PAYMENT,Apex Infracon & Highway Contractors
TRX00003033,PRJ000991,Dilip Saikia,EXPENDITURE,986841.0,2023-03-07,PFMS_E_PAYMENT,Apex Infracon & Highway Contractors
TRX00003034,PRJ000992,Dilip Saikia,SANCTION,2840000.0,2022-05-19,TREASURY_TRANSFER,Guwahati District Rural Development Agency (DRDA)
TRX00003035,PRJ000992,Dilip Saikia,EXPENDITURE,40811.68,2022-06-18,PFMS_E_PAYMENT,MedTech Healthcare Infrastructure Ltd
TRX00003036,PRJ000992,Dilip Saikia,EXPENDITURE,33391.37,2022-08-17,PFMS_E_PAYMENT,MedTech Healthcare Infrastructure Ltd
TRX00003037,PRJ000993,Dr. Ajeet Madhavrao Gopchade (2024-30) (2024-2030),SANCTION,4920000.0,2023-10-24,TREASURY_TRANSFER,Mumbai Municipal Corporation Infrastructure Cell
TRX00003038,PRJ000993,Dr. Ajeet Madhavrao Gopchade (2024-30) (2024-2030),EXPENDITURE,587202.0,2023-11-23,PFMS_E_PAYMENT,Apex Infracon & Highway Contractors
TRX00003039,PRJ000993,Dr. Ajeet Madhavrao Gopchade (2024-30) (2024-2030),EXPENDITURE,480438.0,2024-01-22,PFMS_E_PAYMENT,Apex Infracon & Highway Contractors
TRX00003040,PRJ000994,Dr. Ajeet Madhavrao Gopchade (2024-30) (2024-2030),SANCTION,3670000.0,2023-10-10,TREASURY_TRANSFER,Thane Public Works Department (PWD)
TRX00003041,PRJ000994,Dr. Ajeet Madhavrao Gopchade (2024-30) (2024-2030),EXPENDITURE,851807.0,2023-11-09,PFMS_E_PAYMENT,National Civic Infrastructure Developers
TRX00003042,PRJ000994,Dr. Ajeet Madhavrao Gopchade (2024-30) (2024-2030),EXPENDITURE,696933.0,2024-01-08,PFMS_E_PAYMENT,National Civic Infrastructure Developers
TRX00003043,PRJ000995,Dr. Ajeet Madhavrao Gopchade (2024-30) (2024-2030),SANCTION,710000.0,2022-05-26,TREASURY_TRANSFER,Thane District Rural Development Agency (DRDA)
TRX00003044,PRJ000995,Dr. Ajeet Madhavrao Gopchade (2024-30) (2024-2030),EXPENDITURE,260463.5,2022-06-25,PFMS_E_PAYMENT,Apex Infracon & Highway Contractors
TRX00003045,PRJ000995,Dr. Ajeet Madhavrao Gopchade (2024-30) (2024-2030),EXPENDITURE,213106.5,2022-08-24,PFMS_E_PAYMENT,Apex Infracon & Highway Contractors
TRX00003046,PRJ000996,Y S Avinash Reddy,SANCTION,4230000.0,2022-05-03,TREASURY_TRANSFER,Tirupati Public Works Department (PWD)
TRX00003047,PRJ000996,Y S Avinash Reddy,EXPENDITURE,1744875.0,2022-06-02,PFMS_E_PAYMENT,AquaPure Water Systems & Drilling Corp
TRX00003048,PRJ000996,Y S Avinash Reddy,EXPENDITURE,1427625.0,2022-08-01,PFMS_E_PAYMENT,AquaPure Water Systems & Drilling Corp
TRX00003049,PRJ000996,Y S Avinash Reddy,EXPENDITURE,1744875.0,2022-06-03,PFMS_E_PAYMENT,AquaPure Water Systems & Drilling Corp
TRX00003050,PRJ000997,Y S Avinash Reddy,SANCTION,4230000.0,2023-04-24,TREASURY_TRANSFER,Guntur Municipal Corporation Infrastructure Cell
TRX00003051,PRJ000997,Y S Avinash Reddy,EXPENDITURE,1046925.0,2023-05-24,PFMS_E_PAYMENT,SmartTransit Urban Infra Solutions
TRX00003052,PRJ000997,Y S Avinash Reddy,EXPENDITURE,856575.0,2023-07-23,PFMS_E_PAYMENT,SmartTransit Urban Infra Solutions
TRX00003053,PRJ000998,Y S Avinash Reddy,SANCTION,7180000.0,2023-08-28,TREASURY_TRANSFER,Tirupati Public Works Department (PWD)
TRX00003054,PRJ000998,Y S Avinash Reddy,EXPENDITURE,1508518.0,2023-09-27,PFMS_E_PAYMENT,TechLine IT & Lab Equipment Solutions Pvt Ltd
TRX00003055,PRJ000998,Y S Avinash Reddy,EXPENDITURE,1234242.0,2023-11-26,PFMS_E_PAYMENT,TechLine IT & Lab Equipment Solutions Pvt Ltd
TRX00003056,PRJ000999,Y S Avinash Reddy,SANCTION,7300000.0,2023-08-01,TREASURY_TRANSFER,Guntur District Rural Development Agency (DRDA)
TRX00003057,PRJ000999,Y S Avinash Reddy,EXPENDITURE,3433643.02,2023-08-31,PFMS_E_PAYMENT,SmartTransit Urban Infra Solutions
TRX00003058,PRJ000999,Y S Avinash Reddy,EXPENDITURE,2809344.28,2023-10-30,PFMS_E_PAYMENT,SmartTransit Urban Infra Solutions
TRX00003059,PRJ001000,Y S Avinash Reddy,SANCTION,5480000.0,2022-11-01,TREASURY_TRANSFER,Guntur District Rural Development Agency (DRDA)
TRX00003060,PRJ001000,Y S Avinash Reddy,EXPENDITURE,3014000.0,2022-12-01,PFMS_E_PAYMENT,National Civic Infrastructure Developers
TRX00003061,PRJ001000,Y S Avinash Reddy,EXPENDITURE,2466000.0,2023-01-30,PFMS_E_PAYMENT,National Civic Infrastructure Developers
TRX00003062,PRJ001001,BHUMARE SANDIPANRAO ASARAM,SANCTION,1660000.0,2022-12-11,TREASURY_TRANSFER,Thane District Rural Development Agency (DRDA)
TRX00003063,PRJ001001,BHUMARE SANDIPANRAO ASARAM,EXPENDITURE,438240.0,2023-01-10,PFMS_E_PAYMENT,Paramount Multi-Sector Construction Ltd
TRX00003064,PRJ001001,BHUMARE SANDIPANRAO ASARAM,EXPENDITURE,358560.0,2023-03-11,PFMS_E_PAYMENT,Paramount Multi-Sector Construction Ltd
TRX00003065,PRJ001002,BHUMARE SANDIPANRAO ASARAM,SANCTION,4430000.0,2022-09-18,TREASURY_TRANSFER,Mumbai Municipal Corporation Infrastructure Cell
TRX00003066,PRJ001002,BHUMARE SANDIPANRAO ASARAM,EXPENDITURE,928306.5,2022-10-18,PFMS_E_PAYMENT,Apex Infracon & Highway Contractors
TRX00003067,PRJ001002,BHUMARE SANDIPANRAO ASARAM,EXPENDITURE,759523.5,2022-12-17,PFMS_E_PAYMENT,Apex Infracon & Highway Contractors
TRX00003068,PRJ001003,BHUMARE SANDIPANRAO ASARAM,SANCTION,7360000.0,2022-08-31,TREASURY_TRANSFER,Mumbai Municipal Corporation Infrastructure Cell
TRX00003069,PRJ001003,BHUMARE SANDIPANRAO ASARAM,EXPENDITURE,4048000.0,2022-09-30,PFMS_E_PAYMENT,ProSport Infrastructure & Turf Solutions
TRX00003070,PRJ001003,BHUMARE SANDIPANRAO ASARAM,EXPENDITURE,3312000.0,2022-11-29,PFMS_E_PAYMENT,ProSport Infrastructure & Turf Solutions
TRX00003071,PRJ001004,BHUMARE SANDIPANRAO ASARAM,SANCTION,4810000.0,2022-09-01,TREASURY_TRANSFER,Aurangabad State Water Supply & Sanitation Board (WSSB)
TRX00003072,PRJ001004,BHUMARE SANDIPANRAO ASARAM,EXPENDITURE,1039681.5,2022-10-01,PFMS_E_PAYMENT,UrbanDrain Civil Engineering Co
TRX00003073,PRJ001004,BHUMARE SANDIPANRAO ASARAM,EXPENDITURE,850648.5,2022-11-30,PFMS_E_PAYMENT,UrbanDrain Civil Engineering Co
TRX00003074,PRJ001005,BHUMARE SANDIPANRAO ASARAM,SANCTION,4140000.0,2022-12-12,TREASURY_TRANSFER,Thane Public Works Department (PWD)
TRX00003075,PRJ001005,BHUMARE SANDIPANRAO ASARAM,EXPENDITURE,2277000.0,2023-01-11,PFMS_E_PAYMENT,Apex Infracon & Highway Contractors
TRX00003076,PRJ001005,BHUMARE SANDIPANRAO ASARAM,EXPENDITURE,1863000.0,2023-03-12,PFMS_E_PAYMENT,Apex Infracon & Highway Contractors
TRX00003077,PRJ001006,Ashok Kumar Rawat,SANCTION,6550000.0,2023-08-20,TREASURY_TRANSFER,Kanpur Municipal Corporation Infrastructure Cell
TRX00003078,PRJ001006,Ashok Kumar Rawat,EXPENDITURE,1848082.5,2023-09-19,PFMS_E_PAYMENT,ProSport Infrastructure & Turf Solutions
TRX00003079,PRJ001006,Ashok Kumar Rawat,EXPENDITURE,1512067.5,2023-11-18,PFMS_E_PAYMENT,ProSport Infrastructure & Turf Solutions
TRX00003080,PRJ001007,Ashok Kumar Rawat,SANCTION,1630000.0,2023-02-09,TREASURY_TRANSFER,Varanasi Public Works Department (PWD)
TRX00003081,PRJ001007,Ashok Kumar Rawat,EXPENDITURE,896500.0,2023-03-11,PFMS_E_PAYMENT,MedTech Healthcare Infrastructure Ltd
TRX00003082,PRJ001007,Ashok Kumar Rawat,EXPENDITURE,733500.0,2023-05-10,PFMS_E_PAYMENT,MedTech Healthcare Infrastructure Ltd
TRX00003083,PRJ001008,Ashok Kumar Rawat,SANCTION,930000.0,2022-06-16,TREASURY_TRANSFER,Varanasi District Rural Development Agency (DRDA)
TRX00003084,PRJ001008,Ashok Kumar Rawat,EXPENDITURE,20729.97,2022-07-16,PFMS_E_PAYMENT,TechLine IT & Lab Equipment Solutions Pvt Ltd
TRX00003085,PRJ001008,Ashok Kumar Rawat,EXPENDITURE,16960.88,2022-09-14,PFMS_E_PAYMENT,TechLine IT & Lab Equipment Solutions Pvt Ltd
TRX00003086,PRJ001009,Ashok Kumar Rawat,SANCTION,7930000.0,2022-05-14,TREASURY_TRANSFER,Varanasi District Rural Development Agency (DRDA)
TRX00003087,PRJ001009,Ashok Kumar Rawat,EXPENDITURE,5408260.0,2022-06-13,PFMS_E_PAYMENT,National Civic Infrastructure Developers
TRX00003088,PRJ001009,Ashok Kumar Rawat,EXPENDITURE,4424940.0,2022-08-12,PFMS_E_PAYMENT,National Civic Infrastructure Developers
TRX00003089,PRJ001010,PUSHPENDRA SAROJ,SANCTION,7070000.0,2023-05-27,TREASURY_TRANSFER,Varanasi District Rural Development Agency (DRDA)
TRX00003090,PRJ001010,PUSHPENDRA SAROJ,EXPENDITURE,4860625.0,2023-06-26,PFMS_E_PAYMENT,AquaPure Water Systems & Drilling Corp
TRX00003091,PRJ001010,PUSHPENDRA SAROJ,EXPENDITURE,3976875.0,2023-08-25,PFMS_E_PAYMENT,AquaPure Water Systems & Drilling Corp
TRX00003092,PRJ001011,PUSHPENDRA SAROJ,SANCTION,6640000.0,2022-06-23,TREASURY_TRANSFER,Varanasi District Rural Development Agency (DRDA)
TRX00003093,PRJ001011,PUSHPENDRA SAROJ,EXPENDITURE,80662.53,2022-07-23,PFMS_E_PAYMENT,SmartTransit Urban Infra Solutions
TRX00003094,PRJ001011,PUSHPENDRA SAROJ,EXPENDITURE,65996.61,2022-09-21,PFMS_E_PAYMENT,SmartTransit Urban Infra Solutions
TRX00003095,PRJ001012,PUSHPENDRA SAROJ,SANCTION,1900000.0,2022-04-26,TREASURY_TRANSFER,Varanasi State Water Supply & Sanitation Board (WSSB)
TRX00003096,PRJ001012,PUSHPENDRA SAROJ,EXPENDITURE,280060.0,2022-05-26,PFMS_E_PAYMENT,SwachhBharat Sanitation Infra Ltd
TRX00003097,PRJ001012,PUSHPENDRA SAROJ,EXPENDITURE,229140.0,2022-07-25,PFMS_E_PAYMENT,SwachhBharat Sanitation Infra Ltd
TRX00003098,PRJ001013,PUSHPENDRA SAROJ,SANCTION,7810000.0,2022-06-05,TREASURY_TRANSFER,Varanasi Public Works Department (PWD)
TRX00003099,PRJ001013,PUSHPENDRA SAROJ,EXPENDITURE,162539.22,2022-07-05,PFMS_E_PAYMENT,Speedway Repair & Resurfacing Contractors
TRX00003100,PRJ001013,PUSHPENDRA SAROJ,EXPENDITURE,132986.64,2022-09-03,PFMS_E_PAYMENT,Speedway Repair & Resurfacing Contractors
TRX00003101,PRJ001014,PUSHPENDRA SAROJ,SANCTION,2590000.0,2023-03-02,TREASURY_TRANSFER,Varanasi Public Works Department (PWD)
TRX00003102,PRJ001014,PUSHPENDRA SAROJ,EXPENDITURE,646723.0,2023-04-01,PFMS_E_PAYMENT,Speedway Repair & Resurfacing Contractors
TRX00003103,PRJ001014,PUSHPENDRA SAROJ,EXPENDITURE,529137.0,2023-05-31,PFMS_E_PAYMENT,Speedway Repair & Resurfacing Contractors
TRX00003104,PRJ001015,ANAND KUMAR,SANCTION,1590000.0,2023-06-14,TREASURY_TRANSFER,Varanasi Public Works Department (PWD)
TRX00003105,PRJ001015,ANAND KUMAR,EXPENDITURE,874500.0,2023-07-14,PFMS_E_PAYMENT,BridgeTech Structures Pvt Ltd
TRX00003106,PRJ001015,ANAND KUMAR,EXPENDITURE,715500.0,2023-09-12,PFMS_E_PAYMENT,BridgeTech Structures Pvt Ltd
TRX00003107,PRJ001016,ANAND KUMAR,SANCTION,6310000.0,2022-10-20,TREASURY_TRANSFER,Varanasi District Rural Development Agency (DRDA)
TRX00003108,PRJ001016,ANAND KUMAR,EXPENDITURE,2829352.78,2022-11-19,PFMS_E_PAYMENT,SunPower Renewable Energy Systems
TRX00003109,PRJ001016,ANAND KUMAR,EXPENDITURE,2314925.0,2023-01-18,PFMS_E_PAYMENT,SunPower Renewable Energy Systems
TRX00003110,PRJ001017,ANAND KUMAR,SANCTION,1270000.0,2023-03-30,TREASURY_TRANSFER,Varanasi State Water Supply & Sanitation Board (WSSB)
TRX00003111,PRJ001017,ANAND KUMAR,EXPENDITURE,559498.5,2023-04-29,PFMS_E_PAYMENT,ProSport Infrastructure & Turf Solutions
TRX00003112,PRJ001017,ANAND KUMAR,EXPENDITURE,457771.5,2023-06-28,PFMS_E_PAYMENT,ProSport Infrastructure & Turf Solutions
TRX00003113,PRJ001018,ANAND KUMAR,SANCTION,4680000.0,2023-04-16,TREASURY_TRANSFER,Varanasi Public Works Department (PWD)
TRX00003114,PRJ001018,ANAND KUMAR,EXPENDITURE,1613898.0,2023-05-16,PFMS_E_PAYMENT,SunPower Renewable Energy Systems
TRX00003115,PRJ001018,ANAND KUMAR,EXPENDITURE,1320462.0,2023-07-15,PFMS_E_PAYMENT,SunPower Renewable Energy Systems
TRX00003116,PRJ001019,RANJIT DUTTA,SANCTION,4380000.0,2022-07-28,TREASURY_TRANSFER,Guwahati District Rural Development Agency (DRDA)
TRX00003117,PRJ001019,RANJIT DUTTA,EXPENDITURE,1108140.0,2022-08-27,PFMS_E_PAYMENT,AquaPure Water Systems & Drilling Corp
TRX00003118,PRJ001019,RANJIT DUTTA,EXPENDITURE,906660.0,2022-10-26,PFMS_E_PAYMENT,AquaPure Water Systems & Drilling Corp
TRX00003119,PRJ001020,RANJIT DUTTA,SANCTION,4540000.0,2022-11-06,TREASURY_TRANSFER,Guwahati District Rural Development Agency (DRDA)
TRX00003120,PRJ001020,RANJIT DUTTA,EXPENDITURE,2497000.0,2022-12-06,PFMS_E_PAYMENT,TechLine IT & Lab Equipment Solutions Pvt Ltd
TRX00003121,PRJ001020,RANJIT DUTTA,EXPENDITURE,2043000.0,2023-02-04,PFMS_E_PAYMENT,TechLine IT & Lab Equipment Solutions Pvt Ltd
TRX00003122,PRJ001021,GENIBEN NAGAJI THAKOR,SANCTION,7730000.0,2022-07-19,TREASURY_TRANSFER,Ahmedabad District Rural Development Agency (DRDA)
TRX00003123,PRJ001021,GENIBEN NAGAJI THAKOR,EXPENDITURE,3188625.0,2022-08-18,PFMS_E_PAYMENT,ProSport Infrastructure & Turf Solutions
TRX00003124,PRJ001021,GENIBEN NAGAJI THAKOR,EXPENDITURE,2608875.0,2022-10-17,PFMS_E_PAYMENT,ProSport Infrastructure & Turf Solutions
TRX00003125,PRJ001021,GENIBEN NAGAJI THAKOR,EXPENDITURE,3188625.0,2022-08-20,PFMS_E_PAYMENT,ProSport Infrastructure & Turf Solutions
TRX00003126,PRJ001022,GENIBEN NAGAJI THAKOR,SANCTION,3670000.0,2023-03-16,TREASURY_TRANSFER,Bhavnagar Municipal Corporation Infrastructure Cell
TRX00003127,PRJ001022,GENIBEN NAGAJI THAKOR,EXPENDITURE,1709669.5,2023-04-15,PFMS_E_PAYMENT,SunPower Renewable Energy Systems
TRX00003128,PRJ001022,GENIBEN NAGAJI THAKOR,EXPENDITURE,1398820.5,2023-06-14,PFMS_E_PAYMENT,SunPower Renewable Energy Systems
TRX00003129,PRJ001023,GENIBEN NAGAJI THAKOR,SANCTION,7940000.0,2023-09-10,TREASURY_TRANSFER,Ahmedabad Public Works Department (PWD)
TRX00003130,PRJ001023,GENIBEN NAGAJI THAKOR,EXPENDITURE,1379972.0,2023-10-10,PFMS_E_PAYMENT,Apex Infracon & Highway Contractors
TRX00003131,PRJ001023,GENIBEN NAGAJI THAKOR,EXPENDITURE,1129068.0,2023-12-09,PFMS_E_PAYMENT,Apex Infracon & Highway Contractors
TRX00003132,PRJ001024,RAJESH VERMA,SANCTION,4930000.0,2022-09-02,TREASURY_TRANSFER,Patna State Water Supply & Sanitation Board (WSSB)
TRX00003133,PRJ001024,RAJESH VERMA,EXPENDITURE,1011389.5,2022-10-02,PFMS_E_PAYMENT,ProSport Infrastructure & Turf Solutions
TRX00003134,PRJ001024,RAJESH VERMA,EXPENDITURE,827500.5,2022-12-01,PFMS_E_PAYMENT,ProSport Infrastructure & Turf Solutions
TRX00003135,PRJ001025,RAJESH VERMA,SANCTION,7640000.0,2022-05-02,TREASURY_TRANSFER,Patna State Water Supply & Sanitation Board (WSSB)
TRX00003136,PRJ001025,RAJESH VERMA,EXPENDITURE,3151500.0,2022-06-01,PFMS_E_PAYMENT,CleanWater Sanitation & Drainage Works Pvt Ltd
TRX00003137,PRJ001025,RAJESH VERMA,EXPENDITURE,2578500.0,2022-07-31,PFMS_E_PAYMENT,CleanWater Sanitation & Drainage Works Pvt Ltd
TRX00003138,PRJ001025,RAJESH VERMA,EXPENDITURE,3151500.0,2022-06-06,PFMS_E_PAYMENT,CleanWater Sanitation & Drainage Works Pvt Ltd
TRX00003139,PRJ001026,Sanjay Haribhau Jadhav,SANCTION,6990000.0,2023-10-29,TREASURY_TRANSFER,Aurangabad State Water Supply & Sanitation Board (WSSB)
TRX00003140,PRJ001026,Sanjay Haribhau Jadhav,EXPENDITURE,791967.0,2023-11-28,PFMS_E_PAYMENT,SunPower Renewable Energy Systems
TRX00003141,PRJ001026,Sanjay Haribhau Jadhav,EXPENDITURE,647973.0,2024-01-27,PFMS_E_PAYMENT,SunPower Renewable Energy Systems
TRX00003142,PRJ001027,Sanjay Haribhau Jadhav,SANCTION,5350000.0,2023-04-27,TREASURY_TRANSFER,Thane Public Works Department (PWD)
TRX00003143,PRJ001027,Sanjay Haribhau Jadhav,EXPENDITURE,1324125.0,2023-05-27,PFMS_E_PAYMENT,CleanWater Sanitation & Drainage Works Pvt Ltd
TRX00003144,PRJ001027,Sanjay Haribhau Jadhav,EXPENDITURE,1083375.0,2023-07-26,PFMS_E_PAYMENT,CleanWater Sanitation & Drainage Works Pvt Ltd
TRX00003145,PRJ001028,Sanjay Haribhau Jadhav,SANCTION,5130000.0,2023-09-03,TREASURY_TRANSFER,Mumbai Municipal Corporation Infrastructure Cell
TRX00003146,PRJ001028,Sanjay Haribhau Jadhav,EXPENDITURE,1269675.0,2023-10-03,PFMS_E_PAYMENT,MedTech Healthcare Infrastructure Ltd
TRX00003147,PRJ001028,Sanjay Haribhau Jadhav,EXPENDITURE,1038825.0,2023-12-02,PFMS_E_PAYMENT,MedTech Healthcare Infrastructure Ltd
TRX00003148,PRJ001029,Sanjay Haribhau Jadhav,SANCTION,6750000.0,2022-07-01,TREASURY_TRANSFER,Thane Public Works Department (PWD)
TRX00003149,PRJ001029,Sanjay Haribhau Jadhav,EXPENDITURE,2275762.5,2022-07-31,PFMS_E_PAYMENT,AquaPure Water Systems & Drilling Corp
TRX00003150,PRJ001029,Sanjay Haribhau Jadhav,EXPENDITURE,1861987.5,2022-09-29,PFMS_E_PAYMENT,AquaPure Water Systems & Drilling Corp
TRX00003151,PRJ001030,Shri Ghanshyam Tiwari (2022-28) (2022-2028),SANCTION,6700000.0,2022-06-11,TREASURY_TRANSFER,Kota State Water Supply & Sanitation Board (WSSB)
TRX00003152,PRJ001030,Shri Ghanshyam Tiwari (2022-28) (2022-2028),EXPENDITURE,1367135.0,2022-07-11,PFMS_E_PAYMENT,SmartTransit Urban Infra Solutions
TRX00003153,PRJ001030,Shri Ghanshyam Tiwari (2022-28) (2022-2028),EXPENDITURE,1118565.0,2022-09-09,PFMS_E_PAYMENT,SmartTransit Urban Infra Solutions
TRX00003154,PRJ001031,Shri Ghanshyam Tiwari (2022-28) (2022-2028),SANCTION,3310000.0,2022-07-16,TREASURY_TRANSFER,Udaipur District Rural Development Agency (DRDA)
TRX00003155,PRJ001031,Shri Ghanshyam Tiwari (2022-28) (2022-2028),EXPENDITURE,1652050.42,2022-08-15,PFMS_E_PAYMENT,ProSport Infrastructure & Turf Solutions
TRX00003156,PRJ001031,Shri Ghanshyam Tiwari (2022-28) (2022-2028),EXPENDITURE,1351677.62,2022-10-14,PFMS_E_PAYMENT,ProSport Infrastructure & Turf Solutions
TRX00003157,PRJ001032,Shri Ghanshyam Tiwari (2022-28) (2022-2028),SANCTION,7910000.0,2022-12-07,TREASURY_TRANSFER,Udaipur District Rural Development Agency (DRDA)
TRX00003158,PRJ001032,Shri Ghanshyam Tiwari (2022-28) (2022-2028),EXPENDITURE,3566551.25,2023-01-06,PFMS_E_PAYMENT,SunPower Renewable Energy Systems
TRX00003159,PRJ001032,Shri Ghanshyam Tiwari (2022-28) (2022-2028),EXPENDITURE,2918087.39,2023-03-07,PFMS_E_PAYMENT,SunPower Renewable Energy Systems
TRX00003160,PRJ001033,Shri Ghanshyam Tiwari (2022-28) (2022-2028),SANCTION,7860000.0,2023-01-20,TREASURY_TRANSFER,Udaipur District Rural Development Agency (DRDA)
TRX00003161,PRJ001033,Shri Ghanshyam Tiwari (2022-28) (2022-2028),EXPENDITURE,3870732.65,2023-02-19,PFMS_E_PAYMENT,National Civic Infrastructure Developers
TRX00003162,PRJ001033,Shri Ghanshyam Tiwari (2022-28) (2022-2028),EXPENDITURE,3166963.08,2023-04-20,PFMS_E_PAYMENT,National Civic Infrastructure Developers
TRX00003163,PRJ001034,Shri Ghanshyam Tiwari (2022-28) (2022-2028),SANCTION,2800000.0,2022-10-08,TREASURY_TRANSFER,Udaipur District Rural Development Agency (DRDA)
TRX00003164,PRJ001034,Shri Ghanshyam Tiwari (2022-28) (2022-2028),EXPENDITURE,913220.0,2022-11-07,PFMS_E_PAYMENT,National Civic Infrastructure Developers
TRX00003165,PRJ001034,Shri Ghanshyam Tiwari (2022-28) (2022-2028),EXPENDITURE,747180.0,2023-01-06,PFMS_E_PAYMENT,National Civic Infrastructure Developers
