mp_id,mp_name,state_ut,constituency,district,house_type,allocated_amount_inr,allocation_year,data_source
MP_001,AASHTIKAR PATIL NAGESH BAPURAO,Maharashtra,HINGOLI,Hingoli,Lok Sabha,190289442.0,2024-2025,Official Ministry Dataset (MP 2)
MP_002,ABDUL RASHID SHEIKH,Jammu And Kashmir,BARAMULLAH,Baramullah,Lok Sabha,147000000.0,2024-2025,Official Ministry Dataset (MP 2)
MP_003,ABHAY KUMAR SINHA,Bihar,AURANGABAD_BR,Aurangabad,Lok Sabha,147000000.0,2024-2025,Official Ministry Dataset (MP 2)
MP_004,ABHIJIT GANGOPADHYAY,West Bengal,TAMLUK,Tamluk,Lok Sabha,147000000.0,2024-2025,Official Ministry Dataset (MP 2)
MP_005,Abu Taher Khan,West Bengal,MURSHIDABAD,Murshidabad,Lok Sabha,147000000.0,2024-2025,Official Ministry Dataset (MP 2)
MP_006,ADHIKARI SOUMENDU,West Bengal,KANTHI,Kanthi,Lok Sabha,147000000.0,2024-2025,Official Ministry Dataset (MP 2)
MP_007,ADITYA YADAV,Uttar Pradesh,BADAUN,Badaun,Lok Sabha,147000000.0,2024-2025,Official Ministry Dataset (MP 2)
MP_008,Adv Adoor Prakash,Kerala,ATTINGAL,Attingal,Lok Sabha,147000000.0,2024-2025,Official Ministry Dataset (MP 2)
MP_009,Adv Dean Kuriakose,Kerala,IDUKKI,Idukki,Lok Sabha,147000000.0,2024-2025,Official Ministry Dataset (MP 2)
MP_010,ADV GOWAAL KAGADA PADAVI,Maharashtra,NANDURBAR(ST),Nandurbar(St),Lok Sabha,147816309.1,2024-2025,Official Ministry Dataset (MP 2)
MP_011,ADV K FRANCIS GEORGE,Kerala,KOTTAYAM,Kottayam,Lok Sabha,188722256.1,2024-2025,Official Ministry Dataset (MP 2)
MP_012,AFZAL ANSARI,Uttar Pradesh,GHAZIPUR,Ghazipur,Lok Sabha,220500000.0,2024-2025,Official Ministry Dataset (MP 2)
MP_013,AGA SYED RUHULLAH MEHDI,Jammu And Kashmir,SRINAGAR,Srinagar,Lok Sabha,147000000.0,2024-2025,Official Ministry Dataset (MP 2)
MP_014,Ajay Bhatt,Uttarakhand,NAINITAL UDHAM SINGH NAG.,Nainital Udham Singh Nag.,Lok Sabha,147000000.0,2024-2025,Official Ministry Dataset (MP 2)
MP_015,Ajay Kumar Mandal,Bihar,BHAGALPUR,Bhagalpur,Lok Sabha,147000000.0,2024-2025,Official Ministry Dataset (MP 2)
MP_016,Ajay Tamta,Uttarakhand,ALMORA(SC),Almora(Sc),Lok Sabha,147000000.0,2024-2025,Official Ministry Dataset (MP 2)
MP_017,AJENDRA SINGH LODHI,Uttar Pradesh,HAMIRPUR_UP,Hamirpur,Lok Sabha,147000000.0,2024-2025,Official Ministry Dataset (MP 2)
MP_018,AKHILESH YADAV,Uttar Pradesh,KANNAUJ,Kannauj,Lok Sabha,147000000.0,2024-2025,Official Ministry Dataset (MP 2)
MP_019,AKSHAYA YADAV,Uttar Pradesh,FIROZABAD,Firozabad,Lok Sabha,147000000.0,2024-2025,Official Ministry Dataset (MP 2)
MP_020,ALFRED KANNGAM S ARTHUR,Manipur,OUTER MANIPUR(ST),Outer Manipur(St),Lok Sabha,147000000.0,2024-2025,Official Ministry Dataset (MP 2)
MP_021,Alok Kumar Suman,Bihar,GOPALGANJ (SC),Gopalganj (Sc),Lok Sabha,147000000.0,2024-2025,Official Ministry Dataset (MP 2)
MP_022,ALOK SHARMA,Madhya Pradesh,BHOPAL,Bhopal,Lok Sabha,147000000.0,2024-2025,Official Ministry Dataset (MP 2)
MP_023,AMAR SHARADRAO KALE,Maharashtra,WARDHA,Wardha,Lok Sabha,147000000.0,2024-2025,Official Ministry Dataset (MP 2)
MP_024,AMARSING TISSO,Assam,Diphu (ST),Diphu (St),Lok Sabha,147000000.0,2024-2025,Official Ministry Dataset (MP 2)
MP_025,AMBICA G LAKSHMINARAYANA VALMIKI,Andhra Pradesh,ANANTAPUR,Anantapur,Lok Sabha,201899064.1,2024-2025,Official Ministry Dataset (MP 2)
MP_026,Amol Ramsing Kolhe,Maharashtra,SHIRUR,Shirur,Lok Sabha,147000000.0,2024-2025,Official Ministry Dataset (MP 2)
MP_027,AMRARAM,Rajasthan,SIKAR,Sikar,Lok Sabha,165691544.1,2024-2025,Official Ministry Dataset (MP 2)
MP_028,AMRINDER SINGH RAJA WARRING,Punjab,LUDHIANA,Ludhiana,Lok Sabha,147000000.0,2024-2025,Official Ministry Dataset (MP 2)
MP_029,ANAND BHADAURIYA,Uttar Pradesh,DHAURAHRA,Dhaurahra,Lok Sabha,147000000.0,2024-2025,Official Ministry Dataset (MP 2)
MP_030,Hon'ble Members of Parliaments,State,Constituency,Constituency,Lok Sabha,147000000.0,2024-2025,Official Ministry Dataset (MP 2)
MP_031,Hon'ble MP,Maharashtra,Constituency,Constituency,Lok Sabha,147000000.0,2024-2025,Official Ministry Dataset (MP 2)
MP_032,ANAND KUMAR,Uttar Pradesh,BAHRAICH(SC),Bahraich(Sc),Lok Sabha,147000000.0,2024-2025,Official Ministry Dataset (MP 2)
MP_033,ANANTA NAYAK,Odisha,KEONJHAR(ST),Keonjhar(St),Lok Sabha,147000000.0,2024-2025,Official Ministry Dataset (MP 2)
MP_034,Andimuthu Raja,Tamil Nadu,NILGIRIS(SC),Nilgiris(Sc),Lok Sabha,147000000.0,2024-2025,Official Ministry Dataset (MP 2)
MP_035,ANDREW J. SYNGKON,Meghalaya,SHILLONG,Shillong,Lok Sabha,98000000.0,2024-2025,Official Ministry Dataset (MP 2)
MP_036,ANGOMCHA BIMOL AKOIJAM,Manipur,INNER MANIPUR,Inner Manipur,Lok Sabha,147000000.0,2024-2025,Official Ministry Dataset (MP 2)
MP_037,ANIL BALUNI,Uttarakhand,GARHWAL,Garhwal,Lok Sabha,147000000.0,2024-2025,Official Ministry Dataset (MP 2)
MP_038,ANIL YESHWANT DESAI,Maharashtra,MUMBAI SOUTH CENTRAL,Mumbai South Central,Lok Sabha,147000000.0,2024-2025,Official Ministry Dataset (MP 2)
MP_039,ANITA NAGARSINGH CHOUHAN,Madhya Pradesh,RATLAM(ST),Ratlam(St),Lok Sabha,147000000.0,2024-2025,Official Ministry Dataset (MP 2)
MP_040,ANITA SUBHADARSHINI,Odisha,ASKA,Aska,Lok Sabha,147000000.0,2024-2025,Official Ministry Dataset (MP 2)
MP_041,Annpurna Devi,Jharkhand,KODARMA,Kodarma,Lok Sabha,166665931.8,2024-2025,Official Ministry Dataset (MP 2)
MP_042,ANOOP PRADHAN BALMIKI,Uttar Pradesh,HATHRAS (SC),Hathras (Sc),Lok Sabha,147000000.0,2024-2025,Official Ministry Dataset (MP 2)
MP_043,Anto Antony,Kerala,PATHANAMTHITTA,Pathanamthitta,Lok Sabha,147000000.0,2024-2025,Official Ministry Dataset (MP 2)
MP_044,ANUP SANJAY DHOTRE,Maharashtra,AKOLA,Akola,Lok Sabha,147000000.0,2024-2025,Official Ministry Dataset (MP 2)
MP_045,Anurag Sharma,Uttar Pradesh,JHANSI,Jhansi,Lok Sabha,147000000.0,2024-2025,Official Ministry Dataset (MP 2)
MP_046,Anurag Singh Thakur,Himachal Pradesh,HAMIRPUR_HP,Hamirpur,Lok Sabha,149570117.1,2024-2025,Official Ministry Dataset (MP 2)
MP_047,Appalanaidu Kalisetti,Andhra Pradesh,VIZIANAGARAM,Vizianagaram,Lok Sabha,147000000.0,2024-2025,Official Ministry Dataset (MP 2)
MP_048,ARUN BHARTI,Bihar,JAMUI(SC),Jamui(Sc),Lok Sabha,194924621.1,2024-2025,Official Ministry Dataset (MP 2)
MP_049,ARUN GOVIL,Uttar Pradesh,MEERUT,Meerut,Lok Sabha,147000000.0,2024-2025,Official Ministry Dataset (MP 2)
MP_050,ARUN NEHRU,Tamil Nadu,PERAMBALUR,Perambalur,Lok Sabha,147000000.0,2024-2025,Official Ministry Dataset (MP 2)
MP_051,ARUNA. D. K,Telangana,MAHABUBNAGAR,Mahabubnagar,Lok Sabha,147000000.0,2024-2025,Official Ministry Dataset (MP 2)
MP_052,ARUP CHAKRABORTY,West Bengal,BANKURA,Bankura,Lok Sabha,147000000.0,2024-2025,Official Ministry Dataset (MP 2)
MP_053,Arvind Dharmapuri,Telangana,NIZAMABAD,Nizamabad,Lok Sabha,281396355.1,2024-2025,Official Ministry Dataset (MP 2)
MP_054,Arvind Ganpat Sawant,Maharashtra,MUMBAI SOUTH,Mumbai South,Lok Sabha,147000000.0,2024-2025,Official Ministry Dataset (MP 2)
MP_055,Asaduddin Owaisi,Telangana,HYDERABAD,Hyderabad,Lok Sabha,147000000.0,2024-2025,Official Ministry Dataset (MP 2)
MP_056,ASHISH DUBEY,Madhya Pradesh,JABALPUR,Jabalpur,Lok Sabha,147000000.0,2024-2025,Official Ministry Dataset (MP 2)
MP_057,Ashok Kumar Rawat,Uttar Pradesh,MISRIKH(SC),Misrikh(Sc),Lok Sabha,147000000.0,2024-2025,Official Ministry Dataset (MP 2)
MP_058,Ashok Kumar Yadav,Bihar,MADHUBANI,Madhubani,Lok Sabha,147000000.0,2024-2025,Official Ministry Dataset (MP 2)
MP_059,Asit Kumar Mal,West Bengal,BOLPUR(SC),Bolpur(Sc),Lok Sabha,275694456.7,2024-2025,Official Ministry Dataset (MP 2)
MP_060,ATUL GARG,Uttar Pradesh,GHAZIABAD,Ghaziabad,Lok Sabha,155336470.0,2024-2025,Official Ministry Dataset (MP 2)
MP_061,AVIMANYU SETHI,Odisha,BHADRAK(SC),Bhadrak(Sc),Lok Sabha,147000000.0,2024-2025,Official Ministry Dataset (MP 2)
MP_062,Hon'ble Members of Parliaments,State,Constituency,Constituency,Lok Sabha,147000000.0,2024-2025,Official Ministry Dataset (MP 2)
MP_063,Hon'ble MP,Maharashtra,Constituency,Constituency,Lok Sabha,147000000.0,2024-2025,Official Ministry Dataset (MP 2)
MP_064,AWADHESH PRASAD,Uttar Pradesh,FAIZABAD,Faizabad,Lok Sabha,147000000.0,2024-2025,Official Ministry Dataset (MP 2)
MP_065,AZAD KIRTI JHA,West Bengal,BARDHAMAN-DURGAPUR,Bardhaman-Durgapur,Lok Sabha,179658400.0,2024-2025,Official Ministry Dataset (MP 2)
MP_066,B K PARTHASARATHI,Andhra Pradesh,HINDUPUR,Hindupur,Lok Sabha,160491894.1,2024-2025,Official Ministry Dataset (MP 2)
MP_067,BABU SINGH KUSHWAHA,Uttar Pradesh,JAUNPUR,Jaunpur,Lok Sabha,147000000.0,2024-2025,Official Ministry Dataset (MP 2)
MP_068,BACHHAV SHOBHA DINESH,Maharashtra,DHULE,Dhule,Lok Sabha,147000000.0,2024-2025,Official Ministry Dataset (MP 2)
MP_069,BAG MITALI,West Bengal,ARAMBAG(SC),Arambag(Sc),Lok Sabha,147000000.0,2024-2025,Official Ministry Dataset (MP 2)
MP_070,BAIJAYANT PANDA,Odisha,KENDRAPARA,Kendrapara,Lok Sabha,147000000.0,2024-2025,Official Ministry Dataset (MP 2)
MP_071,BAJRANG MANOHAR SONWANE,Maharashtra,BEED,Beed,Lok Sabha,165899107.2,2024-2025,Official Ministry Dataset (MP 2)
MP_072,BALABHADRA MAJHI,Odisha,NABARANGPUR(ST),Nabarangpur(St),Lok Sabha,147413962.1,2024-2025,Official Ministry Dataset (MP 2)
MP_073,Balashowry Vallabbhaneni,Andhra Pradesh,MACHILIPATNAM,Machilipatnam,Lok Sabha,147000000.0,2024-2025,Official Ministry Dataset (MP 2)
MP_074,BALRAM NAIK PORIKA,Telangana,MAHABUBABAD,Mahabubabad,Lok Sabha,147000000.0,2024-2025,Official Ministry Dataset (MP 2)
MP_075,BALWANT BASWANT WANKHADE,Maharashtra,AMRAVATI(SC),Amravati(Sc),Lok Sabha,198293678.0,2024-2025,Official Ministry Dataset (MP 2)
MP_076,BALYA MAMA SURESH GOPINATH MHATRE,Maharashtra,BHIWANDI,Bhiwandi,Lok Sabha,147000000.0,2024-2025,Official Ministry Dataset (MP 2)
MP_077,Bansuri Swaraj,Delhi,NEW DELHI,New Delhi,Lok Sabha,154306950.0,2024-2025,Official Ministry Dataset (MP 2)
MP_078,BAPI HALDAR,West Bengal,MATHURAPUR(SC),Mathurapur(Sc),Lok Sabha,147000000.0,2024-2025,Official Ministry Dataset (MP 2)
MP_079,BASAVARAJ BOMMAI,Karnataka,HAVERI,Haveri,Lok Sabha,147000000.0,2024-2025,Official Ministry Dataset (MP 2)
MP_080,BASTIPATI NAGARAJU PANCHALINGALA,Andhra Pradesh,KURNOOL,Kurnool,Lok Sabha,159998515.1,2024-2025,Official Ministry Dataset (MP 2)
MP_081,Bhagirath Chaudhary,Rajasthan,AJMER,Ajmer,Lok Sabha,147000000.0,2024-2025,Official Ministry Dataset (MP 2)
MP_082,BHAJAN LAL JATAV,Rajasthan,KARAULI-DHOLPUR(SC),Karauli-Dholpur(Sc),Lok Sabha,147000000.0,2024-2025,Official Ministry Dataset (MP 2)
MP_083,BHARAT SINGH KUSHWAH,Madhya Pradesh,GWALIOR,Gwalior,Lok Sabha,151455276.0,2024-2025,Official Ministry Dataset (MP 2)
MP_084,BHARATBHAI MANUBHAI SUTARIYA,Gujarat,AMRELI,Amreli,Lok Sabha,147000000.0,2024-2025,Official Ministry Dataset (MP 2)
MP_085,Bharatsinhji Shankarji Dabhi,Gujarat,PATAN,Patan,Lok Sabha,147000000.0,2024-2025,Official Ministry Dataset (MP 2)
MP_086,BHARTI PARDHI,Madhya Pradesh,BALAGHAT,Balaghat,Lok Sabha,154398389.0,2024-2025,Official Ministry Dataset (MP 2)
MP_087,BHASKAR MURLIDHAR BHAGARE,Maharashtra,DINDORI(ST),Dindori(St),Lok Sabha,147000000.0,2024-2025,Official Ministry Dataset (MP 2)
MP_088,BHAUSAHEB RAJARAM WAKCHAURE,Maharashtra,SHIRDI(SC),Shirdi(Sc),Lok Sabha,147000000.0,2024-2025,Official Ministry Dataset (MP 2)
MP_089,BHOJRAJ NAG,Chhattisgarh,KANKER(ST),Kanker(St),Lok Sabha,164672734.1,2024-2025,Official Ministry Dataset (MP 2)
MP_090,Bhola Singh,Uttar Pradesh,BULANDSHAHR(SC),Bulandshahr(Sc),Lok Sabha,147000000.0,2024-2025,Official Ministry Dataset (MP 2)
MP_091,BHUMARE SANDIPANRAO ASARAM,Maharashtra,AURANGABAD_MH,Aurangabad,Lok Sabha,147000000.0,2024-2025,Official Ministry Dataset (MP 2)
MP_092,Bhupathiraju Srinivasa varma,Andhra Pradesh,NARASAPURAM,Narasapuram,Lok Sabha,147000000.0,2024-2025,Official Ministry Dataset (MP 2)
MP_093,BHUPENDER YADAV,Rajasthan,ALWAR,Alwar,Lok Sabha,147000000.0,2024-2025,Official Ministry Dataset (MP 2)
MP_094,Hon'ble Members of Parliaments,State,Constituency,Constituency,Lok Sabha,147000000.0,2024-2025,Official Ministry Dataset (MP 2)
MP_095,Hon'ble MP,Maharashtra,Constituency,Constituency,Lok Sabha,147000000.0,2024-2025,Official Ministry Dataset (MP 2)
MP_096,BIBHU PRASAD TARAI,Odisha,JAGATSINGHPUR(SC),Jagatsinghpur(Sc),Lok Sabha,147000000.0,2024-2025,Official Ministry Dataset (MP 2)
MP_097,Bidyut Baran Mahato,Jharkhand,JAMSHEDPUR,Jamshedpur,Lok Sabha,147000000.0,2024-2025,Official Ministry Dataset (MP 2)
MP_098,BIJULI KALITA MEDHI,Assam,GUWAHATI,Guwahati,Lok Sabha,147000000.0,2024-2025,Official Ministry Dataset (MP 2)
MP_099,BIPLAB KUMAR DEB,Tripura,TRIPURA WEST,Tripura West,Lok Sabha,147000000.0,2024-2025,Official Ministry Dataset (MP 2)
MP_100,BISHNU PADA RAY,Andaman And Nicobar Islands,ANDAMAN AND NICOBAR,Andaman And Nicobar,Lok Sabha,147000000.0,2024-2025,Official Ministry Dataset (MP 2)
MP_101,Hon'ble MP,Maharashtra,ISLANDS,Islands,Lok Sabha,,2024-2025,Official Ministry Dataset (MP 2)
MP_102,BRIJENDRA SINGH OLA,Rajasthan,JHUNJHUNU,Jhunjhunu,Lok Sabha,147000000.0,2024-2025,Official Ministry Dataset (MP 2)
MP_103,BRIJMOHAN AGRAWAL,Chhattisgarh,RAIPUR,Raipur,Lok Sabha,153766451.1,2024-2025,Official Ministry Dataset (MP 2)
MP_104,BUNTY VIVEK SAHU,Madhya Pradesh,CHHINDWARA,Chhindwara,Lok Sabha,147000000.0,2024-2025,Official Ministry Dataset (MP 2)
MP_105,C R Patil,Gujarat,NAVSARI,Navsari,Lok Sabha,158532494.4,2024-2025,Official Ministry Dataset (MP 2)
MP_106,C.M.RAMESH,Andhra Pradesh,ANAKAPALLE,Anakapalle,Lok Sabha,202531656.1,2024-2025,Official Ministry Dataset (MP 2)
MP_107,CAPTAIN BRIJESH CHOWTA,Karnataka,DAKSHINA KANNADA,Dakshina Kannada,Lok Sabha,147000000.0,2024-2025,Official Ministry Dataset (MP 2)
MP_108,CAPTAIN VIRIATO FERNANDES,Goa,SOUTH GOA,South Goa,Lok Sabha,147000000.0,2024-2025,Official Ministry Dataset (MP 2)
MP_109,CHAMALA KIRAN KUMAR REDDY,Telangana,BHONGIR,Bhongir,Lok Sabha,147000000.0,2024-2025,Official Ministry Dataset (MP 2)
MP_110,CHANDAN CHAUHAN,Uttar Pradesh,BIJNOR,Bijnor,Lok Sabha,147000000.0,2024-2025,Official Ministry Dataset (MP 2)
MP_111,Chandra Prakash Joshi,Rajasthan,CHITTORGARH,Chittorgarh,Lok Sabha,147000000.0,2024-2025,Official Ministry Dataset (MP 2)
MP_112,CHANDRA SHEKHAR,Uttar Pradesh,NAGINA(SC),Nagina(Sc),Lok Sabha,147000000.0,2024-2025,Official Ministry Dataset (MP 2)
MP_113,CHANDUBHAI CHHAGANBHAI SHIHORA,Gujarat,SURENDRANAGAR,Surendranagar,Lok Sabha,147000000.0,2024-2025,Official Ministry Dataset (MP 2)
MP_114,CHARANJIT SINGH CHANNI,Punjab,JALANDHAR(SC),Jalandhar(Sc),Lok Sabha,147000000.0,2024-2025,Official Ministry Dataset (MP 2)
MP_115,CHAVAN VASANTRAO BALWANTRAO,Maharashtra,NANDED,Nanded,Lok Sabha,,2024-2025,Official Ministry Dataset (MP 2)
MP_116,CHHATRA PAL SINGH GANGWAR,Uttar Pradesh,BAREILLY,Bareilly,Lok Sabha,147000000.0,2024-2025,Official Ministry Dataset (MP 2)
MP_117,CHHATRAPATI SHAHU SHAHAJI,Maharashtra,KOLHAPUR,Kolhapur,Lok Sabha,147000000.0,2024-2025,Official Ministry Dataset (MP 2)
MP_118,CHHOTELAL,Uttar Pradesh,ROBERTSGANJ(SC),Robertsganj(Sc),Lok Sabha,147000000.0,2024-2025,Official Ministry Dataset (MP 2)
MP_119,CHINTAMANI MAHARAJ,Chhattisgarh,SARGUJA(ST),Sarguja(St),Lok Sabha,147000000.0,2024-2025,Official Ministry Dataset (MP 2)
MP_120,CHIRAG PASWAN,Bihar,HAJIPUR(SC),Hajipur(Sc),Lok Sabha,147000000.0,2024-2025,Official Ministry Dataset (MP 2)
MP_121,CN Annadurai,Tamil Nadu,TIRUVANNAMALAI,Tiruvannamalai,Lok Sabha,148579509.1,2024-2025,Official Ministry Dataset (MP 2)
MP_122,D M Kathir Anand,Tamil Nadu,VELLORE,Vellore,Lok Sabha,160196941.1,2024-2025,Official Ministry Dataset (MP 2)
MP_123,D Ravikumar,Tamil Nadu,VILUPPURAM(SC),Viluppuram(Sc),Lok Sabha,197598306.1,2024-2025,Official Ministry Dataset (MP 2)
MP_124,Daggubati Purandeshwari,Andhra Pradesh,RAJAHMUNDRY,Rajahmundry,Lok Sabha,147000000.0,2024-2025,Official Ministry Dataset (MP 2)
MP_125,DAGGUMALLA PRASADA RAO,Andhra Pradesh,CHITTOOR,Chittoor,Lok Sabha,147000000.0,2024-2025,Official Ministry Dataset (MP 2)
MP_126,DAMODAR AGARWAL,Rajasthan,BHILWARA,Bhilwara,Lok Sabha,147000000.0,2024-2025,Official Ministry Dataset (MP 2)
MP_127,Hon'ble Members of Parliaments,State,Constituency,Constituency,Lok Sabha,147000000.0,2024-2025,Official Ministry Dataset (MP 2)
MP_128,Hon'ble MP,Maharashtra,Constituency,Constituency,Lok Sabha,147000000.0,2024-2025,Official Ministry Dataset (MP 2)
MP_129,DAROGA PRASAD SAROJ,Uttar Pradesh,LALGANJ (SC),Lalganj (Sc),Lok Sabha,147000000.0,2024-2025,Official Ministry Dataset (MP 2)
MP_130,DARSHAN SINGH CHOUDHARY,Madhya Pradesh,HOSHANGABAD,Hoshangabad,Lok Sabha,147000000.0,2024-2025,Official Ministry Dataset (MP 2)
MP_131,DEEPENDER SINGH HOODA,Haryana,ROHTAK,Rohtak,Lok Sabha,147000000.0,2024-2025,Official Ministry Dataset (MP 2)
MP_132,Devendra Alias Bhole Singh,Uttar Pradesh,AKBARPUR,Akbarpur,Lok Sabha,147000000.0,2024-2025,Official Ministry Dataset (MP 2)
MP_133,DEVESH CHANDRA THAKUR,Bihar,SITAMARHI,Sitamarhi,Lok Sabha,163809205.1,2024-2025,Official Ministry Dataset (MP 2)
MP_134,DEVESH SHAKYA,Uttar Pradesh,ETAH,Etah,Lok Sabha,147000000.0,2024-2025,Official Ministry Dataset (MP 2)
MP_135,Devusinh Jesingbhai Chauhan,Gujarat,KHEDA,Kheda,Lok Sabha,147000000.0,2024-2025,Official Ministry Dataset (MP 2)
MP_136,Dhairyasheel Sambhajirao Mane,Maharashtra,HATKANANGLE,Hatkanangle,Lok Sabha,147000000.0,2024-2025,Official Ministry Dataset (MP 2)
MP_137,DHANORKAR PRATIBHA SURESH ALIAS BALUBHAU,Maharashtra,CHANDRAPUR,Chandrapur,Lok Sabha,147000000.0,2024-2025,Official Ministry Dataset (MP 2)
MP_138,DHARMENDRA PRADHAN,Odisha,SAMBALPUR,Sambalpur,Lok Sabha,147000000.0,2024-2025,Official Ministry Dataset (MP 2)
MP_139,DHARMENDRA YADAV,Uttar Pradesh,AZAMGARH,Azamgarh,Lok Sabha,147000000.0,2024-2025,Official Ministry Dataset (MP 2)
MP_140,DHAVAL LAXMANBHAI PATEL,Gujarat,VALSAD(ST),Valsad(St),Lok Sabha,147000000.0,2024-2025,Official Ministry Dataset (MP 2)
MP_141,Dileshwar Kamait,Bihar,SUPAUL,Supaul,Lok Sabha,150450930.9,2024-2025,Official Ministry Dataset (MP 2)
MP_142,Dilip Saikia,Assam,Darrang-Udalguri,Darrang-Udalguri,Lok Sabha,147000000.0,2024-2025,Official Ministry Dataset (MP 2)
MP_143,Dinesh Chandra Yadav,Bihar,MADHEPURA,Madhepura,Lok Sabha,150070866.1,2024-2025,Official Ministry Dataset (MP 2)
MP_144,DINESHBHAI MAKWANA,Gujarat,AHMEDABAD WEST(SC),Ahmedabad West(Sc),Lok Sabha,160434965.1,2024-2025,Official Ministry Dataset (MP 2)
MP_145,DR BYREDDY SHABARI,Andhra Pradesh,NANDYAL,Nandyal,Lok Sabha,150675889.1,2024-2025,Official Ministry Dataset (MP 2)
MP_146,DR C N MANJUNATH,Karnataka,BANGALORE RURAL,Bangalore Rural,Lok Sabha,147000000.0,2024-2025,Official Ministry Dataset (MP 2)
MP_147,Dr Chandra Sekhar Pemmasani,Andhra Pradesh,GUNTUR,Guntur,Lok Sabha,159774113.1,2024-2025,Official Ministry Dataset (MP 2)
MP_148,DR DHARAMVIRA GANDHI,Punjab,PATIALA,Patiala,Lok Sabha,147000000.0,2024-2025,Official Ministry Dataset (MP 2)
MP_149,Dr Jayanta Kumar Roy,West Bengal,JALPAIGURI(SC),Jalpaiguri(Sc),Lok Sabha,147000000.0,2024-2025,Official Ministry Dataset (MP 2)
MP_150,DR KALGE SHIVAJI BANDAPPA,Maharashtra,LATUR(SC),Latur(Sc),Lok Sabha,147000000.0,2024-2025,Official Ministry Dataset (MP 2)
MP_151,Dr Mohammad Jawed,Bihar,KISHANGANJ,Kishanganj,Lok Sabha,148669229.1,2024-2025,Official Ministry Dataset (MP 2)
MP_152,DR RAJKUMAR SANGWAN,Uttar Pradesh,BAGHPAT,Baghpat,Lok Sabha,147000000.0,2024-2025,Official Ministry Dataset (MP 2)
MP_153,DR RANI SRI KUMAR,Tamil Nadu,TENKASI(SC),Tenkasi(Sc),Lok Sabha,153060922.8,2024-2025,Official Ministry Dataset (MP 2)
MP_154,Dr Shashi Tharoor,Kerala,THIRUVANANTHAPURAM,Thiruvananthapuram,Lok Sabha,147000000.0,2024-2025,Official Ministry Dataset (MP 2)
MP_155,Dr Sukanta Majumdar,West Bengal,BALURGHAT,Balurghat,Lok Sabha,157085364.9,2024-2025,Official Ministry Dataset (MP 2)
MP_156,DR. HEMANG JOSHI,Gujarat,VADODARA,Vadodara,Lok Sabha,147000000.0,2024-2025,Official Ministry Dataset (MP 2)
MP_157,DR. HEMANT VISHNU SAVARA,Maharashtra,PALGHAR(ST),Palghar(St),Lok Sabha,147000000.0,2024-2025,Official Ministry Dataset (MP 2)
MP_158,DR. KIRSAN NAMDEO,Maharashtra,GADCHIROLI-CHIMUR(ST),Gadchiroli-Chimur(St),Lok Sabha,147000000.0,2024-2025,Official Ministry Dataset (MP 2)
MP_159,Hon'ble Members of Parliaments,State,Constituency,Constituency,Lok Sabha,147000000.0,2024-2025,Official Ministry Dataset (MP 2)
MP_160,Hon'ble MP,Maharashtra,Constituency,Constituency,Lok Sabha,147000000.0,2024-2025,Official Ministry Dataset (MP 2)
MP_161,DR. LATA WANKHEDE,Madhya Pradesh,SAGAR,Sagar,Lok Sabha,147000000.0,2024-2025,Official Ministry Dataset (MP 2)
MP_162,DR. M.P ABDUSSAMAD SAMADANI,Kerala,PONNANI,Ponnani,Lok Sabha,170434031.1,2024-2025,Official Ministry Dataset (MP 2)
MP_163,DR. MANSUKH MANDAVIYA,Gujarat,PORBANDAR,Porbandar,Lok Sabha,147000000.0,2024-2025,Official Ministry Dataset (MP 2)
MP_164,DR. PRABHA MALLIKARJUN,Karnataka,DAVANAGERE,Davanagere,Lok Sabha,147000000.0,2024-2025,Official Ministry Dataset (MP 2)
MP_165,DR. PRADEEP KUMAR PANIGRAHY,Odisha,BERHAMPUR,Berhampur,Lok Sabha,147000000.0,2024-2025,Official Ministry Dataset (MP 2)
MP_166,DR. PRASHANT YADAORAO PADOLE,Maharashtra,BHANDARA-GONDIYA,Bhandara-Gondiya,Lok Sabha,159680283.4,2024-2025,Official Ministry Dataset (MP 2)
MP_167,DR. RAJ KUMAR CHABBEWAL,Punjab,HOSHIARPUR(SC),Hoshiarpur(Sc),Lok Sabha,147000000.0,2024-2025,Official Ministry Dataset (MP 2)
MP_168,DR. RAJESH MISHRA,Madhya Pradesh,SIDHI,Sidhi,Lok Sabha,262724510.4,2024-2025,Official Ministry Dataset (MP 2)
MP_169,DR. S P SINGH,Uttar Pradesh,PRATAPGARH,Pratapgarh,Lok Sabha,147000000.0,2024-2025,Official Ministry Dataset (MP 2)
MP_170,DR. SHARMILA SARKAR,West Bengal,BARDHAMAN PURBA(SC),Bardhaman Purba(Sc),Lok Sabha,147000000.0,2024-2025,Official Ministry Dataset (MP 2)
MP_171,DR.K.SUDHAKAR,Karnataka,CHIKBALLAPUR,Chikballapur,Lok Sabha,147000000.0,2024-2025,Official Ministry Dataset (MP 2)
MP_172,DR.MALLU RAVI,Telangana,NAGARKURNOOL(SC),Nagarkurnool(Sc),Lok Sabha,147000000.0,2024-2025,Official Ministry Dataset (MP 2)
MP_173,DULU MAHATO,Jharkhand,DHANBAD,Dhanbad,Lok Sabha,147000000.0,2024-2025,Official Ministry Dataset (MP 2)
MP_174,DURAI VAIKO,Tamil Nadu,TIRUCHIRAPPALLI,Tiruchirappalli,Lok Sabha,147000000.0,2024-2025,Official Ministry Dataset (MP 2)
MP_175,Durga Das Uikey,Madhya Pradesh,BETUL(ST),Betul(St),Lok Sabha,151569502.9,2024-2025,Official Ministry Dataset (MP 2)
MP_176,Dushyant Singh,Rajasthan,JHALAWAR-BARAN,Jhalawar-Baran,Lok Sabha,147000000.0,2024-2025,Official Ministry Dataset (MP 2)
MP_177,E. TUKARAM,Karnataka,BELLARY(ST),Bellary(St),Lok Sabha,147000000.0,2024-2025,Official Ministry Dataset (MP 2)
MP_178,E.T. MOHAMMED BASHEER,Kerala,MALAPPURAM,Malappuram,Lok Sabha,163895872.1,2024-2025,Official Ministry Dataset (MP 2)
MP_179,EATALA RAJENDER,Telangana,MALKAJGIRI,Malkajgiri,Lok Sabha,327477390.9,2024-2025,Official Ministry Dataset (MP 2)
MP_180,ESWARASAMY K,Tamil Nadu,POLLACHI,Pollachi,Lok Sabha,162315106.1,2024-2025,Official Ministry Dataset (MP 2)
MP_181,Faggan Singh Kulaste,Madhya Pradesh,MANDLA(ST),Mandla(St),Lok Sabha,151861648.4,2024-2025,Official Ministry Dataset (MP 2)
MP_182,G. KUMAR NAIK,Karnataka,RAICHUR(ST),Raichur(St),Lok Sabha,147000000.0,2024-2025,Official Ministry Dataset (MP 2)
MP_183,GAIKWAD VARSHA EKNATH,Maharashtra,MUMBAI NORTH-CENTRAL,Mumbai North-Central,Lok Sabha,147000000.0,2024-2025,Official Ministry Dataset (MP 2)
MP_184,Gajendra Singh Patel,Madhya Pradesh,KHARGONE(ST),Khargone(St),Lok Sabha,147000000.0,2024-2025,Official Ministry Dataset (MP 2)
MP_185,Gajendra Singh Shekhawat,Rajasthan,JODHPUR,Jodhpur,Lok Sabha,147000000.0,2024-2025,Official Ministry Dataset (MP 2)
MP_186,GANAPATHY RAJKUMAR P,Tamil Nadu,COIMBATORE,Coimbatore,Lok Sabha,147370490.1,2024-2025,Official Ministry Dataset (MP 2)
MP_187,Ganesan Selvam,Tamil Nadu,KANCHEEPURAM(SC),Kancheepuram(Sc),Lok Sabha,186508749.1,2024-2025,Official Ministry Dataset (MP 2)
MP_188,Ganesh Singh,Madhya Pradesh,SATNA,Satna,Lok Sabha,147000000.0,2024-2025,Official Ministry Dataset (MP 2)
MP_189,GAURAV GOGOI,Assam,JORHAT,Jorhat,Lok Sabha,147000000.0,2024-2025,Official Ministry Dataset (MP 2)
MP_190,GENIBEN NAGAJI THAKOR,Gujarat,BANASKANTHA,Banaskantha,Lok Sabha,147000000.0,2024-2025,Official Ministry Dataset (MP 2)
MP_191,Hon'ble Members of Parliaments,State,Constituency,Constituency,Lok Sabha,147000000.0,2024-2025,Official Ministry Dataset (MP 2)
MP_192,Hon'ble MP,Maharashtra,Constituency,Constituency,Lok Sabha,147000000.0,2024-2025,Official Ministry Dataset (MP 2)
MP_193,Giridhari Yadav,Bihar,BANKA,Banka,Lok Sabha,147000000.0,2024-2025,Official Ministry Dataset (MP 2)
MP_194,Giriraj Singh,Bihar,BEGUSARAI,Begusarai,Lok Sabha,147000000.0,2024-2025,Official Ministry Dataset (MP 2)
MP_195,GM Harish Balayogi,Andhra Pradesh,AMALAPURAM(SC),Amalapuram(Sc),Lok Sabha,147000000.0,2024-2025,Official Ministry Dataset (MP 2)
MP_196,GODAM NAGESH,Telangana,ADILABAD(ST),Adilabad(St),Lok Sabha,147000000.0,2024-2025,Official Ministry Dataset (MP 2)
MP_197,GOPINATH K,Tamil Nadu,KRISHNAGIRI,Krishnagiri,Lok Sabha,147000000.0,2024-2025,Official Ministry Dataset (MP 2)
MP_198,GOVIND MAKTHAPPA KARJOL,Karnataka,CHITRADURGA(SC),Chitradurga(Sc),Lok Sabha,147000000.0,2024-2025,Official Ministry Dataset (MP 2)
MP_199,Gumma Thanuja Rani,Andhra Pradesh,ARAKU(ST),Araku(St),Lok Sabha,149458905.1,2024-2025,Official Ministry Dataset (MP 2)
MP_200,GURMEET SINGH MEET HAYER,Punjab,SANGRUR,Sangrur,Lok Sabha,147000000.0,2024-2025,Official Ministry Dataset (MP 2)
MP_201,Gyaneshwar Patil,Madhya Pradesh,KHANDWA,Khandwa,Lok Sabha,155690684.8,2024-2025,Official Ministry Dataset (MP 2)
MP_202,H.D. KUMARASWAMY,Karnataka,MANDYA,Mandya,Lok Sabha,147000000.0,2024-2025,Official Ministry Dataset (MP 2)
MP_203,HARENDRA SINGH MALIK,Uttar Pradesh,MUZAFFARNAGAR,Muzaffarnagar,Lok Sabha,147000000.0,2024-2025,Official Ministry Dataset (MP 2)
MP_204,HARIBHAI PATEL,Gujarat,MAHESANA,Mahesana,Lok Sabha,147000000.0,2024-2025,Official Ministry Dataset (MP 2)
MP_205,HARISH CHANDRA MEENA,Rajasthan,TONK-SAWAI MADHOPUR,Tonk-Sawai Madhopur,Lok Sabha,147000000.0,2024-2025,Official Ministry Dataset (MP 2)
MP_206,Harsh Malhotra,Delhi,EAST DELHI,East Delhi,Lok Sabha,147134131.0,2024-2025,Official Ministry Dataset (MP 2)
MP_207,Hasmukh Bhai Soma Bhai Patel,Gujarat,AHMEDABAD EAST,Ahmedabad East,Lok Sabha,147000000.0,2024-2025,Official Ministry Dataset (MP 2)
MP_208,IMRAN MASOOD,Uttar Pradesh,SAHARANPUR,Saharanpur,Lok Sabha,147000000.0,2024-2025,Official Ministry Dataset (MP 2)
MP_209,Indra Hang Subba,Sikkim,SIKKIM,Sikkim,Lok Sabha,152003923.1,2024-2025,Official Ministry Dataset (MP 2)
MP_210,IQRA CHOUDHARY,Uttar Pradesh,KAIRANA,Kairana,Lok Sabha,147000000.0,2024-2025,Official Ministry Dataset (MP 2)
MP_211,ISHA KHAN CHOUDHURY,West Bengal,MALDAHA DAKSHIN,Maldaha Dakshin,Lok Sabha,147000000.0,2024-2025,Official Ministry Dataset (MP 2)
MP_212,JAGADISH CHANDRA BARMA BASUNIA,West Bengal,COOCHBEHAR(SC),Coochbehar(Sc),Lok Sabha,168604641.1,2024-2025,Official Ministry Dataset (MP 2)
MP_213,JAGADISH SHETTAR,Karnataka,BELGAUM,Belgaum,Lok Sabha,147000000.0,2024-2025,Official Ministry Dataset (MP 2)
MP_214,Jagannath Sarkar,West Bengal,RANAGHAT(SC),Ranaghat(Sc),Lok Sabha,147000000.0,2024-2025,Official Ministry Dataset (MP 2)
MP_215,Jagdambika Pal,Uttar Pradesh,DOMARIYAGANJ,Domariyaganj,Lok Sabha,160643957.1,2024-2025,Official Ministry Dataset (MP 2)
MP_216,JAI PARKASH,Haryana,HISAR,Hisar,Lok Sabha,147000000.0,2024-2025,Official Ministry Dataset (MP 2)
MP_217,Jai Prakash,Uttar Pradesh,HARDOI (SC),Hardoi (Sc),Lok Sabha,147000000.0,2024-2025,Official Ministry Dataset (MP 2)
MP_218,Janardan Mishra,Madhya Pradesh,REWA,Rewa,Lok Sabha,147000000.0,2024-2025,Official Ministry Dataset (MP 2)
MP_219,JASHUBHAI BHILUBHAI RATHVA,Gujarat,CHHOTA UDAIPUR(ST),Chhota Udaipur(St),Lok Sabha,147000000.0,2024-2025,Official Ministry Dataset (MP 2)
MP_220,Jaswantsinh Sumanbhai Bhabhor,Gujarat,DAHOD(ST),Dahod(St),Lok Sabha,147000000.0,2024-2025,Official Ministry Dataset (MP 2)
MP_221,JITAN RAM MANJHI,Bihar,GAYA (SC),Gaya (Sc),Lok Sabha,147000000.0,2024-2025,Official Ministry Dataset (MP 2)
MP_222,JITENDRA KUMAR DOHARE,Uttar Pradesh,ETAWAH(SC),Etawah(Sc),Lok Sabha,188747306.3,2024-2025,Official Ministry Dataset (MP 2)
MP_223,Hon'ble Members of Parliaments,State,Constituency,Constituency,Lok Sabha,147000000.0,2024-2025,Official Ministry Dataset (MP 2)
MP_224,Hon'ble MP,Maharashtra,Constituency,Constituency,Lok Sabha,147000000.0,2024-2025,Official Ministry Dataset (MP 2)
MP_225,Jitendra Singh,Jammu And Kashmir,UDHAMPUR,Udhampur,Lok Sabha,147000000.0,2024-2025,Official Ministry Dataset (MP 2)
MP_226,JITIN PRASADA,Uttar Pradesh,PILIBHIT,Pilibhit,Lok Sabha,147000000.0,2024-2025,Official Ministry Dataset (MP 2)
MP_227,JOBA MAJHI,Jharkhand,SINGHBHUM(ST),Singhbhum(St),Lok Sabha,147000000.0,2024-2025,Official Ministry Dataset (MP 2)
MP_228,JOYANTA BASUMATARY,Assam,KOKRAJHAR (ST),Kokrajhar (St),Lok Sabha,147000000.0,2024-2025,Official Ministry Dataset (MP 2)
MP_229,JUNE MALIAH,West Bengal,MEDINIPUR,Medinipur,Lok Sabha,147000000.0,2024-2025,Official Ministry Dataset (MP 2)
MP_230,JYOTIRADITYA M. SCINDIA,Madhya Pradesh,GUNA,Guna,Lok Sabha,147000000.0,2024-2025,Official Ministry Dataset (MP 2)
MP_231,Jyotsna Charandas Mahant,Chhattisgarh,KORBA,Korba,Lok Sabha,155153738.1,2024-2025,Official Ministry Dataset (MP 2)
MP_232,K E PRAKASH,Tamil Nadu,ERODE,Erode,Lok Sabha,147000000.0,2024-2025,Official Ministry Dataset (MP 2)
MP_233,K RADHAKRISHNAN,Kerala,ALATHUR(SC),Alathur(Sc),Lok Sabha,147000000.0,2024-2025,Official Ministry Dataset (MP 2)
MP_234,K Subbarayan,Tamil Nadu,TIRUPPUR,Tiruppur,Lok Sabha,147000000.0,2024-2025,Official Ministry Dataset (MP 2)
MP_235,K. C VENUGOPAL,Kerala,ALAPPUZHA,Alappuzha,Lok Sabha,147000000.0,2024-2025,Official Ministry Dataset (MP 2)
MP_236,K. RAJASHEKAR BASAVARAJ HITNAL,Karnataka,KOPPAL,Koppal,Lok Sabha,147000000.0,2024-2025,Official Ministry Dataset (MP 2)
MP_237,KADIYAM KAVYA,Telangana,WARANGEL(SC),Warangel(Sc),Lok Sabha,147000000.0,2024-2025,Official Ministry Dataset (MP 2)
MP_238,Kakoli Ghosh Dastidar,West Bengal,BARASAT,Barasat,Lok Sabha,147000000.0,2024-2025,Official Ministry Dataset (MP 2)
MP_239,Kalaben Mohanbhai Delkar,The Dadra And Nagar Haveli And,DADRA & NAGAR HAVELI (ST),Dadra & Nagar Haveli (St),Lok Sabha,147000000.0,2024-2025,Official Ministry Dataset (MP 2)
MP_240,Hon'ble MP,Daman And Diu,Constituency,Constituency,Lok Sabha,,2024-2025,Official Ministry Dataset (MP 2)
MP_241,Kalanidhi Veeraswamy,Tamil Nadu,CHENNAI NORTH,Chennai North,Lok Sabha,171500000.0,2024-2025,Official Ministry Dataset (MP 2)
MP_242,KALI CHARAN MUNDA,Jharkhand,KHUNTI(ST),Khunti(St),Lok Sabha,147000000.0,2024-2025,Official Ministry Dataset (MP 2)
MP_243,KALI CHARAN SINGH,Jharkhand,CHATRA,Chatra,Lok Sabha,147000000.0,2024-2025,Official Ministry Dataset (MP 2)
MP_244,KALIPADA SAREN,West Bengal,JHARGRAM(ST),Jhargram(St),Lok Sabha,147000000.0,2024-2025,Official Ministry Dataset (MP 2)
MP_245,Kalyan Banerjee,West Bengal,SREERAMPUR,Sreerampur,Lok Sabha,147000000.0,2024-2025,Official Ministry Dataset (MP 2)
MP_246,KALYAN VAIJINATHRAO KALE,Maharashtra,JALNA,Jalna,Lok Sabha,147000000.0,2024-2025,Official Ministry Dataset (MP 2)
MP_247,KAMAKHYA PRASAD TASA,Assam,Kaziranga,Kaziranga,Lok Sabha,147000000.0,2024-2025,Official Ministry Dataset (MP 2)
MP_248,Kamaljeet Sehrawat,Delhi,WEST DELHI,West Delhi,Lok Sabha,147000000.0,2024-2025,Official Ministry Dataset (MP 2)
MP_249,KAMLESH JANGDE,Chhattisgarh,JANJGIR CHAMPA(SC),Janjgir Champa(Sc),Lok Sabha,150384382.1,2024-2025,Official Ministry Dataset (MP 2)
MP_250,Kamlesh Paswan,Uttar Pradesh,BANSGAON(SC),Bansgaon(Sc),Lok Sabha,147000000.0,2024-2025,Official Ministry Dataset (MP 2)
MP_251,Kangana Ranaut,Himachal Pradesh,MANDI,Mandi,Lok Sabha,147000000.0,2024-2025,Official Ministry Dataset (MP 2)
MP_252,Kani K Navas,Tamil Nadu,RAMANATHAPURAM,Ramanathapuram,Lok Sabha,147000000.0,2024-2025,Official Ministry Dataset (MP 2)
MP_253,Kanimozhi Karunanidhi,Tamil Nadu,THOOTHUKKUDI,Thoothukkudi,Lok Sabha,147000000.0,2024-2025,Official Ministry Dataset (MP 2)
MP_254,KANWAR SINGH TANWAR,Uttar Pradesh,AMROHA,Amroha,Lok Sabha,147000000.0,2024-2025,Official Ministry Dataset (MP 2)
MP_255,KARAN BHUSHAN SINGH,Uttar Pradesh,KAISERGANJ,Kaiserganj,Lok Sabha,147000000.0,2024-2025,Official Ministry Dataset (MP 2)
MP_256,Hon'ble Members of Parliaments,State,Constituency,Constituency,Lok Sabha,147000000.0,2024-2025,Official Ministry Dataset (MP 2)
MP_257,Hon'ble MP,Maharashtra,Constituency,Constituency,Lok Sabha,147000000.0,2024-2025,Official Ministry Dataset (MP 2)
MP_258,KARTICK CHANDRA PAUL,West Bengal,RAIGANJ,Raiganj,Lok Sabha,202677986.6,2024-2025,Official Ministry Dataset (MP 2)
MP_259,Kaushalendra Kumar,Bihar,NALANDA,Nalanda,Lok Sabha,147000000.0,2024-2025,Official Ministry Dataset (MP 2)
MP_260,Khagen Murmu,West Bengal,MALDAHA UTTAR,Maldaha Uttar,Lok Sabha,147000000.0,2024-2025,Official Ministry Dataset (MP 2)
MP_261,Khalilur Rahaman,West Bengal,JANGIPUR,Jangipur,Lok Sabha,147000000.0,2024-2025,Official Ministry Dataset (MP 2)
MP_262,Kinjarapu Ram Mohan Naidu,Andhra Pradesh,SRIKAKULAM,Srikakulam,Lok Sabha,171200630.1,2024-2025,Official Ministry Dataset (MP 2)
MP_263,Kiren Rijiju,Arunachal Pradesh,ARUNACHAL WEST,Arunachal West,Lok Sabha,147000000.0,2024-2025,Official Ministry Dataset (MP 2)
MP_264,Kirti Vardhan Singh,Uttar Pradesh,GONDA,Gonda,Lok Sabha,147000000.0,2024-2025,Official Ministry Dataset (MP 2)
MP_265,Kishan Reddy Gangapuram,Telangana,SECUNDERABAD,Secunderabad,Lok Sabha,147000000.0,2024-2025,Official Ministry Dataset (MP 2)
MP_266,KISHORI LAL,Uttar Pradesh,AMETHI,Amethi,Lok Sabha,171500000.0,2024-2025,Official Ministry Dataset (MP 2)
MP_267,KONDA VISHWESHWAR REDDY,Telangana,CHELVELLA,Chelvella,Lok Sabha,186441916.1,2024-2025,Official Ministry Dataset (MP 2)
MP_268,KOTA SRINIVAS POOJARY,Karnataka,UDUPI CHIKMAGALUR,Udupi Chikmagalur,Lok Sabha,147000000.0,2024-2025,Official Ministry Dataset (MP 2)
MP_269,Kripanath Mallah,Assam,KARIMGANJ (SC),Karimganj (Sc),Lok Sabha,147000000.0,2024-2025,Official Ministry Dataset (MP 2)
MP_270,Krishan Pal Gurjar,Haryana,FARIDABAD,Faridabad,Lok Sabha,147000000.0,2024-2025,Official Ministry Dataset (MP 2)
MP_271,KRISHNA DEVI SHIVSHANKER PATEL,Uttar Pradesh,BANDA,Banda,Lok Sabha,147000000.0,2024-2025,Official Ministry Dataset (MP 2)
MP_272,Krishna Prasad Tenneti,Andhra Pradesh,BAPATLA,Bapatla,Lok Sabha,167796849.1,2024-2025,Official Ministry Dataset (MP 2)
MP_273,KRITI DEVI DEBBARMAN,Tripura,TRIPURA EAST(ST),Tripura East(St),Lok Sabha,147000000.0,2024-2025,Official Ministry Dataset (MP 2)
MP_274,KULDEEP INDORA,Rajasthan,GANGANAGAR(SC),Ganganagar(Sc),Lok Sabha,147000000.0,2024-2025,Official Ministry Dataset (MP 2)
MP_275,KUNDURU RAGHUVEER,Telangana,NALGONDA,Nalgonda,Lok Sabha,162952022.0,2024-2025,Official Ministry Dataset (MP 2)
MP_276,LALJI VERMA,Uttar Pradesh,AMBEDKAR NAGAR,Ambedkar Nagar,Lok Sabha,147000000.0,2024-2025,Official Ministry Dataset (MP 2)
MP_277,Lavu Sri Krishna Devarayalu,Andhra Pradesh,NARASARAOPET,Narasaraopet,Lok Sabha,174009663.1,2024-2025,Official Ministry Dataset (MP 2)
MP_278,LAXMIKANT PAPPU NISHAD,Uttar Pradesh,SANT KABIR NAGAR,Sant Kabir Nagar,Lok Sabha,147000000.0,2024-2025,Official Ministry Dataset (MP 2)
MP_279,LOVELY ANAND,Bihar,SHEOHAR,Sheohar,Lok Sabha,147000000.0,2024-2025,Official Ministry Dataset (MP 2)
MP_280,LUMBARAM,Rajasthan,JALORE,Jalore,Lok Sabha,147000000.0,2024-2025,Official Ministry Dataset (MP 2)
MP_281,M. MALLESH BABU,Karnataka,KOLAR(SC),Kolar(Sc),Lok Sabha,147065957.1,2024-2025,Official Ministry Dataset (MP 2)
MP_282,M.K. VISHNUPRASAD,Tamil Nadu,CUDDALORE,Cuddalore,Lok Sabha,147000000.0,2024-2025,Official Ministry Dataset (MP 2)
MP_283,Maddila Gurumoorthy,Andhra Pradesh,TIRUPATI(SC),Tirupati(Sc),Lok Sabha,180399007.0,2024-2025,Official Ministry Dataset (MP 2)
MP_284,MADHAVANENI RAGHUNANDAN RAO,Telangana,MEDAK,Medak,Lok Sabha,147000000.0,2024-2025,Official Ministry Dataset (MP 2)
MP_285,Magunta Sreenivasulu Reddy,Andhra Pradesh,ONGOLE,Ongole,Lok Sabha,147000000.0,2024-2025,Official Ministry Dataset (MP 2)
MP_286,Mahendra Singh Solanky,Madhya Pradesh,DEWAS(SC),Dewas(Sc),Lok Sabha,147000000.0,2024-2025,Official Ministry Dataset (MP 2)
MP_287,MAHESH KASHYAP,Chhattisgarh,BASTAR(ST),Bastar(St),Lok Sabha,147000000.0,2024-2025,Official Ministry Dataset (MP 2)
MP_288,Hon'ble Members of Parliaments,State,Constituency,Constituency,Lok Sabha,147000000.0,2024-2025,Official Ministry Dataset (MP 2)
MP_289,Hon'ble MP,Maharashtra,Constituency,Constituency,Lok Sabha,147000000.0,2024-2025,Official Ministry Dataset (MP 2)
MP_290,Mahesh Sharma,Uttar Pradesh,GAUTAM BUDDHA NAGAR,Gautam Buddha Nagar,Lok Sabha,148816284.1,2024-2025,Official Ministry Dataset (MP 2)
MP_291,MAHIMA KUMARI MEWAR,Rajasthan,RAJSAMAND,Rajsamand,Lok Sabha,183892143.0,2024-2025,Official Ministry Dataset (MP 2)
MP_292,Mala Rajya Laxmi Shah,Uttarakhand,TEHRI GARHWAL,Tehri Garhwal,Lok Sabha,147000000.0,2024-2025,Official Ministry Dataset (MP 2)
MP_293,Mala Roy,West Bengal,KOLKATA DAKSHIN,Kolkata Dakshin,Lok Sabha,147000000.0,2024-2025,Official Ministry Dataset (MP 2)
MP_294,MALAIYARASAN D,Tamil Nadu,KALLAKURICHI,Kallakurichi,Lok Sabha,176686299.0,2024-2025,Official Ministry Dataset (MP 2)
MP_295,MALVIKA DEVI,Odisha,KALAHANDI,Kalahandi,Lok Sabha,147000000.0,2024-2025,Official Ministry Dataset (MP 2)
MP_296,MALVINDER SINGH KANG,Punjab,ANANDPUR SAHIB,Anandpur Sahib,Lok Sabha,147000000.0,2024-2025,Official Ministry Dataset (MP 2)
MP_297,MANI. A.,Tamil Nadu,DHARAMAPURI,Dharamapuri,Lok Sabha,164515071.1,2024-2025,Official Ministry Dataset (MP 2)
MP_298,Manickam Tagore B,Tamil Nadu,VIRUDHUNAGAR,Virudhunagar,Lok Sabha,147000000.0,2024-2025,Official Ministry Dataset (MP 2)
MP_299,MANISH JAISWAL,Jharkhand,HAZARIBAGH,Hazaribagh,Lok Sabha,147000000.0,2024-2025,Official Ministry Dataset (MP 2)
MP_300,MANISH TEWARI,Chandigarh,CHANDIGARH,Chandigarh,Lok Sabha,178351443.8,2024-2025,Official Ministry Dataset (MP 2)
MP_301,MANJU SHARMA,Rajasthan,JAIPUR,Jaipur,Lok Sabha,167082901.1,2024-2025,Official Ministry Dataset (MP 2)
MP_302,MANNA LAL RAWAT,Rajasthan,UDAIPUR(ST),Udaipur(St),Lok Sabha,147000000.0,2024-2025,Official Ministry Dataset (MP 2)
MP_303,MANOHAR LAL,Haryana,KARNAL,Karnal,Lok Sabha,147000000.0,2024-2025,Official Ministry Dataset (MP 2)
MP_304,MANOJ KUMAR,Bihar,SASARAM(SC),Sasaram(Sc),Lok Sabha,147000000.0,2024-2025,Official Ministry Dataset (MP 2)
MP_305,MANOJ TIGGA,West Bengal,ALIPURDUARS(ST),Alipurduars(St),Lok Sabha,147000000.0,2024-2025,Official Ministry Dataset (MP 2)
MP_306,Manoj Tiwari,Delhi,NORTH EAST DELHI,North East Delhi,Lok Sabha,225843858.0,2024-2025,Official Ministry Dataset (MP 2)
MP_307,Mansukhbhai Dhanjibhai Vasava,Gujarat,BHARUCH,Bharuch,Lok Sabha,147000000.0,2024-2025,Official Ministry Dataset (MP 2)
MP_308,MIAN ALTAF AHMAD,Jammu And Kashmir,ANANTNAG,Anantnag,Lok Sabha,147000000.0,2024-2025,Official Ministry Dataset (MP 2)
MP_309,Midhun Reddy,Andhra Pradesh,RAJAMPET,Rajampet,Lok Sabha,178951477.1,2024-2025,Official Ministry Dataset (MP 2)
MP_310,MISHA BHARTI,Bihar,PATALIPUTRA,Pataliputra,Lok Sabha,147000000.0,2024-2025,Official Ministry Dataset (MP 2)
MP_311,Mitesh Rameshbhai Bakabhai Patel,Gujarat,ANAND,Anand,Lok Sabha,147000000.0,2024-2025,Official Ministry Dataset (MP 2)
MP_312,Mohamed Haneefa,Ladakh,LADAKH,Ladakh,Lok Sabha,161114542.0,2024-2025,Official Ministry Dataset (MP 2)
MP_313,MOHIBBULLAH,Uttar Pradesh,RAMPUR,Rampur,Lok Sabha,147000000.0,2024-2025,Official Ministry Dataset (MP 2)
MP_314,MOHITE PATIL DHAIRYASHEEL RAJSINH,Maharashtra,MADHA,Madha,Lok Sabha,195613601.7,2024-2025,Official Ministry Dataset (MP 2)
MP_315,Mr Gopal Jee Thakur,Bihar,DARBHANGA,Darbhanga,Lok Sabha,147000000.0,2024-2025,Official Ministry Dataset (MP 2)
MP_316,Ms Mahua Moitra,West Bengal,KRISHNANAGAR,Krishnanagar,Lok Sabha,159865046.0,2024-2025,Official Ministry Dataset (MP 2)
MP_317,MUHAMMED HAMDULLAH SAYEED,Lakshadweep,LAKSHADWEEP(ST),Lakshadweep(St),Lok Sabha,153942460.4,2024-2025,Official Ministry Dataset (MP 2)
MP_318,Mukesh Rajput,Uttar Pradesh,FARRUKHABAD,Farrukhabad,Lok Sabha,147000000.0,2024-2025,Official Ministry Dataset (MP 2)
MP_319,MUKESHKUMAR CHANDRAKAANT DALAL,Gujarat,SURAT,Surat,Lok Sabha,147000000.0,2024-2025,Official Ministry Dataset (MP 2)
MP_320,Hon'ble Members of Parliaments,State,Constituency,Constituency,Lok Sabha,147000000.0,2024-2025,Official Ministry Dataset (MP 2)
MP_321,Hon'ble MP,Maharashtra,Constituency,Constituency,Lok Sabha,147000000.0,2024-2025,Official Ministry Dataset (MP 2)
MP_322,MURARI LAL MEENA,Rajasthan,DAUSA(ST),Dausa(St),Lok Sabha,147000000.0,2024-2025,Official Ministry Dataset (MP 2)
MP_323,MURASOLI S,Tamil Nadu,THANJAVUR,Thanjavur,Lok Sabha,147000000.0,2024-2025,Official Ministry Dataset (MP 2)
MP_324,MURLIDHAR MOHOL,Maharashtra,PUNE,Pune,Lok Sabha,147000000.0,2024-2025,Official Ministry Dataset (MP 2)
MP_325,NABA CHARAN MAJHI,Odisha,MAYURBHANJ (ST),Mayurbhanj (St),Lok Sabha,147563957.1,2024-2025,Official Ministry Dataset (MP 2)
MP_326,NALIN SOREN,Jharkhand,DUMKA(ST),Dumka(St),Lok Sabha,147364097.1,2024-2025,Official Ministry Dataset (MP 2)
MP_327,NARAYAN DAS AHIRWAR,Uttar Pradesh,JALAUN(SC),Jalaun(Sc),Lok Sabha,147000000.0,2024-2025,Official Ministry Dataset (MP 2)
MP_328,NARAYAN TATU RANE,Maharashtra,RATNAGIRI-SINDHUDURG,Ratnagiri-Sindhudurg,Lok Sabha,147000000.0,2024-2025,Official Ministry Dataset (MP 2)
MP_329,NARESH CHANDRA UTTAM PATEL,Uttar Pradesh,FATEHPUR,Fatehpur,Lok Sabha,147000000.0,2024-2025,Official Ministry Dataset (MP 2)
MP_330,NARESH GANPAT MHASKE,Maharashtra,THANE,Thane,Lok Sabha,147000000.0,2024-2025,Official Ministry Dataset (MP 2)
MP_331,NAVEEN JINDAL,Haryana,KURUKSHETRA,Kurukshetra,Lok Sabha,147000000.0,2024-2025,Official Ministry Dataset (MP 2)
MP_332,NEERAJ MAURYA,Uttar Pradesh,AONLA,Aonla,Lok Sabha,147000000.0,2024-2025,Official Ministry Dataset (MP 2)
MP_333,NILESH DNYANDEV LANKE,Maharashtra,AHMEDNAGAR,Ahmednagar,Lok Sabha,147000000.0,2024-2025,Official Ministry Dataset (MP 2)
MP_334,NIMUBEN JAYANTIBHAI BAMBHANIYA,Gujarat,BHAVNAGAR,Bhavnagar,Lok Sabha,147000000.0,2024-2025,Official Ministry Dataset (MP 2)
MP_335,Nishikant Dubey,Jharkhand,GODDA,Godda,Lok Sabha,147000000.0,2024-2025,Official Ministry Dataset (MP 2)
MP_336,Nitin Jairam Gadkari,Maharashtra,NAGPUR,Nagpur,Lok Sabha,168195086.1,2024-2025,Official Ministry Dataset (MP 2)
MP_337,Nityanand Rai,Bihar,UJJARPUR,Ujjarpur,Lok Sabha,147000000.0,2024-2025,Official Ministry Dataset (MP 2)
MP_338,Om Birla,Rajasthan,KOTA,Kota,Lok Sabha,163906956.6,2024-2025,Official Ministry Dataset (MP 2)
MP_339,Omprakash Bhupalsinh Alias Pawan Rajenimbalkar,Maharashtra,OSMANABAD,Osmanabad,Lok Sabha,184758519.1,2024-2025,Official Ministry Dataset (MP 2)
MP_340,P C Mohan,Karnataka,BANGALORE CENTRAL,Bangalore Central,Lok Sabha,159995711.1,2024-2025,Official Ministry Dataset (MP 2)
MP_341,Pankaj Chowdhary,Uttar Pradesh,MAHARAJGANJ_UP,Maharajganj,Lok Sabha,147000000.0,2024-2025,Official Ministry Dataset (MP 2)
MP_342,PARIMAL SUKLABAIDYA,Assam,SILCHAR,Silchar,Lok Sabha,148300157.1,2024-2025,Official Ministry Dataset (MP 2)
MP_343,PARSHOTTAMBHAI RUPALA,Gujarat,RAJKOT,Rajkot,Lok Sabha,147000000.0,2024-2025,Official Ministry Dataset (MP 2)
MP_344,PARTHA BHOWMICK,West Bengal,BARRACKPUR,Barrackpur,Lok Sabha,147000000.0,2024-2025,Official Ministry Dataset (MP 2)
MP_345,Parvatagouda Chandanagouda Gaddigoudar,Karnataka,BAGALKOT,Bagalkot,Lok Sabha,167541747.1,2024-2025,Official Ministry Dataset (MP 2)
MP_346,PATEL UMESHBHAI BABUBHAI,The Dadra And Nagar Haveli And,DAMAN and DIU,Daman And Diu,Lok Sabha,245063957.0,2024-2025,Official Ministry Dataset (MP 2)
MP_347,Hon'ble MP,Daman And Diu,Constituency,Constituency,Lok Sabha,,2024-2025,Official Ministry Dataset (MP 2)
MP_348,PATHAN YUSUF,West Bengal,BAHARAMPUR,Baharampur,Lok Sabha,147000000.0,2024-2025,Official Ministry Dataset (MP 2)
MP_349,PHANI BHUSAN CHOUDHURY,Assam,BARPETA,Barpeta,Lok Sabha,147000000.0,2024-2025,Official Ministry Dataset (MP 2)
MP_350,Piyush Vedprakash Goyal,Maharashtra,MUMBAI NORTH,Mumbai North,Lok Sabha,147000000.0,2024-2025,Official Ministry Dataset (MP 2)
MP_351,PRABHAKAR REDDY VEMIREDDY,Andhra Pradesh,NELLORE(SC),Nellore(Sc),Lok Sabha,147000000.0,2024-2025,Official Ministry Dataset (MP 2)
MP_352,Prabhubhai Nagarbhai Vasava,Gujarat,BARDOLI(ST),Bardoli(St),Lok Sabha,147000000.0,2024-2025,Official Ministry Dataset (MP 2)
MP_353,Hon'ble Members of Parliaments,State,Constituency,Constituency,Lok Sabha,147000000.0,2024-2025,Official Ministry Dataset (MP 2)
MP_354,Hon'ble MP,Maharashtra,Constituency,Constituency,Lok Sabha,147000000.0,2024-2025,Official Ministry Dataset (MP 2)
MP_355,Pradan Baruah,Assam,LAKHIMPUR,Lakhimpur,Lok Sabha,147000000.0,2024-2025,Official Ministry Dataset (MP 2)
MP_356,Pradeep Kumar Singh,Bihar,ARARIA,Araria,Lok Sabha,147000000.0,2024-2025,Official Ministry Dataset (MP 2)
MP_357,PRADEEP PUROHIT,Odisha,BARGARH,Bargarh,Lok Sabha,147000000.0,2024-2025,Official Ministry Dataset (MP 2)
MP_358,Pradyut Bordoloi,Assam,NOWGONG,Nowgong,Lok Sabha,98000000.0,2024-2025,Official Ministry Dataset (MP 2)
MP_359,Pralhad Venkatesh Joshi,Karnataka,DHARWAD,Dharwad,Lok Sabha,147000000.0,2024-2025,Official Ministry Dataset (MP 2)
MP_360,PRANITI SUSHILKUMAR SHINDE,Maharashtra,SOLAPUR(SC),Solapur(Sc),Lok Sabha,147000000.0,2024-2025,Official Ministry Dataset (MP 2)
MP_361,Prasun Banerjee,West Bengal,HOWRAH,Howrah,Lok Sabha,147000000.0,2024-2025,Official Ministry Dataset (MP 2)
MP_362,Pratap Chandra Sarangi,Odisha,BALASORE,Balasore,Lok Sabha,147064254.1,2024-2025,Official Ministry Dataset (MP 2)
MP_363,Prataprao Jadhav,Maharashtra,BULDHANA,Buldhana,Lok Sabha,147000000.0,2024-2025,Official Ministry Dataset (MP 2)
MP_364,Pratima Mondal,West Bengal,JOYNAGAR(SC),Joynagar(Sc),Lok Sabha,147000000.0,2024-2025,Official Ministry Dataset (MP 2)
MP_365,Praveen Khandelwal,Delhi,CHANDINI CHOWK,Chandini Chowk,Lok Sabha,147470276.0,2024-2025,Official Ministry Dataset (MP 2)
MP_366,PRAVEEN PATEL,Uttar Pradesh,PHULPUR,Phulpur,Lok Sabha,151559884.1,2024-2025,Official Ministry Dataset (MP 2)
MP_367,PRIYA SAROJ,Uttar Pradesh,MACHHLISHAHR(SC),Machhlishahr(Sc),Lok Sabha,147000000.0,2024-2025,Official Ministry Dataset (MP 2)
MP_368,Priyanka Gandhi Vadra,Kerala,WAYANAD,Wayanad,Lok Sabha,122500000.0,2024-2025,Official Ministry Dataset (MP 2)
MP_369,PRIYANKA SATISH JARKIHOLI,Karnataka,CHIKKODI,Chikkodi,Lok Sabha,147000000.0,2024-2025,Official Ministry Dataset (MP 2)
MP_370,Prof Sougata Ray,West Bengal,DUM DUM,Dum Dum,Lok Sabha,147000000.0,2024-2025,Official Ministry Dataset (MP 2)
MP_371,Prof SP Singh Baghel,Uttar Pradesh,AGRA(SC),Agra(Sc),Lok Sabha,147000000.0,2024-2025,Official Ministry Dataset (MP 2)
MP_372,PUSHPENDRA SAROJ,Uttar Pradesh,KAUSHAMBI(SC),Kaushambi(Sc),Lok Sabha,147000000.0,2024-2025,Official Ministry Dataset (MP 2)
MP_373,Putta Mahesh Kumar,Andhra Pradesh,ELURU,Eluru,Lok Sabha,147000000.0,2024-2025,Official Ministry Dataset (MP 2)
MP_374,R.K. CHAUDHARY,Uttar Pradesh,MOHANLALGANJ(SC),Mohanlalganj(Sc),Lok Sabha,147000000.0,2024-2025,Official Ministry Dataset (MP 2)
MP_375,RABINDRA NARAYAN BEHERA,Odisha,JAJPUR(SC),Jajpur(Sc),Lok Sabha,147064617.1,2024-2025,Official Ministry Dataset (MP 2)
MP_376,RACHNA BANERJEE,West Bengal,HOOGHLY,Hooghly,Lok Sabha,147000000.0,2024-2025,Official Ministry Dataset (MP 2)
MP_377,Radha Mohan Singh,Bihar,PURVI CHAMPARAN,Purvi Champaran,Lok Sabha,147000000.0,2024-2025,Official Ministry Dataset (MP 2)
MP_378,RADHAKRISHNA,Karnataka,GULBARGA(SC),Gulbarga(Sc),Lok Sabha,147000000.0,2024-2025,Official Ministry Dataset (MP 2)
MP_379,RADHE SHYAM RATHIYA,Chhattisgarh,RAIGARH(ST),Raigarh(St),Lok Sabha,159706972.1,2024-2025,Official Ministry Dataset (MP 2)
MP_380,RAHUL GANDHI,Uttar Pradesh,RAE BARELI,Rae Bareli,Lok Sabha,147000000.0,2024-2025,Official Ministry Dataset (MP 2)
MP_381,Rahul Kaswan,Rajasthan,CHURU,Churu,Lok Sabha,147000000.0,2024-2025,Official Ministry Dataset (MP 2)
MP_382,RAHUL SINGH LODHI,Madhya Pradesh,DAMOH,Damoh,Lok Sabha,163058785.4,2024-2025,Official Ministry Dataset (MP 2)
MP_383,RAJ BHUSHAN CHOUDHARY,Bihar,MUZAFFARPUR,Muzaffarpur,Lok Sabha,147000000.0,2024-2025,Official Ministry Dataset (MP 2)
MP_384,RAJ KUMAR ROAT,Rajasthan,BANSWARA(ST),Banswara(St),Lok Sabha,147000000.0,2024-2025,Official Ministry Dataset (MP 2)
MP_385,Hon'ble Members of Parliaments,State,Constituency,Constituency,Lok Sabha,147000000.0,2024-2025,Official Ministry Dataset (MP 2)
MP_386,Hon'ble MP,Maharashtra,Constituency,Constituency,Lok Sabha,147000000.0,2024-2025,Official Ministry Dataset (MP 2)
MP_387,RAJA RAM SINGH,Bihar,KARAKAT,Karakat,Lok Sabha,147000000.0,2024-2025,Official Ministry Dataset (MP 2)
MP_388,RAJABHAU,Maharashtra,NASHIK,Nashik,Lok Sabha,152878682.1,2024-2025,Official Ministry Dataset (MP 2)
MP_389,RAJEEV BHARDWAJ,Himachal Pradesh,KANGRA,Kangra,Lok Sabha,179388967.1,2024-2025,Official Ministry Dataset (MP 2)
MP_390,RAJEEV RAI,Uttar Pradesh,GHOSI,Ghosi,Lok Sabha,147000000.0,2024-2025,Official Ministry Dataset (MP 2)
MP_391,RAJESH RANJAN ALIAS PAPPU YADAV,Bihar,PURNEA,Purnea,Lok Sabha,147000000.0,2024-2025,Official Ministry Dataset (MP 2)
MP_392,RAJESH VERMA,Bihar,KHAGARIA,Khagaria,Lok Sabha,147000000.0,2024-2025,Official Ministry Dataset (MP 2)
MP_393,Rajeshbhai Naranbhai Chudasama,Gujarat,JUNAGADH,Junagadh,Lok Sabha,147000000.0,2024-2025,Official Ministry Dataset (MP 2)
MP_394,Rajiv Pratap Rudy,Bihar,SARAN,Saran,Lok Sabha,147000000.0,2024-2025,Official Ministry Dataset (MP 2)
MP_395,Rajiv Ranjan (Lalan) Singh,Bihar,MUNGER,Munger,Lok Sabha,147000000.0,2024-2025,Official Ministry Dataset (MP 2)
MP_396,Rajkumar Chahar,Uttar Pradesh,FATEHPUR SIKRI,Fatehpur Sikri,Lok Sabha,147000000.0,2024-2025,Official Ministry Dataset (MP 2)
MP_397,Rajnath Singh,Uttar Pradesh,LUCKNOW,Lucknow,Lok Sabha,154808797.1,2024-2025,Official Ministry Dataset (MP 2)
MP_398,RAJPALSINH MAHENDRASINH JADAV,Gujarat,PANCHMAHAL,Panchmahal,Lok Sabha,147000000.0,2024-2025,Official Ministry Dataset (MP 2)
MP_399,Raju Bista,West Bengal,DARJEELING,Darjeeling,Lok Sabha,147000000.0,2024-2025,Official Ministry Dataset (MP 2)
MP_400,RAKESH RATHOR,Uttar Pradesh,SITAPUR,Sitapur,Lok Sabha,147000000.0,2024-2025,Official Ministry Dataset (MP 2)
MP_401,RAKIBUL HUSSAIN,Assam,DHUBRI,Dhubri,Lok Sabha,147000000.0,2024-2025,Official Ministry Dataset (MP 2)
MP_402,RAM PRASAD CHAUDHARY,Uttar Pradesh,BASTI,Basti,Lok Sabha,204176957.1,2024-2025,Official Ministry Dataset (MP 2)
MP_403,Ram Shiromani,Uttar Pradesh,SHRAWASTI,Shrawasti,Lok Sabha,151746878.1,2024-2025,Official Ministry Dataset (MP 2)
MP_404,RAMASAHAYAM RAGHURAM REDDY,Telangana,KHAMMAM,Khammam,Lok Sabha,147000000.0,2024-2025,Official Ministry Dataset (MP 2)
MP_405,RAMASHANKAR RAJBHAR,Uttar Pradesh,SALEMPUR,Salempur,Lok Sabha,160056927.1,2024-2025,Official Ministry Dataset (MP 2)
MP_406,RAMBHUAL NISHAD,Uttar Pradesh,SULTANPUR,Sultanpur,Lok Sabha,151231957.1,2024-2025,Official Ministry Dataset (MP 2)
MP_407,RAMESH AWASTHI,Uttar Pradesh,KANPUR,Kanpur,Lok Sabha,147000000.0,2024-2025,Official Ministry Dataset (MP 2)
MP_408,Ramesh Chandappa Jigajinagi,Karnataka,BIJAPUR(SC),Bijapur(Sc),Lok Sabha,269500000.0,2024-2025,Official Ministry Dataset (MP 2)
MP_409,Ramprit Mandal,Bihar,JHANJHARPUR,Jhanjharpur,Lok Sabha,147000000.0,2024-2025,Official Ministry Dataset (MP 2)
MP_410,Ramvir Singh Bidhuri,Delhi,SOUTH DELHI,South Delhi,Lok Sabha,147559100.0,2024-2025,Official Ministry Dataset (MP 2)
MP_411,RANJIT DUTTA,Assam,Sonitpur,Sonitpur,Lok Sabha,147000000.0,2024-2025,Official Ministry Dataset (MP 2)
MP_412,Rao Inderjit Singh,Haryana,GURGAON,Gurgaon,Lok Sabha,147000000.0,2024-2025,Official Ministry Dataset (MP 2)
MP_413,Rao Rajendra Singh,Rajasthan,JAIPUR RURAL,Jaipur Rural,Lok Sabha,147000000.0,2024-2025,Official Ministry Dataset (MP 2)
MP_414,Ravi Shankar Prasad,Bihar,PATNA SAHIB,Patna Sahib,Lok Sabha,147000000.0,2024-2025,Official Ministry Dataset (MP 2)
MP_415,RAVINDRA DATTARAM WAIKAR,Maharashtra,MUMBAI NORTH WEST,Mumbai North West,Lok Sabha,147000000.0,2024-2025,Official Ministry Dataset (MP 2)
MP_416,Ravindra Shyamnarayan Alias Ravi Kishan Shukla,Uttar Pradesh,GORAKHPUR,Gorakhpur,Lok Sabha,147000000.0,2024-2025,Official Ministry Dataset (MP 2)
MP_417,Hon'ble Members of Parliaments,State,Constituency,Constituency,Lok Sabha,147000000.0,2024-2025,Official Ministry Dataset (MP 2)
MP_418,Hon'ble MP,Maharashtra,Constituency,Constituency,Lok Sabha,147000000.0,2024-2025,Official Ministry Dataset (MP 2)
MP_419,Ravindra Vasantrao Chavan,Maharashtra,NANDED,Nanded,Lok Sabha,147000000.0,2024-2025,Official Ministry Dataset (MP 2)
MP_420,RICHARD VANLALHMANGAIHA,Mizoram,MIZORAM (ST),Mizoram (St),Lok Sabha,147000000.0,2024-2025,Official Ministry Dataset (MP 2)
MP_421,ROBERT BRUCE C,Tamil Nadu,TIRUNELVELI,Tirunelveli,Lok Sabha,147475440.1,2024-2025,Official Ministry Dataset (MP 2)
MP_422,Rodmal Nagar,Madhya Pradesh,RAJGARH,Rajgarh,Lok Sabha,147000000.0,2024-2025,Official Ministry Dataset (MP 2)
MP_423,ROOP KUMARI CHOUDHARY,Chhattisgarh,MAHASAMUND,Mahasamund,Lok Sabha,153035414.0,2024-2025,Official Ministry Dataset (MP 2)
MP_424,RUCHI VIRA,Uttar Pradesh,MORADABAD,Moradabad,Lok Sabha,147000000.0,2024-2025,Official Ministry Dataset (MP 2)
MP_425,RUDRA NARAYAN PANY,Odisha,DHENKANAL,Dhenkanal,Lok Sabha,155013957.1,2024-2025,Official Ministry Dataset (MP 2)
MP_426,S SUPONGMEREN JAMIR,Nagaland,NAGALAND,Nagaland,Lok Sabha,147000000.0,2024-2025,Official Ministry Dataset (MP 2)
MP_427,S Venkatesan,Tamil Nadu,MADURAI,Madurai,Lok Sabha,147000000.0,2024-2025,Official Ministry Dataset (MP 2)
MP_428,S. Jagathrakshakan,Tamil Nadu,ARAKKONAM,Arakkonam,Lok Sabha,180589332.3,2024-2025,Official Ministry Dataset (MP 2)
MP_429,SACHITHANANTHAM R,Tamil Nadu,DINDIGUL,Dindigul,Lok Sabha,147000000.0,2024-2025,Official Ministry Dataset (MP 2)
MP_430,SAGAR ESHWAR KHANDRE,Karnataka,BIDAR,Bidar,Lok Sabha,147000000.0,2024-2025,Official Ministry Dataset (MP 2)
MP_431,SALENG A SANGMA,Meghalaya,TURA,Tura,Lok Sabha,147000000.0,2024-2025,Official Ministry Dataset (MP 2)
MP_432,SAMBIT PATRA,Odisha,PURI,Puri,Lok Sabha,147000000.0,2024-2025,Official Ministry Dataset (MP 2)
MP_433,SANATAN PANDEY,Uttar Pradesh,BALLIA,Ballia,Lok Sabha,180420041.4,2024-2025,Official Ministry Dataset (MP 2)
MP_434,SANJAY DINA PATIL,Maharashtra,MUMBAI NORTH EAST,Mumbai North East,Lok Sabha,147000000.0,2024-2025,Official Ministry Dataset (MP 2)
MP_435,Sanjay Haribhau Jadhav,Maharashtra,PARBHANI,Parbhani,Lok Sabha,147000000.0,2024-2025,Official Ministry Dataset (MP 2)
MP_436,Sanjay Jaiswal,Bihar,PASCHIM CHAMPARAN,Paschim Champaran,Lok Sabha,147000000.0,2024-2025,Official Ministry Dataset (MP 2)
MP_437,Sanjay Kumar Bandi,Telangana,KARIMNAGAR,Karimnagar,Lok Sabha,172775317.1,2024-2025,Official Ministry Dataset (MP 2)
MP_438,Sanjay Seth,Jharkhand,RANCHI,Ranchi,Lok Sabha,147064357.1,2024-2025,Official Ministry Dataset (MP 2)
MP_439,Sanjay Uttamrao Deshmukh,Maharashtra,YAVATMAL-WASHIM,Yavatmal-Washim,Lok Sabha,185640423.0,2024-2025,Official Ministry Dataset (MP 2)
MP_440,SANJNA JATAV,Rajasthan,BHARATPUR(SC),Bharatpur(Sc),Lok Sabha,147000000.0,2024-2025,Official Ministry Dataset (MP 2)
MP_441,Santosh Pandey,Chhattisgarh,RAJNANDGAON,Rajnandgaon,Lok Sabha,147000000.0,2024-2025,Official Ministry Dataset (MP 2)
MP_442,Saptagiri Sankar Ulaka,Odisha,KORAPUT(ST),Koraput(St),Lok Sabha,269500000.0,2024-2025,Official Ministry Dataset (MP 2)
MP_443,SARABJEET SINGH KHALSA,Punjab,FARIDKOT(SC),Faridkot(Sc),Lok Sabha,150850348.2,2024-2025,Official Ministry Dataset (MP 2)
MP_444,Sasikanth Senthil,Tamil Nadu,TIRUVALLUR(SC),Tiruvallur(Sc),Lok Sabha,171500000.0,2024-2025,Official Ministry Dataset (MP 2)
MP_445,SATPAL BRAHAMCHARI,Haryana,SONEPAT,Sonepat,Lok Sabha,147000000.0,2024-2025,Official Ministry Dataset (MP 2)
MP_446,Saumitra khan,West Bengal,BISHNUPUR(SC),Bishnupur(Sc),Lok Sabha,147000000.0,2024-2025,Official Ministry Dataset (MP 2)
MP_447,SAVITRI THAKUR,Madhya Pradesh,DHAR(ST),Dhar(St),Lok Sabha,147000000.0,2024-2025,Official Ministry Dataset (MP 2)
MP_448,SAYANI GHOSH,West Bengal,JADAVPUR,Jadavpur,Lok Sabha,147000000.0,2024-2025,Official Ministry Dataset (MP 2)
MP_449,Hon'ble Members of Parliaments,State,Constituency,Constituency,Lok Sabha,147000000.0,2024-2025,Official Ministry Dataset (MP 2)
MP_450,Hon'ble MP,Maharashtra,Constituency,Constituency,Lok Sabha,147000000.0,2024-2025,Official Ministry Dataset (MP 2)
MP_451,SELJA,Haryana,SIRSA(SC),Sirsa(Sc),Lok Sabha,147000000.0,2024-2025,Official Ministry Dataset (MP 2)
MP_452,SELVAGANAPATHI T M,Tamil Nadu,SALEM,Salem,Lok Sabha,147000000.0,2024-2025,Official Ministry Dataset (MP 2)
MP_453,SELVARAJ V,Tamil Nadu,NAGAPATTINAM(SC),Nagapattinam(Sc),Lok Sabha,147000000.0,2024-2025,Official Ministry Dataset (MP 2)
MP_454,SHAFI PARAMBIL,Kerala,VADAKARA,Vadakara,Lok Sabha,147000000.0,2024-2025,Official Ministry Dataset (MP 2)
MP_455,SHAMBHAVI,Bihar,SAMASTIPUR(SC),Samastipur(Sc),Lok Sabha,147000000.0,2024-2025,Official Ministry Dataset (MP 2)
MP_456,Shankar Lalwani,Madhya Pradesh,INDORE,Indore,Lok Sabha,147000000.0,2024-2025,Official Ministry Dataset (MP 2)
MP_457,SHASHANK MANI,Uttar Pradesh,DEORIA,Deoria,Lok Sabha,147000000.0,2024-2025,Official Ministry Dataset (MP 2)
MP_458,Shatrughan Sinha,West Bengal,ASANSOL,Asansol,Lok Sabha,147000000.0,2024-2025,Official Ministry Dataset (MP 2)
MP_459,SHER SINGH GHUBAYA,Punjab,FIROZPUR,Firozpur,Lok Sabha,147000000.0,2024-2025,Official Ministry Dataset (MP 2)
MP_460,SHIVMANGAL SINGH TOMAR,Madhya Pradesh,MORENA,Morena,Lok Sabha,147000000.0,2024-2025,Official Ministry Dataset (MP 2)
MP_461,SHIVRAJ SINGH CHOUHAN,Madhya Pradesh,VIDISHA,Vidisha,Lok Sabha,147000000.0,2024-2025,Official Ministry Dataset (MP 2)
MP_462,SHOBHA KARANDLAJE,Karnataka,BANGALORE NORTH,Bangalore North,Lok Sabha,147000000.0,2024-2025,Official Ministry Dataset (MP 2)
MP_463,SHOBHANABEN MAHENDRASINH BARAIYA,Gujarat,SABARKANTHA,Sabarkantha,Lok Sabha,147000000.0,2024-2025,Official Ministry Dataset (MP 2)
MP_464,SHREYAS. M. PATEL,Karnataka,HASSAN,Hassan,Lok Sabha,147000000.0,2024-2025,Official Ministry Dataset (MP 2)
MP_465,Shri Dharambir Singh,Haryana,BHIWANI MAHENDRAGARH,Bhiwani Mahendragarh,Lok Sabha,147000000.0,2024-2025,Official Ministry Dataset (MP 2)
MP_466,Shri Abhishek Banerjee,West Bengal,DIAMOND HARBOUR,Diamond Harbour,Lok Sabha,147000000.0,2024-2025,Official Ministry Dataset (MP 2)
MP_467,Shri Amar Singh,Punjab,FATEHGARH SAHIB(SC),Fatehgarh Sahib(Sc),Lok Sabha,147000000.0,2024-2025,Official Ministry Dataset (MP 2)
MP_468,Shri Amit Shah,Gujarat,GANDHINAGAR,Gandhinagar,Lok Sabha,147000000.0,2024-2025,Official Ministry Dataset (MP 2)
MP_469,Shri Anil Firojiya,Madhya Pradesh,UJJAIN(SC),Ujjain(Sc),Lok Sabha,147000000.0,2024-2025,Official Ministry Dataset (MP 2)
MP_470,Shri Arjun Ram Meghwal,Rajasthan,BIKANER(SC),Bikaner(Sc),Lok Sabha,147000000.0,2024-2025,Official Ministry Dataset (MP 2)
MP_471,Shri Arun Kumar Sagar,Uttar Pradesh,SHAHJAHANPUR(SC),Shahjahanpur(Sc),Lok Sabha,147000000.0,2024-2025,Official Ministry Dataset (MP 2)
MP_472,Shri B Y Raghavendra,Karnataka,SHIMOGA,Shimoga,Lok Sabha,147000000.0,2024-2025,Official Ministry Dataset (MP 2)
MP_473,Shri Benny Behanan,Kerala,CHALAKUDY,Chalakudy,Lok Sabha,147000000.0,2024-2025,Official Ministry Dataset (MP 2)
MP_474,Shri Bhartruhari Mahtab,Odisha,CUTTACK,Cuttack,Lok Sabha,147000000.0,2024-2025,Official Ministry Dataset (MP 2)
MP_475,Shri Chandra Prakash Choudhary,Jharkhand,GIRIDIH,Giridih,Lok Sabha,147000000.0,2024-2025,Official Ministry Dataset (MP 2)
MP_476,Shri Deepak (Dev) Adhikari,West Bengal,GHATAL,Ghatal,Lok Sabha,200747364.0,2024-2025,Official Ministry Dataset (MP 2)
MP_477,Shri Gurjeet Singh Aujla,Punjab,AMRITSAR,Amritsar,Lok Sabha,147000000.0,2024-2025,Official Ministry Dataset (MP 2)
MP_478,Shri Hanuman Beniwal,Rajasthan,NAGAUR,Nagaur,Lok Sabha,147000000.0,2024-2025,Official Ministry Dataset (MP 2)
MP_479,Shri Hibi Eden,Kerala,ERNAKULAM,Ernakulam,Lok Sabha,162177260.1,2024-2025,Official Ministry Dataset (MP 2)
MP_480,Shri Janardan Singh Sigriwal,Bihar,MAHARAJGANJ_BR,Maharajganj,Lok Sabha,147000000.0,2024-2025,Official Ministry Dataset (MP 2)
MP_481,Hon'ble Members of Parliaments,State,Constituency,Constituency,Lok Sabha,147000000.0,2024-2025,Official Ministry Dataset (MP 2)
MP_482,Hon'ble MP,Maharashtra,Constituency,Constituency,Lok Sabha,147000000.0,2024-2025,Official Ministry Dataset (MP 2)
MP_483,Shri Jual Oram,Odisha,SUNDARGARH (ST),Sundargarh (St),Lok Sabha,173096756.9,2024-2025,Official Ministry Dataset (MP 2)
MP_484,Shri Jugal Kishore Sharma,Jammu And Kashmir,JAMMU,Jammu,Lok Sabha,147000000.0,2024-2025,Official Ministry Dataset (MP 2)
MP_485,Shri Jyotirmay Singh Mahato,West Bengal,PURULIA,Purulia,Lok Sabha,147000000.0,2024-2025,Official Ministry Dataset (MP 2)
MP_486,Shri Karti P Chidambaram,Tamil Nadu,SIVAGANGA,Sivaganga,Lok Sabha,159049284.1,2024-2025,Official Ministry Dataset (MP 2)
MP_487,Shri Kumbakudi Sudhakaran,Kerala,KANNUR,Kannur,Lok Sabha,147000000.0,2024-2025,Official Ministry Dataset (MP 2)
MP_488,Shri LS Tejasvi Surya,Karnataka,BANGALORE SOUTH,Bangalore South,Lok Sabha,147000000.0,2024-2025,Official Ministry Dataset (MP 2)
MP_489,Shri M K Raghavan,Kerala,KOZHIKODE,Kozhikode,Lok Sabha,147000000.0,2024-2025,Official Ministry Dataset (MP 2)
MP_490,Shri Narendra Modi,Uttar Pradesh,VARANASI,Varanasi,Lok Sabha,162070276.1,2024-2025,Official Ministry Dataset (MP 2)
MP_491,Shri NK Premachandran,Kerala,KOLLAM,Kollam,Lok Sabha,171477994.1,2024-2025,Official Ministry Dataset (MP 2)
MP_492,Shri PP Chaudhary,Rajasthan,PALI,Pali,Lok Sabha,147000000.0,2024-2025,Official Ministry Dataset (MP 2)
MP_493,Shri Rajmohan Unnithan,Kerala,KASARAGOD,Kasaragod,Lok Sabha,156754633.1,2024-2025,Official Ministry Dataset (MP 2)
MP_494,Shri Sarbananda Sonowal (18LS),Assam,DIBRUGARH,Dibrugarh,Lok Sabha,147000000.0,2024-2025,Official Ministry Dataset (MP 2)
MP_495,Shri Satish Kumar Gautam,Uttar Pradesh,ALIGARH,Aligarh,Lok Sabha,147000000.0,2024-2025,Official Ministry Dataset (MP 2)
MP_496,Shri Shantanu Thakur,West Bengal,BANGAON(SC),Bangaon(Sc),Lok Sabha,147000000.0,2024-2025,Official Ministry Dataset (MP 2)
MP_497,Shri Sudheer Gupta,Madhya Pradesh,MANDSOUR,Mandsour,Lok Sabha,148988014.8,2024-2025,Official Ministry Dataset (MP 2)
MP_498,Shri Suresh Kodikunnil,Kerala,MAVELIKKARA(SC),Mavelikkara(Sc),Lok Sabha,172429519.1,2024-2025,Official Ministry Dataset (MP 2)
MP_499,Shri Tapir Gao,Arunachal Pradesh,ARUNACHAL EAST,Arunachal East,Lok Sabha,147000000.0,2024-2025,Official Ministry Dataset (MP 2)
MP_500,Shri vijayakumar Vasanth,Tamil Nadu,KANNIYAKUMARI,Kanniyakumari,Lok Sabha,171500000.0,2024-2025,Official Ministry Dataset (MP 2)
MP_501,Shrikant Eknath Shinde,Maharashtra,KALYAN,Kalyan,Lok Sabha,147000000.0,2024-2025,Official Ministry Dataset (MP 2)
MP_502,SHRIMANT CHH UDAYANRAJE,Maharashtra,SATARA,Satara,Lok Sabha,147000000.0,2024-2025,Official Ministry Dataset (MP 2)
MP_503,PRATAPSINHAMAHARAJ BHONSLE,Maharashtra,Constituency,Constituency,Lok Sabha,,2024-2025,Official Ministry Dataset (MP 2)
MP_504,Shripad Yesso Naik,Goa,NORTH GOA,North Goa,Lok Sabha,147000000.0,2024-2025,Official Ministry Dataset (MP 2)
MP_505,Shrirang Appa Barne,Maharashtra,MAVAL,Maval,Lok Sabha,147000000.0,2024-2025,Official Ministry Dataset (MP 2)
MP_506,Shyamkumar,Maharashtra,RAMTEK(SC),Ramtek(Sc),Lok Sabha,147000000.0,2024-2025,Official Ministry Dataset (MP 2)
MP_507,Sivanath Kesineni,Andhra Pradesh,VIJAYAWADA,Vijayawada,Lok Sabha,147000000.0,2024-2025,Official Ministry Dataset (MP 2)
MP_508,SK NURUL ISLAM,West Bengal,BASIRHAT,Basirhat,Lok Sabha,49000000.0,2024-2025,Official Ministry Dataset (MP 2)
MP_509,SMITA UDAY WAGH,Maharashtra,JALGAON,Jalgaon,Lok Sabha,148107373.1,2024-2025,Official Ministry Dataset (MP 2)
MP_510,Smt Anupriya Patel,Uttar Pradesh,MIRZAPUR,Mirzapur,Lok Sabha,147000000.0,2024-2025,Official Ministry Dataset (MP 2)
MP_511,Smt Aparajita Sarangi,Odisha,BHUBANESWAR,Bhubaneswar,Lok Sabha,147420861.4,2024-2025,Official Ministry Dataset (MP 2)
MP_512,Smt Dimple Yadav,Uttar Pradesh,MAINPURI,Mainpuri,Lok Sabha,192042469.1,2024-2025,Official Ministry Dataset (MP 2)
MP_513,Smt Harsimrat Kaur Badal,Punjab,BHATINDA,Bhatinda,Lok Sabha,159775982.4,2024-2025,Official Ministry Dataset (MP 2)
MP_514,Hon'ble Members of Parliaments,State,Constituency,Constituency,Lok Sabha,147000000.0,2024-2025,Official Ministry Dataset (MP 2)
MP_515,Hon'ble MP,Maharashtra,Constituency,Constituency,Lok Sabha,147000000.0,2024-2025,Official Ministry Dataset (MP 2)
MP_516,Smt Hema Malini,Uttar Pradesh,MATHURA,Mathura,Lok Sabha,147000000.0,2024-2025,Official Ministry Dataset (MP 2)
MP_517,Smt Himadri Singh,Madhya Pradesh,SHAHDOL (ST),Shahdol (St),Lok Sabha,150724861.1,2024-2025,Official Ministry Dataset (MP 2)
MP_518,Smt Poonamben Hematbhai Maadam,Gujarat,JAMNAGAR,Jamnagar,Lok Sabha,147000000.0,2024-2025,Official Ministry Dataset (MP 2)
MP_519,Smt Raksha Nikhil Khadse,Maharashtra,RAVER,Raver,Lok Sabha,153112586.1,2024-2025,Official Ministry Dataset (MP 2)
MP_520,Smt S Jothimani,Tamil Nadu,KARUR,Karur,Lok Sabha,147000000.0,2024-2025,Official Ministry Dataset (MP 2)
MP_521,Smt Sajda Ahmed,West Bengal,ULUBERIA,Uluberia,Lok Sabha,147000000.0,2024-2025,Official Ministry Dataset (MP 2)
MP_522,Smt Sandhya Ray,Madhya Pradesh,BHIND(SC),Bhind(Sc),Lok Sabha,147000000.0,2024-2025,Official Ministry Dataset (MP 2)
MP_523,Smt Sangeeta Kumari Singh Deo,Odisha,BOLANGIR,Bolangir,Lok Sabha,147000000.0,2024-2025,Official Ministry Dataset (MP 2)
MP_524,Smt Satabdi Roy (Banerjee),West Bengal,BIRBHUM,Birbhum,Lok Sabha,147000000.0,2024-2025,Official Ministry Dataset (MP 2)
MP_525,Smt Supriya Sadanand Sule,Maharashtra,BARAMATI,Baramati,Lok Sabha,147000000.0,2024-2025,Official Ministry Dataset (MP 2)
MP_526,Smt Veena Devi,Bihar,VAISHALI,Vaishali,Lok Sabha,147000000.0,2024-2025,Official Ministry Dataset (MP 2)
MP_527,Sribharat MathuKumli,Andhra Pradesh,VISAKHAPATNAM,Visakhapatnam,Lok Sabha,164841922.0,2024-2025,Official Ministry Dataset (MP 2)
MP_528,SUDAMA PRASAD,Bihar,ARRAH,Arrah,Lok Sabha,147000000.0,2024-2025,Official Ministry Dataset (MP 2)
MP_529,SUDHA R,Tamil Nadu,MAYILADUTHURAI,Mayiladuthurai,Lok Sabha,147332315.1,2024-2025,Official Ministry Dataset (MP 2)
MP_530,SUDHAKAR SINGH,Bihar,BUXAR,Buxar,Lok Sabha,185211956.5,2024-2025,Official Ministry Dataset (MP 2)
MP_531,Sudip Bandyopadhyay,West Bengal,KOLKATA UTTAR,Kolkata Uttar,Lok Sabha,147000000.0,2024-2025,Official Ministry Dataset (MP 2)
MP_532,SUKANTA KUMAR PANIGRAHI,Odisha,KANDHAMAL,Kandhamal,Lok Sabha,190712424.1,2024-2025,Official Ministry Dataset (MP 2)
MP_533,SUKHDEO BHAGAT,Jharkhand,LOHARDAGA(ST),Lohardaga(St),Lok Sabha,171821957.1,2024-2025,Official Ministry Dataset (MP 2)
MP_534,SUKHJINDER SINGH RANDHAWA,Punjab,GURDASPUR,Gurdaspur,Lok Sabha,147000000.0,2024-2025,Official Ministry Dataset (MP 2)
MP_535,SUNIL BOSE,Karnataka,CHAMARAJANAGAR(SC),Chamarajanagar(Sc),Lok Sabha,147000000.0,2024-2025,Official Ministry Dataset (MP 2)
MP_536,Sunil Dattatray Tatkare,Maharashtra,RAIGAD,Raigad,Lok Sabha,147000000.0,2024-2025,Official Ministry Dataset (MP 2)
MP_537,Sunil Kumar,Bihar,VALMIKI NAGAR,Valmiki Nagar,Lok Sabha,147000000.0,2024-2025,Official Ministry Dataset (MP 2)
MP_538,SURENDRA PRASAD YADAV,Bihar,JAHANABAD,Jahanabad,Lok Sabha,155325714.0,2024-2025,Official Ministry Dataset (MP 2)
MP_539,SURESH GOPI,Kerala,THRISSUR,Thrissur,Lok Sabha,147000000.0,2024-2025,Official Ministry Dataset (MP 2)
MP_540,Suresh Kumar Kashyap,Himachal Pradesh,SHIMLA (SC),Shimla (Sc),Lok Sabha,153563957.1,2024-2025,Official Ministry Dataset (MP 2)
MP_541,SURESH KUMAR SHETKAR,Telangana,ZAHIRABAD,Zahirabad,Lok Sabha,147000000.0,2024-2025,Official Ministry Dataset (MP 2)
MP_542,Swami Sachchidanandhari Sakshi ji Maharaj,Uttar Pradesh,UNNAO,Unnao,Lok Sabha,147000000.0,2024-2025,Official Ministry Dataset (MP 2)
MP_543,T Sumathy (A) Thamizhachi Thangapandian,Tamil Nadu,CHENNAI SOUTH,Chennai South,Lok Sabha,147000000.0,2024-2025,Official Ministry Dataset (MP 2)
MP_544,TANGELLA UDAY SRINIVAS,Andhra Pradesh,KAKINADA,Kakinada,Lok Sabha,199417886.8,2024-2025,Official Ministry Dataset (MP 2)
MP_545,TANUJ PUNIA,Uttar Pradesh,BARABANKI(SC),Barabanki(Sc),Lok Sabha,148198170.1,2024-2025,Official Ministry Dataset (MP 2)
MP_546,Hon'ble Members of Parliaments,State,Constituency,Constituency,Lok Sabha,147000000.0,2024-2025,Official Ministry Dataset (MP 2)
MP_547,Hon'ble MP,Maharashtra,Constituency,Constituency,Lok Sabha,147000000.0,2024-2025,Official Ministry Dataset (MP 2)
MP_548,TARIQ ANWAR,Bihar,KATIHAR,Katihar,Lok Sabha,147000000.0,2024-2025,Official Ministry Dataset (MP 2)
MP_549,Thalikkottai Rajuthevar Baalu,Tamil Nadu,SRIPERUMBUDUR,Sriperumbudur,Lok Sabha,196905535.1,2024-2025,Official Ministry Dataset (MP 2)
MP_550,THANGA TAMILSELVAN,Tamil Nadu,THENI,Theni,Lok Sabha,147000000.0,2024-2025,Official Ministry Dataset (MP 2)
MP_551,THARANIVENTHAN M S,Tamil Nadu,ARANI,Arani,Lok Sabha,168337124.4,2024-2025,Official Ministry Dataset (MP 2)
MP_552,Thiru Dayanidhi Maran,Tamil Nadu,CHENNAI CENTRAL,Chennai Central,Lok Sabha,147000000.0,2024-2025,Official Ministry Dataset (MP 2)
MP_553,Thirumaa Valavan Thol,Tamil Nadu,CHIDAMBARAM(SC),Chidambaram(Sc),Lok Sabha,147000000.0,2024-2025,Official Ministry Dataset (MP 2)
MP_554,TOKHAN SAHU,Chhattisgarh,BILASPUR,Bilaspur,Lok Sabha,147000000.0,2024-2025,Official Ministry Dataset (MP 2)
MP_555,TRIVENDRA SINGH RAWAT,Uttarakhand,HARDWAR,Hardwar,Lok Sabha,147000000.0,2024-2025,Official Ministry Dataset (MP 2)
MP_556,UJJWAL RAMAN SINGH,Uttar Pradesh,ALLAHABAD,Allahabad,Lok Sabha,147000000.0,2024-2025,Official Ministry Dataset (MP 2)
MP_557,UMMEDA RAM BENIWAL,Rajasthan,BARMER,Barmer,Lok Sabha,147000000.0,2024-2025,Official Ministry Dataset (MP 2)
MP_558,UTKARSH VERMA MADHUR,Uttar Pradesh,KHERI,Kheri,Lok Sabha,147000000.0,2024-2025,Official Ministry Dataset (MP 2)
MP_559,V S Matheswaran,Tamil Nadu,NAMAKKAL,Namakkal,Lok Sabha,162539930.1,2024-2025,Official Ministry Dataset (MP 2)
MP_560,V. SOMANNA,Karnataka,TUMKUR,Tumkur,Lok Sabha,147000000.0,2024-2025,Official Ministry Dataset (MP 2)
MP_561,Vaithilingam Ve,Puducherry,Puducherry,Puducherry,Lok Sabha,209368972.1,2024-2025,Official Ministry Dataset (MP 2)
MP_562,VAMSI KRISHNA GADDAM,Telangana,PEDDAPALLE,Peddapalle,Lok Sabha,148451721.1,2024-2025,Official Ministry Dataset (MP 2)
MP_563,VARUN CHAUDHRY,Haryana,AMBALA (SC),Ambala (Sc),Lok Sabha,255454264.0,2024-2025,Official Ministry Dataset (MP 2)
MP_564,Vellalath Kochukrishnan Nair Sreekandan,Kerala,PALAKKAD,Palakkad,Lok Sabha,147000000.0,2024-2025,Official Ministry Dataset (MP 2)
MP_565,Vijay Baghel,Chhattisgarh,DURG,Durg,Lok Sabha,147000000.0,2024-2025,Official Ministry Dataset (MP 2)
MP_566,Vijay Kumar Dubey,Uttar Pradesh,KUSHI NAGAR,Kushi Nagar,Lok Sabha,148900000.0,2024-2025,Official Ministry Dataset (MP 2)
MP_567,Vijay Kumar Hansdak,Jharkhand,RAJMAHAL(ST),Rajmahal(St),Lok Sabha,147223957.1,2024-2025,Official Ministry Dataset (MP 2)
MP_568,VIJAYLAKSHMI DEVI,Bihar,SIWAN,Siwan,Lok Sabha,147000000.0,2024-2025,Official Ministry Dataset (MP 2)
MP_569,Vinod Chavda,Gujarat,KACHCHH(SC),Kachchh(Sc),Lok Sabha,147000000.0,2024-2025,Official Ministry Dataset (MP 2)
MP_570,VINOD KUMAR BIND,Uttar Pradesh,BHADOHI,Bhadohi,Lok Sabha,147000000.0,2024-2025,Official Ministry Dataset (MP 2)
MP_571,Virendra Kumar,Madhya Pradesh,TIKAMGARH(SC),Tikamgarh(Sc),Lok Sabha,147000000.0,2024-2025,Official Ministry Dataset (MP 2)
MP_572,VIRENDRA SINGH,Uttar Pradesh,CHANDAULI,Chandauli,Lok Sabha,147000000.0,2024-2025,Official Ministry Dataset (MP 2)
MP_573,VISHAL,Maharashtra,SANGLI,Sangli,Lok Sabha,147000000.0,2024-2025,Official Ministry Dataset (MP 2)
MP_574,Vishnu Dayal Ram,Jharkhand,PALAMU(SC),Palamu(Sc),Lok Sabha,158176083.1,2024-2025,Official Ministry Dataset (MP 2)
MP_575,Vishnu Dutt Sharma,Madhya Pradesh,KHAJURAHO,Khajuraho,Lok Sabha,147000000.0,2024-2025,Official Ministry Dataset (MP 2)
MP_576,VISHWESHWAR HEGDE KAGERI,Karnataka,UTTARA KANNADA,Uttara Kannada,Lok Sabha,147000000.0,2024-2025,Official Ministry Dataset (MP 2)
MP_577,VIVEK THAKUR,Bihar,NAWADA,Nawada,Lok Sabha,147000000.0,2024-2025,Official Ministry Dataset (MP 2)
MP_578,Hon'ble Members of Parliaments,State,Constituency,Constituency,Lok Sabha,147000000.0,2024-2025,Official Ministry Dataset (MP 2)
MP_579,Hon'ble MP,Maharashtra,Constituency,Constituency,Lok Sabha,147000000.0,2024-2025,Official Ministry Dataset (MP 2)
MP_580,Y S Avinash Reddy,Andhra Pradesh,KADAPA,Kadapa,Lok Sabha,156430260.1,2024-2025,Official Ministry Dataset (MP 2)
MP_581,YADUVEER KRISHNADATTA CHAMARAJA WADIYAR,Karnataka,MYSORE,Mysore,Lok Sabha,147000000.0,2024-2025,Official Ministry Dataset (MP 2)
MP_582,Yogendra Chandoliya,Delhi,NORTH WEST DELHI(SC),North West Delhi(Sc),Lok Sabha,147876307.0,2024-2025,Official Ministry Dataset (MP 2)
MP_583,ZIA UR REHMAN,Uttar Pradesh,SAMBHAL,Sambhal,Lok Sabha,147000000.0,2024-2025,Official Ministry Dataset (MP 2)
MP_584,Hon'ble MP,Maharashtra,Constituency,Constituency,Lok Sabha,83062104295.0,2024-2025,Official Ministry Dataset (MP 2)
MP_585,Hon'ble MP,Maharashtra,Constituency,Constituency,Lok Sabha,,2024-2025,Official Ministry Dataset (MP 2)
MP_586,Dr. Abhishek Manu Singhvi (2026-32) (2026-2032),Telangana,Telangana (Rajya Sabha),Telangana Central,Elected MP,49000000.0,2024-2025,Official Ministry Dataset (MP 3)
MP_587,Dr. Ajeet Madhavrao Gopchade (2024-30) (2024-2030),Maharashtra,Maharashtra (Rajya Sabha),Maharashtra Central,Elected MP,147000000.0,2024-2025,Official Ministry Dataset (MP 3)
MP_588,Dr. Alka Singh (2026-32) (2026-2032),Rajasthan,Rajasthan (Rajya Sabha),Rajasthan Central,Elected MP,49000000.0,2024-2025,Official Ministry Dataset (MP 3)
MP_589,Dr. Anil Sukhdeorao Bonde (2022-28) (2022-2028),Maharashtra,Maharashtra (Rajya Sabha),Maharashtra Central,Elected MP,196063957.1,2024-2025,Official Ministry Dataset (MP 3)
MP_590,Dr. Ashok Kumar Mittal (2022-28) (2022-2028),Punjab,Punjab (Rajya Sabha),Punjab Central,Elected MP,222487632.1,2024-2025,Official Ministry Dataset (MP 3)
MP_591,Dr. Bhim Singh (2024-30) (2024-2030),Bihar,Bihar (Rajya Sabha),Bihar Central,Elected MP,186200000.0,2024-2025,Official Ministry Dataset (MP 3)
MP_592,Dr. Dharmasthala Veerendra Heggade (2022-28) (2022-2028),Karnataka,Karnataka (Rajya Sabha),Karnataka Central,Nominated MP,196063957.1,2024-2025,Official Ministry Dataset (MP 3)
MP_593,Dr. Dharmshila Gupta (2024-30) (2024-2030),Bihar,Bihar (Rajya Sabha),Bihar Central,Elected MP,186200000.0,2024-2025,Official Ministry Dataset (MP 3)
MP_594,Dr. Dinesh Sharma (2023-26) (2023-2026),Uttar Pradesh,Uttar Pradesh (Rajya Sabha),Uttar Pradesh Central,Elected MP,147000000.0,2024-2025,Official Ministry Dataset (MP 3)
MP_595,Dr. Faiyaz Ahmad (2022-28) (2022-2028),Bihar,Bihar (Rajya Sabha),Bihar Central,Elected MP,235263957.1,2024-2025,Official Ministry Dataset (MP 3)
MP_596,Dr. John Brittas (2021-27) (2021-2027),Kerala,Kerala (Rajya Sabha),Kerala Central,Elected MP,245063957.1,2024-2025,Official Ministry Dataset (MP 3)
MP_597,Dr. Jyoti Nagnath Waghmare (2026-32) (2026-2032),Maharashtra,Maharashtra (Rajya Sabha),Maharashtra Central,Elected MP,49000000.0,2024-2025,Official Ministry Dataset (MP 3)
MP_598,Dr. K. Laxman (2022-28) (2022-2028),Uttar Pradesh,Uttar Pradesh (Rajya Sabha),Uttar Pradesh Central,Elected MP,197637007.1,2024-2025,Official Ministry Dataset (MP 3)
MP_599,Dr. Kalpana Saini (2022-28) (2022-2028),Uttarakhand,Uttarakhand (Rajya Sabha),Uttarakhand Central,Elected MP,200830405.8,2024-2025,Official Ministry Dataset (MP 3)
MP_600,Dr. Kavita Patidar (2022-28) (2022-2028),Madhya Pradesh,Madhya Pradesh (Rajya Sabha),Madhya Pradesh Central,Elected MP,197118521.4,2024-2025,Official Ministry Dataset (MP 3)
MP_601,Dr. L. Murugan (2024-30) (2024-2030),Madhya Pradesh,Madhya Pradesh (Rajya Sabha),Madhya Pradesh Central,Elected MP,147000000.0,2024-2025,Official Ministry Dataset (MP 3)
MP_602,Dr. Laxmikant Bajpayee (2022-28) (2022-2028),Uttar Pradesh,Uttar Pradesh (Rajya Sabha),Uttar Pradesh Central,Elected MP,196000000.0,2024-2025,Official Ministry Dataset (MP 3)
MP_603,Dr. M. Dhanapal (2025-31) (2025-2031),Tamil Nadu,Tamil Nadu (Rajya Sabha),Tamil Nadu Central,Elected MP,89248285.42,2024-2025,Official Ministry Dataset (MP 3)
MP_604,Dr. M. Thambi Durai (2026-32) (2026-2032),Tamil Nadu,Tamil Nadu (Rajya Sabha),Tamil Nadu Central,Elected MP,49356476.5,2024-2025,Official Ministry Dataset (MP 3)
MP_605,Dr. Medha Vishram Kulkarni (2024-30) (2024-2030),Maharashtra,Maharashtra (Rajya Sabha),Maharashtra Central,Elected MP,147000000.0,2024-2025,Official Ministry Dataset (MP 3)
MP_606,Dr. Meenakshi Jain (2025-31) (2025-2031),Delhi,Delhi (Rajya Sabha),Delhi Central,Nominated MP,73500000.0,2024-2025,Official Ministry Dataset (MP 3)
MP_607,Dr. Mukeshbhai J. Rathwa (2026-32) (2026-2032),Gujarat,Gujarat (Rajya Sabha),Gujarat Central,Elected MP,49000000.0,2024-2025,Official Ministry Dataset (MP 3)
MP_608,Dr. Parmar Jashvantsinh Salamsinh (2024-30) (2024-2030),Gujarat,Gujarat (Rajya Sabha),Gujarat Central,Elected MP,147000000.0,2024-2025,Official Ministry Dataset (MP 3)
MP_609,Dr. Radha Mohan Das Agrawal (2022-28) (2022-2028),Uttar Pradesh,Uttar Pradesh (Rajya Sabha),Uttar Pradesh Central,Elected MP,203626524.7,2024-2025,Official Ministry Dataset (MP 3)
MP_610,Dr. Sandeep Kumar Pathak (2022-28) (2022-2028),Punjab,Punjab (Rajya Sabha),Punjab Central,Elected MP,232203454.2,2024-2025,Official Ministry Dataset (MP 3)
MP_611,Dr. Sangeeta Balwant (2024-30) (2024-2030),Uttar Pradesh,Uttar Pradesh (Rajya Sabha),Uttar Pradesh Central,Elected MP,147000000.0,2024-2025,Official Ministry Dataset (MP 3)
MP_612,Dr. Santrupt Misra (2026-32) (2026-2032),Odisha,Odisha (Rajya Sabha),Odisha Central,Elected MP,49000000.0,2024-2025,Official Ministry Dataset (MP 3)
MP_613,Dr. Sarfraz Ahmad (2024-30) (2024-2030),Jharkhand,Jharkhand (Rajya Sabha),Jharkhand Central,Elected MP,178564551.1,2024-2025,Official Ministry Dataset (MP 3)
MP_614,Dr. Sasmit Patra (2022-28) (2022-2028),Odisha,Odisha (Rajya Sabha),Odisha Central,Elected MP,196063957.1,2024-2025,Official Ministry Dataset (MP 3)
MP_615,Hon'ble Members of Parliament,State,State (Rajya Sabha),State Central,Elected/Nominated,147000000.0,2024-2025,Official Ministry Dataset (MP 3)
MP_616,Dr. Satish Poonia (2026-32) (2026-2032),Rajasthan,Rajasthan (Rajya Sabha),Rajasthan Central,Elected MP,49000000.0,2024-2025,Official Ministry Dataset (MP 3)
MP_617,Dr. Sikander Kumar (2022-28) (2022-2028),Himachal Pradesh,Himachal Pradesh (Rajya Sabha),Himachal Pradesh Central,Elected MP,207863957.1,2024-2025,Official Ministry Dataset (MP 3)
MP_618,Dr. Sudhanshu Trivedi (2024-30) (2024-2030),Uttar Pradesh,Uttar Pradesh (Rajya Sabha),Uttar Pradesh Central,Elected MP,147000000.0,2024-2025,Official Ministry Dataset (MP 3)
MP_619,Dr. Syed Naseer Hussain (2024-30) (2024-2030),Karnataka,Karnataka (Rajya Sabha),Karnataka Central,Elected MP,147000000.0,2024-2025,Official Ministry Dataset (MP 3)
MP_620,Dr. V. Sivadasan (2021-27) (2021-2027),Kerala,Kerala (Rajya Sabha),Kerala Central,Elected MP,276720323.3,2024-2025,Official Ministry Dataset (MP 3)
MP_621,Dr. Vikramjit Singh Sahney (2022-28) (2022-2028),Punjab,Punjab (Rajya Sabha),Punjab Central,Elected MP,198656208.6,2024-2025,Official Ministry Dataset (MP 3)
MP_622,Ms. Dola Sen (2023-29) (2023-2029),West Bengal,West Bengal (Rajya Sabha),West Bengal Central,Elected MP,171500000.0,2024-2025,Official Ministry Dataset (MP 3)
MP_623,Ms. Swati Maliwal (2024-30) (2024-2030),Delhi,Delhi (Rajya Sabha),Delhi Central,Elected MP,147000000.0,2024-2025,Official Ministry Dataset (MP 3)
MP_624,Prof. Manoj Kumar Jha (2024-30) (2024-2030),Bihar,Bihar (Rajya Sabha),Bihar Central,Elected MP,191620112.1,2024-2025,Official Ministry Dataset (MP 3)
MP_625,Prof. Ram Gopal Yadav (2020-26) (2020-2026),Uttar Pradesh,Uttar Pradesh (Rajya Sabha),Uttar Pradesh Central,Elected MP,221271395.1,2024-2025,Official Ministry Dataset (MP 3)
MP_626,Shri A. A. Rahim (2022-28) (2022-2028),Kerala,Kerala (Rajya Sabha),Kerala Central,Elected MP,220563957.1,2024-2025,Official Ministry Dataset (MP 3)
MP_627,Shri Abdul Wahab (2021-27) (2021-2027),Kerala,Kerala (Rajya Sabha),Kerala Central,Elected MP,310898953.3,2024-2025,Official Ministry Dataset (MP 3)
MP_628,Shri Aditya Prasad (2022-28) (2022-2028),Jharkhand,Jharkhand (Rajya Sabha),Jharkhand Central,Elected MP,227628508.2,2024-2025,Official Ministry Dataset (MP 3)
MP_629,Shri Ajay Makan (2024-30) (2024-2030),Karnataka,Karnataka (Rajya Sabha),Karnataka Central,Elected MP,147000000.0,2024-2025,Official Ministry Dataset (MP 3)
MP_630,Shri Akhilesh Prasad Singh (2024-30) (2024-2030),Bihar,Bihar (Rajya Sabha),Bihar Central,Elected MP,186200000.0,2024-2025,Official Ministry Dataset (MP 3)
MP_631,Shri Amar Pal Maurya (2024-30) (2024-2030),Uttar Pradesh,Uttar Pradesh (Rajya Sabha),Uttar Pradesh Central,Elected MP,147000000.0,2024-2025,Official Ministry Dataset (MP 3)
MP_632,Shri Anil Kumar Yadav Mandadi (2024-30) (2024-2030),Telangana,Telangana (Rajya Sabha),Telangana Central,Elected MP,147000000.0,2024-2025,Official Ministry Dataset (MP 3)
MP_633,Shri Anurag Sharma (2026-32) (2026-2032),Himachal Pradesh,Himachal Pradesh (Rajya Sabha),Himachal Pradesh Central,Elected MP,49000000.0,2024-2025,Official Ministry Dataset (MP 3)
MP_634,Shri Arun Singh (2020-26) (2020-2026),Uttar Pradesh,Uttar Pradesh (Rajya Sabha),Uttar Pradesh Central,Elected MP,223492764.1,2024-2025,Official Ministry Dataset (MP 3)
MP_635,Shri Ashok Singh (2024-30) (2024-2030),Madhya Pradesh,Madhya Pradesh (Rajya Sabha),Madhya Pradesh Central,Elected MP,147000000.0,2024-2025,Official Ministry Dataset (MP 3)
MP_636,Shri Ashokrao Shankarrao Chavan (2024-30) (2024-2030),Maharashtra,Maharashtra (Rajya Sabha),Maharashtra Central,Elected MP,147000000.0,2024-2025,Official Ministry Dataset (MP 3)
MP_637,Shri Ashwini Vaishnaw (2024-30) (2024-2030),Odisha,Odisha (Rajya Sabha),Odisha Central,Elected MP,265563957.1,2024-2025,Official Ministry Dataset (MP 3)
MP_638,Shri B. Parthasaradhi Reddy (2022-28) (2022-2028),Telangana,Telangana (Rajya Sabha),Telangana Central,Elected MP,244365104.0,2024-2025,Official Ministry Dataset (MP 3)
MP_639,Shri B.L. Verma (2020-26) (2020-2026),Uttar Pradesh,Uttar Pradesh (Rajya Sabha),Uttar Pradesh Central,Elected MP,196063957.1,2024-2025,Official Ministry Dataset (MP 3)
MP_640,Shri Babubhai Jesangbhai Desai (2023-29) (2023-2029),Gujarat,Gujarat (Rajya Sabha),Gujarat Central,Elected MP,171500000.0,2024-2025,Official Ministry Dataset (MP 3)
MP_641,Shri Baburam Nishad (2022-28) (2022-2028),Uttar Pradesh,Uttar Pradesh (Rajya Sabha),Uttar Pradesh Central,Elected MP,196063957.1,2024-2025,Official Ministry Dataset (MP 3)
MP_642,Shri Balyogi Umeshnath (2024-30) (2024-2030),Madhya Pradesh,Madhya Pradesh (Rajya Sabha),Madhya Pradesh Central,Elected MP,147000000.0,2024-2025,Official Ministry Dataset (MP 3)
MP_643,Shri Banshilal Gurjar (2024-30) (2024-2030),Madhya Pradesh,Madhya Pradesh (Rajya Sabha),Madhya Pradesh Central,Elected MP,147000000.0,2024-2025,Official Ministry Dataset (MP 3)
MP_644,Shri Bhashyam Rama Krishna (2026-32) (2026-2032),Andhra Pradesh,Andhra Pradesh (Rajya Sabha),Andhra Pradesh Central,Elected MP,49000000.0,2024-2025,Official Ministry Dataset (MP 3)
MP_645,Shri Birendra Prasad Baishya (2025-31) (2025-2031),Assam,Assam (Rajya Sabha),Assam Central,Elected MP,98000000.0,2024-2025,Official Ministry Dataset (MP 3)
MP_646,Shri Brij Lal (2020-26) (2020-2026),Uttar Pradesh,Uttar Pradesh (Rajya Sabha),Uttar Pradesh Central,Elected MP,196063957.1,2024-2025,Official Ministry Dataset (MP 3)
MP_647,Hon'ble Members of Parliament,State,State (Rajya Sabha),State Central,Elected/Nominated,147000000.0,2024-2025,Official Ministry Dataset (MP 3)
MP_648,Shri C. Sadanandan Master (2025-31) (2025-2031),Kerala,Kerala (Rajya Sabha),Kerala Central,Nominated MP,73500000.0,2024-2025,Official Ministry Dataset (MP 3)
MP_649,Shri Chandrakant Damodar Handore (2024-30) (2024-2030),Maharashtra,Maharashtra (Rajya Sabha),Maharashtra Central,Elected MP,147000000.0,2024-2025,Official Ministry Dataset (MP 3)
MP_650,Shri Chowdry Mohammad Ramzan (2025-31) (2025-2031),Jammu And Kashmir,Jammu And Kashmir (Rajya Sabha),Jammu And Kashmir Central,Elected MP,73500000.0,2024-2025,Official Ministry Dataset (MP 3)
MP_651,Shri Christopher Manickam (2026-32) (2026-2032),Tamil Nadu,Tamil Nadu (Rajya Sabha),Tamil Nadu Central,Elected MP,49356476.5,2024-2025,Official Ministry Dataset (MP 3)
MP_652,Shri Chunnilal Garasiya (2024-30) (2024-2030),Rajasthan,Rajasthan (Rajya Sabha),Rajasthan Central,Elected MP,147000000.0,2024-2025,Official Ministry Dataset (MP 3)
MP_653,Shri Constandine Ravindran (2026-32) (2026-2032),Tamil Nadu,Tamil Nadu (Rajya Sabha),Tamil Nadu Central,Elected MP,49356476.5,2024-2025,Official Ministry Dataset (MP 3)
MP_654,Shri Damodar Rao Divakonda (2022-28) (2022-2028),Telangana,Telangana (Rajya Sabha),Telangana Central,Elected MP,239919406.1,2024-2025,Official Ministry Dataset (MP 3)
MP_655,Shri Derek O' Brien (2023-29) (2023-2029),West Bengal,West Bengal (Rajya Sabha),West Bengal Central,Elected MP,171500000.0,2024-2025,Official Ministry Dataset (MP 3)
MP_656,Shri Devendra Pratap Singh (2024-30) (2024-2030),Chhattisgarh,Chhattisgarh (Rajya Sabha),Chhattisgarh Central,Elected MP,170837637.8,2024-2025,Official Ministry Dataset (MP 3)
MP_657,Shri Dhananjay Bhimrao Mahadik (2022-28) (2022-2028),Maharashtra,Maharashtra (Rajya Sabha),Maharashtra Central,Elected MP,220383643.1,2024-2025,Official Ministry Dataset (MP 3)
MP_658,Shri Dilip Kumar Ray (2026-32) (2026-2032),Odisha,Odisha (Rajya Sabha),Odisha Central,Elected MP,49000000.0,2024-2025,Official Ministry Dataset (MP 3)
MP_659,Shri Dorjee Tshering Lepcha (2024-30) (2024-2030),Sikkim,Sikkim (Rajya Sabha),Sikkim Central,Elected MP,150170726.1,2024-2025,Official Ministry Dataset (MP 3)
MP_660,Shri G.C. Chandrashekhar (2024-30) (2024-2030),Karnataka,Karnataka (Rajya Sabha),Karnataka Central,Elected MP,147000000.0,2024-2025,Official Ministry Dataset (MP 3)
MP_661,Shri Ghanshyam Tiwari (2022-28) (2022-2028),Rajasthan,Rajasthan (Rajya Sabha),Rajasthan Central,Elected MP,196063957.1,2024-2025,Official Ministry Dataset (MP 3)
MP_662,Shri Golla Baburao (2024-30) (2024-2030),Andhra Pradesh,Andhra Pradesh (Rajya Sabha),Andhra Pradesh Central,Elected MP,147000000.0,2024-2025,Official Ministry Dataset (MP 3)
MP_663,Shri Govindbhai Laljibhai Dholakia (2024-30) (2024-2030),Gujarat,Gujarat (Rajya Sabha),Gujarat Central,Elected MP,147000000.0,2024-2025,Official Ministry Dataset (MP 3)
MP_664,Shri Gulam Ali (2022-28) (2022-2028),Jammu And Kashmir,Jammu And Kashmir (Rajya Sabha),Jammu And Kashmir Central,Nominated MP,196063957.1,2024-2025,Official Ministry Dataset (MP 3)
MP_665,Shri Gurwinder Singh Oberoi (2025-31) (2025-2031),Jammu And Kashmir,Jammu And Kashmir (Rajya Sabha),Jammu And Kashmir Central,Elected MP,73500000.0,2024-2025,Official Ministry Dataset (MP 3)
MP_666,Shri Harbhajan Singh (2022-28) (2022-2028),Punjab,Punjab (Rajya Sabha),Punjab Central,Elected MP,220984094.3,2024-2025,Official Ministry Dataset (MP 3)
MP_667,Shri Hardeep Singh Puri (2020-26) (2020-2026),Uttar Pradesh,Uttar Pradesh (Rajya Sabha),Uttar Pradesh Central,Elected MP,226801049.1,2024-2025,Official Ministry Dataset (MP 3)
MP_668,Shri Haris Beeran (2024-30) (2024-2030),Kerala,Kerala (Rajya Sabha),Kerala Central,Elected MP,122500000.0,2024-2025,Official Ministry Dataset (MP 3)
MP_669,Shri Harsh Mahajan (2024-30) (2024-2030),Himachal Pradesh,Himachal Pradesh (Rajya Sabha),Himachal Pradesh Central,Elected MP,147000000.0,2024-2025,Official Ministry Dataset (MP 3)
MP_670,Shri Harsh Vardhan Shringla (2025-31) (2025-2031),West Bengal,West Bengal (Rajya Sabha),West Bengal Central,Nominated MP,73500000.0,2024-2025,Official Ministry Dataset (MP 3)
MP_671,Shri I.S. Inbadurai (2025-31) (2025-2031),Tamil Nadu,Tamil Nadu (Rajya Sabha),Tamil Nadu Central,Elected MP,89248285.42,2024-2025,Official Ministry Dataset (MP 3)
MP_672,Shri Ilaiyaraaja (2022-28) (2022-2028),Tamil Nadu,Tamil Nadu (Rajya Sabha),Tamil Nadu Central,Nominated MP,220563957.1,2024-2025,Official Ministry Dataset (MP 3)
MP_673,Shri Imran Pratapgarhi (2022-28) (2022-2028),Maharashtra,Maharashtra (Rajya Sabha),Maharashtra Central,Elected MP,196000000.0,2024-2025,Official Ministry Dataset (MP 3)
MP_674,Shri Jagat Prakash Nadda (2024-30) (2024-2030),Gujarat,Gujarat (Rajya Sabha),Gujarat Central,Elected MP,147000000.0,2024-2025,Official Ministry Dataset (MP 3)
MP_675,Shri Jaggesh (2022-28) (2022-2028),Karnataka,Karnataka (Rajya Sabha),Karnataka Central,Elected MP,196063957.1,2024-2025,Official Ministry Dataset (MP 3)
MP_676,Shri Jairam Ramesh (2022-28) (2022-2028),Karnataka,Karnataka (Rajya Sabha),Karnataka Central,Elected MP,220563957.1,2024-2025,Official Ministry Dataset (MP 3)
MP_677,Shri James Pangsang Kongkal Sangma (2026-32) (2026-2032),Meghalaya,Meghalaya (Rajya Sabha),Meghalaya Central,Elected MP,49000000.0,2024-2025,Official Ministry Dataset (MP 3)
MP_678,Shri Javed Ali Khan (2022-28) (2022-2028),Uttar Pradesh,Uttar Pradesh (Rajya Sabha),Uttar Pradesh Central,Elected MP,196063957.1,2024-2025,Official Ministry Dataset (MP 3)
MP_679,Hon'ble Members of Parliament,State,State (Rajya Sabha),State Central,Elected/Nominated,147000000.0,2024-2025,Official Ministry Dataset (MP 3)
MP_680,Shri Jayant Chaudhary (2022-28) (2022-2028),Uttar Pradesh,Uttar Pradesh (Rajya Sabha),Uttar Pradesh Central,Elected MP,214074707.7,2024-2025,Official Ministry Dataset (MP 3)
MP_681,Shri Jogen Mohan (2026-32) (2026-2032),Assam,Assam (Rajya Sabha),Assam Central,Elected MP,49000000.0,2024-2025,Official Ministry Dataset (MP 3)
MP_682,Shri Jose K. Mani (2024-30) (2024-2030),Kerala,Kerala (Rajya Sabha),Kerala Central,Elected MP,122500000.0,2024-2025,Official Ministry Dataset (MP 3)
MP_683,Shri K.R.N. Rajeshkumar (2022-28) (2022-2028),Tamil Nadu,Tamil Nadu (Rajya Sabha),Tamil Nadu Central,Elected MP,238513975.5,2024-2025,Official Ministry Dataset (MP 3)
MP_684,Shri Kamal Haasan (2025-31) (2025-2031),Tamil Nadu,Tamil Nadu (Rajya Sabha),Tamil Nadu Central,Elected MP,89248285.42,2024-2025,Official Ministry Dataset (MP 3)
MP_685,Shri Kanad Purkayastha (2025-31) (2025-2031),Assam,Assam (Rajya Sabha),Assam Central,Elected MP,98000000.0,2024-2025,Official Ministry Dataset (MP 3)
MP_686,Shri Kapil Sibal (2022-28) (2022-2028),Uttar Pradesh,Uttar Pradesh (Rajya Sabha),Uttar Pradesh Central,Elected MP,196063957.1,2024-2025,Official Ministry Dataset (MP 3)
MP_687,Shri Karamvir Singh Singh Boudh (2026-32) (2026-2032),Haryana,Haryana (Rajya Sabha),Haryana Central,Elected MP,49000000.0,2024-2025,Official Ministry Dataset (MP 3)
MP_688,Shri Kartikeya Sharma (2022-28) (2022-2028),Haryana,Haryana (Rajya Sabha),Haryana Central,Elected MP,196000000.0,2024-2025,Official Ministry Dataset (MP 3)
MP_689,Shri Kesridevsinh Jhala (2023-29) (2023-2029),Gujarat,Gujarat (Rajya Sabha),Gujarat Central,Elected MP,171500000.0,2024-2025,Official Ministry Dataset (MP 3)
MP_690,Shri Khiangte Laltluangkima (2026-32) (2026-2032),Mizoram,Mizoram (Rajya Sabha),Mizoram Central,Elected MP,24500000.0,2024-2025,Official Ministry Dataset (MP 3)
MP_691,Shri Khiru Mahto (2022-28) (2022-2028),Bihar,Bihar (Rajya Sabha),Bihar Central,Elected MP,235770091.8,2024-2025,Official Ministry Dataset (MP 3)
MP_692,Shri L. K. Sudhish (2026-32) (2026-2032),Tamil Nadu,Tamil Nadu (Rajya Sabha),Tamil Nadu Central,Elected MP,49356476.5,2024-2025,Official Ministry Dataset (MP 3)
MP_693,Shri Lahar Singh Siroya (2022-28) (2022-2028),Karnataka,Karnataka (Rajya Sabha),Karnataka Central,Elected MP,206278088.1,2024-2025,Official Ministry Dataset (MP 3)
MP_694,Shri Lingamaneni Ramesh (2026-32) (2026-2032),Andhra Pradesh,Andhra Pradesh (Rajya Sabha),Andhra Pradesh Central,Elected MP,49000000.0,2024-2025,Official Ministry Dataset (MP 3)
MP_695,Shri M. Nagaraja (2026-32) (2026-2032),Karnataka,Karnataka (Rajya Sabha),Karnataka Central,Elected MP,49000000.0,2024-2025,Official Ministry Dataset (MP 3)
MP_696,Shri Madan Rathore (2024-30) (2024-2030),Rajasthan,Rajasthan (Rajya Sabha),Rajasthan Central,Elected MP,147000000.0,2024-2025,Official Ministry Dataset (MP 3)
MP_697,Shri Mahendra Bhatt (2024-30) (2024-2030),Uttarakhand,Uttarakhand (Rajya Sabha),Uttarakhand Central,Elected MP,147000000.0,2024-2025,Official Ministry Dataset (MP 3)
MP_698,Shri Mallikarjun Kharge (2026-32) (2026-2032),Karnataka,Karnataka (Rajya Sabha),Karnataka Central,Elected MP,49063957.11,2024-2025,Official Ministry Dataset (MP 3)
MP_699,Shri Manan Kumar Mishra (2024-28) (2024-2028),Bihar,Bihar (Rajya Sabha),Bihar Central,Elected MP,235263957.1,2024-2025,Official Ministry Dataset (MP 3)
MP_700,Shri Manas Ranjan Mangaraj (2022-28) (2022-2028),Odisha,Odisha (Rajya Sabha),Odisha Central,Elected MP,196063957.1,2024-2025,Official Ministry Dataset (MP 3)
MP_701,Shri Mansoor Ali Khan (2026-32) (2026-2032),Karnataka,Karnataka (Rajya Sabha),Karnataka Central,Elected MP,49000000.0,2024-2025,Official Ministry Dataset (MP 3)
MP_702,Shri Masthan Rao Yadav Beedha (2024-28) (2024-2028),Andhra Pradesh,Andhra Pradesh (Rajya Sabha),Andhra Pradesh Central,Elected MP,171296045.1,2024-2025,Official Ministry Dataset (MP 3)
MP_703,Shri Mayankkumar Nayak (2024-30) (2024-2030),Gujarat,Gujarat (Rajya Sabha),Gujarat Central,Elected MP,147000000.0,2024-2025,Official Ministry Dataset (MP 3)
MP_704,Shri Meda Raghunadha Reddy (2024-30) (2024-2030),Andhra Pradesh,Andhra Pradesh (Rajya Sabha),Andhra Pradesh Central,Elected MP,147000000.0,2024-2025,Official Ministry Dataset (MP 3)
MP_705,Shri Milind Murli Deora (2024-30) (2024-2030),Maharashtra,Maharashtra (Rajya Sabha),Maharashtra Central,Elected MP,147000000.0,2024-2025,Official Ministry Dataset (MP 3)
MP_706,Shri Mithlesh Kumar (2022-28) (2022-2028),Uttar Pradesh,Uttar Pradesh (Rajya Sabha),Uttar Pradesh Central,Elected MP,196063957.1,2024-2025,Official Ministry Dataset (MP 3)
MP_707,Shri Mohammed Nadimul Haque (2024-30) (2024-2030),West Bengal,West Bengal (Rajya Sabha),West Bengal Central,Elected MP,147000000.0,2024-2025,Official Ministry Dataset (MP 3)
MP_708,Shri Mukul Wasnik (2022-28) (2022-2028),Rajasthan,Rajasthan (Rajya Sabha),Rajasthan Central,Elected MP,196063957.1,2024-2025,Official Ministry Dataset (MP 3)
MP_709,Shri Nagendra Ray (2023-29) (2023-2029),West Bengal,West Bengal (Rajya Sabha),West Bengal Central,Elected MP,171500000.0,2024-2025,Official Ministry Dataset (MP 3)
MP_710,Shri Narain Dass Gupta (2024-30) (2024-2030),Delhi,Delhi (Rajya Sabha),Delhi Central,Elected MP,160837070.0,2024-2025,Official Ministry Dataset (MP 3)
MP_711,Hon'ble Members of Parliament,State,State (Rajya Sabha),State Central,Elected/Nominated,147000000.0,2024-2025,Official Ministry Dataset (MP 3)
MP_712,Shri Narayanasa K. Bhandage (2024-30) (2024-2030),Karnataka,Karnataka (Rajya Sabha),Karnataka Central,Elected MP,147450000.0,2024-2025,Official Ministry Dataset (MP 3)
MP_713,Shri Naresh Bansal (2020-26) (2020-2026),Uttarakhand,Uttarakhand (Rajya Sabha),Uttarakhand Central,Elected MP,222043184.7,2024-2025,Official Ministry Dataset (MP 3)
MP_714,Shri Naveen Jain (2024-30) (2024-2030),Uttar Pradesh,Uttar Pradesh (Rajya Sabha),Uttar Pradesh Central,Elected MP,147000000.0,2024-2025,Official Ministry Dataset (MP 3)
MP_715,Shri Neeraj Dangi (2026-32) (2026-2032),Rajasthan,Rajasthan (Rajya Sabha),Rajasthan Central,Elected MP,49000000.0,2024-2025,Official Ministry Dataset (MP 3)
MP_716,Shri Neeraj Shekhar (2020-26) (2020-2026),Uttar Pradesh,Uttar Pradesh (Rajya Sabha),Uttar Pradesh Central,Elected MP,236483662.1,2024-2025,Official Ministry Dataset (MP 3)
MP_717,Shri Nitin Laxmanrao Jadhav Patil (2024-28) (2024-2028),Maharashtra,Maharashtra (Rajya Sabha),Maharashtra Central,Elected MP,122500000.0,2024-2025,Official Ministry Dataset (MP 3)
MP_718,Shri Nitin Nabin (2026-32) (2026-2032),Bihar,Bihar (Rajya Sabha),Bihar Central,Elected MP,49000000.0,2024-2025,Official Ministry Dataset (MP 3)
MP_719,Shri P. Chidambaram (2022-28) (2022-2028),Tamil Nadu,Tamil Nadu (Rajya Sabha),Tamil Nadu Central,Elected MP,236312242.5,2024-2025,Official Ministry Dataset (MP 3)
MP_720,Shri P. P. Suneer (2024-30) (2024-2030),Kerala,Kerala (Rajya Sabha),Kerala Central,Elected MP,122500000.0,2024-2025,Official Ministry Dataset (MP 3)
MP_721,Shri P. Wilson (2025-31) (2025-2031),Tamil Nadu,Tamil Nadu (Rajya Sabha),Tamil Nadu Central,Elected MP,89248285.42,2024-2025,Official Ministry Dataset (MP 3)
MP_722,Shri Pabitra Margherita (2022-28) (2022-2028),Assam,Assam (Rajya Sabha),Assam Central,Elected MP,220563957.1,2024-2025,Official Ministry Dataset (MP 3)
MP_723,Shri Paka Venkata Satyanarayana (2025-28) (2025-2028),Andhra Pradesh,Andhra Pradesh (Rajya Sabha),Andhra Pradesh Central,Elected MP,98000000.0,2024-2025,Official Ministry Dataset (MP 3)
MP_724,Shri Pradip Kumar Varma (2024-30) (2024-2030),Jharkhand,Jharkhand (Rajya Sabha),Jharkhand Central,Elected MP,178564551.1,2024-2025,Official Ministry Dataset (MP 3)
MP_725,Shri Praful Patel (2024-30) (2024-2030),Maharashtra,Maharashtra (Rajya Sabha),Maharashtra Central,Elected MP,147000000.0,2024-2025,Official Ministry Dataset (MP 3)
MP_726,Shri Prakash Chik Baraik (2026-29) (2026-2029),West Bengal,West Bengal (Rajya Sabha),West Bengal Central,Elected MP,49662892.0,2024-2025,Official Ministry Dataset (MP 3)
MP_727,Shri Pramod Boro (2026-32) (2026-2032),Assam,Assam (Rajya Sabha),Assam Central,Elected MP,49000000.0,2024-2025,Official Ministry Dataset (MP 3)
MP_728,Shri Pramod Tiwari (2022-28) (2022-2028),Rajasthan,Rajasthan (Rajya Sabha),Rajasthan Central,Elected MP,196063957.1,2024-2025,Official Ministry Dataset (MP 3)
MP_729,Shri Praveen Chakravarthy (2026-28) (2026-2028),Tamil Nadu,Tamil Nadu (Rajya Sabha),Tamil Nadu Central,Elected MP,49000000.0,2024-2025,Official Ministry Dataset (MP 3)
MP_730,Shri R. Dharmar (2022-28) (2022-2028),Tamil Nadu,Tamil Nadu (Rajya Sabha),Tamil Nadu Central,Elected MP,260812242.5,2024-2025,Official Ministry Dataset (MP 3)
MP_731,Shri R. Girirajan (2022-28) (2022-2028),Tamil Nadu,Tamil Nadu (Rajya Sabha),Tamil Nadu Central,Elected MP,236312242.5,2024-2025,Official Ministry Dataset (MP 3)
MP_732,Shri Raghav Chadha (2022-28) (2022-2028),Punjab,Punjab (Rajya Sabha),Punjab Central,Elected MP,237229207.3,2024-2025,Official Ministry Dataset (MP 3)
MP_733,Shri Rajeev Kumar (2026-32) (2026-2032),West Bengal,West Bengal (Rajya Sabha),West Bengal Central,Elected MP,49000000.0,2024-2025,Official Ministry Dataset (MP 3)
MP_734,Shri Rajeev Shukla (2022-28) (2022-2028),Chhattisgarh,Chhattisgarh (Rajya Sabha),Chhattisgarh Central,Elected MP,271174394.2,2024-2025,Official Ministry Dataset (MP 3)
MP_735,Shri Rajib Bhattacharjee (2024-28) (2024-2028),Tripura,Tripura (Rajya Sabha),Tripura Central,Elected MP,122500000.0,2024-2025,Official Ministry Dataset (MP 3)
MP_736,Shri Rajinder Gupta (2025-28) (2025-2028),Punjab,Punjab (Rajya Sabha),Punjab Central,Elected MP,49000000.0,2024-2025,Official Ministry Dataset (MP 3)
MP_737,Shri Rajneesh Kumar Agrawal (2026-32) (2026-2032),Madhya Pradesh,Madhya Pradesh (Rajya Sabha),Madhya Pradesh Central,Elected MP,49000000.0,2024-2025,Official Ministry Dataset (MP 3)
MP_738,Shri Ram Nath Thakur (2026-32) (2026-2032),Bihar,Bihar (Rajya Sabha),Bihar Central,Elected MP,65673638.73,2024-2025,Official Ministry Dataset (MP 3)
MP_739,Shri Ramji (2020-26) (2020-2026),Uttar Pradesh,Uttar Pradesh (Rajya Sabha),Uttar Pradesh Central,Elected MP,174518577.1,2024-2025,Official Ministry Dataset (MP 3)
MP_740,Shri Ramji Lal Suman (2024-30) (2024-2030),Uttar Pradesh,Uttar Pradesh (Rajya Sabha),Uttar Pradesh Central,Elected MP,147000000.0,2024-2025,Official Ministry Dataset (MP 3)
MP_741,Shri Ramrao Sakharam Wadkute (2026-32) (2026-2032),Maharashtra,Maharashtra (Rajya Sabha),Maharashtra Central,Elected MP,49000000.0,2024-2025,Official Ministry Dataset (MP 3)
MP_742,Shri Randeep Singh Surjewala (2022-28) (2022-2028),Rajasthan,Rajasthan (Rajya Sabha),Rajasthan Central,Elected MP,196063957.1,2024-2025,Official Ministry Dataset (MP 3)
MP_743,Hon'ble Members of Parliament,State,State (Rajya Sabha),State Central,Elected/Nominated,147000000.0,2024-2025,Official Ministry Dataset (MP 3)
MP_744,Shri Ratanjit Pratap Narain Singh (2024-30) (2024-2030),Uttar Pradesh,Uttar Pradesh (Rajya Sabha),Uttar Pradesh Central,Elected MP,147000000.0,2024-2025,Official Ministry Dataset (MP 3)
MP_745,Shri Ravi Chandra Vaddiraju (2024-30) (2024-2030),Telangana,Telangana (Rajya Sabha),Telangana Central,Elected MP,152732534.1,2024-2025,Official Ministry Dataset (MP 3)
MP_746,Shri Rwngwra Narzary (2022-28) (2022-2028),Assam,Assam (Rajya Sabha),Assam Central,Elected MP,220563957.1,2024-2025,Official Ministry Dataset (MP 3)
MP_747,Shri Ryaga Krishnaiah (2024-28) (2024-2028),Andhra Pradesh,Andhra Pradesh (Rajya Sabha),Andhra Pradesh Central,Elected MP,170413583.8,2024-2025,Official Ministry Dataset (MP 3)
MP_748,Shri S Niranjan Reddy (2022-28) (2022-2028),Andhra Pradesh,Andhra Pradesh (Rajya Sabha),Andhra Pradesh Central,Elected MP,224621383.1,2024-2025,Official Ministry Dataset (MP 3)
MP_749,Shri S. Jaishankar (2023-29) (2023-2029),Gujarat,Gujarat (Rajya Sabha),Gujarat Central,Elected MP,171500000.0,2024-2025,Official Ministry Dataset (MP 3)
MP_750,Shri S. Kalyanasundaram (2022-28) (2022-2028),Tamil Nadu,Tamil Nadu (Rajya Sabha),Tamil Nadu Central,Elected MP,239763792.5,2024-2025,Official Ministry Dataset (MP 3)
MP_751,Shri S. Selvaganabathy (2021-27) (2021-2027),Puducherry,Puducherry (Rajya Sabha),Puducherry Central,Elected MP,292881856.5,2024-2025,Official Ministry Dataset (MP 3)
MP_752,Shri S.R. Sivalingam (2025-31) (2025-2031),Tamil Nadu,Tamil Nadu (Rajya Sabha),Tamil Nadu Central,Elected MP,89248285.42,2024-2025,Official Ministry Dataset (MP 3)
MP_753,Shri Sadanand Mhalu Shet Tanavade (2023-29) (2023-2029),Goa,Goa (Rajya Sabha),Goa Central,Elected MP,171500000.0,2024-2025,Official Ministry Dataset (MP 3)
MP_754,Shri Sajjad Ahmad Kichloo (2025-31) (2025-2031),Jammu And Kashmir,Jammu And Kashmir (Rajya Sabha),Jammu And Kashmir Central,Elected MP,73500000.0,2024-2025,Official Ministry Dataset (MP 3)
MP_755,Shri Samik Bhattacharya (2024-30) (2024-2030),West Bengal,West Bengal (Rajya Sabha),West Bengal Central,Elected MP,147000000.0,2024-2025,Official Ministry Dataset (MP 3)
MP_756,Shri Samirul Islam (2023-29) (2023-2029),West Bengal,West Bengal (Rajya Sabha),West Bengal Central,Elected MP,171500000.0,2024-2025,Official Ministry Dataset (MP 3)
MP_757,Shri Sana Sathish Babu (2026-32) (2026-2032),Andhra Pradesh,Andhra Pradesh (Rajya Sabha),Andhra Pradesh Central,Elected MP,49000000.0,2024-2025,Official Ministry Dataset (MP 3)
MP_758,Shri Sandosh Kumar P (2022-28) (2022-2028),Kerala,Kerala (Rajya Sabha),Kerala Central,Elected MP,220563957.1,2024-2025,Official Ministry Dataset (MP 3)
MP_759,Shri Sanjay Bhatia (2026-32) (2026-2032),Haryana,Haryana (Rajya Sabha),Haryana Central,Elected MP,49000000.0,2024-2025,Official Ministry Dataset (MP 3)
MP_760,Shri Sanjay Kumar Jha (2024-30) (2024-2030),Bihar,Bihar (Rajya Sabha),Bihar Central,Elected MP,186200000.0,2024-2025,Official Ministry Dataset (MP 3)
MP_761,Shri Sanjay Raut (2022-28) (2022-2028),Maharashtra,Maharashtra (Rajya Sabha),Maharashtra Central,Elected MP,196063957.1,2024-2025,Official Ministry Dataset (MP 3)
MP_762,Shri Sanjay Seth (2024-30) (2024-2030),Uttar Pradesh,Uttar Pradesh (Rajya Sabha),Uttar Pradesh Central,Elected MP,147000000.0,2024-2025,Official Ministry Dataset (MP 3)
MP_763,Shri Sanjay Singh (2024-30) (2024-2030),Delhi,Delhi (Rajya Sabha),Delhi Central,Elected MP,184466426.1,2024-2025,Official Ministry Dataset (MP 3)
MP_764,Shri Sanjay Yadav (2024-30) (2024-2030),Bihar,Bihar (Rajya Sabha),Bihar Central,Elected MP,186200000.0,2024-2025,Official Ministry Dataset (MP 3)
MP_765,Shri Sant Balbir Singh (2022-28) (2022-2028),Punjab,Punjab (Rajya Sabha),Punjab Central,Elected MP,196359074.4,2024-2025,Official Ministry Dataset (MP 3)
MP_766,Shri Sat Paul Sharma (2025-31) (2025-2031),Jammu And Kashmir,Jammu And Kashmir (Rajya Sabha),Jammu And Kashmir Central,Elected MP,73500000.0,2024-2025,Official Ministry Dataset (MP 3)
MP_767,Shri Satish Chandra Dubey (2022-28) (2022-2028),Bihar,Bihar (Rajya Sabha),Bihar Central,Elected MP,235263957.1,2024-2025,Official Ministry Dataset (MP 3)
MP_768,Shri Satnam Singh Sandhu (2024-30) (2024-2030),Chandigarh,Chandigarh (Rajya Sabha),Chandigarh Central,Nominated MP,147000000.0,2024-2025,Official Ministry Dataset (MP 3)
MP_769,Shri Shambhu Sharan Patel (2022-28) (2022-2028),Bihar,Bihar (Rajya Sabha),Bihar Central,Elected MP,237168443.5,2024-2025,Official Ministry Dataset (MP 3)
MP_770,Shri Shivesh Kumar (2026-32) (2026-2032),Bihar,Bihar (Rajya Sabha),Bihar Central,Elected MP,49000000.0,2024-2025,Official Ministry Dataset (MP 3)
MP_771,Shri Subhash Barala (2024-30) (2024-2030),Haryana,Haryana (Rajya Sabha),Haryana Central,Elected MP,147000000.0,2024-2025,Official Ministry Dataset (MP 3)
MP_772,Shri Subhasish Khuntia (2024-30) (2024-2030),Odisha,Odisha (Rajya Sabha),Odisha Central,Elected MP,147000000.0,2024-2025,Official Ministry Dataset (MP 3)
MP_773,Shri Sujeet Kumar (2026-32) (2026-2032),Odisha,Odisha (Rajya Sabha),Odisha Central,Elected MP,49000000.0,2024-2025,Official Ministry Dataset (MP 3)
MP_774,Shri Surendra Singh Nagar (2022-28) (2022-2028),Uttar Pradesh,Uttar Pradesh (Rajya Sabha),Uttar Pradesh Central,Elected MP,220563957.1,2024-2025,Official Ministry Dataset (MP 3)
MP_775,Hon'ble Members of Parliament,State,State (Rajya Sabha),State Central,Elected/Nominated,147000000.0,2024-2025,Official Ministry Dataset (MP 3)
MP_776,Shri Tai Tagak (2026-32) (2026-2032),Arunachal Pradesh,Arunachal Pradesh (Rajya Sabha),Arunachal Pradesh Central,Elected MP,49000000.0,2024-2025,Official Ministry Dataset (MP 3)
MP_777,Shri Tejveer Singh (2024-30) (2024-2030),Uttar Pradesh,Uttar Pradesh (Rajya Sabha),Uttar Pradesh Central,Elected MP,147000000.0,2024-2025,Official Ministry Dataset (MP 3)
MP_778,Shri Terash Gowalla (2026-32) (2026-2032),Assam,Assam (Rajya Sabha),Assam Central,Elected MP,49000000.0,2024-2025,Official Ministry Dataset (MP 3)
MP_779,Shri Tiruchi Siva (2026-32) (2026-2032),Tamil Nadu,Tamil Nadu (Rajya Sabha),Tamil Nadu Central,Elected MP,49356476.5,2024-2025,Official Ministry Dataset (MP 3)
MP_780,Shri Ujjwal Deorao Nikam (2025-31) (2025-2031),Maharashtra,Maharashtra (Rajya Sabha),Maharashtra Central,Nominated MP,73500000.0,2024-2025,Official Ministry Dataset (MP 3)
MP_781,Shri Upendra Kushwaha (2026-32) (2026-2032),Bihar,Bihar (Rajya Sabha),Bihar Central,Elected MP,49000000.0,2024-2025,Official Ministry Dataset (MP 3)
MP_782,Shri V. Vijayendra Prasad (2022-28) (2022-2028),Andhra Pradesh,Andhra Pradesh (Rajya Sabha),Andhra Pradesh Central,Nominated MP,196063957.1,2024-2025,Official Ministry Dataset (MP 3)
MP_783,Shri Vijay Chintakayala (2026-32) (2026-2032),Andhra Pradesh,Andhra Pradesh (Rajya Sabha),Andhra Pradesh Central,Elected MP,49000000.0,2024-2025,Official Ministry Dataset (MP 3)
MP_784,Shri Vinod Shridhar Tawde (2026-32) (2026-2032),Maharashtra,Maharashtra (Rajya Sabha),Maharashtra Central,Elected MP,49000000.0,2024-2025,Official Ministry Dataset (MP 3)
MP_785,Shri Vivek K. Tankha (2022-28) (2022-2028),Madhya Pradesh,Madhya Pradesh (Rajya Sabha),Madhya Pradesh Central,Elected MP,220563957.1,2024-2025,Official Ministry Dataset (MP 3)
MP_786,Shri Yerram Venkata Subba Reddy (2024-30) (2024-2030),Andhra Pradesh,Andhra Pradesh (Rajya Sabha),Andhra Pradesh Central,Elected MP,147000000.0,2024-2025,Official Ministry Dataset (MP 3)
MP_787,Smt. Adhikarimayum Sharda Devi (2026-32) (2026-2032),Manipur,Manipur (Rajya Sabha),Manipur Central,Elected MP,49000000.0,2024-2025,Official Ministry Dataset (MP 3)
MP_788,Smt. Darshana Singh (2022-28) (2022-2028),Uttar Pradesh,Uttar Pradesh (Rajya Sabha),Uttar Pradesh Central,Elected MP,196994373.9,2024-2025,Official Ministry Dataset (MP 3)
MP_789,Smt. Geeta alias Chandraprabha (2020-26) (2020-2026),Uttar Pradesh,Uttar Pradesh (Rajya Sabha),Uttar Pradesh Central,Elected MP,196063957.1,2024-2025,Official Ministry Dataset (MP 3)
MP_790,Smt. Jaya Amitabh Bachchan (2024-30) (2024-2030),Uttar Pradesh,Uttar Pradesh (Rajya Sabha),Uttar Pradesh Central,Elected MP,147000000.0,2024-2025,Official Ministry Dataset (MP 3)
MP_791,Smt. Jebi Mather Hisham (2022-28) (2022-2028),Kerala,Kerala (Rajya Sabha),Kerala Central,Elected MP,220563957.1,2024-2025,Official Ministry Dataset (MP 3)
MP_792,Smt. Laxmi Verma (2026-32) (2026-2032),Chhattisgarh,Chhattisgarh (Rajya Sabha),Chhattisgarh Central,Elected MP,49000000.0,2024-2025,Official Ministry Dataset (MP 3)
MP_793,Smt. Mahua Maji (2022-28) (2022-2028),Jharkhand,Jharkhand (Rajya Sabha),Jharkhand Central,Elected MP,232524001.2,2024-2025,Official Ministry Dataset (MP 3)
MP_794,Smt. Mamata Thakur (2024-30) (2024-2030),West Bengal,West Bengal (Rajya Sabha),West Bengal Central,Elected MP,147000000.0,2024-2025,Official Ministry Dataset (MP 3)
MP_795,Smt. Maya Chintaman Ivnate (2026-32) (2026-2032),Maharashtra,Maharashtra (Rajya Sabha),Maharashtra Central,Elected MP,49000000.0,2024-2025,Official Ministry Dataset (MP 3)
MP_796,Smt. Maya Naroliya (2024-30) (2024-2030),Madhya Pradesh,Madhya Pradesh (Rajya Sabha),Madhya Pradesh Central,Elected MP,147000000.0,2024-2025,Official Ministry Dataset (MP 3)
MP_797,Smt. Nirmala Sitharaman (2022-28) (2022-2028),Karnataka,Karnataka (Rajya Sabha),Karnataka Central,Elected MP,215972051.5,2024-2025,Official Ministry Dataset (MP 3)
MP_798,Smt. P. T. Usha (2022-28) (2022-2028),Kerala,Kerala (Rajya Sabha),Kerala Central,Nominated MP,196063957.1,2024-2025,Official Ministry Dataset (MP 3)
MP_799,Smt. Phulo Devi Netam (2026-32) (2026-2032),Chhattisgarh,Chhattisgarh (Rajya Sabha),Chhattisgarh Central,Elected MP,49000000.0,2024-2025,Official Ministry Dataset (MP 3)
MP_800,Smt. Rajathi (2025-31) (2025-2031),Tamil Nadu,Tamil Nadu (Rajya Sabha),Tamil Nadu Central,Elected MP,89248285.42,2024-2025,Official Ministry Dataset (MP 3)
MP_801,Smt. Ranjeet Ranjan (2022-28) (2022-2028),Chhattisgarh,Chhattisgarh (Rajya Sabha),Chhattisgarh Central,Elected MP,246780257.9,2024-2025,Official Ministry Dataset (MP 3)
MP_802,Smt. Rekha Sharma (2024-28) (2024-2028),Haryana,Haryana (Rajya Sabha),Haryana Central,Elected MP,98000000.0,2024-2025,Official Ministry Dataset (MP 3)
MP_803,Smt. Renuka Chowdhury (2024-30) (2024-2030),Telangana,Telangana (Rajya Sabha),Telangana Central,Elected MP,147000000.0,2024-2025,Official Ministry Dataset (MP 3)
MP_804,Smt. S. Phangnon Konyak (2022-28) (2022-2028),Nagaland,Nagaland (Rajya Sabha),Nagaland Central,Elected MP,206563957.1,2024-2025,Official Ministry Dataset (MP 3)
MP_805,Smt. Sadhna Singh (2024-30) (2024-2030),Uttar Pradesh,Uttar Pradesh (Rajya Sabha),Uttar Pradesh Central,Elected MP,147000000.0,2024-2025,Official Ministry Dataset (MP 3)
MP_806,Smt. Sagarika Ghose (2024-30) (2024-2030),West Bengal,West Bengal (Rajya Sabha),West Bengal Central,Elected MP,147000000.0,2024-2025,Official Ministry Dataset (MP 3)
MP_807,Hon'ble Members of Parliament,State,State (Rajya Sabha),State Central,Elected/Nominated,147000000.0,2024-2025,Official Ministry Dataset (MP 3)
MP_808,Smt. Sangeeta Yadav (2022-28) (2022-2028),Uttar Pradesh,Uttar Pradesh (Rajya Sabha),Uttar Pradesh Central,Elected MP,196063957.1,2024-2025,Official Ministry Dataset (MP 3)
MP_809,Smt. Seema Dwivedi (2020-26) (2020-2026),Uttar Pradesh,Uttar Pradesh (Rajya Sabha),Uttar Pradesh Central,Elected MP,173830159.1,2024-2025,Official Ministry Dataset (MP 3)
MP_810,Smt. Sonia Gandhi (2024-30) (2024-2030),Rajasthan,Rajasthan (Rajya Sabha),Rajasthan Central,Elected MP,147000000.0,2024-2025,Official Ministry Dataset (MP 3)
MP_811,Smt. Sudha Murty (2024-30) (2024-2030),Karnataka,Karnataka (Rajya Sabha),Karnataka Central,Nominated MP,147000000.0,2024-2025,Official Ministry Dataset (MP 3)
MP_812,Smt. Sulata Deo (2022-28) (2022-2028),Odisha,Odisha (Rajya Sabha),Odisha Central,Elected MP,196084721.4,2024-2025,Official Ministry Dataset (MP 3)
MP_813,Smt. Sumitra Balmik (2022-28) (2022-2028),Madhya Pradesh,Madhya Pradesh (Rajya Sabha),Madhya Pradesh Central,Elected MP,196063957.1,2024-2025,Official Ministry Dataset (MP 3)
MP_814,Hon'ble MP,Delhi,Delhi (Rajya Sabha),Delhi Central,Rajya Sabha,33148483916.0,2024-2025,Official Ministry Dataset (MP 3)
