project_id,work_description,work_category,mp_name,mp_id,constituency,state_ut,state_code,district,district_code,block_or_urban,village_or_locality,estimated_cost_inr,sanctioned_cost_inr,start_date,sanction_date,expected_completion_date,actual_completion_date,status,physical_completion_percentage,implementing_agency_id,latitude,longitude,anomaly_scenario
PRJ000001,Indoor Sports Hall at Pune Block-1,SPORTS_FACILITY,Hon'ble MP,MP_00001,Maharashtra,Maharashtra,MH,Pune,MH_PUNE,Block-1,Locality-1,4560000.0,4560000.0,2023-06-02,2023-06-25,2024-01-26,2024-01-26,Completed,100.0,AGENCY_0003,20.462265,75.863741,NORMAL
PRJ000002,Bridge Deck Repair & Railing at Aurangabad Block-2,ROAD_REPAIR,Hon'ble MP,MP_00002,Maharashtra,Maharashtra,MH,Aurangabad,MH_AURANGABAD,Block-2,Locality-2,920000.0,920000.0,2022-04-12,2022-05-17,2023-01-08,,Ongoing,50.6,AGENCY_0003,20.038129,76.293271,NORMAL
PRJ000003,Panchayat Bhawan Construction at Thane Block-3,COMMUNITY_HALL,Hon'ble MP,MP_00003,Maharashtra,Maharashtra,MH,Thane,MH_THANE,Block-3,Locality-3,4710000.0,4710000.0,2023-01-08,2022-05-29,2023-02-14,,Ongoing,4.3,AGENCY_0002,19.683596,76.2122,LOW_UTILIZATION
PRJ000004,Community Toilet Complex at Pune Block-4 Market Area,SANITATION,Hon'ble MP,MP_00004,Maharashtra,Maharashtra,MH,Pune,MH_PUNE,Block-4,Locality-4,1650000.0,1650000.0,2022-04-06,2022-05-21,2023-01-22,,Ongoing,10.3,AGENCY_0002,20.075258,76.186486,FIN_PHYS_MISMATCH
PRJ000005,Highway Toilet Block near Durgapur Block-1,PUBLIC_TOILET,PATHAN YUSUF,MP_00005,BAHARAMPUR,West Bengal,WB,Durgapur,WB_DURGAPUR,Block-1,Locality-1,7990000.0,7990000.0,2022-04-19,2022-05-21,2023-05-14,,Ongoing,75.2,AGENCY_0013,23.118621,87.971207,NORMAL
PRJ000006,Market Public Toilet Unit at Durgapur Block-2,PUBLIC_TOILET,PATHAN YUSUF,MP_00006,BAHARAMPUR,West Bengal,WB,Durgapur,WB_DURGAPUR,Block-2,Locality-2,1140000.0,1140000.0,2023-05-04,2023-05-29,2024-02-12,2024-02-12,Completed,100.0,AGENCY_0013,22.253342,88.003355,NORMAL
PRJ000007,Solid Waste Processing Plant at Darjeeling Block-3,SANITATION,PATHAN YUSUF,MP_00007,BAHARAMPUR,West Bengal,WB,Darjeeling,WB_DARJEELING,Block-3,Locality-3,7800000.0,7800000.0,2022-10-11,2022-11-18,2023-10-29,,Ongoing,75.1,AGENCY_0014,22.954819,87.731245,NORMAL
PRJ000008,Market Public Toilet Unit at Howrah Block-4,PUBLIC_TOILET,PATHAN YUSUF,MP_00008,BAHARAMPUR,West Bengal,WB,Howrah,WB_HOWRAH,Block-4,Locality-4,1850000.0,1850000.0,2023-10-05,2023-10-24,2024-06-25,,Ongoing,66.1,AGENCY_0014,23.255124,88.182014,COST_OVERRUN
PRJ000009,Solar High-Mast Street Lighting at Madurai Block-1,SOLAR_ENERGY,T Sumathy (A) Thamizhachi Thangapandian,MP_00009,CHENNAI SOUTH,Tamil Nadu,TN,Madurai,TN_MADURAI,Block-1,Locality-1,5000000.0,5000000.0,2022-12-11,2022-12-30,2023-07-11,,Ongoing,46.4,AGENCY_0006,11.725464,79.019499,COST_OVERRUN
PRJ000010,Bridge Deck Repair & Railing at Chennai Block-2,ROAD_REPAIR,T Sumathy (A) Thamizhachi Thangapandian,MP_00010,CHENNAI SOUTH,Tamil Nadu,TN,Chennai,TN_CHENNAI,Block-2,Locality-2,4240000.0,4240000.0,2023-10-21,2023-11-21,2024-08-31,,Ongoing,47.6,AGENCY_0006,11.056594,78.793404,COST_OVERRUN
PRJ000011,Children Playground Equipment at Korba Block-1 Park,SPORTS_FACILITY,TOKHAN SAHU,MP_00011,BILASPUR,Chhattisgarh,CG,Korba,CG_KORBA,Block-1,Locality-1,1760000.0,1760000.0,2023-06-17,2023-07-18,2024-04-05,2024-04-05,Completed,100.0,AGENCY_0078,21.930069,82.224258,NORMAL
PRJ000012,Maternity Ward Upgradation at Bhilai Block-2 District Hospital,HEALTHCARE,TOKHAN SAHU,MP_00012,BILASPUR,Chhattisgarh,CG,Bhilai,CG_BHILAI,Block-2,Locality-2,6190000.0,6190000.0,2023-03-25,2023-04-22,2024-02-09,,Sanctioned,33.8,AGENCY_0079,21.667547,82.117046,NORMAL
PRJ000013,Solar Micro-Grid for Hubballi Block-1 Village Power Supply,SOLAR_ENERGY,Shri Mallikarjun Kharge (2026-32) (2026-2032),MP_00013,Karnataka (RS),Karnataka,KA,Hubballi,KA_HUBBALLI,Block-1,Locality-1,2260000.0,2260000.0,2022-08-25,2022-09-26,2023-08-19,,Ongoing,37.4,AGENCY_0023,15.250202,75.555892,NORMAL
PRJ000014,Bridge Deck Repair & Railing at Mangaluru Block-2,ROAD_REPAIR,Shri Mallikarjun Kharge (2026-32) (2026-2032),MP_00014,Karnataka (RS),Karnataka,KA,Mangaluru,KA_MANGALURU,Block-2,Locality-2,7310000.0,7310000.0,2023-10-12,2023-11-12,2024-10-22,,Ongoing,47.6,AGENCY_0024,15.046013,76.390525,NORMAL
PRJ000015,Ambulance Purchase for Udaipur Block-1 Health Centre,HEALTHCARE,Chandra Prakash Joshi,MP_00015,CHITTORGARH,Rajasthan,RJ,Udaipur,RJ_UDAIPUR,Block-1,Locality-1,3610000.0,3610000.0,2023-08-01,2023-09-12,2024-03-14,,Ongoing,18.3,AGENCY_0030,27.435432,74.435932,FIN_PHYS_MISMATCH
PRJ000016,Solar High-Mast Street Lighting at Jaipur Block-2,SOLAR_ENERGY,Chandra Prakash Joshi,MP_00016,CHITTORGARH,Rajasthan,RJ,Jaipur,RJ_JAIPUR,Block-2,Locality-2,5170000.0,5170000.0,2023-04-14,2023-05-01,2023-11-21,,Ongoing,46.7,AGENCY_0031,27.086138,73.436129,DUPLICATE_PAYMENT
PRJ000017,Flood Control Channel at Jodhpur Block-3,DRAINAGE,Chandra Prakash Joshi,MP_00017,CHITTORGARH,Rajasthan,RJ,Jodhpur,RJ_JODHPUR,Block-3,Locality-3,1130000.0,1130000.0,2023-06-02,2023-07-09,2022-08-14,,Ongoing,25.7,AGENCY_0031,27.118452,73.590789,PROJECT_DELAY
PRJ000018,Ambulance Purchase for Bikaner Block-4 Health Centre,HEALTHCARE,Chandra Prakash Joshi,MP_00018,CHITTORGARH,Rajasthan,RJ,Bikaner,RJ_BIKANER,Block-4,Locality-4,2240000.0,2240000.0,2023-07-27,2023-09-01,2024-04-08,,Ongoing,47.0,AGENCY_0030,27.19437,73.826459,COST_OVERRUN
PRJ000019,Pothole Repair & Road Resurfacing at Siliguri Block-1,ROAD_REPAIR,Kakoli Ghosh Dastidar,MP_00019,BARASAT,West Bengal,WB,Siliguri,WB_SILIGURI,Block-1,Locality-1,2400000.0,2400000.0,2023-07-22,2023-08-12,2024-04-18,2024-04-18,Completed,100.0,AGENCY_0015,23.00647,88.226433,NORMAL
PRJ000020,Village Auditorium & Public Address System at Kolkata Block-2,COMMUNITY_HALL,Kakoli Ghosh Dastidar,MP_00020,BARASAT,West Bengal,WB,Kolkata,WB_KOLKATA,Block-2,Locality-2,7860000.0,7860000.0,2022-07-02,2022-08-13,2022-08-05,,Ongoing,25.3,AGENCY_0015,23.140129,87.837775,PROJECT_DELAY
PRJ000021,Highway Toilet Block near Pune Block-1,PUBLIC_TOILET,Shri Chandrakant Damodar Handore (2024-30) (2024-2030),MP_00021,Maharashtra (RS),Maharashtra,MH,Pune,MH_PUNE,Block-1,Locality-1,5230000.0,5230000.0,2022-11-06,2022-06-05,2023-03-21,,Ongoing,2.3,AGENCY_0004,19.794023,75.73579,LOW_UTILIZATION
PRJ000022,RCC Bridge Construction over Nashik Block-2 River,BRIDGE,Shri Chandrakant Damodar Handore (2024-30) (2024-2030),MP_00022,Maharashtra (RS),Maharashtra,MH,Nashik,MH_NASHIK,Block-2,Locality-2,6800000.0,6800000.0,2023-02-28,2023-03-26,2023-12-09,,Ongoing,20.0,AGENCY_0002,20.113342,75.216386,FIN_PHYS_MISMATCH
PRJ000023,RCC Bridge Construction over Howrah Block-1 River,BRIDGE,Shri Harsh Vardhan Shringla (2025-31) (2025-2031),MP_00023,West Bengal (RS),West Bengal,WB,Howrah,WB_HOWRAH,Block-1,Locality-1,6510000.0,6510000.0,2022-05-06,2022-05-29,2023-03-25,,Ongoing,53.7,AGENCY_0013,23.498251,87.277702,DUPLICATE_PAYMENT
PRJ000024,Ambulance Purchase for Howrah Block-2 Health Centre,HEALTHCARE,Shri Harsh Vardhan Shringla (2025-31) (2025-2031),MP_00024,West Bengal (RS),West Bengal,WB,Howrah,WB_HOWRAH,Block-2,Locality-2,5600000.0,5600000.0,2023-05-29,2023-07-03,2024-01-06,,Sanctioned,79.3,AGENCY_0014,22.667837,87.878324,NORMAL
PRJ000025,Bridge Deck Repair & Railing at Durgapur Block-3,ROAD_REPAIR,Shri Harsh Vardhan Shringla (2025-31) (2025-2031),MP_00025,West Bengal (RS),West Bengal,WB,Durgapur,WB_DURGAPUR,Block-3,Locality-3,1590000.0,1590000.0,2023-09-03,2023-09-19,2024-04-10,,Sanctioned,20.5,AGENCY_0015,22.751642,88.405142,NORMAL
PRJ000026,Indoor Sports Hall at Bhopal Block-1,SPORTS_FACILITY,Dr. L. Murugan (2024-30) (2024-2030),MP_00026,Madhya Pradesh (RS),Madhya Pradesh,MP,Bhopal,MP_BHOPAL,Block-1,Locality-1,7020000.0,7020000.0,2022-07-02,2022-07-30,2023-05-13,,Ongoing,42.0,AGENCY_0050,22.446471,78.216345,COST_OVERRUN
PRJ000027,Maternity Ward Upgradation at Ujjain Block-2 District Hospital,HEALTHCARE,Dr. L. Murugan (2024-30) (2024-2030),MP_00027,Madhya Pradesh (RS),Madhya Pradesh,MP,Ujjain,MP_UJJAIN,Block-2,Locality-2,6920000.0,6920000.0,2022-11-01,2022-12-16,2022-09-02,,Ongoing,19.3,AGENCY_0052,22.878163,79.373586,PROJECT_DELAY
PRJ000028,Bituminous Road Construction from Sagar Block-3 to Panchayat HQ,ROAD_CONSTRUCTION,Dr. L. Murugan (2024-30) (2024-2030),MP_00028,Madhya Pradesh (RS),Madhya Pradesh,MP,Sagar,MP_SAGAR,Block-3,Locality-3,3150000.0,3150000.0,2022-09-09,2022-09-27,2023-07-14,,Ongoing,33.2,AGENCY_0049,22.476279,79.373705,NORMAL
PRJ000029,Ambulance Purchase for Sagar Block-4 Health Centre,HEALTHCARE,Dr. L. Murugan (2024-30) (2024-2030),MP_00029,Madhya Pradesh (RS),Madhya Pradesh,MP,Sagar,MP_SAGAR,Block-4,Locality-4,6040000.0,6040000.0,2023-05-13,2023-05-28,2024-01-21,,Ongoing,44.3,AGENCY_0051,23.592179,79.20165,DUPLICATE_PAYMENT
PRJ000030,Highway Toilet Block near Indore Block-1,PUBLIC_TOILET,Shankar Lalwani,MP_00030,INDORE,Madhya Pradesh,MP,Indore,MP_INDORE,Block-1,Locality-1,5060000.0,5060000.0,2022-05-20,2022-07-03,2023-04-05,,Ongoing,54.6,AGENCY_0050,22.581171,78.948147,COST_OVERRUN
PRJ000031,Multi-purpose Sports Ground Levelling at Ujjain Block-2,SPORTS_FACILITY,Shankar Lalwani,MP_00031,INDORE,Madhya Pradesh,MP,Ujjain,MP_UJJAIN,Block-2,Locality-2,2730000.0,2730000.0,2022-06-22,2022-05-28,2023-02-04,,Ongoing,0.2,AGENCY_0051,22.347476,79.135516,LOW_UTILIZATION
PRJ000032,Village Bus Stand & Commuter Amenities at Jabalpur Block-3,BUS_SHELTER,Shankar Lalwani,MP_00032,INDORE,Madhya Pradesh,MP,Jabalpur,MP_JABALPUR,Block-3,Locality-3,1510000.0,1510000.0,2022-07-17,2022-08-13,2023-04-15,,Ongoing,30.9,AGENCY_0051,22.202577,77.930803,NORMAL
PRJ000033,Box Culvert Bridge at Hubballi Block-1 Nala,BRIDGE,Dr. Syed Naseer Hussain (2024-30) (2024-2030),MP_00033,Karnataka (RS),Karnataka,KA,Hubballi,KA_HUBBALLI,Block-1,Locality-1,2320000.0,2320000.0,2023-07-24,2023-08-30,2024-07-06,,Ongoing,46.0,AGENCY_0024,15.895198,75.414088,NORMAL
PRJ000034,Medical Equipment Procurement for Mangaluru Block-2 PHC,HEALTHCARE,Dr. Syed Naseer Hussain (2024-30) (2024-2030),MP_00034,Karnataka (RS),Karnataka,KA,Mangaluru,KA_MANGALURU,Block-2,Locality-2,4930000.0,4930000.0,2023-08-08,2023-09-08,2024-04-02,,Ongoing,30.5,AGENCY_0024,15.132854,74.968367,DUPLICATE_PAYMENT
PRJ000035,Solid Waste Processing Plant at Mangaluru Block-1,SANITATION,Dr. Dharmasthala Veerendra Heggade (2022-28) (2022-2028),MP_00035,Karnataka (RS),Karnataka,KA,Mangaluru,KA_MANGALURU,Block-1,Locality-1,3150000.0,3150000.0,2023-09-15,2023-10-05,2024-05-19,,Ongoing,19.3,AGENCY_0022,15.806644,75.852402,FIN_PHYS_MISMATCH
PRJ000036,Indoor Sports Hall at Bengaluru Block-2,SPORTS_FACILITY,Dr. Dharmasthala Veerendra Heggade (2022-28) (2022-2028),MP_00036,Karnataka (RS),Karnataka,KA,Bengaluru,KA_BENGALURU,Block-2,Locality-2,3510000.0,3510000.0,2022-04-06,2022-04-28,2022-11-27,,Ongoing,35.9,AGENCY_0024,15.72012,75.184296,DUPLICATE_PAYMENT
PRJ000037,Medical Equipment Procurement for Bengaluru Block-3 PHC,HEALTHCARE,Dr. Dharmasthala Veerendra Heggade (2022-28) (2022-2028),MP_00037,Karnataka (RS),Karnataka,KA,Bengaluru,KA_BENGALURU,Block-3,Locality-3,7250000.0,7250000.0,2023-10-15,2023-11-20,2022-09-20,,Ongoing,11.1,AGENCY_0021,16.083428,76.024083,PROJECT_DELAY
PRJ000038,Overhead Water Tank Construction & Pipeline Network at Mysuru Block-4,WATER_SUPPLY,Dr. Dharmasthala Veerendra Heggade (2022-28) (2022-2028),MP_00038,Karnataka (RS),Karnataka,KA,Mysuru,KA_MYSURU,Block-4,Locality-4,850000.0,850000.0,2022-07-03,2022-07-23,2022-07-05,,Ongoing,29.6,AGENCY_0024,14.844659,75.372941,PROJECT_DELAY
PRJ000039,School Boundary Wall & Sanitation Block at Meerut Block-1,SCHOOL_INFRASTRUCTURE,Smt. Jaya Amitabh Bachchan (2024-30) (2024-2030),MP_00039,Uttar Pradesh (RS),Uttar Pradesh,UP,Meerut,UP_MEERUT,Block-1,Locality-1,4610000.0,4610000.0,2023-09-12,2023-10-15,2024-04-18,,Ongoing,52.3,AGENCY_0010,26.913373,80.511473,COST_OVERRUN
PRJ000040,Borewell Drilling & Submersible Pump Supply at Lucknow Block-2,WATER_SUPPLY,Smt. Jaya Amitabh Bachchan (2024-30) (2024-2030),MP_00040,Uttar Pradesh (RS),Uttar Pradesh,UP,Lucknow,UP_LUCKNOW,Block-2,Locality-2,3810000.0,3810000.0,2022-09-30,2022-10-20,2023-06-08,,Ongoing,30.7,AGENCY_0009,26.854456,80.685547,NORMAL
PRJ000041,Medical Equipment Procurement for Agra Block-3 PHC,HEALTHCARE,Smt. Jaya Amitabh Bachchan (2024-30) (2024-2030),MP_00041,Uttar Pradesh (RS),Uttar Pradesh,UP,Agra,UP_AGRA,Block-3,Locality-3,6110000.0,6110000.0,2022-08-12,2022-09-26,2023-07-24,,Ongoing,73.5,AGENCY_0009,27.439614,80.384575,NORMAL
PRJ000042,Public Sanitation Complex at Lucknow Block-4 Bus Stand,PUBLIC_TOILET,Smt. Jaya Amitabh Bachchan (2024-30) (2024-2030),MP_00042,Uttar Pradesh (RS),Uttar Pradesh,UP,Lucknow,UP_LUCKNOW,Block-4,Locality-4,1170000.0,1170000.0,2023-08-23,2023-09-27,2024-06-19,,Sanctioned,63.6,AGENCY_0012,26.866398,80.71574,NORMAL
PRJ000043,Concrete Village Connecting Road at Kolkata Block-1,ROAD_CONSTRUCTION,Sudip Bandyopadhyay,MP_00043,KOLKATA UTTAR,West Bengal,WB,Kolkata,WB_KOLKATA,Block-1,Locality-1,7580000.0,7580000.0,2023-11-12,2023-12-18,2024-09-28,,Ongoing,49.8,AGENCY_0014,22.677803,87.905001,VENDOR_COLLUSION
PRJ000044,Box Culvert Bridge at Howrah Block-2 Nala,BRIDGE,Sudip Bandyopadhyay,MP_00044,KOLKATA UTTAR,West Bengal,WB,Howrah,WB_HOWRAH,Block-2,Locality-2,1230000.0,1230000.0,2023-07-27,2023-09-04,2024-05-05,,Ongoing,56.3,AGENCY_0014,23.679196,87.819988,COST_OVERRUN
PRJ000045,Public Sanitation Complex at Darjeeling Block-3 Bus Stand,PUBLIC_TOILET,Sudip Bandyopadhyay,MP_00045,KOLKATA UTTAR,West Bengal,WB,Darjeeling,WB_DARJEELING,Block-3,Locality-3,650000.0,650000.0,2023-01-28,2023-03-14,2024-02-17,,Ongoing,44.8,AGENCY_0015,22.194814,87.994619,NORMAL
PRJ000046,Covered Concrete Drain Network at Kolkata Block-4,DRAINAGE,Sudip Bandyopadhyay,MP_00046,KOLKATA UTTAR,West Bengal,WB,Kolkata,WB_KOLKATA,Block-4,Locality-4,6270000.0,6270000.0,2023-01-30,2022-05-31,2023-01-03,,Ongoing,2.2,AGENCY_0016,23.562808,88.363916,LOW_UTILIZATION
PRJ000047,Concrete Village Connecting Road at Manali Block-1,ROAD_CONSTRUCTION,Shri Anurag Sharma (2026-32) (2026-2032),MP_00047,Himachal Pradesh (RS),Himachal Pradesh,HP,Manali,HP_MANALI,Block-1,Locality-1,2190000.0,2190000.0,2023-02-28,2023-03-20,2022-06-29,,Ongoing,34.0,AGENCY_0088,30.921059,77.335883,PROJECT_DELAY
PRJ000048,Modern Steel Bus Canopy at Kullu Block-2 Junction,BUS_SHELTER,Shri Anurag Sharma (2026-32) (2026-2032),MP_00048,Himachal Pradesh (RS),Himachal Pradesh,HP,Kullu,HP_KULLU,Block-2,Locality-2,4540000.0,4540000.0,2023-04-23,2023-05-30,2024-05-19,,Ongoing,27.9,AGENCY_0086,30.692904,77.187273,VENDOR_COLLUSION
PRJ000049,Bituminous Road Construction from Mandi Block-3 to Panchayat HQ,ROAD_CONSTRUCTION,Shri Anurag Sharma (2026-32) (2026-2032),MP_00049,Himachal Pradesh (RS),Himachal Pradesh,HP,Mandi,HP_MANDI,Block-3,Locality-3,3840000.0,3840000.0,2023-04-20,2023-05-25,2023-12-06,,Ongoing,39.9,AGENCY_0086,31.485438,77.6528,DOCUMENT_MISMATCH
PRJ000050,Inter-village Link Road Construction at Bathinda Block-1,ROAD_CONSTRUCTION,Shri Gurjeet Singh Aujla,MP_00050,AMRITSAR,Punjab,PB,Bathinda,PB_BATHINDA,Block-1,Locality-1,7110000.0,7110000.0,2023-09-06,2023-09-30,2024-10-31,,Ongoing,44.0,AGENCY_0038,31.156742,75.871886,VENDOR_COLLUSION
PRJ000051,Concrete Village Connecting Road at Amritsar Block-2,ROAD_CONSTRUCTION,Shri Gurjeet Singh Aujla,MP_00051,AMRITSAR,Punjab,PB,Amritsar,PB_AMRITSAR,Block-2,Locality-2,3410000.0,3410000.0,2023-04-08,2023-05-20,2024-01-29,,Ongoing,43.5,AGENCY_0038,30.951758,75.922948,COST_OVERRUN
PRJ000052,Bituminous Road Construction from Ludhiana Block-3 to Panchayat HQ,ROAD_CONSTRUCTION,Shri Gurjeet Singh Aujla,MP_00052,AMRITSAR,Punjab,PB,Ludhiana,PB_LUDHIANA,Block-3,Locality-3,3450000.0,3450000.0,2022-09-09,2022-10-07,2023-06-13,,Ongoing,48.1,AGENCY_0038,30.482427,74.703598,COST_OVERRUN
PRJ000053,Village Bus Stand & Commuter Amenities at Chandigarh Block-4,BUS_SHELTER,Shri Gurjeet Singh Aujla,MP_00053,AMRITSAR,Punjab,PB,Chandigarh,PB_CHANDIGARH,Block-4,Locality-4,7110000.0,7110000.0,2022-07-10,2022-08-07,2023-02-03,,Ongoing,45.9,AGENCY_0038,30.501841,74.647312,COST_OVERRUN
PRJ000054,Pothole Repair & Road Resurfacing at Patiala Block-5,ROAD_REPAIR,Shri Gurjeet Singh Aujla,MP_00054,AMRITSAR,Punjab,PB,Patiala,PB_PATIALA,Block-5,Locality-5,6700000.0,6700000.0,2022-10-13,2022-11-24,2023-07-05,,Ongoing,17.0,AGENCY_0038,31.298213,74.740583,FIN_PHYS_MISMATCH
PRJ000055,Digital Smart Classroom & IT Lab Setup at Asansol Block-1,SCHOOL_INFRASTRUCTURE,KARTICK CHANDRA PAUL,MP_00055,RAIGANJ,West Bengal,WB,Asansol,WB_ASANSOL,Block-1,Locality-1,1180000.0,1180000.0,2023-07-19,2023-08-16,2024-02-20,,Ongoing,56.3,AGENCY_0014,22.893668,87.153147,DUPLICATE_PAYMENT
PRJ000056,Installation of RO Drinking Water Plant at Siliguri Block-2,WATER_SUPPLY,KARTICK CHANDRA PAUL,MP_00056,RAIGANJ,West Bengal,WB,Siliguri,WB_SILIGURI,Block-2,Locality-2,2420000.0,2420000.0,2023-10-11,2023-11-11,2024-08-06,,Ongoing,47.6,AGENCY_0013,23.708703,87.072547,NORMAL
PRJ000057,RCC Underground Sewage Network at Darjeeling Block-3,SANITATION,KARTICK CHANDRA PAUL,MP_00057,RAIGANJ,West Bengal,WB,Darjeeling,WB_DARJEELING,Block-3,Locality-3,3240000.0,3240000.0,2022-06-17,2022-07-15,2023-01-21,,Ongoing,56.3,AGENCY_0014,23.111387,88.043501,DUPLICATE_PAYMENT
PRJ000058,Passenger Bus Waiting Shelter at Darjeeling Block-4,BUS_SHELTER,KARTICK CHANDRA PAUL,MP_00058,RAIGANJ,West Bengal,WB,Darjeeling,WB_DARJEELING,Block-4,Locality-4,4460000.0,4460000.0,2022-12-16,2023-01-01,2022-07-02,,Ongoing,26.7,AGENCY_0014,23.030544,87.519219,PROJECT_DELAY
PRJ000059,Inter-village Link Road Construction at Durgapur Block-5,ROAD_CONSTRUCTION,KARTICK CHANDRA PAUL,MP_00059,RAIGANJ,West Bengal,WB,Durgapur,WB_DURGAPUR,Block-5,Locality-5,1720000.0,1720000.0,2023-09-12,2023-10-06,2024-07-23,,Ongoing,19.3,AGENCY_0014,23.157058,87.058097,FIN_PHYS_MISMATCH
PRJ000060,RCC Bridge Construction over Aurangabad Block-1 River,BRIDGE,ABHAY KUMAR SINHA,MP_00060,AURANGABAD_BR,Bihar,BR,Aurangabad,BR_AURANGABAD,Block-1,Locality-1,5350000.0,5350000.0,2023-07-17,2023-08-20,2022-06-13,,Ongoing,21.3,AGENCY_0020,25.857199,85.9041,PROJECT_DELAY
PRJ000061,Covered Concrete Drain Network at Darbhanga Block-2,DRAINAGE,ABHAY KUMAR SINHA,MP_00061,AURANGABAD_BR,Bihar,BR,Darbhanga,BR_DARBHANGA,Block-2,Locality-2,3190000.0,3190000.0,2023-03-31,2023-04-27,2024-02-01,,Ongoing,16.0,AGENCY_0018,25.063787,85.08937,FIN_PHYS_MISMATCH
PRJ000062,Box Culvert Bridge at Bhagalpur Block-3 Nala,BRIDGE,ABHAY KUMAR SINHA,MP_00062,AURANGABAD_BR,Bihar,BR,Bhagalpur,BR_BHAGALPUR,Block-3,Locality-3,1370000.0,1370000.0,2023-03-05,2022-06-30,2023-01-28,,Ongoing,1.3,AGENCY_0017,24.29967,84.862353,LOW_UTILIZATION
PRJ000063,Box Culvert Bridge at Bhagalpur Block-4 Nala,BRIDGE,ABHAY KUMAR SINHA,MP_00063,AURANGABAD_BR,Bihar,BR,Bhagalpur,BR_BHAGALPUR,Block-4,Locality-4,1270000.0,1270000.0,2023-10-02,2023-11-02,2024-05-16,,Ongoing,36.9,AGENCY_0018,24.46905,85.18249,COST_OVERRUN
PRJ000064,Multi-purpose Sports Ground Levelling at Visakhapatnam Block-1,SPORTS_FACILITY,Shri Golla Baburao (2024-30) (2024-2030),MP_00064,Andhra Pradesh (RS),Andhra Pradesh,AP,Visakhapatnam,AP_VISAKHAPATNAM,Block-1,Locality-1,5910000.0,5910000.0,2022-05-08,2022-05-27,2023-06-14,,Ongoing,33.2,AGENCY_0054,16.290115,80.150282,VENDOR_COLLUSION
PRJ000065,Rooftop Solar Panel Installation at Nellore Block-2 Government Building,SOLAR_ENERGY,Shri Golla Baburao (2024-30) (2024-2030),MP_00065,Andhra Pradesh (RS),Andhra Pradesh,AP,Nellore,AP_NELLORE,Block-2,Locality-2,1930000.0,1930000.0,2022-05-23,2022-06-20,2023-02-23,,Ongoing,32.5,AGENCY_0056,16.689066,79.203983,DOCUMENT_MISMATCH
PRJ000066,Modern Steel Bus Canopy at Jabalpur Block-1 Junction,BUS_SHELTER,BHARTI PARDHI,MP_00066,BALAGHAT,Madhya Pradesh,MP,Jabalpur,MP_JABALPUR,Block-1,Locality-1,6380000.0,6380000.0,2023-01-20,2023-02-28,2023-12-15,,Ongoing,71.8,AGENCY_0050,22.480109,79.398269,NORMAL
PRJ000067,Bituminous Road Construction from Gwalior Block-2 to Panchayat HQ,ROAD_CONSTRUCTION,BHARTI PARDHI,MP_00067,BALAGHAT,Madhya Pradesh,MP,Gwalior,MP_GWALIOR,Block-2,Locality-2,730000.0,730000.0,2022-07-15,2022-08-05,2023-02-10,,Ongoing,44.0,AGENCY_0051,22.748455,79.404356,DUPLICATE_PAYMENT
PRJ000068,Community Toilet Complex at Ujjain Block-3 Market Area,SANITATION,BHARTI PARDHI,MP_00068,BALAGHAT,Madhya Pradesh,MP,Ujjain,MP_UJJAIN,Block-3,Locality-3,1200000.0,1200000.0,2023-10-04,2023-11-05,2024-05-21,,Ongoing,73.6,AGENCY_0051,23.276921,78.599273,NORMAL
PRJ000069,Medical Equipment Procurement for Indore Block-4 PHC,HEALTHCARE,BHARTI PARDHI,MP_00069,BALAGHAT,Madhya Pradesh,MP,Indore,MP_INDORE,Block-4,Locality-4,5620000.0,5620000.0,2023-05-05,2023-05-28,2024-01-11,,Sanctioned,43.6,AGENCY_0051,23.389499,79.357793,NORMAL
PRJ000070,Village Bus Stand & Commuter Amenities at Indore Block-5,BUS_SHELTER,BHARTI PARDHI,MP_00070,BALAGHAT,Madhya Pradesh,MP,Indore,MP_INDORE,Block-5,Locality-5,7920000.0,7920000.0,2023-03-20,2022-05-31,2023-02-16,,Ongoing,4.7,AGENCY_0049,23.648343,79.324345,LOW_UTILIZATION
PRJ000071,Bituminous Road Construction from Bilaspur Block-1 to Panchayat HQ,ROAD_CONSTRUCTION,CHINTAMANI MAHARAJ,MP_00071,SARGUJA(ST),Chhattisgarh,CG,Bilaspur,CG_BILASPUR,Block-1,Locality-1,1040000.0,1040000.0,2023-02-18,2023-03-14,2023-10-13,2023-10-13,Completed,100.0,AGENCY_0080,22.032932,82.189406,NORMAL
PRJ000072,Community Toilet Complex at Korba Block-2 Market Area,SANITATION,CHINTAMANI MAHARAJ,MP_00072,SARGUJA(ST),Chhattisgarh,CG,Korba,CG_KORBA,Block-2,Locality-2,5410000.0,5410000.0,2023-10-06,2023-10-21,2024-09-05,,Ongoing,20.9,AGENCY_0078,20.801998,82.067862,VENDOR_COLLUSION
PRJ000073,Road Widening & Strengthening at Bhagalpur Block-1,ROAD_REPAIR,MISHA BHARTI,MP_00073,PATALIPUTRA,Bihar,BR,Bhagalpur,BR_BHAGALPUR,Block-1,Locality-1,820000.0,820000.0,2023-11-11,2023-12-18,2022-08-26,,Ongoing,24.8,AGENCY_0018,25.077853,85.199422,PROJECT_DELAY
PRJ000074,Rooftop Solar Panel Installation at Gaya Block-2 Government Building,SOLAR_ENERGY,MISHA BHARTI,MP_00074,PATALIPUTRA,Bihar,BR,Gaya,BR_GAYA,Block-2,Locality-2,4660000.0,4660000.0,2023-09-20,2023-10-16,2024-10-27,,Ongoing,43.9,AGENCY_0018,25.672232,84.642529,VENDOR_COLLUSION
PRJ000075,Borewell Drilling & Submersible Pump Supply at Muzaffarpur Block-3,WATER_SUPPLY,MISHA BHARTI,MP_00075,PATALIPUTRA,Bihar,BR,Muzaffarpur,BR_MUZAFFARPUR,Block-3,Locality-3,890000.0,890000.0,2022-05-11,2022-06-10,2023-06-06,,Ongoing,24.4,AGENCY_0018,24.9416,85.655124,VENDOR_COLLUSION
PRJ000076,Construction of Additional Classrooms at Bhagalpur Block-4 Government School,SCHOOL_INFRASTRUCTURE,MISHA BHARTI,MP_00076,PATALIPUTRA,Bihar,BR,Bhagalpur,BR_BHAGALPUR,Block-4,Locality-4,5340000.0,5340000.0,2023-01-10,2023-01-31,2023-08-01,,Sanctioned,82.1,AGENCY_0018,24.490113,85.697109,NORMAL
PRJ000077,Multipurpose Community Hall at Aurangabad Block-5,COMMUNITY_HALL,MISHA BHARTI,MP_00077,PATALIPUTRA,Bihar,BR,Aurangabad,BR_AURANGABAD,Block-5,Locality-5,1850000.0,1850000.0,2023-06-16,2023-07-10,2024-04-26,,Ongoing,36.9,AGENCY_0019,24.617588,85.147567,DOCUMENT_MISMATCH
PRJ000078,Solid Waste Processing Plant at Guntur Block-1,SANITATION,C.M.RAMESH,MP_00078,ANAKAPALLE,Andhra Pradesh,AP,Guntur,AP_GUNTUR,Block-1,Locality-1,4620000.0,4620000.0,2022-10-17,2022-11-24,2023-07-09,2023-07-09,Completed,100.0,AGENCY_0055,15.239653,79.221297,NORMAL
PRJ000079,RCC Underground Sewage Network at Nellore Block-2,SANITATION,C.M.RAMESH,MP_00079,ANAKAPALLE,Andhra Pradesh,AP,Nellore,AP_NELLORE,Block-2,Locality-2,3910000.0,3910000.0,2023-01-06,2023-02-17,2023-09-22,,Ongoing,66.0,AGENCY_0054,16.2234,79.949278,COST_OVERRUN
PRJ000080,Flood Control Channel at Guntur Block-3,DRAINAGE,C.M.RAMESH,MP_00080,ANAKAPALLE,Andhra Pradesh,AP,Guntur,AP_GUNTUR,Block-3,Locality-3,7170000.0,7170000.0,2023-09-06,2023-10-04,2024-05-24,,Ongoing,52.3,AGENCY_0056,15.259314,80.058407,DUPLICATE_PAYMENT
PRJ000081,Maternity Ward Upgradation at Vijayawada Block-4 District Hospital,HEALTHCARE,C.M.RAMESH,MP_00081,ANAKAPALLE,Andhra Pradesh,AP,Vijayawada,AP_VIJAYAWADA,Block-4,Locality-4,7620000.0,7620000.0,2022-12-28,2023-01-31,2023-07-31,,Ongoing,50.2,AGENCY_0055,16.200156,80.396607,DUPLICATE_PAYMENT
PRJ000082,Solid Waste Processing Plant at Tirupati Block-5,SANITATION,C.M.RAMESH,MP_00082,ANAKAPALLE,Andhra Pradesh,AP,Tirupati,AP_TIRUPATI,Block-5,Locality-5,6250000.0,6250000.0,2022-08-10,2022-09-02,2023-04-20,,Ongoing,54.1,AGENCY_0053,15.125542,79.565322,DUPLICATE_PAYMENT
PRJ000083,RCC Bridge Construction over Kollam Block-1 River,BRIDGE,Shri Kumbakudi Sudhakaran,MP_00083,KANNUR,Kerala,KL,Kollam,KL_KOLLAM,Block-1,Locality-1,7850000.0,7850000.0,2022-05-14,2022-06-18,2023-05-26,2023-05-26,Completed,100.0,AGENCY_0033,7.933808,76.170259,NORMAL
PRJ000084,Construction of Additional Classrooms at Thrissur Block-2 Government School,SCHOOL_INFRASTRUCTURE,Shri Kumbakudi Sudhakaran,MP_00084,KANNUR,Kerala,KL,Thrissur,KL_THRISSUR,Block-2,Locality-2,4200000.0,4200000.0,2022-11-11,2022-11-27,2023-09-18,2023-09-18,Completed,100.0,AGENCY_0034,7.776707,76.194506,NORMAL
PRJ000085,Box Culvert Bridge at Allahabad Block-1 Nala,BRIDGE,AFZAL ANSARI,MP_00085,GHAZIPUR,Uttar Pradesh,UP,Allahabad,UP_ALLAHABAD,Block-1,Locality-1,7750000.0,7750000.0,2023-05-15,2023-06-26,2024-01-05,,Ongoing,32.3,AGENCY_0012,26.535707,80.527472,DUPLICATE_PAYMENT
PRJ000086,Bituminous Road Construction from Allahabad Block-2 to Panchayat HQ,ROAD_CONSTRUCTION,AFZAL ANSARI,MP_00086,GHAZIPUR,Uttar Pradesh,UP,Allahabad,UP_ALLAHABAD,Block-2,Locality-2,6870000.0,6870000.0,2022-04-06,2022-05-10,2022-11-27,,Ongoing,1.0,AGENCY_0009,26.670777,81.354527,LOW_UTILIZATION
PRJ000087,Covered Concrete Drain Network at Lucknow Block-3,DRAINAGE,AFZAL ANSARI,MP_00087,GHAZIPUR,Uttar Pradesh,UP,Lucknow,UP_LUCKNOW,Block-3,Locality-3,1840000.0,1840000.0,2022-12-07,2023-01-20,2023-10-22,,Ongoing,21.3,AGENCY_0010,26.716581,80.213802,VENDOR_COLLUSION
PRJ000088,Children Playground Equipment at Allahabad Block-4 Park,SPORTS_FACILITY,AFZAL ANSARI,MP_00088,GHAZIPUR,Uttar Pradesh,UP,Allahabad,UP_ALLAHABAD,Block-4,Locality-4,6990000.0,6990000.0,2023-08-24,2023-09-27,2024-06-12,,Ongoing,55.5,AGENCY_0010,26.317985,81.097633,COST_OVERRUN
PRJ000089,Concrete Village Connecting Road at Kanpur Block-5,ROAD_CONSTRUCTION,AFZAL ANSARI,MP_00089,GHAZIPUR,Uttar Pradesh,UP,Kanpur,UP_KANPUR,Block-5,Locality-5,7920000.0,7920000.0,2022-07-13,2022-08-13,2023-07-01,,Sanctioned,28.0,AGENCY_0010,27.445756,80.362751,NORMAL
PRJ000090,Community Toilet Complex at Muzaffarpur Block-1 Market Area,SANITATION,Shri Ram Nath Thakur (2026-32) (2026-2032),MP_00090,Bihar (RS),Bihar,BR,Muzaffarpur,BR_MUZAFFARPUR,Block-1,Locality-1,6680000.0,6680000.0,2023-02-16,2023-03-11,2022-07-10,,Ongoing,26.3,AGENCY_0020,24.386548,85.145527,PROJECT_DELAY
PRJ000091,Digital Smart Classroom & IT Lab Setup at Muzaffarpur Block-2,SCHOOL_INFRASTRUCTURE,Shri Ram Nath Thakur (2026-32) (2026-2032),MP_00091,Bihar (RS),Bihar,BR,Muzaffarpur,BR_MUZAFFARPUR,Block-2,Locality-2,7910000.0,7910000.0,2023-02-19,2023-03-24,2024-02-07,,Sanctioned,32.7,AGENCY_0018,25.455886,84.734117,NORMAL
PRJ000092,Multipurpose Community Hall at Bilaspur Block-1,COMMUNITY_HALL,Smt. Phulo Devi Netam (2026-32) (2026-2032),MP_00092,Chhattisgarh (RS),Chhattisgarh,CG,Bilaspur,CG_BILASPUR,Block-1,Locality-1,3470000.0,3470000.0,2022-09-03,2022-10-04,2023-08-26,,Ongoing,52.5,AGENCY_0080,21.533376,82.04489,DOCUMENT_MISMATCH
PRJ000093,RCC Bridge Construction over Rajnandgaon Block-2 River,BRIDGE,Smt. Phulo Devi Netam (2026-32) (2026-2032),MP_00093,Chhattisgarh (RS),Chhattisgarh,CG,Rajnandgaon,CG_RAJNANDGAON,Block-2,Locality-2,1660000.0,1660000.0,2022-09-06,2022-09-21,2022-06-17,,Ongoing,32.4,AGENCY_0079,21.124266,81.900598,PROJECT_DELAY
PRJ000094,Overhead Water Tank Construction & Pipeline Network at Rajnandgaon Block-3,WATER_SUPPLY,Smt. Phulo Devi Netam (2026-32) (2026-2032),MP_00094,Chhattisgarh (RS),Chhattisgarh,CG,Rajnandgaon,CG_RAJNANDGAON,Block-3,Locality-3,3240000.0,3240000.0,2023-04-27,2023-05-13,2024-01-17,,Ongoing,18.2,AGENCY_0078,22.055887,82.006828,FIN_PHYS_MISMATCH
PRJ000095,Solar Micro-Grid for Amritsar Block-1 Village Power Supply,SOLAR_ENERGY,Shri Raghav Chadha (2022-28) (2022-2028),MP_00095,Punjab (RS),Punjab,PB,Amritsar,PB_AMRITSAR,Block-1,Locality-1,910000.0,910000.0,2022-07-17,2022-08-08,2023-09-12,,Ongoing,26.9,AGENCY_0038,30.576229,75.926806,VENDOR_COLLUSION
PRJ000096,Box Culvert Bridge at Patiala Block-2 Nala,BRIDGE,Shri Raghav Chadha (2022-28) (2022-2028),MP_00096,Punjab (RS),Punjab,PB,Patiala,PB_PATIALA,Block-2,Locality-2,4440000.0,4440000.0,2022-08-22,2022-06-22,2023-02-22,,Ongoing,2.3,AGENCY_0040,30.560756,75.64248,LOW_UTILIZATION
PRJ000097,School Boundary Wall & Sanitation Block at Mysuru Block-1,SCHOOL_INFRASTRUCTURE,P C Mohan,MP_00097,BANGALORE CENTRAL,Karnataka,KA,Mysuru,KA_MYSURU,Block-1,Locality-1,960000.0,960000.0,2022-05-13,2022-05-22,2023-02-23,,Ongoing,0.8,AGENCY_0024,15.620787,75.542065,LOW_UTILIZATION
PRJ000098,Concrete Village Connecting Road at Mysuru Block-2,ROAD_CONSTRUCTION,P C Mohan,MP_00098,BANGALORE CENTRAL,Karnataka,KA,Mysuru,KA_MYSURU,Block-2,Locality-2,7030000.0,7030000.0,2023-02-23,2023-03-11,2023-12-08,,Ongoing,33.1,AGENCY_0024,14.707986,76.082763,NORMAL
PRJ000099,Concrete Village Connecting Road at Belagavi Block-3,ROAD_CONSTRUCTION,P C Mohan,MP_00099,BANGALORE CENTRAL,Karnataka,KA,Belagavi,KA_BELAGAVI,Block-3,Locality-3,1040000.0,1040000.0,2022-08-05,2022-04-29,2022-11-25,,Ongoing,3.8,AGENCY_0024,15.525114,75.030231,LOW_UTILIZATION
PRJ000100,Public Sanitation Complex at Srinagar Block-1 Bus Stand,PUBLIC_TOILET,Jitendra Singh,MP_00100,UDHAMPUR,Jammu And Kashmir,JK,Srinagar,JK_SRINAGAR,Block-1,Locality-1,1310000.0,1310000.0,2022-06-18,2022-07-04,2023-01-06,,Ongoing,79.7,AGENCY_0070,33.209689,76.337497,NORMAL
PRJ000101,Maternity Ward Upgradation at Srinagar Block-2 District Hospital,HEALTHCARE,Jitendra Singh,MP_00101,UDHAMPUR,Jammu And Kashmir,JK,Srinagar,JK_SRINAGAR,Block-2,Locality-2,1130000.0,1130000.0,2023-09-27,2022-04-15,2023-01-23,,Ongoing,0.7,AGENCY_0069,33.794544,76.114206,LOW_UTILIZATION
PRJ000102,Public Sanitation Complex at Jammu Block-3 Bus Stand,PUBLIC_TOILET,Jitendra Singh,MP_00102,UDHAMPUR,Jammu And Kashmir,JK,Jammu,JK_JAMMU,Block-3,Locality-3,6030000.0,6030000.0,2022-06-07,2022-04-15,2023-02-04,,Ongoing,1.1,AGENCY_0072,34.130058,76.071843,LOW_UTILIZATION
PRJ000103,Multi-purpose Sports Ground Levelling at Sopore Block-4,SPORTS_FACILITY,Jitendra Singh,MP_00103,UDHAMPUR,Jammu And Kashmir,JK,Sopore,JK_SOPORE,Block-4,Locality-4,4170000.0,4170000.0,2023-09-28,2023-10-27,2022-06-05,,Ongoing,24.6,AGENCY_0070,33.440783,75.795293,PROJECT_DELAY
PRJ000104,Village Auditorium & Public Address System at Sopore Block-5,COMMUNITY_HALL,Jitendra Singh,MP_00104,UDHAMPUR,Jammu And Kashmir,JK,Sopore,JK_SOPORE,Block-5,Locality-5,2420000.0,2420000.0,2023-07-02,2023-07-30,2024-02-13,2024-02-13,Completed,100.0,AGENCY_0070,33.994329,76.02679,NORMAL
PRJ000105,Solid Waste Processing Plant at Hubballi Block-1,SANITATION,SAGAR ESHWAR KHANDRE,MP_00105,BIDAR,Karnataka,KA,Hubballi,KA_HUBBALLI,Block-1,Locality-1,3530000.0,3530000.0,2022-05-11,2022-06-03,2023-01-28,,Ongoing,17.5,AGENCY_0022,14.658422,75.894987,FIN_PHYS_MISMATCH
PRJ000106,Solar High-Mast Street Lighting at Hubballi Block-2,SOLAR_ENERGY,SAGAR ESHWAR KHANDRE,MP_00106,BIDAR,Karnataka,KA,Hubballi,KA_HUBBALLI,Block-2,Locality-2,3230000.0,3230000.0,2023-07-09,2023-07-24,2024-05-08,,Sanctioned,23.1,AGENCY_0024,14.941222,75.265957,NORMAL
PRJ000107,Multi-purpose Sports Ground Levelling at Belagavi Block-3,SPORTS_FACILITY,SAGAR ESHWAR KHANDRE,MP_00107,BIDAR,Karnataka,KA,Belagavi,KA_BELAGAVI,Block-3,Locality-3,3980000.0,3980000.0,2022-04-11,2022-05-15,2023-01-23,,Sanctioned,38.3,AGENCY_0024,15.156531,75.870455,NORMAL
PRJ000108,Bituminous Road Construction from Mangaluru Block-4 to Panchayat HQ,ROAD_CONSTRUCTION,SAGAR ESHWAR KHANDRE,MP_00108,BIDAR,Karnataka,KA,Mangaluru,KA_MANGALURU,Block-4,Locality-4,4550000.0,4550000.0,2022-08-09,2022-09-19,2023-09-07,,Sanctioned,45.3,AGENCY_0024,15.986348,75.677756,NORMAL
PRJ000109,Multipurpose Community Hall at Hubballi Block-5,COMMUNITY_HALL,SAGAR ESHWAR KHANDRE,MP_00109,BIDAR,Karnataka,KA,Hubballi,KA_HUBBALLI,Block-5,Locality-5,4600000.0,4600000.0,2023-08-25,2023-09-26,2024-05-26,,Ongoing,22.9,AGENCY_0023,15.433534,75.187377,NORMAL
PRJ000110,Panchayat Bhawan Construction at Allahabad Block-1,COMMUNITY_HALL,KRISHNA DEVI SHIVSHANKER PATEL,MP_00110,BANDA,Uttar Pradesh,UP,Allahabad,UP_ALLAHABAD,Block-1,Locality-1,1160000.0,1160000.0,2022-04-07,2022-04-22,2022-10-24,,Sanctioned,46.5,AGENCY_0012,26.093819,81.357583,NORMAL
PRJ000111,Installation of RO Drinking Water Plant at Agra Block-2,WATER_SUPPLY,KRISHNA DEVI SHIVSHANKER PATEL,MP_00111,BANDA,Uttar Pradesh,UP,Agra,UP_AGRA,Block-2,Locality-2,7690000.0,7690000.0,2022-08-27,2022-06-03,2023-02-04,,Ongoing,2.6,AGENCY_0012,26.276193,81.269332,LOW_UTILIZATION
PRJ000112,Community Toilet Complex at Varanasi Block-3 Market Area,SANITATION,KRISHNA DEVI SHIVSHANKER PATEL,MP_00112,BANDA,Uttar Pradesh,UP,Varanasi,UP_VARANASI,Block-3,Locality-3,6320000.0,6320000.0,2023-01-05,2023-02-02,2023-09-12,,Sanctioned,37.6,AGENCY_0012,27.051578,80.327026,NORMAL
PRJ000113,Storm Water Drain Construction at Allahabad Block-4,DRAINAGE,KRISHNA DEVI SHIVSHANKER PATEL,MP_00113,BANDA,Uttar Pradesh,UP,Allahabad,UP_ALLAHABAD,Block-4,Locality-4,5740000.0,5740000.0,2022-11-08,2022-12-20,2023-09-02,2023-09-02,Completed,100.0,AGENCY_0009,26.754016,81.410138,NORMAL
PRJ000114,Maternity Ward Upgradation at Meerut Block-5 District Hospital,HEALTHCARE,KRISHNA DEVI SHIVSHANKER PATEL,MP_00114,BANDA,Uttar Pradesh,UP,Meerut,UP_MEERUT,Block-5,Locality-5,4490000.0,4490000.0,2023-11-11,2023-11-27,2024-07-19,,Ongoing,51.9,AGENCY_0009,26.250283,80.837566,DOCUMENT_MISMATCH
PRJ000115,Medical Equipment Procurement for Mangaluru Block-1 PHC,HEALTHCARE,RADHAKRISHNA,MP_00115,GULBARGA(SC),Karnataka,KA,Mangaluru,KA_MANGALURU,Block-1,Locality-1,7720000.0,7720000.0,2022-07-31,2022-08-20,2023-06-21,2023-06-21,Completed,100.0,AGENCY_0022,14.662583,75.977583,NORMAL
PRJ000116,Road Widening & Strengthening at Belagavi Block-2,ROAD_REPAIR,RADHAKRISHNA,MP_00116,GULBARGA(SC),Karnataka,KA,Belagavi,KA_BELAGAVI,Block-2,Locality-2,920000.0,920000.0,2023-01-27,2023-02-16,2023-11-21,2023-11-21,Completed,100.0,AGENCY_0022,16.048794,75.707288,NORMAL
PRJ000117,Covered Concrete Drain Network at Belagavi Block-3,DRAINAGE,RADHAKRISHNA,MP_00117,GULBARGA(SC),Karnataka,KA,Belagavi,KA_BELAGAVI,Block-3,Locality-3,1630000.0,1630000.0,2022-05-06,2022-06-12,2023-02-13,,Sanctioned,78.1,AGENCY_0023,15.020601,76.509037,NORMAL
PRJ000118,Village Auditorium & Public Address System at Mumbai Block-1,COMMUNITY_HALL,RAJABHAU,MP_00118,NASHIK,Maharashtra,MH,Mumbai,MH_MUMBAI,Block-1,Locality-1,6790000.0,6790000.0,2023-09-28,2023-10-22,2024-04-30,2024-04-30,Completed,100.0,AGENCY_0003,18.996238,75.924234,NORMAL
PRJ000119,Community Toilet Complex at Aurangabad Block-2 Market Area,SANITATION,RAJABHAU,MP_00119,NASHIK,Maharashtra,MH,Aurangabad,MH_AURANGABAD,Block-2,Locality-2,2050000.0,2050000.0,2022-11-30,2022-04-06,2022-11-05,,Ongoing,4.0,AGENCY_0001,20.17627,74.960464,LOW_UTILIZATION
PRJ000120,Flood Control Channel at Aurangabad Block-3,DRAINAGE,RAJABHAU,MP_00120,NASHIK,Maharashtra,MH,Aurangabad,MH_AURANGABAD,Block-3,Locality-3,5070000.0,5070000.0,2023-06-06,2023-06-23,2024-02-21,,Ongoing,47.6,AGENCY_0002,19.064109,75.097441,VENDOR_COLLUSION
PRJ000121,Solar Micro-Grid for Thane Block-4 Village Power Supply,SOLAR_ENERGY,RAJABHAU,MP_00121,NASHIK,Maharashtra,MH,Thane,MH_THANE,Block-4,Locality-4,2810000.0,2810000.0,2022-06-06,2022-07-02,2023-05-28,,Ongoing,23.1,AGENCY_0002,20.451221,75.471523,VENDOR_COLLUSION
PRJ000122,Indoor Sports Hall at Bengaluru Block-1,SPORTS_FACILITY,Ramesh Chandappa Jigajinagi,MP_00122,BIJAPUR(SC),Karnataka,KA,Bengaluru,KA_BENGALURU,Block-1,Locality-1,2680000.0,2680000.0,2022-05-10,2022-06-21,2022-09-11,,Ongoing,28.8,AGENCY_0023,15.85631,76.429846,PROJECT_DELAY
PRJ000123,Market Public Toilet Unit at Kalaburagi Block-2,PUBLIC_TOILET,Ramesh Chandappa Jigajinagi,MP_00123,BIJAPUR(SC),Karnataka,KA,Kalaburagi,KA_KALABURAGI,Block-2,Locality-2,2370000.0,2370000.0,2022-06-17,2022-07-27,2023-03-09,2023-03-09,Completed,100.0,AGENCY_0023,14.870969,75.915806,NORMAL
PRJ000124,Village Bus Stand & Commuter Amenities at Mangaluru Block-3,BUS_SHELTER,Ramesh Chandappa Jigajinagi,MP_00124,BIJAPUR(SC),Karnataka,KA,Mangaluru,KA_MANGALURU,Block-3,Locality-3,3630000.0,3630000.0,2023-03-01,2023-04-13,2023-11-15,2023-11-15,Completed,100.0,AGENCY_0021,14.94713,75.399474,NORMAL
PRJ000125,Village Bus Stand & Commuter Amenities at Rishikesh Block-1,BUS_SHELTER,TRIVENDRA SINGH RAWAT,MP_00125,HARDWAR,Uttarakhand,UK,Rishikesh,UK_RISHIKESH,Block-1,Locality-1,6000000.0,6000000.0,2023-04-14,2023-05-10,2023-12-31,,Ongoing,47.4,AGENCY_0082,30.465516,79.457114,COST_OVERRUN
PRJ000126,RCC Underground Sewage Network at Rishikesh Block-2,SANITATION,TRIVENDRA SINGH RAWAT,MP_00126,HARDWAR,Uttarakhand,UK,Rishikesh,UK_RISHIKESH,Block-2,Locality-2,5790000.0,5790000.0,2022-12-24,2023-01-08,2023-10-17,2023-10-17,Completed,100.0,AGENCY_0084,29.397016,78.813261,NORMAL
PRJ000127,Modern Steel Bus Canopy at Mussoorie Block-3 Junction,BUS_SHELTER,TRIVENDRA SINGH RAWAT,MP_00127,HARDWAR,Uttarakhand,UK,Mussoorie,UK_MUSSOORIE,Block-3,Locality-3,5340000.0,5340000.0,2023-10-06,2023-11-11,2024-10-24,,Ongoing,62.0,AGENCY_0084,29.601295,78.338466,NORMAL
PRJ000128,Solid Waste Processing Plant at Haridwar Block-4,SANITATION,TRIVENDRA SINGH RAWAT,MP_00128,HARDWAR,Uttarakhand,UK,Haridwar,UK_HARIDWAR,Block-4,Locality-4,3950000.0,3950000.0,2023-06-29,2023-07-26,2024-06-12,,Ongoing,63.8,AGENCY_0083,30.097533,78.865982,NORMAL
PRJ000129,Footbridge for Villagers at Bhavnagar Block-1,BRIDGE,Shri Kesridevsinh Jhala (2023-29) (2023-2029),MP_00129,Gujarat (RS),Gujarat,GJ,Bhavnagar,GJ_BHAVNAGAR,Block-1,Locality-1,6700000.0,6700000.0,2022-11-23,2022-12-28,2023-07-07,2023-07-07,Completed,100.0,AGENCY_0028,23.026155,71.724172,NORMAL
PRJ000130,Concrete Village Connecting Road at Ahmedabad Block-2,ROAD_CONSTRUCTION,Shri Kesridevsinh Jhala (2023-29) (2023-2029),MP_00130,Gujarat (RS),Gujarat,GJ,Ahmedabad,GJ_AHMEDABAD,Block-2,Locality-2,7630000.0,7630000.0,2023-05-18,2023-06-26,2024-04-15,,Ongoing,53.2,AGENCY_0027,22.93904,70.952252,NORMAL
PRJ000131,Flood Control Channel at Surat Block-3,DRAINAGE,Shri Kesridevsinh Jhala (2023-29) (2023-2029),MP_00131,Gujarat (RS),Gujarat,GJ,Surat,GJ_SURAT,Block-3,Locality-3,3500000.0,3500000.0,2022-06-19,2022-07-09,2023-01-08,,Ongoing,84.6,AGENCY_0028,21.755477,71.729253,NORMAL
PRJ000132,Solar High-Mast Street Lighting at Gandhinagar Block-4,SOLAR_ENERGY,Shri Kesridevsinh Jhala (2023-29) (2023-2029),MP_00132,Gujarat (RS),Gujarat,GJ,Gandhinagar,GJ_GANDHINAGAR,Block-4,Locality-4,7180000.0,7180000.0,2023-07-22,2023-08-30,2024-05-22,,Ongoing,48.5,AGENCY_0027,22.169094,70.494136,DUPLICATE_PAYMENT
PRJ000133,Village Bus Stand & Commuter Amenities at Bikaner Block-1,BUS_SHELTER,BHAJAN LAL JATAV,MP_00133,KARAULI-DHOLPUR(SC),Rajasthan,RJ,Bikaner,RJ_BIKANER,Block-1,Locality-1,4170000.0,4170000.0,2023-07-14,2022-05-11,2023-01-08,,Ongoing,4.3,AGENCY_0029,26.765992,74.104155,LOW_UTILIZATION
PRJ000134,Multi-purpose Sports Ground Levelling at Udaipur Block-2,SPORTS_FACILITY,BHAJAN LAL JATAV,MP_00134,KARAULI-DHOLPUR(SC),Rajasthan,RJ,Udaipur,RJ_UDAIPUR,Block-2,Locality-2,7340000.0,7340000.0,2023-05-26,2023-06-25,2024-02-23,,Ongoing,54.1,AGENCY_0030,27.027366,73.718612,COST_OVERRUN
PRJ000135,Multi-purpose Sports Ground Levelling at Udaipur Block-3,SPORTS_FACILITY,BHAJAN LAL JATAV,MP_00135,KARAULI-DHOLPUR(SC),Rajasthan,RJ,Udaipur,RJ_UDAIPUR,Block-3,Locality-3,4170000.0,4170000.0,2022-12-23,2023-01-23,2023-10-11,,Ongoing,42.0,AGENCY_0030,26.669325,74.731149,COST_OVERRUN
PRJ000136,Construction of Additional Classrooms at Kota Block-4 Government School,SCHOOL_INFRASTRUCTURE,BHAJAN LAL JATAV,MP_00136,KARAULI-DHOLPUR(SC),Rajasthan,RJ,Kota,RJ_KOTA,Block-4,Locality-4,2030000.0,2030000.0,2023-03-01,2023-03-30,2023-12-15,,Ongoing,33.6,AGENCY_0029,26.984188,74.204533,DOCUMENT_MISMATCH
PRJ000137,Footbridge for Villagers at Darjeeling Block-1,BRIDGE,Prof Sougata Ray,MP_00137,DUM DUM,West Bengal,WB,Darjeeling,WB_DARJEELING,Block-1,Locality-1,1160000.0,1160000.0,2022-07-23,2022-09-06,2023-05-17,,Ongoing,55.4,AGENCY_0014,22.473369,88.033075,COST_OVERRUN
PRJ000138,Concrete Village Connecting Road at Howrah Block-2,ROAD_CONSTRUCTION,Prof Sougata Ray,MP_00138,DUM DUM,West Bengal,WB,Howrah,WB_HOWRAH,Block-2,Locality-2,7040000.0,7040000.0,2023-01-13,2023-02-07,2023-10-15,,Ongoing,84.0,AGENCY_0016,22.525361,88.430543,NORMAL
PRJ000139,Flood Control Channel at Durgapur Block-3,DRAINAGE,Prof Sougata Ray,MP_00139,DUM DUM,West Bengal,WB,Durgapur,WB_DURGAPUR,Block-3,Locality-3,3530000.0,3530000.0,2023-08-06,2023-09-14,2024-04-20,,Ongoing,59.4,AGENCY_0014,22.959566,87.545972,COST_OVERRUN
PRJ000140,Digital Smart Classroom & IT Lab Setup at Howrah Block-4,SCHOOL_INFRASTRUCTURE,Prof Sougata Ray,MP_00140,DUM DUM,West Bengal,WB,Howrah,WB_HOWRAH,Block-4,Locality-4,4090000.0,4090000.0,2022-11-18,2022-12-08,2023-06-09,,Sanctioned,37.6,AGENCY_0016,22.660037,88.373644,NORMAL
PRJ000141,Highway Toilet Block near Cuttack Block-1,PUBLIC_TOILET,BIBHU PRASAD TARAI,MP_00141,JAGATSINGHPUR(SC),Odisha,OD,Cuttack,OD_CUTTACK,Block-1,Locality-1,6730000.0,6730000.0,2023-02-02,2022-04-12,2023-01-29,,Ongoing,1.1,AGENCY_0062,21.416848,85.739259,LOW_UTILIZATION
PRJ000142,Road Widening & Strengthening at Puri Block-2,ROAD_REPAIR,BIBHU PRASAD TARAI,MP_00142,JAGATSINGHPUR(SC),Odisha,OD,Puri,OD_PURI,Block-2,Locality-2,3000000.0,3000000.0,2023-07-30,2023-08-23,2024-02-28,,Ongoing,18.1,AGENCY_0062,21.402046,84.820535,FIN_PHYS_MISMATCH
PRJ000143,Pothole Repair & Road Resurfacing at Rourkela Block-3,ROAD_REPAIR,BIBHU PRASAD TARAI,MP_00143,JAGATSINGHPUR(SC),Odisha,OD,Rourkela,OD_ROURKELA,Block-3,Locality-3,5700000.0,5700000.0,2022-09-01,2022-06-21,2023-01-05,,Ongoing,4.0,AGENCY_0063,20.784413,85.721683,LOW_UTILIZATION
PRJ000144,Ambulance Purchase for Agra Block-1 Health Centre,HEALTHCARE,Dr. Laxmikant Bajpayee (2022-28) (2022-2028),MP_00144,Uttar Pradesh (RS),Uttar Pradesh,UP,Agra,UP_AGRA,Block-1,Locality-1,4560000.0,4560000.0,2023-04-03,2022-04-08,2022-10-27,,Ongoing,4.7,AGENCY_0011,26.802544,80.26541,LOW_UTILIZATION
PRJ000145,Highway Toilet Block near Agra Block-2,PUBLIC_TOILET,Dr. Laxmikant Bajpayee (2022-28) (2022-2028),MP_00145,Uttar Pradesh (RS),Uttar Pradesh,UP,Agra,UP_AGRA,Block-2,Locality-2,3720000.0,3720000.0,2023-02-26,2023-03-24,2022-09-12,,Ongoing,12.8,AGENCY_0011,27.055129,80.502194,PROJECT_DELAY
PRJ000146,Installation of RO Drinking Water Plant at Agra Block-3,WATER_SUPPLY,Dr. Laxmikant Bajpayee (2022-28) (2022-2028),MP_00146,Uttar Pradesh (RS),Uttar Pradesh,UP,Agra,UP_AGRA,Block-3,Locality-3,2950000.0,2950000.0,2023-04-09,2023-05-24,2024-03-14,2024-03-14,Completed,100.0,AGENCY_0012,27.272204,81.269414,NORMAL
PRJ000147,Public Sanitation Complex at Allahabad Block-4 Bus Stand,PUBLIC_TOILET,Dr. Laxmikant Bajpayee (2022-28) (2022-2028),MP_00147,Uttar Pradesh (RS),Uttar Pradesh,UP,Allahabad,UP_ALLAHABAD,Block-4,Locality-4,1620000.0,1620000.0,2023-03-18,2023-04-10,2024-02-17,,Ongoing,53.8,AGENCY_0010,26.320536,80.523595,NORMAL
PRJ000148,Multi-purpose Sports Ground Levelling at Varanasi Block-5,SPORTS_FACILITY,Dr. Laxmikant Bajpayee (2022-28) (2022-2028),MP_00148,Uttar Pradesh (RS),Uttar Pradesh,UP,Varanasi,UP_VARANASI,Block-5,Locality-5,5700000.0,5700000.0,2022-07-27,2022-09-09,2022-06-18,,Ongoing,28.5,AGENCY_0009,27.34264,80.737664,PROJECT_DELAY
PRJ000149,Children Playground Equipment at South Delhi Block-1 Park,SPORTS_FACILITY,Yogendra Chandoliya,MP_00149,NORTH WEST DELHI(SC),Delhi,DL,South Delhi,DL_SOUTH_DELHI,Block-1,Locality-1,2810000.0,2810000.0,2023-03-25,2023-04-11,2023-11-17,,Ongoing,66.5,AGENCY_0046,29.254156,77.696745,COST_OVERRUN
PRJ000150,Inter-village Link Road Construction at Central Delhi Block-2,ROAD_CONSTRUCTION,Yogendra Chandoliya,MP_00150,NORTH WEST DELHI(SC),Delhi,DL,Central Delhi,DL_CENTRAL_DELHI,Block-2,Locality-2,3980000.0,3980000.0,2022-10-16,2022-11-22,2023-10-29,,Ongoing,36.3,AGENCY_0045,28.703072,76.747622,DOCUMENT_MISMATCH
PRJ000151,Ambulance Purchase for East Delhi Block-3 Health Centre,HEALTHCARE,Yogendra Chandoliya,MP_00151,NORTH WEST DELHI(SC),Delhi,DL,East Delhi,DL_EAST_DELHI,Block-3,Locality-3,4410000.0,4410000.0,2023-05-22,2023-06-07,2024-01-02,2024-01-02,Completed,100.0,AGENCY_0048,29.377203,77.695986,NORMAL
PRJ000152,Multipurpose Community Hall at Kolkata Block-1,COMMUNITY_HALL,Ms Mahua Moitra,MP_00152,KRISHNANAGAR,West Bengal,WB,Kolkata,WB_KOLKATA,Block-1,Locality-1,6480000.0,6480000.0,2023-07-29,2023-08-23,2024-06-18,,Ongoing,49.5,AGENCY_0014,22.494309,87.856143,NORMAL
PRJ000153,Maternity Ward Upgradation at Siliguri Block-2 District Hospital,HEALTHCARE,Ms Mahua Moitra,MP_00153,KRISHNANAGAR,West Bengal,WB,Siliguri,WB_SILIGURI,Block-2,Locality-2,2550000.0,2550000.0,2023-01-10,2023-02-04,2023-09-29,,Ongoing,52.1,AGENCY_0016,22.860731,87.937404,NORMAL
PRJ000154,Overhead Water Tank Construction & Pipeline Network at Darjeeling Block-3,WATER_SUPPLY,Ms Mahua Moitra,MP_00154,KRISHNANAGAR,West Bengal,WB,Darjeeling,WB_DARJEELING,Block-3,Locality-3,1670000.0,1670000.0,2022-07-01,2022-07-24,2022-06-17,,Ongoing,30.6,AGENCY_0016,22.455746,88.575992,PROJECT_DELAY
PRJ000155,School Boundary Wall & Sanitation Block at Siliguri Block-4,SCHOOL_INFRASTRUCTURE,Ms Mahua Moitra,MP_00155,KRISHNANAGAR,West Bengal,WB,Siliguri,WB_SILIGURI,Block-4,Locality-4,3850000.0,3850000.0,2023-04-03,2023-05-09,2023-11-10,,Ongoing,82.3,AGENCY_0016,22.768479,88.138026,NORMAL
PRJ000156,Highway Toilet Block near Durgapur Block-5,PUBLIC_TOILET,Ms Mahua Moitra,MP_00156,KRISHNANAGAR,West Bengal,WB,Durgapur,WB_DURGAPUR,Block-5,Locality-5,4820000.0,4820000.0,2022-10-17,2022-11-17,2023-07-31,,Ongoing,40.5,AGENCY_0014,23.362784,88.608833,COST_OVERRUN
PRJ000157,Concrete Village Connecting Road at Thiruvananthapuram Block-1,ROAD_CONSTRUCTION,Smt. Jebi Mather Hisham (2022-28) (2022-2028),MP_00157,Kerala (RS),Kerala,KL,Thiruvananthapuram,KL_THIRUVANANTHAPURAM,Block-1,Locality-1,7550000.0,7550000.0,2023-05-04,2023-05-20,2024-02-20,,Ongoing,45.7,AGENCY_0033,9.134077,77.690139,NORMAL
PRJ000158,Covered Concrete Drain Network at Kollam Block-2,DRAINAGE,Smt. Jebi Mather Hisham (2022-28) (2022-2028),MP_00158,Kerala (RS),Kerala,KL,Kollam,KL_KOLLAM,Block-2,Locality-2,2300000.0,2300000.0,2023-06-16,2023-07-17,2024-04-12,,Ongoing,37.4,AGENCY_0034,8.470051,76.863392,VENDOR_COLLUSION
PRJ000159,Maternity Ward Upgradation at Kanpur Block-1 District Hospital,HEALTHCARE,Shri Satish Kumar Gautam,MP_00159,ALIGARH,Uttar Pradesh,UP,Kanpur,UP_KANPUR,Block-1,Locality-1,7690000.0,7690000.0,2023-04-23,2023-05-09,2024-03-24,,Ongoing,48.3,AGENCY_0012,26.442627,80.848205,NORMAL
PRJ000160,Digital Smart Classroom & IT Lab Setup at Varanasi Block-2,SCHOOL_INFRASTRUCTURE,Shri Satish Kumar Gautam,MP_00160,ALIGARH,Uttar Pradesh,UP,Varanasi,UP_VARANASI,Block-2,Locality-2,5490000.0,5490000.0,2022-11-10,2022-12-15,2023-09-06,,Ongoing,44.9,AGENCY_0010,27.258817,80.821496,COST_OVERRUN
PRJ000161,Concrete Village Connecting Road at Lucknow Block-3,ROAD_CONSTRUCTION,Shri Satish Kumar Gautam,MP_00161,ALIGARH,Uttar Pradesh,UP,Lucknow,UP_LUCKNOW,Block-3,Locality-3,4690000.0,4690000.0,2022-07-04,2022-07-22,2023-05-19,,Ongoing,33.7,AGENCY_0009,26.903657,81.591506,NORMAL
PRJ000162,Footbridge for Villagers at Meerut Block-4,BRIDGE,Shri Satish Kumar Gautam,MP_00162,ALIGARH,Uttar Pradesh,UP,Meerut,UP_MEERUT,Block-4,Locality-4,3290000.0,3290000.0,2022-10-02,2022-10-20,2023-04-20,,Ongoing,11.2,AGENCY_0010,26.793979,81.27814,FIN_PHYS_MISMATCH
PRJ000163,Pothole Repair & Road Resurfacing at Aurangabad Block-1,ROAD_REPAIR,Dr Mohammad Jawed,MP_00163,KISHANGANJ,Bihar,BR,Aurangabad,BR_AURANGABAD,Block-1,Locality-1,3650000.0,3650000.0,2023-08-05,2023-08-31,2024-06-03,,Ongoing,41.5,AGENCY_0018,25.814572,85.609571,COST_OVERRUN
PRJ000164,Footbridge for Villagers at Aurangabad Block-2,BRIDGE,Dr Mohammad Jawed,MP_00164,KISHANGANJ,Bihar,BR,Aurangabad,BR_AURANGABAD,Block-2,Locality-2,2830000.0,2830000.0,2023-08-24,2023-09-12,2024-03-23,,Sanctioned,74.3,AGENCY_0020,25.808203,84.736272,NORMAL
PRJ000165,Panchayat Bhawan Construction at Gaya Block-3,COMMUNITY_HALL,Dr Mohammad Jawed,MP_00165,KISHANGANJ,Bihar,BR,Gaya,BR_GAYA,Block-3,Locality-3,2060000.0,2060000.0,2023-07-02,2023-08-07,2024-04-21,,Ongoing,11.4,AGENCY_0018,25.066176,86.029762,FIN_PHYS_MISMATCH
PRJ000166,Digital Smart Classroom & IT Lab Setup at Kota Block-1,SCHOOL_INFRASTRUCTURE,Shri Madan Rathore (2024-30) (2024-2030),MP_00166,Rajasthan (RS),Rajasthan,RJ,Kota,RJ_KOTA,Block-1,Locality-1,6420000.0,6420000.0,2023-11-02,2023-12-03,2024-06-03,,Ongoing,69.8,AGENCY_0030,27.213043,74.373242,COST_OVERRUN
PRJ000167,Flood Control Channel at Bikaner Block-2,DRAINAGE,Shri Madan Rathore (2024-30) (2024-2030),MP_00167,Rajasthan (RS),Rajasthan,RJ,Bikaner,RJ_BIKANER,Block-2,Locality-2,2670000.0,2670000.0,2023-04-20,2022-06-22,2023-03-08,,Ongoing,0.8,AGENCY_0032,26.24058,73.823792,LOW_UTILIZATION
PRJ000168,Solid Waste Processing Plant at Ajmer Block-3,SANITATION,Shri Madan Rathore (2024-30) (2024-2030),MP_00168,Rajasthan (RS),Rajasthan,RJ,Ajmer,RJ_AJMER,Block-3,Locality-3,730000.0,730000.0,2023-10-16,2023-11-05,2024-12-03,,Ongoing,32.3,AGENCY_0030,26.776537,73.99154,VENDOR_COLLUSION
PRJ000169,Community Toilet Complex at Panipat Block-1 Market Area,SANITATION,Shri Sanjay Bhatia (2026-32) (2026-2032),MP_00169,Haryana (RS),Haryana,HR,Panipat,HR_PANIPAT,Block-1,Locality-1,1750000.0,1750000.0,2023-11-04,2022-05-02,2023-01-05,,Ongoing,0.2,AGENCY_0043,29.710971,75.787994,LOW_UTILIZATION
PRJ000170,Borewell Drilling & Submersible Pump Supply at Panipat Block-2,WATER_SUPPLY,Shri Sanjay Bhatia (2026-32) (2026-2032),MP_00170,Haryana (RS),Haryana,HR,Panipat,HR_PANIPAT,Block-2,Locality-2,7800000.0,7800000.0,2022-06-28,2022-08-05,2023-02-12,,Ongoing,51.3,AGENCY_0044,28.663148,76.507164,NORMAL
PRJ000171,Modern Steel Bus Canopy at Gurugram Block-3 Junction,BUS_SHELTER,Shri Sanjay Bhatia (2026-32) (2026-2032),MP_00171,Haryana (RS),Haryana,HR,Gurugram,HR_GURUGRAM,Block-3,Locality-3,7730000.0,7730000.0,2022-10-02,2022-10-26,2023-08-16,,Ongoing,27.5,AGENCY_0042,29.511654,75.329033,NORMAL
PRJ000172,Covered Concrete Drain Network at Panipat Block-4,DRAINAGE,Shri Sanjay Bhatia (2026-32) (2026-2032),MP_00172,Haryana (RS),Haryana,HR,Panipat,HR_PANIPAT,Block-4,Locality-4,4600000.0,4600000.0,2022-12-25,2023-01-31,2022-06-17,,Ongoing,19.7,AGENCY_0042,28.522126,76.3191,PROJECT_DELAY
PRJ000173,Bituminous Road Construction from Panipat Block-5 to Panchayat HQ,ROAD_CONSTRUCTION,Shri Sanjay Bhatia (2026-32) (2026-2032),MP_00173,Haryana (RS),Haryana,HR,Panipat,HR_PANIPAT,Block-5,Locality-5,4830000.0,4830000.0,2023-06-07,2023-07-18,2024-05-03,,Ongoing,21.3,AGENCY_0042,28.717625,76.171766,VENDOR_COLLUSION
PRJ000174,Multipurpose Community Hall at Darbhanga Block-1,COMMUNITY_HALL,Prof. Manoj Kumar Jha (2024-30) (2024-2030),MP_00174,Bihar (RS),Bihar,BR,Darbhanga,BR_DARBHANGA,Block-1,Locality-1,6400000.0,6400000.0,2023-04-30,2023-05-31,2024-02-25,,Ongoing,18.9,AGENCY_0018,25.884814,86.06861,FIN_PHYS_MISMATCH
PRJ000175,Public Sanitation Complex at Patna Block-2 Bus Stand,PUBLIC_TOILET,Prof. Manoj Kumar Jha (2024-30) (2024-2030),MP_00175,Bihar (RS),Bihar,BR,Patna,BR_PATNA,Block-2,Locality-2,6610000.0,6610000.0,2023-01-17,2023-02-16,2023-08-24,,Sanctioned,43.8,AGENCY_0019,24.34894,84.583316,NORMAL
PRJ000176,Solar Micro-Grid for Bokaro Block-1 Village Power Supply,SOLAR_ENERGY,Nishikant Dubey,MP_00176,GODDA,Jharkhand,JH,Bokaro,JH_BOKARO,Block-1,Locality-1,4130000.0,4130000.0,2022-06-24,2022-07-10,2023-01-18,,Ongoing,35.4,AGENCY_0074,22.880899,86.03895,COST_OVERRUN
PRJ000177,RCC Bridge Construction over Jamshedpur Block-2 River,BRIDGE,Nishikant Dubey,MP_00177,GODDA,Jharkhand,JH,Jamshedpur,JH_JAMSHEDPUR,Block-2,Locality-2,7880000.0,7880000.0,2023-08-25,2023-10-06,2024-06-02,,Sanctioned,25.3,AGENCY_0075,23.605101,85.165563,NORMAL
PRJ000178,Box Culvert Bridge at Bokaro Block-3 Nala,BRIDGE,Nishikant Dubey,MP_00178,GODDA,Jharkhand,JH,Bokaro,JH_BOKARO,Block-3,Locality-3,1790000.0,1790000.0,2022-12-30,2023-01-25,2023-11-24,,Ongoing,45.7,AGENCY_0074,23.13262,85.963792,VENDOR_COLLUSION
PRJ000179,Digital Smart Classroom & IT Lab Setup at Dhanbad Block-4,SCHOOL_INFRASTRUCTURE,Nishikant Dubey,MP_00179,GODDA,Jharkhand,JH,Dhanbad,JH_DHANBAD,Block-4,Locality-4,1920000.0,1920000.0,2023-05-13,2023-06-22,2024-02-25,,Ongoing,45.7,AGENCY_0074,24.385745,85.92237,VENDOR_COLLUSION
PRJ000180,Borewell Drilling & Submersible Pump Supply at Deoghar Block-5,WATER_SUPPLY,Nishikant Dubey,MP_00180,GODDA,Jharkhand,JH,Deoghar,JH_DEOGHAR,Block-5,Locality-5,1360000.0,1360000.0,2022-04-11,2022-05-16,2023-02-05,2023-02-05,Completed,100.0,AGENCY_0076,24.27715,85.492525,NORMAL
PRJ000181,Solar Micro-Grid for Mumbai Block-1 Village Power Supply,SOLAR_ENERGY,Amol Ramsing Kolhe,MP_00181,SHIRUR,Maharashtra,MH,Mumbai,MH_MUMBAI,Block-1,Locality-1,1170000.0,1170000.0,2023-05-25,2023-06-20,2022-06-08,,Ongoing,23.4,AGENCY_0001,19.156386,76.341109,PROJECT_DELAY
PRJ000182,Passenger Bus Waiting Shelter at Mumbai Block-2,BUS_SHELTER,Amol Ramsing Kolhe,MP_00182,SHIRUR,Maharashtra,MH,Mumbai,MH_MUMBAI,Block-2,Locality-2,1420000.0,1420000.0,2023-04-28,2023-06-03,2022-09-05,,Ongoing,36.9,AGENCY_0001,19.228393,75.245287,PROJECT_DELAY
PRJ000183,Road Widening & Strengthening at Aurangabad Block-3,ROAD_REPAIR,Amol Ramsing Kolhe,MP_00183,SHIRUR,Maharashtra,MH,Aurangabad,MH_AURANGABAD,Block-3,Locality-3,4060000.0,4060000.0,2023-04-20,2023-05-30,2024-04-22,,Ongoing,33.2,AGENCY_0002,19.173677,75.439552,NORMAL
PRJ000184,RCC Bridge Construction over Allahabad Block-1 River,BRIDGE,RAKESH RATHOR,MP_00184,SITAPUR,Uttar Pradesh,UP,Allahabad,UP_ALLAHABAD,Block-1,Locality-1,1700000.0,1700000.0,2022-08-04,2022-04-30,2022-12-06,,Ongoing,1.4,AGENCY_0011,27.551046,81.313886,LOW_UTILIZATION
PRJ000185,Indoor Sports Hall at Allahabad Block-2,SPORTS_FACILITY,RAKESH RATHOR,MP_00185,SITAPUR,Uttar Pradesh,UP,Allahabad,UP_ALLAHABAD,Block-2,Locality-2,6400000.0,6400000.0,2023-07-06,2023-08-13,2024-09-03,,Ongoing,42.6,AGENCY_0010,26.993422,81.526389,VENDOR_COLLUSION
PRJ000186,RCC Bridge Construction over Varanasi Block-3 River,BRIDGE,RAKESH RATHOR,MP_00186,SITAPUR,Uttar Pradesh,UP,Varanasi,UP_VARANASI,Block-3,Locality-3,3210000.0,3210000.0,2022-07-30,2022-09-11,2023-04-07,,Ongoing,70.1,AGENCY_0011,26.70383,80.924346,NORMAL
PRJ000187,Community Toilet Complex at Lucknow Block-4 Market Area,SANITATION,RAKESH RATHOR,MP_00187,SITAPUR,Uttar Pradesh,UP,Lucknow,UP_LUCKNOW,Block-4,Locality-4,3960000.0,3960000.0,2022-07-18,2022-08-29,2022-06-14,,Ongoing,22.7,AGENCY_0012,26.163879,80.441918,PROJECT_DELAY
PRJ000188,Panchayat Bhawan Construction at Darbhanga Block-1,COMMUNITY_HALL,Rajiv Ranjan (Lalan) Singh,MP_00188,MUNGER,Bihar,BR,Darbhanga,BR_DARBHANGA,Block-1,Locality-1,4640000.0,4640000.0,2022-12-18,2023-01-22,2023-11-23,,Ongoing,60.5,AGENCY_0019,24.382158,85.755653,NORMAL
PRJ000189,Market Public Toilet Unit at Gaya Block-2,PUBLIC_TOILET,Rajiv Ranjan (Lalan) Singh,MP_00189,MUNGER,Bihar,BR,Gaya,BR_GAYA,Block-2,Locality-2,7030000.0,7030000.0,2023-02-04,2023-02-26,2024-03-23,,Ongoing,39.1,AGENCY_0018,24.789571,85.510439,VENDOR_COLLUSION
PRJ000190,Storm Water Drain Construction at Chennai Block-1,DRAINAGE,Shri vijayakumar Vasanth,MP_00190,KANNIYAKUMARI,Tamil Nadu,TN,Chennai,TN_CHENNAI,Block-1,Locality-1,4590000.0,4590000.0,2023-11-14,2023-12-19,2024-08-29,,Ongoing,25.1,AGENCY_0008,11.553498,78.311275,DOCUMENT_MISMATCH
PRJ000191,Highway Toilet Block near Chennai Block-2,PUBLIC_TOILET,Shri vijayakumar Vasanth,MP_00191,KANNIYAKUMARI,Tamil Nadu,TN,Chennai,TN_CHENNAI,Block-2,Locality-2,3040000.0,3040000.0,2022-05-03,2022-05-20,2022-09-15,,Ongoing,27.0,AGENCY_0006,11.263386,78.478972,PROJECT_DELAY
PRJ000192,Panchayat Bhawan Construction at Asansol Block-1,COMMUNITY_HALL,Shatrughan Sinha,MP_00192,ASANSOL,West Bengal,WB,Asansol,WB_ASANSOL,Block-1,Locality-1,2830000.0,2830000.0,2023-07-16,2023-08-12,2024-03-04,2024-03-04,Completed,100.0,AGENCY_0014,22.76888,87.53366,NORMAL
PRJ000193,Solar High-Mast Street Lighting at Howrah Block-2,SOLAR_ENERGY,Shatrughan Sinha,MP_00193,ASANSOL,West Bengal,WB,Howrah,WB_HOWRAH,Block-2,Locality-2,1590000.0,1590000.0,2022-06-02,2022-06-18,2022-12-20,,Ongoing,84.7,AGENCY_0016,23.071984,87.762585,NORMAL
PRJ000194,Installation of RO Drinking Water Plant at Durgapur Block-3,WATER_SUPPLY,Shatrughan Sinha,MP_00194,ASANSOL,West Bengal,WB,Durgapur,WB_DURGAPUR,Block-3,Locality-3,3080000.0,3080000.0,2022-11-07,2022-12-07,2022-09-21,,Ongoing,28.1,AGENCY_0013,22.343239,87.209082,PROJECT_DELAY
PRJ000195,Indoor Sports Hall at Siliguri Block-4,SPORTS_FACILITY,Shatrughan Sinha,MP_00195,ASANSOL,West Bengal,WB,Siliguri,WB_SILIGURI,Block-4,Locality-4,6720000.0,6720000.0,2023-11-11,2023-12-05,2024-07-08,,Ongoing,38.1,AGENCY_0015,23.096274,87.447299,NORMAL
PRJ000196,Passenger Bus Waiting Shelter at Ranchi Block-1,BUS_SHELTER,Bidyut Baran Mahato,MP_00196,JAMSHEDPUR,Jharkhand,JH,Ranchi,JH_RANCHI,Block-1,Locality-1,3700000.0,3700000.0,2022-12-31,2023-01-16,2022-06-14,,Ongoing,28.9,AGENCY_0074,23.646196,85.443009,PROJECT_DELAY
PRJ000197,Multipurpose Community Hall at Bokaro Block-2,COMMUNITY_HALL,Bidyut Baran Mahato,MP_00197,JAMSHEDPUR,Jharkhand,JH,Bokaro,JH_BOKARO,Block-2,Locality-2,5020000.0,5020000.0,2023-04-24,2023-05-29,2024-05-21,2024-05-21,Completed,100.0,AGENCY_0075,24.116576,85.544665,NORMAL
PRJ000198,Solar High-Mast Street Lighting at Deoghar Block-3,SOLAR_ENERGY,Bidyut Baran Mahato,MP_00198,JAMSHEDPUR,Jharkhand,JH,Deoghar,JH_DEOGHAR,Block-3,Locality-3,2560000.0,2560000.0,2023-01-27,2023-02-18,2023-08-22,,Ongoing,38.9,AGENCY_0074,23.608327,85.228658,COST_OVERRUN
PRJ000199,Covered Concrete Drain Network at Varanasi Block-1,DRAINAGE,SANATAN PANDEY,MP_00199,BALLIA,Uttar Pradesh,UP,Varanasi,UP_VARANASI,Block-1,Locality-1,4990000.0,4990000.0,2022-05-03,2022-04-28,2022-12-01,,Ongoing,3.8,AGENCY_0009,26.636943,81.066369,LOW_UTILIZATION
PRJ000200,Storm Water Drain Construction at Varanasi Block-2,DRAINAGE,SANATAN PANDEY,MP_00200,BALLIA,Uttar Pradesh,UP,Varanasi,UP_VARANASI,Block-2,Locality-2,3840000.0,3840000.0,2023-01-03,2023-01-26,2023-09-01,,Ongoing,47.6,AGENCY_0010,27.224207,80.966654,COST_OVERRUN
PRJ000201,RCC Bridge Construction over Meerut Block-3 River,BRIDGE,SANATAN PANDEY,MP_00201,BALLIA,Uttar Pradesh,UP,Meerut,UP_MEERUT,Block-3,Locality-3,7830000.0,7830000.0,2022-05-07,2022-06-06,2022-12-28,2022-12-28,Completed,100.0,AGENCY_0011,26.311702,81.553807,NORMAL
PRJ000202,Footbridge for Villagers at Varanasi Block-4,BRIDGE,SANATAN PANDEY,MP_00202,BALLIA,Uttar Pradesh,UP,Varanasi,UP_VARANASI,Block-4,Locality-4,5170000.0,5170000.0,2022-06-02,2022-06-24,2023-01-26,,Ongoing,17.9,AGENCY_0010,27.378202,80.611364,FIN_PHYS_MISMATCH
PRJ000203,Box Culvert Bridge at Ramagundam Block-1 Nala,BRIDGE,Shri Anil Kumar Yadav Mandadi (2024-30) (2024-2030),MP_00203,Telangana (RS),Telangana,TS,Ramagundam,TS_RAMAGUNDAM,Block-1,Locality-1,1320000.0,1320000.0,2022-05-24,2022-06-19,2023-03-08,,Ongoing,62.7,AGENCY_0058,18.527548,78.870563,COST_OVERRUN
PRJ000204,Solar High-Mast Street Lighting at Ramagundam Block-2,SOLAR_ENERGY,Shri Anil Kumar Yadav Mandadi (2024-30) (2024-2030),MP_00204,Telangana (RS),Telangana,TS,Ramagundam,TS_RAMAGUNDAM,Block-2,Locality-2,6100000.0,6100000.0,2022-05-26,2022-06-17,2023-04-02,,Ongoing,62.2,AGENCY_0057,18.231296,79.179677,NORMAL
PRJ000205,Village Auditorium & Public Address System at Nizamabad Block-3,COMMUNITY_HALL,Shri Anil Kumar Yadav Mandadi (2024-30) (2024-2030),MP_00205,Telangana (RS),Telangana,TS,Nizamabad,TS_NIZAMABAD,Block-3,Locality-3,7610000.0,7610000.0,2023-09-15,2023-10-10,2024-05-11,,Ongoing,38.6,AGENCY_0060,18.622153,78.757477,NORMAL
PRJ000206,Indoor Sports Hall at Ramagundam Block-4,SPORTS_FACILITY,Shri Anil Kumar Yadav Mandadi (2024-30) (2024-2030),MP_00206,Telangana (RS),Telangana,TS,Ramagundam,TS_RAMAGUNDAM,Block-4,Locality-4,4910000.0,4910000.0,2022-05-08,2022-06-21,2023-01-14,,Ongoing,58.2,AGENCY_0059,18.098976,78.461915,DUPLICATE_PAYMENT
PRJ000207,School Boundary Wall & Sanitation Block at Nainital Block-1,SCHOOL_INFRASTRUCTURE,Dr. Kalpana Saini (2022-28) (2022-2028),MP_00207,Uttarakhand (RS),Uttarakhand,UK,Nainital,UK_NAINITAL,Block-1,Locality-1,1070000.0,1070000.0,2022-05-18,2022-06-30,2023-02-08,2023-02-08,Completed,100.0,AGENCY_0084,29.678979,78.408424,NORMAL
PRJ000208,Rooftop Solar Panel Installation at Rishikesh Block-2 Government Building,SOLAR_ENERGY,Dr. Kalpana Saini (2022-28) (2022-2028),MP_00208,Uttarakhand (RS),Uttarakhand,UK,Rishikesh,UK_RISHIKESH,Block-2,Locality-2,6290000.0,6290000.0,2023-03-07,2023-04-20,2024-03-14,,Ongoing,59.3,AGENCY_0082,30.833373,79.784015,NORMAL
PRJ000209,Ambulance Purchase for Nainital Block-3 Health Centre,HEALTHCARE,Dr. Kalpana Saini (2022-28) (2022-2028),MP_00209,Uttarakhand (RS),Uttarakhand,UK,Nainital,UK_NAINITAL,Block-3,Locality-3,890000.0,890000.0,2023-03-15,2023-04-02,2023-11-24,,Ongoing,49.9,AGENCY_0081,30.198459,79.805568,DUPLICATE_PAYMENT
PRJ000210,Construction of Additional Classrooms at Thrissur Block-1 Government School,SCHOOL_INFRASTRUCTURE,SURESH GOPI,MP_00210,THRISSUR,Kerala,KL,Thrissur,KL_THRISSUR,Block-1,Locality-1,5930000.0,5930000.0,2022-07-10,2022-08-01,2023-03-24,2023-03-24,Completed,100.0,AGENCY_0035,8.839439,77.254597,NORMAL
PRJ000211,Box Culvert Bridge at Kollam Block-2 Nala,BRIDGE,SURESH GOPI,MP_00211,THRISSUR,Kerala,KL,Kollam,KL_KOLLAM,Block-2,Locality-2,5800000.0,5800000.0,2023-04-27,2023-05-22,2022-09-06,,Ongoing,39.3,AGENCY_0035,8.749577,76.379553,PROJECT_DELAY
PRJ000212,Solid Waste Processing Plant at Kollam Block-3,SANITATION,SURESH GOPI,MP_00212,THRISSUR,Kerala,KL,Kollam,KL_KOLLAM,Block-3,Locality-3,2500000.0,2500000.0,2022-08-26,2022-09-14,2023-08-02,,Ongoing,61.2,AGENCY_0036,8.345275,76.796574,NORMAL
PRJ000213,Footbridge for Villagers at Tirupati Block-1,BRIDGE,DAGGUMALLA PRASADA RAO,MP_00213,CHITTOOR,Andhra Pradesh,AP,Tirupati,AP_TIRUPATI,Block-1,Locality-1,6260000.0,6260000.0,2023-07-12,2023-08-25,2022-06-09,,Ongoing,38.9,AGENCY_0055,15.440616,79.325391,PROJECT_DELAY
PRJ000214,Inter-village Link Road Construction at Tirupati Block-2,ROAD_CONSTRUCTION,DAGGUMALLA PRASADA RAO,MP_00214,CHITTOOR,Andhra Pradesh,AP,Tirupati,AP_TIRUPATI,Block-2,Locality-2,6080000.0,6080000.0,2023-07-11,2023-08-17,2024-05-02,,Ongoing,23.3,AGENCY_0056,15.301573,79.323094,NORMAL
PRJ000215,RCC Underground Sewage Network at Nellore Block-3,SANITATION,DAGGUMALLA PRASADA RAO,MP_00215,CHITTOOR,Andhra Pradesh,AP,Nellore,AP_NELLORE,Block-3,Locality-3,5580000.0,5580000.0,2023-10-17,2023-11-24,2024-09-08,,Ongoing,28.9,AGENCY_0053,16.171351,79.059976,NORMAL
PRJ000216,Construction of Additional Classrooms at Visakhapatnam Block-4 Government School,SCHOOL_INFRASTRUCTURE,DAGGUMALLA PRASADA RAO,MP_00216,CHITTOOR,Andhra Pradesh,AP,Visakhapatnam,AP_VISAKHAPATNAM,Block-4,Locality-4,7270000.0,7270000.0,2023-01-03,2023-02-05,2023-10-26,,Ongoing,22.8,AGENCY_0054,16.338769,79.35838,NORMAL
PRJ000217,Overhead Water Tank Construction & Pipeline Network at Kurnool Block-5,WATER_SUPPLY,DAGGUMALLA PRASADA RAO,MP_00217,CHITTOOR,Andhra Pradesh,AP,Kurnool,AP_KURNOOL,Block-5,Locality-5,1160000.0,1160000.0,2023-10-28,2023-11-12,2024-05-22,2024-05-22,Completed,100.0,AGENCY_0055,15.632676,80.148642,NORMAL
PRJ000218,Installation of RO Drinking Water Plant at Jabalpur Block-1,WATER_SUPPLY,SHIVRAJ SINGH CHOUHAN,MP_00218,VIDISHA,Madhya Pradesh,MP,Jabalpur,MP_JABALPUR,Block-1,Locality-1,2520000.0,2520000.0,2023-07-09,2022-04-14,2022-12-16,,Ongoing,3.8,AGENCY_0052,23.579688,78.432839,LOW_UTILIZATION
PRJ000219,Digital Smart Classroom & IT Lab Setup at Gwalior Block-2,SCHOOL_INFRASTRUCTURE,SHIVRAJ SINGH CHOUHAN,MP_00219,VIDISHA,Madhya Pradesh,MP,Gwalior,MP_GWALIOR,Block-2,Locality-2,1650000.0,1650000.0,2023-02-05,2023-03-01,2023-09-18,,Ongoing,60.8,AGENCY_0049,23.445085,78.608322,NORMAL
PRJ000220,Solar Micro-Grid for Gwalior Block-3 Village Power Supply,SOLAR_ENERGY,SHIVRAJ SINGH CHOUHAN,MP_00220,VIDISHA,Madhya Pradesh,MP,Gwalior,MP_GWALIOR,Block-3,Locality-3,1670000.0,1670000.0,2022-04-09,2022-05-03,2022-12-22,,Ongoing,36.4,AGENCY_0050,23.026599,79.39951,COST_OVERRUN
PRJ000221,Digital Smart Classroom & IT Lab Setup at Indore Block-4,SCHOOL_INFRASTRUCTURE,SHIVRAJ SINGH CHOUHAN,MP_00221,VIDISHA,Madhya Pradesh,MP,Indore,MP_INDORE,Block-4,Locality-4,4080000.0,4080000.0,2023-09-29,2023-11-02,2024-09-24,,Sanctioned,61.6,AGENCY_0051,23.256317,78.660966,NORMAL
PRJ000222,Children Playground Equipment at Jabalpur Block-5 Park,SPORTS_FACILITY,SHIVRAJ SINGH CHOUHAN,MP_00222,VIDISHA,Madhya Pradesh,MP,Jabalpur,MP_JABALPUR,Block-5,Locality-5,7930000.0,7930000.0,2022-12-22,2023-01-08,2023-10-10,,Sanctioned,77.4,AGENCY_0052,23.143298,78.791619,NORMAL
PRJ000223,Solid Waste Processing Plant at Darbhanga Block-1,SANITATION,TARIQ ANWAR,MP_00223,KATIHAR,Bihar,BR,Darbhanga,BR_DARBHANGA,Block-1,Locality-1,5000000.0,5000000.0,2023-11-21,2023-12-16,2024-07-28,,Ongoing,6.4,AGENCY_0018,24.744992,85.034766,FIN_PHYS_MISMATCH
PRJ000224,Solar Micro-Grid for Darbhanga Block-2 Village Power Supply,SOLAR_ENERGY,TARIQ ANWAR,MP_00224,KATIHAR,Bihar,BR,Darbhanga,BR_DARBHANGA,Block-2,Locality-2,5710000.0,5710000.0,2022-06-24,2022-07-27,2023-05-13,,Ongoing,30.4,AGENCY_0018,25.57159,85.349246,VENDOR_COLLUSION
PRJ000225,Rooftop Solar Panel Installation at Gaya Block-3 Government Building,SOLAR_ENERGY,TARIQ ANWAR,MP_00225,KATIHAR,Bihar,BR,Gaya,BR_GAYA,Block-3,Locality-3,5110000.0,5110000.0,2022-12-03,2022-12-26,2023-11-30,,Sanctioned,46.4,AGENCY_0018,25.156403,84.545529,NORMAL
PRJ000226,School Boundary Wall & Sanitation Block at Bhagalpur Block-4,SCHOOL_INFRASTRUCTURE,TARIQ ANWAR,MP_00226,KATIHAR,Bihar,BR,Bhagalpur,BR_BHAGALPUR,Block-4,Locality-4,7870000.0,7870000.0,2022-10-03,2022-10-26,2023-08-21,,Ongoing,43.7,AGENCY_0017,24.728861,85.808652,NORMAL
PRJ000227,Passenger Bus Waiting Shelter at Patna Block-5,BUS_SHELTER,TARIQ ANWAR,MP_00227,KATIHAR,Bihar,BR,Patna,BR_PATNA,Block-5,Locality-5,910000.0,910000.0,2023-08-26,2023-09-17,2024-04-13,2024-04-13,Completed,100.0,AGENCY_0020,25.283001,84.890291,NORMAL
PRJ000228,Modern Steel Bus Canopy at Kochi Block-1 Junction,BUS_SHELTER,Shri C. Sadanandan Master (2025-31) (2025-2031),MP_00228,Kerala (RS),Kerala,KL,Kochi,KL_KOCHI,Block-1,Locality-1,6370000.0,6370000.0,2022-09-22,2022-11-05,2023-10-14,,Sanctioned,73.3,AGENCY_0035,8.728536,76.807404,NORMAL
PRJ000229,Multipurpose Community Hall at Kozhikode Block-2,COMMUNITY_HALL,Shri C. Sadanandan Master (2025-31) (2025-2031),MP_00229,Kerala (RS),Kerala,KL,Kozhikode,KL_KOZHIKODE,Block-2,Locality-2,3250000.0,3250000.0,2023-02-17,2023-03-14,2022-08-07,,Ongoing,18.2,AGENCY_0033,7.864137,77.60192,PROJECT_DELAY
PRJ000230,Flood Control Channel at Vijayawada Block-1,DRAINAGE,Shri Yerram Venkata Subba Reddy (2024-30) (2024-2030),MP_00230,Andhra Pradesh (RS),Andhra Pradesh,AP,Vijayawada,AP_VIJAYAWADA,Block-1,Locality-1,2230000.0,2230000.0,2022-08-05,2022-08-23,2023-02-28,,Ongoing,36.1,AGENCY_0054,15.912755,79.003479,DUPLICATE_PAYMENT
PRJ000231,Flood Control Channel at Guntur Block-2,DRAINAGE,Shri Yerram Venkata Subba Reddy (2024-30) (2024-2030),MP_00231,Andhra Pradesh (RS),Andhra Pradesh,AP,Guntur,AP_GUNTUR,Block-2,Locality-2,1280000.0,1280000.0,2023-06-06,2023-07-12,2024-02-11,,Ongoing,41.9,AGENCY_0054,16.059404,80.064949,COST_OVERRUN
PRJ000232,Community Toilet Complex at Berhampur Block-1 Market Area,SANITATION,SAMBIT PATRA,MP_00232,PURI,Odisha,OD,Berhampur,OD_BERHAMPUR,Block-1,Locality-1,690000.0,690000.0,2022-04-20,2022-06-02,2023-02-13,,Ongoing,29.7,AGENCY_0062,20.999743,85.375443,VENDOR_COLLUSION
PRJ000233,Highway Toilet Block near Berhampur Block-2,PUBLIC_TOILET,SAMBIT PATRA,MP_00233,PURI,Odisha,OD,Berhampur,OD_BERHAMPUR,Block-2,Locality-2,1770000.0,1770000.0,2022-08-29,2022-09-27,2023-07-12,,Sanctioned,58.1,AGENCY_0061,20.432034,84.373589,NORMAL
PRJ000234,Bridge Deck Repair & Railing at Puri Block-3,ROAD_REPAIR,SAMBIT PATRA,MP_00234,PURI,Odisha,OD,Puri,OD_PURI,Block-3,Locality-3,1260000.0,1260000.0,2022-10-06,2022-11-09,2023-09-10,,Ongoing,44.4,AGENCY_0063,21.151345,85.139852,NORMAL
PRJ000235,Digital Smart Classroom & IT Lab Setup at Darbhanga Block-1,SCHOOL_INFRASTRUCTURE,VIJAYLAKSHMI DEVI,MP_00235,SIWAN,Bihar,BR,Darbhanga,BR_DARBHANGA,Block-1,Locality-1,6580000.0,6580000.0,2023-02-25,2023-03-20,2024-03-16,,Ongoing,40.6,AGENCY_0019,25.470978,84.560083,DOCUMENT_MISMATCH
PRJ000236,Medical Equipment Procurement for Aurangabad Block-2 PHC,HEALTHCARE,VIJAYLAKSHMI DEVI,MP_00236,SIWAN,Bihar,BR,Aurangabad,BR_AURANGABAD,Block-2,Locality-2,1970000.0,1970000.0,2023-01-02,2023-01-27,2023-09-05,,Ongoing,56.4,AGENCY_0018,25.88434,85.016276,DUPLICATE_PAYMENT
PRJ000237,Solar High-Mast Street Lighting at Gaya Block-3,SOLAR_ENERGY,VIJAYLAKSHMI DEVI,MP_00237,SIWAN,Bihar,BR,Gaya,BR_GAYA,Block-3,Locality-3,560000.0,560000.0,2023-02-03,2023-03-10,2023-09-24,,Ongoing,59.0,AGENCY_0018,25.233195,84.853339,DUPLICATE_PAYMENT
PRJ000238,Rooftop Solar Panel Installation at Kanpur Block-1 Government Building,SOLAR_ENERGY,LAXMIKANT PAPPU NISHAD,MP_00238,SANT KABIR NAGAR,Uttar Pradesh,UP,Kanpur,UP_KANPUR,Block-1,Locality-1,2050000.0,2050000.0,2022-09-13,2022-10-14,2023-06-27,,Ongoing,51.7,AGENCY_0010,27.314671,80.948624,NORMAL
PRJ000239,Medical Equipment Procurement for Allahabad Block-2 PHC,HEALTHCARE,LAXMIKANT PAPPU NISHAD,MP_00239,SANT KABIR NAGAR,Uttar Pradesh,UP,Allahabad,UP_ALLAHABAD,Block-2,Locality-2,4910000.0,4910000.0,2022-05-25,2022-06-23,2023-04-10,,Ongoing,21.2,AGENCY_0011,27.26842,80.663638,NORMAL
PRJ000240,Inter-village Link Road Construction at Varanasi Block-3,ROAD_CONSTRUCTION,LAXMIKANT PAPPU NISHAD,MP_00240,SANT KABIR NAGAR,Uttar Pradesh,UP,Varanasi,UP_VARANASI,Block-3,Locality-3,2960000.0,2960000.0,2023-01-04,2023-02-02,2023-10-18,,Ongoing,70.7,AGENCY_0011,26.617276,80.538301,NORMAL
PRJ000241,Village Bus Stand & Commuter Amenities at Lucknow Block-4,BUS_SHELTER,LAXMIKANT PAPPU NISHAD,MP_00241,SANT KABIR NAGAR,Uttar Pradesh,UP,Lucknow,UP_LUCKNOW,Block-4,Locality-4,7530000.0,7530000.0,2023-02-14,2023-03-29,2024-01-17,,Ongoing,54.3,AGENCY_0009,26.542934,81.289282,DUPLICATE_PAYMENT
PRJ000242,Bridge Deck Repair & Railing at Kanpur Block-5,ROAD_REPAIR,LAXMIKANT PAPPU NISHAD,MP_00242,SANT KABIR NAGAR,Uttar Pradesh,UP,Kanpur,UP_KANPUR,Block-5,Locality-5,2720000.0,2720000.0,2023-09-13,2023-10-16,2024-05-06,,Sanctioned,77.9,AGENCY_0009,26.813941,81.031004,NORMAL
PRJ000243,Modern Steel Bus Canopy at Nizamabad Block-1 Junction,BUS_SHELTER,Smt. Renuka Chowdhury (2024-30) (2024-2030),MP_00243,Telangana (RS),Telangana,TS,Nizamabad,TS_NIZAMABAD,Block-1,Locality-1,3270000.0,3270000.0,2022-08-21,2022-09-18,2023-05-05,,Ongoing,65.9,AGENCY_0060,17.868723,78.390128,NORMAL
PRJ000244,Flood Control Channel at Nizamabad Block-2,DRAINAGE,Smt. Renuka Chowdhury (2024-30) (2024-2030),MP_00244,Telangana (RS),Telangana,TS,Nizamabad,TS_NIZAMABAD,Block-2,Locality-2,890000.0,890000.0,2023-06-15,2023-06-30,2024-02-21,,Ongoing,25.6,AGENCY_0059,17.650834,78.321729,NORMAL
PRJ000245,Multi-purpose Sports Ground Levelling at Varanasi Block-1,SPORTS_FACILITY,Dr. Radha Mohan Das Agrawal (2022-28) (2022-2028),MP_00245,Uttar Pradesh (RS),Uttar Pradesh,UP,Varanasi,UP_VARANASI,Block-1,Locality-1,5000000.0,5000000.0,2023-08-10,2023-08-28,2024-04-21,,Ongoing,13.1,AGENCY_0010,27.605862,80.499515,FIN_PHYS_MISMATCH
PRJ000246,Community Toilet Complex at Kanpur Block-2 Market Area,SANITATION,Dr. Radha Mohan Das Agrawal (2022-28) (2022-2028),MP_00246,Uttar Pradesh (RS),Uttar Pradesh,UP,Kanpur,UP_KANPUR,Block-2,Locality-2,4320000.0,4320000.0,2022-12-21,2023-01-13,2023-08-11,,Ongoing,10.7,AGENCY_0010,26.822651,80.676848,FIN_PHYS_MISMATCH
PRJ000247,Medical Equipment Procurement for Lucknow Block-3 PHC,HEALTHCARE,Dr. Radha Mohan Das Agrawal (2022-28) (2022-2028),MP_00247,Uttar Pradesh (RS),Uttar Pradesh,UP,Lucknow,UP_LUCKNOW,Block-3,Locality-3,2830000.0,2830000.0,2022-08-13,2022-09-23,2023-06-18,,Ongoing,30.1,AGENCY_0009,27.401309,80.259544,NORMAL
PRJ000248,Market Public Toilet Unit at Kanpur Block-4,PUBLIC_TOILET,Dr. Radha Mohan Das Agrawal (2022-28) (2022-2028),MP_00248,Uttar Pradesh (RS),Uttar Pradesh,UP,Kanpur,UP_KANPUR,Block-4,Locality-4,5330000.0,5330000.0,2022-12-12,2023-01-26,2024-01-25,,Ongoing,84.9,AGENCY_0012,26.693748,81.459978,NORMAL
PRJ000249,Highway Toilet Block near Mumbai Block-1,PUBLIC_TOILET,Smt Raksha Nikhil Khadse,MP_00249,RAVER,Maharashtra,MH,Mumbai,MH_MUMBAI,Block-1,Locality-1,2350000.0,2350000.0,2023-02-11,2023-03-03,2023-12-17,,Ongoing,30.7,AGENCY_0001,19.651836,75.964393,DUPLICATE_PAYMENT
PRJ000250,Solar Micro-Grid for Nagpur Block-2 Village Power Supply,SOLAR_ENERGY,Smt Raksha Nikhil Khadse,MP_00250,RAVER,Maharashtra,MH,Nagpur,MH_NAGPUR,Block-2,Locality-2,7880000.0,7880000.0,2023-08-03,2023-08-30,2024-06-17,,Sanctioned,62.0,AGENCY_0003,19.559391,75.286281,NORMAL
PRJ000251,Public Sanitation Complex at Mumbai Block-3 Bus Stand,PUBLIC_TOILET,Smt Raksha Nikhil Khadse,MP_00251,RAVER,Maharashtra,MH,Mumbai,MH_MUMBAI,Block-3,Locality-3,4780000.0,4780000.0,2022-11-12,2022-12-08,2023-11-17,,Ongoing,62.1,AGENCY_0002,20.442559,75.285176,NORMAL
PRJ000252,Panchayat Bhawan Construction at Nagpur Block-4,COMMUNITY_HALL,Smt Raksha Nikhil Khadse,MP_00252,RAVER,Maharashtra,MH,Nagpur,MH_NAGPUR,Block-4,Locality-4,2020000.0,2020000.0,2022-09-26,2022-10-29,2023-06-22,,Ongoing,31.8,AGENCY_0002,19.343877,75.332551,DOCUMENT_MISMATCH
PRJ000253,Indoor Sports Hall at Agra Block-1,SPORTS_FACILITY,Shri Tejveer Singh (2024-30) (2024-2030),MP_00253,Uttar Pradesh (RS),Uttar Pradesh,UP,Agra,UP_AGRA,Block-1,Locality-1,7450000.0,7450000.0,2022-09-11,2022-04-09,2022-12-28,,Ongoing,4.7,AGENCY_0011,27.600138,80.76704,LOW_UTILIZATION
PRJ000254,Inter-village Link Road Construction at Lucknow Block-2,ROAD_CONSTRUCTION,Shri Tejveer Singh (2024-30) (2024-2030),MP_00254,Uttar Pradesh (RS),Uttar Pradesh,UP,Lucknow,UP_LUCKNOW,Block-2,Locality-2,3350000.0,3350000.0,2022-06-14,2022-07-22,2023-08-01,,Ongoing,42.7,AGENCY_0010,26.727574,81.110933,VENDOR_COLLUSION
PRJ000255,Footbridge for Villagers at Belagavi Block-1,BRIDGE,V. SOMANNA,MP_00255,TUMKUR,Karnataka,KA,Belagavi,KA_BELAGAVI,Block-1,Locality-1,3020000.0,3020000.0,2022-10-06,2022-11-03,2023-07-07,,Ongoing,38.9,AGENCY_0022,15.368653,75.562207,DUPLICATE_PAYMENT
PRJ000256,RCC Underground Sewage Network at Mangaluru Block-2,SANITATION,V. SOMANNA,MP_00256,TUMKUR,Karnataka,KA,Mangaluru,KA_MANGALURU,Block-2,Locality-2,5290000.0,5290000.0,2023-02-02,2023-03-01,2022-06-19,,Ongoing,39.1,AGENCY_0022,14.746497,75.097303,PROJECT_DELAY
PRJ000257,Modern Steel Bus Canopy at Kalaburagi Block-3 Junction,BUS_SHELTER,V. SOMANNA,MP_00257,TUMKUR,Karnataka,KA,Kalaburagi,KA_KALABURAGI,Block-3,Locality-3,1150000.0,1150000.0,2023-09-13,2022-05-11,2023-02-15,,Ongoing,0.7,AGENCY_0023,15.431888,75.31644,LOW_UTILIZATION
PRJ000258,Bridge Deck Repair & Railing at Varanasi Block-1,ROAD_REPAIR,Shri Sanjay Seth (2024-30) (2024-2030),MP_00258,Uttar Pradesh (RS),Uttar Pradesh,UP,Varanasi,UP_VARANASI,Block-1,Locality-1,2770000.0,2770000.0,2023-04-18,2023-05-07,2023-11-25,,Ongoing,10.0,AGENCY_0010,26.448761,80.521239,FIN_PHYS_MISMATCH
PRJ000259,Box Culvert Bridge at Varanasi Block-2 Nala,BRIDGE,Shri Sanjay Seth (2024-30) (2024-2030),MP_00259,Uttar Pradesh (RS),Uttar Pradesh,UP,Varanasi,UP_VARANASI,Block-2,Locality-2,3370000.0,3370000.0,2023-10-03,2023-10-26,2024-06-04,,Ongoing,55.7,AGENCY_0010,27.256067,81.46485,COST_OVERRUN
PRJ000260,Market Public Toilet Unit at Lucknow Block-3,PUBLIC_TOILET,Shri Sanjay Seth (2024-30) (2024-2030),MP_00260,Uttar Pradesh (RS),Uttar Pradesh,UP,Lucknow,UP_LUCKNOW,Block-3,Locality-3,2180000.0,2180000.0,2023-08-16,2022-05-30,2022-12-13,,Ongoing,3.3,AGENCY_0012,27.043478,81.200533,LOW_UTILIZATION
PRJ000261,Passenger Bus Waiting Shelter at Howrah Block-1,BUS_SHELTER,Ms. Dola Sen (2023-29) (2023-2029),MP_00261,West Bengal (RS),West Bengal,WB,Howrah,WB_HOWRAH,Block-1,Locality-1,3100000.0,3100000.0,2023-05-31,2023-06-20,2024-04-13,,Ongoing,69.6,AGENCY_0015,23.686431,88.409215,NORMAL
PRJ000262,Solar High-Mast Street Lighting at Asansol Block-2,SOLAR_ENERGY,Ms. Dola Sen (2023-29) (2023-2029),MP_00262,West Bengal (RS),West Bengal,WB,Asansol,WB_ASANSOL,Block-2,Locality-2,910000.0,910000.0,2022-11-16,2022-12-27,2023-11-18,,Ongoing,24.7,AGENCY_0014,23.071999,87.927772,VENDOR_COLLUSION
PRJ000263,Solar Micro-Grid for Howrah Block-3 Village Power Supply,SOLAR_ENERGY,Ms. Dola Sen (2023-29) (2023-2029),MP_00263,West Bengal (RS),West Bengal,WB,Howrah,WB_HOWRAH,Block-3,Locality-3,5390000.0,5390000.0,2023-09-07,2023-10-05,2024-09-06,,Ongoing,28.0,AGENCY_0014,22.681465,88.548486,VENDOR_COLLUSION
PRJ000264,Solid Waste Processing Plant at Howrah Block-4,SANITATION,Ms. Dola Sen (2023-29) (2023-2029),MP_00264,West Bengal (RS),West Bengal,WB,Howrah,WB_HOWRAH,Block-4,Locality-4,4520000.0,4520000.0,2023-08-05,2023-08-27,2024-09-12,,Ongoing,46.2,AGENCY_0014,22.488188,87.731953,VENDOR_COLLUSION
PRJ000265,Ambulance Purchase for Coimbatore Block-1 Health Centre,HEALTHCARE,Kalanidhi Veeraswamy,MP_00265,CHENNAI NORTH,Tamil Nadu,TN,Coimbatore,TN_COIMBATORE,Block-1,Locality-1,770000.0,770000.0,2022-09-05,2022-10-09,2023-04-27,,Sanctioned,56.3,AGENCY_0005,10.840363,78.624797,NORMAL
PRJ000266,Medical Equipment Procurement for Chennai Block-2 PHC,HEALTHCARE,Kalanidhi Veeraswamy,MP_00266,CHENNAI NORTH,Tamil Nadu,TN,Chennai,TN_CHENNAI,Block-2,Locality-2,4010000.0,4010000.0,2023-08-26,2023-09-21,2024-07-18,,Ongoing,43.5,AGENCY_0006,11.434072,79.040304,DOCUMENT_MISMATCH
PRJ000267,Road Widening & Strengthening at Lucknow Block-1,ROAD_REPAIR,DHARMENDRA YADAV,MP_00267,AZAMGARH,Uttar Pradesh,UP,Lucknow,UP_LUCKNOW,Block-1,Locality-1,6460000.0,6460000.0,2023-10-10,2023-11-03,2024-06-22,,Ongoing,63.5,AGENCY_0010,26.87356,80.457097,COST_OVERRUN
PRJ000268,Installation of RO Drinking Water Plant at Varanasi Block-2,WATER_SUPPLY,DHARMENDRA YADAV,MP_00268,AZAMGARH,Uttar Pradesh,UP,Varanasi,UP_VARANASI,Block-2,Locality-2,7730000.0,7730000.0,2023-07-16,2023-08-04,2022-07-03,,Ongoing,20.5,AGENCY_0009,26.094955,81.273135,PROJECT_DELAY
PRJ000269,Flood Control Channel at Nizamabad Block-1,DRAINAGE,Arvind Dharmapuri,MP_00269,NIZAMABAD,Telangana,TS,Nizamabad,TS_NIZAMABAD,Block-1,Locality-1,3000000.0,3000000.0,2023-10-20,2023-11-06,2024-08-11,,Ongoing,55.1,AGENCY_0058,17.441086,78.678093,COST_OVERRUN
PRJ000270,Digital Smart Classroom & IT Lab Setup at Warangal Block-2,SCHOOL_INFRASTRUCTURE,Arvind Dharmapuri,MP_00270,NIZAMABAD,Telangana,TS,Warangal,TS_WARANGAL,Block-2,Locality-2,2710000.0,2710000.0,2022-11-19,2022-12-08,2023-09-13,,Ongoing,39.5,AGENCY_0058,17.615603,79.115471,DOCUMENT_MISMATCH
PRJ000271,Storm Water Drain Construction at Khammam Block-3,DRAINAGE,Arvind Dharmapuri,MP_00271,NIZAMABAD,Telangana,TS,Khammam,TS_KHAMMAM,Block-3,Locality-3,3260000.0,3260000.0,2023-04-04,2023-05-15,2024-04-07,,Sanctioned,55.0,AGENCY_0060,18.070833,78.456871,NORMAL
PRJ000272,RCC Bridge Construction over Lucknow Block-1 River,BRIDGE,Vijay Kumar Dubey,MP_00272,KUSHI NAGAR,Uttar Pradesh,UP,Lucknow,UP_LUCKNOW,Block-1,Locality-1,4310000.0,4310000.0,2023-02-02,2023-03-19,2024-01-26,,Ongoing,61.1,AGENCY_0011,27.490579,80.619335,NORMAL
PRJ000273,Solar Micro-Grid for Varanasi Block-2 Village Power Supply,SOLAR_ENERGY,Vijay Kumar Dubey,MP_00273,KUSHI NAGAR,Uttar Pradesh,UP,Varanasi,UP_VARANASI,Block-2,Locality-2,1880000.0,1880000.0,2023-08-30,2023-10-05,2024-04-06,,Ongoing,47.5,AGENCY_0010,26.646583,80.854545,COST_OVERRUN
PRJ000274,Indoor Sports Hall at Varanasi Block-3,SPORTS_FACILITY,Vijay Kumar Dubey,MP_00274,KUSHI NAGAR,Uttar Pradesh,UP,Varanasi,UP_VARANASI,Block-3,Locality-3,2770000.0,2770000.0,2023-01-25,2023-03-01,2022-06-07,,Ongoing,18.6,AGENCY_0010,27.172956,81.165112,PROJECT_DELAY
PRJ000275,Modern Steel Bus Canopy at Agra Block-4 Junction,BUS_SHELTER,Vijay Kumar Dubey,MP_00275,KUSHI NAGAR,Uttar Pradesh,UP,Agra,UP_AGRA,Block-4,Locality-4,7760000.0,7760000.0,2023-02-18,2023-04-02,2024-03-07,,Ongoing,27.9,AGENCY_0009,26.165879,80.307755,NORMAL
PRJ000276,Digital Smart Classroom & IT Lab Setup at Guntur Block-1,SCHOOL_INFRASTRUCTURE,Shri Paka Venkata Satyanarayana (2025-28) (2025-2028),MP_00276,Andhra Pradesh (RS),Andhra Pradesh,AP,Guntur,AP_GUNTUR,Block-1,Locality-1,1730000.0,1730000.0,2023-04-01,2023-04-20,2023-12-08,,Ongoing,14.9,AGENCY_0054,16.096968,79.354245,FIN_PHYS_MISMATCH
PRJ000277,RCC Bridge Construction over Tirupati Block-2 River,BRIDGE,Shri Paka Venkata Satyanarayana (2025-28) (2025-2028),MP_00277,Andhra Pradesh (RS),Andhra Pradesh,AP,Tirupati,AP_TIRUPATI,Block-2,Locality-2,4880000.0,4880000.0,2023-06-19,2023-07-13,2024-04-25,,Ongoing,46.6,AGENCY_0054,16.307564,80.418906,DUPLICATE_PAYMENT
PRJ000278,Ambulance Purchase for Meerut Block-1 Health Centre,HEALTHCARE,Smt. Seema Dwivedi (2020-26) (2020-2026),MP_00278,Uttar Pradesh (RS),Uttar Pradesh,UP,Meerut,UP_MEERUT,Block-1,Locality-1,7310000.0,7310000.0,2023-01-27,2023-03-09,2023-09-12,,Ongoing,18.4,AGENCY_0010,27.281986,81.653222,FIN_PHYS_MISMATCH
PRJ000279,Footbridge for Villagers at Kanpur Block-2,BRIDGE,Smt. Seema Dwivedi (2020-26) (2020-2026),MP_00279,Uttar Pradesh (RS),Uttar Pradesh,UP,Kanpur,UP_KANPUR,Block-2,Locality-2,3280000.0,3280000.0,2023-08-16,2023-09-30,2024-08-29,,Sanctioned,23.9,AGENCY_0009,26.653708,81.53056,NORMAL
PRJ000280,Flood Control Channel at Agra Block-3,DRAINAGE,Smt. Seema Dwivedi (2020-26) (2020-2026),MP_00280,Uttar Pradesh (RS),Uttar Pradesh,UP,Agra,UP_AGRA,Block-3,Locality-3,1040000.0,1040000.0,2023-07-30,2023-09-05,2024-07-01,2024-07-01,Completed,100.0,AGENCY_0011,27.63353,80.901134,NORMAL
PRJ000281,Passenger Bus Waiting Shelter at Kanpur Block-4,BUS_SHELTER,Smt. Seema Dwivedi (2020-26) (2020-2026),MP_00281,Uttar Pradesh (RS),Uttar Pradesh,UP,Kanpur,UP_KANPUR,Block-4,Locality-4,4990000.0,4990000.0,2023-03-24,2023-04-11,2024-02-19,,Ongoing,42.7,AGENCY_0012,26.535097,81.400852,NORMAL
PRJ000282,Flood Control Channel at Kanpur Block-5,DRAINAGE,Smt. Seema Dwivedi (2020-26) (2020-2026),MP_00282,Uttar Pradesh (RS),Uttar Pradesh,UP,Kanpur,UP_KANPUR,Block-5,Locality-5,6820000.0,6820000.0,2023-04-13,2023-05-09,2022-07-09,,Ongoing,36.5,AGENCY_0010,26.395608,80.350214,PROJECT_DELAY
PRJ000283,Medical Equipment Procurement for Coimbatore Block-1 PHC,HEALTHCARE,Shri I.S. Inbadurai (2025-31) (2025-2031),MP_00283,Tamil Nadu (RS),Tamil Nadu,TN,Coimbatore,TN_COIMBATORE,Block-1,Locality-1,4230000.0,4230000.0,2023-06-30,2023-08-02,2024-05-18,,Ongoing,11.7,AGENCY_0006,11.774636,78.998543,FIN_PHYS_MISMATCH
PRJ000284,Maternity Ward Upgradation at Tirunelveli Block-2 District Hospital,HEALTHCARE,Shri I.S. Inbadurai (2025-31) (2025-2031),MP_00284,Tamil Nadu (RS),Tamil Nadu,TN,Tirunelveli,TN_TIRUNELVELI,Block-2,Locality-2,1500000.0,1500000.0,2023-09-15,2023-10-14,2024-04-28,,Sanctioned,75.9,AGENCY_0008,11.785158,79.202937,NORMAL
PRJ000285,Multi-purpose Sports Ground Levelling at Rohtak Block-1,SPORTS_FACILITY,Shri Dharambir Singh,MP_00285,BHIWANI MAHENDRAGARH,Haryana,HR,Rohtak,HR_ROHTAK,Block-1,Locality-1,1290000.0,1290000.0,2023-08-07,2023-09-03,2024-08-26,,Sanctioned,38.5,AGENCY_0043,29.588042,75.812944,NORMAL
PRJ000286,Digital Smart Classroom & IT Lab Setup at Hisar Block-2,SCHOOL_INFRASTRUCTURE,Shri Dharambir Singh,MP_00286,BHIWANI MAHENDRAGARH,Haryana,HR,Hisar,HR_HISAR,Block-2,Locality-2,3310000.0,3310000.0,2023-10-24,2023-11-10,2024-10-16,,Ongoing,56.9,AGENCY_0044,29.848808,76.410085,NORMAL
PRJ000287,Digital Smart Classroom & IT Lab Setup at Rohtak Block-3,SCHOOL_INFRASTRUCTURE,Shri Dharambir Singh,MP_00287,BHIWANI MAHENDRAGARH,Haryana,HR,Rohtak,HR_ROHTAK,Block-3,Locality-3,2110000.0,2110000.0,2023-04-19,2023-05-30,2024-04-10,,Sanctioned,27.1,AGENCY_0041,28.92139,76.316538,NORMAL
PRJ000288,Multipurpose Community Hall at Nashik Block-1,COMMUNITY_HALL,SMITA UDAY WAGH,MP_00288,JALGAON,Maharashtra,MH,Nashik,MH_NASHIK,Block-1,Locality-1,1990000.0,1990000.0,2023-01-15,2023-02-09,2023-11-23,,Ongoing,30.2,AGENCY_0002,20.04712,76.151125,VENDOR_COLLUSION
PRJ000289,Medical Equipment Procurement for Pune Block-2 PHC,HEALTHCARE,SMITA UDAY WAGH,MP_00289,JALGAON,Maharashtra,MH,Pune,MH_PUNE,Block-2,Locality-2,860000.0,860000.0,2023-07-06,2023-08-16,2024-02-16,2024-02-16,Completed,100.0,AGENCY_0004,19.705819,74.939605,NORMAL
PRJ000290,Market Public Toilet Unit at Kanpur Block-1,PUBLIC_TOILET,DR RAJKUMAR SANGWAN,MP_00290,BAGHPAT,Uttar Pradesh,UP,Kanpur,UP_KANPUR,Block-1,Locality-1,1570000.0,1570000.0,2023-11-22,2023-12-22,2024-06-29,,Ongoing,36.3,AGENCY_0012,26.285662,81.098454,DUPLICATE_PAYMENT
PRJ000291,RCC Underground Sewage Network at Varanasi Block-2,SANITATION,DR RAJKUMAR SANGWAN,MP_00291,BAGHPAT,Uttar Pradesh,UP,Varanasi,UP_VARANASI,Block-2,Locality-2,4370000.0,4370000.0,2023-04-09,2023-05-02,2024-02-03,,Sanctioned,23.8,AGENCY_0012,26.821318,80.969117,NORMAL
PRJ000292,Indoor Sports Hall at Varanasi Block-3,SPORTS_FACILITY,DR RAJKUMAR SANGWAN,MP_00292,BAGHPAT,Uttar Pradesh,UP,Varanasi,UP_VARANASI,Block-3,Locality-3,7980000.0,7980000.0,2022-10-20,2022-11-13,2023-09-06,,Ongoing,55.1,AGENCY_0010,26.735384,81.224045,COST_OVERRUN
PRJ000293,Solar Micro-Grid for Bhopal Block-1 Village Power Supply,SOLAR_ENERGY,Smt Sandhya Ray,MP_00293,BHIND(SC),Madhya Pradesh,MP,Bhopal,MP_BHOPAL,Block-1,Locality-1,700000.0,700000.0,2023-07-24,2023-08-18,2024-05-15,,Ongoing,33.3,AGENCY_0050,22.795724,78.096763,VENDOR_COLLUSION
PRJ000294,Footbridge for Villagers at Jabalpur Block-2,BRIDGE,Smt Sandhya Ray,MP_00294,BHIND(SC),Madhya Pradesh,MP,Jabalpur,MP_JABALPUR,Block-2,Locality-2,4060000.0,4060000.0,2023-10-20,2023-11-17,2024-06-17,,Sanctioned,31.3,AGENCY_0050,22.237217,78.633075,NORMAL
PRJ000295,RCC Bridge Construction over Mumbai Block-1 River,BRIDGE,KALYAN VAIJINATHRAO KALE,MP_00295,JALNA,Maharashtra,MH,Mumbai,MH_MUMBAI,Block-1,Locality-1,6240000.0,6240000.0,2023-08-17,2023-09-05,2024-03-28,,Ongoing,8.8,AGENCY_0002,19.679822,75.607934,FIN_PHYS_MISMATCH
PRJ000296,Highway Toilet Block near Thane Block-2,PUBLIC_TOILET,KALYAN VAIJINATHRAO KALE,MP_00296,JALNA,Maharashtra,MH,Thane,MH_THANE,Block-2,Locality-2,7640000.0,7640000.0,2023-08-02,2023-09-01,2024-08-08,,Ongoing,22.8,AGENCY_0003,20.549586,75.205352,NORMAL
PRJ000297,Construction of Additional Classrooms at Mumbai Block-3 Government School,SCHOOL_INFRASTRUCTURE,KALYAN VAIJINATHRAO KALE,MP_00297,JALNA,Maharashtra,MH,Mumbai,MH_MUMBAI,Block-3,Locality-3,4220000.0,4220000.0,2022-05-24,2022-06-17,2022-07-15,,Ongoing,16.1,AGENCY_0001,19.572005,75.290899,PROJECT_DELAY
PRJ000298,Public Sanitation Complex at Mumbai Block-4 Bus Stand,PUBLIC_TOILET,KALYAN VAIJINATHRAO KALE,MP_00298,JALNA,Maharashtra,MH,Mumbai,MH_MUMBAI,Block-4,Locality-4,1110000.0,1110000.0,2022-08-25,2022-09-20,2023-03-19,,Ongoing,19.3,AGENCY_0002,19.649634,75.485437,FIN_PHYS_MISMATCH
PRJ000299,Medical Equipment Procurement for Aurangabad Block-5 PHC,HEALTHCARE,KALYAN VAIJINATHRAO KALE,MP_00299,JALNA,Maharashtra,MH,Aurangabad,MH_AURANGABAD,Block-5,Locality-5,3410000.0,3410000.0,2022-08-17,2022-09-04,2023-04-23,,Ongoing,47.8,AGENCY_0002,20.465445,76.204662,COST_OVERRUN
PRJ000300,RCC Bridge Construction over Faridabad Block-1 River,BRIDGE,DEEPENDER SINGH HOODA,MP_00300,ROHTAK,Haryana,HR,Faridabad,HR_FARIDABAD,Block-1,Locality-1,3500000.0,3500000.0,2023-10-09,2023-11-01,2024-06-28,,Ongoing,58.2,AGENCY_0041,28.628889,75.724315,DUPLICATE_PAYMENT
PRJ000301,Village Auditorium & Public Address System at Ambala Block-2,COMMUNITY_HALL,DEEPENDER SINGH HOODA,MP_00301,ROHTAK,Haryana,HR,Ambala,HR_AMBALA,Block-2,Locality-2,4720000.0,4720000.0,2023-06-08,2023-06-26,2024-03-01,,Sanctioned,62.7,AGENCY_0043,29.436129,75.42579,NORMAL
PRJ000302,Village Auditorium & Public Address System at Faridabad Block-3,COMMUNITY_HALL,DEEPENDER SINGH HOODA,MP_00302,ROHTAK,Haryana,HR,Faridabad,HR_FARIDABAD,Block-3,Locality-3,6420000.0,6420000.0,2023-03-27,2023-05-02,2022-09-17,,Ongoing,13.0,AGENCY_0041,29.40063,75.5345,PROJECT_DELAY
PRJ000303,Indoor Sports Hall at Mysuru Block-1,SPORTS_FACILITY,Shri Jaggesh (2022-28) (2022-2028),MP_00303,Karnataka (RS),Karnataka,KA,Mysuru,KA_MYSURU,Block-1,Locality-1,4160000.0,4160000.0,2023-03-19,2023-04-07,2024-01-26,,Ongoing,63.8,AGENCY_0022,16.027796,75.62463,COST_OVERRUN
PRJ000304,Highway Toilet Block near Kalaburagi Block-2,PUBLIC_TOILET,Shri Jaggesh (2022-28) (2022-2028),MP_00304,Karnataka (RS),Karnataka,KA,Kalaburagi,KA_KALABURAGI,Block-2,Locality-2,1770000.0,1770000.0,2023-03-11,2023-04-02,2023-12-24,2023-12-24,Completed,100.0,AGENCY_0024,15.888568,75.639643,NORMAL
PRJ000305,Digital Smart Classroom & IT Lab Setup at Mysuru Block-3,SCHOOL_INFRASTRUCTURE,Shri Jaggesh (2022-28) (2022-2028),MP_00305,Karnataka (RS),Karnataka,KA,Mysuru,KA_MYSURU,Block-3,Locality-3,6700000.0,6700000.0,2022-04-08,2022-05-07,2022-09-15,,Ongoing,30.7,AGENCY_0022,15.789889,76.505143,PROJECT_DELAY
PRJ000306,Installation of RO Drinking Water Plant at Kalaburagi Block-4,WATER_SUPPLY,Shri Jaggesh (2022-28) (2022-2028),MP_00306,Karnataka (RS),Karnataka,KA,Kalaburagi,KA_KALABURAGI,Block-4,Locality-4,2060000.0,2060000.0,2022-11-28,2023-01-12,2022-06-08,,Ongoing,13.9,AGENCY_0022,15.516463,75.520123,PROJECT_DELAY
PRJ000307,Community Toilet Complex at Guwahati Block-1 Market Area,SANITATION,Shri Sarbananda Sonowal (18LS),MP_00307,DIBRUGARH,Assam,AS,Guwahati,AS_GUWAHATI,Block-1,Locality-1,4570000.0,4570000.0,2023-02-20,2023-03-25,2024-01-05,,Ongoing,65.7,AGENCY_0066,26.516911,93.19524,COST_OVERRUN
PRJ000308,Village Bus Stand & Commuter Amenities at Silchar Block-2,BUS_SHELTER,Shri Sarbananda Sonowal (18LS),MP_00308,DIBRUGARH,Assam,AS,Silchar,AS_SILCHAR,Block-2,Locality-2,6010000.0,6010000.0,2023-09-04,2023-10-12,2024-07-29,,Sanctioned,81.6,AGENCY_0066,26.134786,92.504995,NORMAL
PRJ000309,Children Playground Equipment at Guwahati Block-3 Park,SPORTS_FACILITY,Shri Sarbananda Sonowal (18LS),MP_00309,DIBRUGARH,Assam,AS,Guwahati,AS_GUWAHATI,Block-3,Locality-3,5470000.0,5470000.0,2022-08-07,2022-09-07,2023-03-18,,Sanctioned,60.4,AGENCY_0068,25.973665,92.365756,NORMAL
PRJ000310,Borewell Drilling & Submersible Pump Supply at Nagaon Block-4,WATER_SUPPLY,Shri Sarbananda Sonowal (18LS),MP_00310,DIBRUGARH,Assam,AS,Nagaon,AS_NAGAON,Block-4,Locality-4,6600000.0,6600000.0,2023-02-05,2023-03-16,2024-03-10,,Ongoing,65.9,AGENCY_0067,26.708948,92.474759,NORMAL
PRJ000311,Storm Water Drain Construction at Kolkata Block-1,DRAINAGE,SK NURUL ISLAM,MP_00311,BASIRHAT,West Bengal,WB,Kolkata,WB_KOLKATA,Block-1,Locality-1,1870000.0,1870000.0,2023-08-23,2023-09-10,2024-06-26,,Ongoing,84.5,AGENCY_0014,22.813906,88.076235,NORMAL
PRJ000312,Overhead Water Tank Construction & Pipeline Network at Howrah Block-2,WATER_SUPPLY,SK NURUL ISLAM,MP_00312,BASIRHAT,West Bengal,WB,Howrah,WB_HOWRAH,Block-2,Locality-2,3350000.0,3350000.0,2023-10-01,2023-11-14,2024-10-23,,Ongoing,36.3,AGENCY_0013,22.289555,88.056574,NORMAL
PRJ000313,RCC Bridge Construction over Asansol Block-3 River,BRIDGE,SK NURUL ISLAM,MP_00313,BASIRHAT,West Bengal,WB,Asansol,WB_ASANSOL,Block-3,Locality-3,2920000.0,2920000.0,2023-09-13,2023-09-30,2024-06-29,,Ongoing,43.8,AGENCY_0014,23.574826,87.428234,COST_OVERRUN
PRJ000314,Ambulance Purchase for Chandigarh Block-1 Health Centre,HEALTHCARE,Dr. Ashok Kumar Mittal (2022-28) (2022-2028),MP_00314,Punjab (RS),Punjab,PB,Chandigarh,PB_CHANDIGARH,Block-1,Locality-1,3370000.0,3370000.0,2023-04-15,2023-05-19,2024-05-05,,Ongoing,72.0,AGENCY_0040,31.836505,74.615271,NORMAL
PRJ000315,School Boundary Wall & Sanitation Block at Patiala Block-2,SCHOOL_INFRASTRUCTURE,Dr. Ashok Kumar Mittal (2022-28) (2022-2028),MP_00315,Punjab (RS),Punjab,PB,Patiala,PB_PATIALA,Block-2,Locality-2,5980000.0,5980000.0,2023-09-09,2022-06-04,2023-02-02,,Ongoing,4.6,AGENCY_0037,31.196589,74.726751,LOW_UTILIZATION
PRJ000316,Panchayat Bhawan Construction at Amritsar Block-3,COMMUNITY_HALL,Dr. Ashok Kumar Mittal (2022-28) (2022-2028),MP_00316,Punjab (RS),Punjab,PB,Amritsar,PB_AMRITSAR,Block-3,Locality-3,3200000.0,3200000.0,2023-07-22,2023-08-26,2024-03-01,,Ongoing,36.8,AGENCY_0038,30.592064,75.631631,NORMAL
PRJ000317,Solid Waste Processing Plant at Chandigarh Block-4,SANITATION,Dr. Ashok Kumar Mittal (2022-28) (2022-2028),MP_00317,Punjab (RS),Punjab,PB,Chandigarh,PB_CHANDIGARH,Block-4,Locality-4,2780000.0,2780000.0,2022-07-23,2022-08-16,2023-07-12,,Ongoing,41.0,AGENCY_0038,30.355968,75.079477,VENDOR_COLLUSION
PRJ000318,Bituminous Road Construction from Gaya Block-1 to Panchayat HQ,ROAD_CONSTRUCTION,Shri Upendra Kushwaha (2026-32) (2026-2032),MP_00318,Bihar (RS),Bihar,BR,Gaya,BR_GAYA,Block-1,Locality-1,5460000.0,5460000.0,2022-09-08,2022-10-21,2022-06-26,,Ongoing,25.4,AGENCY_0018,24.578319,85.667128,PROJECT_DELAY
PRJ000319,Rooftop Solar Panel Installation at Muzaffarpur Block-2 Government Building,SOLAR_ENERGY,Shri Upendra Kushwaha (2026-32) (2026-2032),MP_00319,Bihar (RS),Bihar,BR,Muzaffarpur,BR_MUZAFFARPUR,Block-2,Locality-2,2300000.0,2300000.0,2022-07-24,2022-08-11,2023-02-26,,Ongoing,60.7,AGENCY_0018,24.493503,84.574803,COST_OVERRUN
PRJ000320,Panchayat Bhawan Construction at Thane Block-1,COMMUNITY_HALL,Dr. Medha Vishram Kulkarni (2024-30) (2024-2030),MP_00320,Maharashtra (RS),Maharashtra,MH,Thane,MH_THANE,Block-1,Locality-1,4760000.0,4760000.0,2023-03-03,2023-04-07,2023-12-24,,Sanctioned,59.5,AGENCY_0003,20.433593,75.906137,NORMAL
PRJ000321,Village Auditorium & Public Address System at Nashik Block-2,COMMUNITY_HALL,Dr. Medha Vishram Kulkarni (2024-30) (2024-2030),MP_00321,Maharashtra (RS),Maharashtra,MH,Nashik,MH_NASHIK,Block-2,Locality-2,6930000.0,6930000.0,2023-08-06,2023-08-29,2024-07-04,,Ongoing,50.5,AGENCY_0002,19.018992,75.054678,NORMAL
PRJ000322,Indoor Sports Hall at Pune Block-3,SPORTS_FACILITY,Dr. Medha Vishram Kulkarni (2024-30) (2024-2030),MP_00322,Maharashtra (RS),Maharashtra,MH,Pune,MH_PUNE,Block-3,Locality-3,2800000.0,2800000.0,2022-08-16,2022-09-07,2023-06-14,,Sanctioned,28.1,AGENCY_0001,20.070313,75.399798,NORMAL
PRJ000323,Pothole Repair & Road Resurfacing at Thane Block-4,ROAD_REPAIR,Dr. Medha Vishram Kulkarni (2024-30) (2024-2030),MP_00323,Maharashtra (RS),Maharashtra,MH,Thane,MH_THANE,Block-4,Locality-4,2260000.0,2260000.0,2022-09-04,2022-10-03,2023-08-01,2023-08-01,Completed,100.0,AGENCY_0002,19.379312,75.426138,NORMAL
PRJ000324,Bridge Deck Repair & Railing at Darbhanga Block-1,ROAD_REPAIR,Sanjay Jaiswal,MP_00324,PASCHIM CHAMPARAN,Bihar,BR,Darbhanga,BR_DARBHANGA,Block-1,Locality-1,4990000.0,4990000.0,2023-07-21,2023-08-10,2024-07-25,,Ongoing,53.7,AGENCY_0018,24.768066,86.081775,NORMAL
PRJ000325,Construction of Additional Classrooms at Bhagalpur Block-2 Government School,SCHOOL_INFRASTRUCTURE,Sanjay Jaiswal,MP_00325,PASCHIM CHAMPARAN,Bihar,BR,Bhagalpur,BR_BHAGALPUR,Block-2,Locality-2,1310000.0,1310000.0,2022-08-18,2022-09-05,2023-05-17,,Ongoing,38.5,AGENCY_0020,24.972168,85.701749,DUPLICATE_PAYMENT
PRJ000326,Construction of Additional Classrooms at Bhavnagar Block-1 Government School,SCHOOL_INFRASTRUCTURE,NIMUBEN JAYANTIBHAI BAMBHANIYA,MP_00326,BHAVNAGAR,Gujarat,GJ,Bhavnagar,GJ_BHAVNAGAR,Block-1,Locality-1,4870000.0,4870000.0,2022-11-26,2023-01-05,2023-07-17,,Ongoing,42.0,AGENCY_0027,21.599958,70.645866,DOCUMENT_MISMATCH
PRJ000327,Solid Waste Processing Plant at Gandhinagar Block-2,SANITATION,NIMUBEN JAYANTIBHAI BAMBHANIYA,MP_00327,BHAVNAGAR,Gujarat,GJ,Gandhinagar,GJ_GANDHINAGAR,Block-2,Locality-2,4320000.0,4320000.0,2023-03-14,2023-04-24,2024-03-28,,Sanctioned,30.5,AGENCY_0025,22.023589,71.184115,NORMAL
PRJ000328,Box Culvert Bridge at Bhavnagar Block-3 Nala,BRIDGE,NIMUBEN JAYANTIBHAI BAMBHANIYA,MP_00328,BHAVNAGAR,Gujarat,GJ,Bhavnagar,GJ_BHAVNAGAR,Block-3,Locality-3,6900000.0,6900000.0,2022-06-08,2022-07-11,2023-03-17,,Sanctioned,62.0,AGENCY_0026,22.454148,71.070928,NORMAL
PRJ000329,Solar Micro-Grid for Bhagalpur Block-1 Village Power Supply,SOLAR_ENERGY,Dr. Dharmshila Gupta (2024-30) (2024-2030),MP_00329,Bihar (RS),Bihar,BR,Bhagalpur,BR_BHAGALPUR,Block-1,Locality-1,6590000.0,6590000.0,2023-02-12,2023-03-19,2023-12-08,,Ongoing,84.2,AGENCY_0019,24.80576,85.793364,NORMAL
PRJ000330,RCC Bridge Construction over Bhagalpur Block-2 River,BRIDGE,Dr. Dharmshila Gupta (2024-30) (2024-2030),MP_00330,Bihar (RS),Bihar,BR,Bhagalpur,BR_BHAGALPUR,Block-2,Locality-2,2240000.0,2240000.0,2022-07-22,2022-08-14,2023-05-09,,Sanctioned,78.7,AGENCY_0020,24.674908,84.874875,NORMAL
PRJ000331,Box Culvert Bridge at Darbhanga Block-3 Nala,BRIDGE,Dr. Dharmshila Gupta (2024-30) (2024-2030),MP_00331,Bihar (RS),Bihar,BR,Darbhanga,BR_DARBHANGA,Block-3,Locality-3,1090000.0,1090000.0,2022-07-01,2022-07-18,2023-01-28,,Ongoing,57.0,AGENCY_0018,25.872303,85.196026,COST_OVERRUN
PRJ000332,Village Bus Stand & Commuter Amenities at Darbhanga Block-4,BUS_SHELTER,Dr. Dharmshila Gupta (2024-30) (2024-2030),MP_00332,Bihar (RS),Bihar,BR,Darbhanga,BR_DARBHANGA,Block-4,Locality-4,1970000.0,1970000.0,2023-05-27,2022-04-16,2022-11-06,,Ongoing,3.4,AGENCY_0017,25.716466,84.574664,LOW_UTILIZATION
PRJ000333,Installation of RO Drinking Water Plant at Udaipur Block-1,WATER_SUPPLY,Smt. Sonia Gandhi (2024-30) (2024-2030),MP_00333,Rajasthan (RS),Rajasthan,RJ,Udaipur,RJ_UDAIPUR,Block-1,Locality-1,3660000.0,3660000.0,2023-03-21,2023-04-23,2023-10-20,,Ongoing,41.6,AGENCY_0029,27.531745,74.537303,NORMAL
PRJ000334,Footbridge for Villagers at Jodhpur Block-2,BRIDGE,Smt. Sonia Gandhi (2024-30) (2024-2030),MP_00334,Rajasthan (RS),Rajasthan,RJ,Jodhpur,RJ_JODHPUR,Block-2,Locality-2,2530000.0,2530000.0,2022-05-13,2022-06-18,2023-03-06,2023-03-06,Completed,100.0,AGENCY_0031,26.640632,74.524214,NORMAL
PRJ000335,Concrete Village Connecting Road at Udaipur Block-3,ROAD_CONSTRUCTION,Smt. Sonia Gandhi (2024-30) (2024-2030),MP_00335,Rajasthan (RS),Rajasthan,RJ,Udaipur,RJ_UDAIPUR,Block-3,Locality-3,7060000.0,7060000.0,2022-11-08,2022-12-03,2023-06-05,,Ongoing,57.4,AGENCY_0030,26.779727,73.929499,COST_OVERRUN
PRJ000336,Box Culvert Bridge at Jodhpur Block-4 Nala,BRIDGE,Smt. Sonia Gandhi (2024-30) (2024-2030),MP_00336,Rajasthan (RS),Rajasthan,RJ,Jodhpur,RJ_JODHPUR,Block-4,Locality-4,3430000.0,3430000.0,2022-07-07,2022-08-17,2023-03-23,,Ongoing,36.8,AGENCY_0031,26.35989,73.457908,NORMAL
PRJ000337,Pothole Repair & Road Resurfacing at Varanasi Block-1,ROAD_REPAIR,Swami Sachchidanandhari Sakshi ji Maharaj,MP_00337,UNNAO,Uttar Pradesh,UP,Varanasi,UP_VARANASI,Block-1,Locality-1,4450000.0,4450000.0,2022-07-14,2022-08-20,2023-04-18,,Ongoing,44.3,AGENCY_0010,26.809617,80.747594,COST_OVERRUN
PRJ000338,Inter-village Link Road Construction at Meerut Block-2,ROAD_CONSTRUCTION,Swami Sachchidanandhari Sakshi ji Maharaj,MP_00338,UNNAO,Uttar Pradesh,UP,Meerut,UP_MEERUT,Block-2,Locality-2,6080000.0,6080000.0,2022-07-30,2022-08-27,2023-06-10,,Ongoing,34.0,AGENCY_0010,26.058948,80.370514,DOCUMENT_MISMATCH
PRJ000339,Bridge Deck Repair & Railing at Kanpur Block-3,ROAD_REPAIR,Swami Sachchidanandhari Sakshi ji Maharaj,MP_00339,UNNAO,Uttar Pradesh,UP,Kanpur,UP_KANPUR,Block-3,Locality-3,6860000.0,6860000.0,2023-01-22,2023-02-08,2023-10-30,,Ongoing,37.0,AGENCY_0011,26.484899,80.895908,NORMAL
PRJ000340,Medical Equipment Procurement for Allahabad Block-4 PHC,HEALTHCARE,Swami Sachchidanandhari Sakshi ji Maharaj,MP_00340,UNNAO,Uttar Pradesh,UP,Allahabad,UP_ALLAHABAD,Block-4,Locality-4,4350000.0,4350000.0,2023-11-20,2024-01-04,2025-01-04,,Ongoing,42.8,AGENCY_0010,27.578063,81.144402,VENDOR_COLLUSION
PRJ000341,Medical Equipment Procurement for Meerut Block-5 PHC,HEALTHCARE,Swami Sachchidanandhari Sakshi ji Maharaj,MP_00341,UNNAO,Uttar Pradesh,UP,Meerut,UP_MEERUT,Block-5,Locality-5,920000.0,920000.0,2023-11-05,2023-12-13,2024-11-15,,Sanctioned,65.2,AGENCY_0009,26.978662,80.987987,NORMAL
PRJ000342,Storm Water Drain Construction at Bhopal Block-1,DRAINAGE,Shri Rajneesh Kumar Agrawal (2026-32) (2026-2032),MP_00342,Madhya Pradesh (RS),Madhya Pradesh,MP,Bhopal,MP_BHOPAL,Block-1,Locality-1,5760000.0,5760000.0,2023-08-07,2023-09-20,2024-03-26,,Ongoing,74.3,AGENCY_0051,22.934715,78.454333,NORMAL
PRJ000343,Pothole Repair & Road Resurfacing at Bhopal Block-2,ROAD_REPAIR,Shri Rajneesh Kumar Agrawal (2026-32) (2026-2032),MP_00343,Madhya Pradesh (RS),Madhya Pradesh,MP,Bhopal,MP_BHOPAL,Block-2,Locality-2,6080000.0,6080000.0,2022-11-29,2022-12-16,2023-06-27,,Ongoing,14.3,AGENCY_0050,22.499495,78.761289,FIN_PHYS_MISMATCH
PRJ000344,Bridge Deck Repair & Railing at Indore Block-3,ROAD_REPAIR,Shri Rajneesh Kumar Agrawal (2026-32) (2026-2032),MP_00344,Madhya Pradesh (RS),Madhya Pradesh,MP,Indore,MP_INDORE,Block-3,Locality-3,7670000.0,7670000.0,2023-05-09,2022-05-25,2023-02-11,,Ongoing,0.6,AGENCY_0051,23.567897,79.099053,LOW_UTILIZATION
PRJ000345,Footbridge for Villagers at Bhopal Block-4,BRIDGE,Shri Rajneesh Kumar Agrawal (2026-32) (2026-2032),MP_00345,Madhya Pradesh (RS),Madhya Pradesh,MP,Bhopal,MP_BHOPAL,Block-4,Locality-4,6570000.0,6570000.0,2023-06-29,2023-07-23,2024-05-04,,Ongoing,19.4,AGENCY_0050,22.684535,78.472341,FIN_PHYS_MISMATCH
PRJ000346,Highway Toilet Block near Mussoorie Block-1,PUBLIC_TOILET,Shri Naresh Bansal (2020-26) (2020-2026),MP_00346,Uttarakhand (RS),Uttarakhand,UK,Mussoorie,UK_MUSSOORIE,Block-1,Locality-1,1580000.0,1580000.0,2023-03-29,2023-04-22,2024-03-30,,Ongoing,63.4,AGENCY_0082,30.491737,79.377347,NORMAL
PRJ000347,Concrete Village Connecting Road at Nainital Block-2,ROAD_CONSTRUCTION,Shri Naresh Bansal (2020-26) (2020-2026),MP_00347,Uttarakhand (RS),Uttarakhand,UK,Nainital,UK_NAINITAL,Block-2,Locality-2,7390000.0,7390000.0,2023-04-23,2023-05-19,2024-01-27,,Ongoing,36.8,AGENCY_0083,29.884407,78.38884,NORMAL
PRJ000348,Bituminous Road Construction from Jabalpur Block-1 to Panchayat HQ,ROAD_CONSTRUCTION,Shri Anil Firojiya,MP_00348,UJJAIN(SC),Madhya Pradesh,MP,Jabalpur,MP_JABALPUR,Block-1,Locality-1,7710000.0,7710000.0,2022-04-16,2022-05-02,2022-11-21,,Ongoing,39.3,AGENCY_0050,23.115413,78.003423,COST_OVERRUN
PRJ000349,Flood Control Channel at Gwalior Block-2,DRAINAGE,Shri Anil Firojiya,MP_00349,UJJAIN(SC),Madhya Pradesh,MP,Gwalior,MP_GWALIOR,Block-2,Locality-2,6060000.0,6060000.0,2023-09-23,2023-11-07,2022-07-26,,Ongoing,22.5,AGENCY_0051,22.194534,78.328044,PROJECT_DELAY
PRJ000350,Village Bus Stand & Commuter Amenities at Sagar Block-3,BUS_SHELTER,Shri Anil Firojiya,MP_00350,UJJAIN(SC),Madhya Pradesh,MP,Sagar,MP_SAGAR,Block-3,Locality-3,610000.0,610000.0,2023-10-14,2023-11-05,2024-08-09,,Ongoing,39.4,AGENCY_0050,22.751533,78.986681,COST_OVERRUN
PRJ000351,Solar Micro-Grid for Indore Block-4 Village Power Supply,SOLAR_ENERGY,Shri Anil Firojiya,MP_00351,UJJAIN(SC),Madhya Pradesh,MP,Indore,MP_INDORE,Block-4,Locality-4,5710000.0,5710000.0,2022-05-22,2022-06-09,2022-12-06,,Ongoing,17.4,AGENCY_0050,23.076928,78.422014,FIN_PHYS_MISMATCH
PRJ000352,Digital Smart Classroom & IT Lab Setup at Sagar Block-5,SCHOOL_INFRASTRUCTURE,Shri Anil Firojiya,MP_00352,UJJAIN(SC),Madhya Pradesh,MP,Sagar,MP_SAGAR,Block-5,Locality-5,6310000.0,6310000.0,2022-06-01,2022-07-16,2022-07-15,,Ongoing,39.3,AGENCY_0051,23.083975,78.79508,PROJECT_DELAY
PRJ000353,Inter-village Link Road Construction at Faridabad Block-1,ROAD_CONSTRUCTION,JAI PARKASH,MP_00353,HISAR,Haryana,HR,Faridabad,HR_FARIDABAD,Block-1,Locality-1,2440000.0,2440000.0,2022-11-29,2022-12-19,2023-08-24,,Ongoing,65.6,AGENCY_0042,28.638373,76.050675,COST_OVERRUN
PRJ000354,Installation of RO Drinking Water Plant at Rohtak Block-2,WATER_SUPPLY,JAI PARKASH,MP_00354,HISAR,Haryana,HR,Rohtak,HR_ROHTAK,Block-2,Locality-2,2490000.0,2490000.0,2022-05-21,2022-06-30,2023-05-05,,Sanctioned,68.8,AGENCY_0044,29.370457,76.729352,NORMAL
PRJ000355,RCC Underground Sewage Network at Rohtak Block-3,SANITATION,JAI PARKASH,MP_00355,HISAR,Haryana,HR,Rohtak,HR_ROHTAK,Block-3,Locality-3,1280000.0,1280000.0,2023-09-14,2023-10-28,2024-05-17,,Sanctioned,52.1,AGENCY_0041,29.167133,75.311648,NORMAL
PRJ000356,Road Widening & Strengthening at Rohtak Block-4,ROAD_REPAIR,JAI PARKASH,MP_00356,HISAR,Haryana,HR,Rohtak,HR_ROHTAK,Block-4,Locality-4,1160000.0,1160000.0,2023-04-18,2023-05-29,2024-03-11,,Ongoing,42.7,AGENCY_0042,29.61843,75.649359,VENDOR_COLLUSION
PRJ000357,School Boundary Wall & Sanitation Block at Ahmedabad Block-1,SCHOOL_INFRASTRUCTURE,MUKESHKUMAR CHANDRAKAANT DALAL,MP_00357,SURAT,Gujarat,GJ,Ahmedabad,GJ_AHMEDABAD,Block-1,Locality-1,7690000.0,7690000.0,2023-10-25,2023-12-03,2024-08-08,2024-08-08,Completed,100.0,AGENCY_0025,22.850449,70.803482,NORMAL
PRJ000358,Modern Steel Bus Canopy at Ahmedabad Block-2 Junction,BUS_SHELTER,MUKESHKUMAR CHANDRAKAANT DALAL,MP_00358,SURAT,Gujarat,GJ,Ahmedabad,GJ_AHMEDABAD,Block-2,Locality-2,4710000.0,4710000.0,2022-09-13,2022-09-28,2023-07-14,,Ongoing,71.5,AGENCY_0027,21.696932,71.635686,NORMAL
PRJ000359,RCC Underground Sewage Network at Surat Block-3,SANITATION,MUKESHKUMAR CHANDRAKAANT DALAL,MP_00359,SURAT,Gujarat,GJ,Surat,GJ_SURAT,Block-3,Locality-3,4760000.0,4760000.0,2022-11-12,2022-11-28,2023-08-21,,Ongoing,21.3,AGENCY_0028,22.175757,71.327668,NORMAL
PRJ000360,Children Playground Equipment at Gandhinagar Block-4 Park,SPORTS_FACILITY,MUKESHKUMAR CHANDRAKAANT DALAL,MP_00360,SURAT,Gujarat,GJ,Gandhinagar,GJ_GANDHINAGAR,Block-4,Locality-4,4340000.0,4340000.0,2023-07-29,2023-09-11,2022-06-11,,Ongoing,39.9,AGENCY_0026,22.252497,71.102925,PROJECT_DELAY
PRJ000361,Rooftop Solar Panel Installation at Kanpur Block-1 Government Building,SOLAR_ENERGY,Mahesh Sharma,MP_00361,GAUTAM BUDDHA NAGAR,Uttar Pradesh,UP,Kanpur,UP_KANPUR,Block-1,Locality-1,6840000.0,6840000.0,2022-07-03,2022-08-05,2023-02-11,,Ongoing,72.7,AGENCY_0010,26.534467,80.895565,NORMAL
PRJ000362,Overhead Water Tank Construction & Pipeline Network at Lucknow Block-2,WATER_SUPPLY,Mahesh Sharma,MP_00362,GAUTAM BUDDHA NAGAR,Uttar Pradesh,UP,Lucknow,UP_LUCKNOW,Block-2,Locality-2,7260000.0,7260000.0,2022-11-14,2022-12-22,2023-11-22,2023-11-22,Completed,100.0,AGENCY_0010,27.34147,80.871966,NORMAL
PRJ000363,Panchayat Bhawan Construction at Mumbai Block-1,COMMUNITY_HALL,ADV GOWAAL KAGADA PADAVI,MP_00363,NANDURBAR(ST),Maharashtra,MH,Mumbai,MH_MUMBAI,Block-1,Locality-1,4010000.0,4010000.0,2023-07-09,2023-08-16,2024-02-14,,Ongoing,64.5,AGENCY_0002,19.358487,75.530205,COST_OVERRUN
PRJ000364,Multipurpose Community Hall at Nagpur Block-2,COMMUNITY_HALL,ADV GOWAAL KAGADA PADAVI,MP_00364,NANDURBAR(ST),Maharashtra,MH,Nagpur,MH_NAGPUR,Block-2,Locality-2,5700000.0,5700000.0,2023-06-04,2023-06-23,2024-05-09,,Ongoing,49.1,AGENCY_0002,19.449297,75.221912,VENDOR_COLLUSION
PRJ000365,RCC Underground Sewage Network at Aurangabad Block-3,SANITATION,ADV GOWAAL KAGADA PADAVI,MP_00365,NANDURBAR(ST),Maharashtra,MH,Aurangabad,MH_AURANGABAD,Block-3,Locality-3,1430000.0,1430000.0,2023-05-28,2023-07-01,2024-04-21,,Ongoing,34.0,AGENCY_0002,19.571799,76.12818,DUPLICATE_PAYMENT
PRJ000366,Pothole Repair & Road Resurfacing at Nashik Block-4,ROAD_REPAIR,ADV GOWAAL KAGADA PADAVI,MP_00366,NANDURBAR(ST),Maharashtra,MH,Nashik,MH_NASHIK,Block-4,Locality-4,7170000.0,7170000.0,2022-11-24,2023-01-05,2023-09-27,,Ongoing,29.1,AGENCY_0002,19.046458,76.279996,NORMAL
PRJ000367,Covered Concrete Drain Network at Pune Block-5,DRAINAGE,ADV GOWAAL KAGADA PADAVI,MP_00367,NANDURBAR(ST),Maharashtra,MH,Pune,MH_PUNE,Block-5,Locality-5,6700000.0,6700000.0,2023-11-18,2023-12-26,2024-11-01,,Ongoing,65.2,AGENCY_0002,19.989464,76.133275,NORMAL
PRJ000368,Medical Equipment Procurement for Thoubal Block-1 PHC,HEALTHCARE,ANGOMCHA BIMOL AKOIJAM,MP_00368,INNER MANIPUR,Manipur,MN,Thoubal,MN_THOUBAL,Block-1,Locality-1,5940000.0,5940000.0,2022-10-31,2022-11-30,2023-10-29,,Ongoing,24.2,AGENCY_0093,23.926433,93.482847,NORMAL
PRJ000369,Concrete Village Connecting Road at Churachandpur Block-2,ROAD_CONSTRUCTION,ANGOMCHA BIMOL AKOIJAM,MP_00369,INNER MANIPUR,Manipur,MN,Churachandpur,MN_CHURACHANDPUR,Block-2,Locality-2,3810000.0,3810000.0,2023-04-06,2023-05-03,2024-01-03,,Ongoing,11.4,AGENCY_0094,24.580402,93.550216,FIN_PHYS_MISMATCH
PRJ000370,Community Toilet Complex at Imphal Block-3 Market Area,SANITATION,ANGOMCHA BIMOL AKOIJAM,MP_00370,INNER MANIPUR,Manipur,MN,Imphal,MN_IMPHAL,Block-3,Locality-3,5050000.0,5050000.0,2022-11-13,2022-12-10,2023-06-12,,Ongoing,42.9,AGENCY_0094,25.063131,94.402158,COST_OVERRUN
PRJ000371,Community Toilet Complex at Ukhrul Block-4 Market Area,SANITATION,ANGOMCHA BIMOL AKOIJAM,MP_00371,INNER MANIPUR,Manipur,MN,Ukhrul,MN_UKHRUL,Block-4,Locality-4,4420000.0,4420000.0,2023-02-02,2023-03-17,2023-10-15,,Ongoing,53.9,AGENCY_0093,24.099419,94.155989,NORMAL
PRJ000372,Inter-village Link Road Construction at Ukhrul Block-5,ROAD_CONSTRUCTION,ANGOMCHA BIMOL AKOIJAM,MP_00372,INNER MANIPUR,Manipur,MN,Ukhrul,MN_UKHRUL,Block-5,Locality-5,700000.0,700000.0,2023-01-28,2023-02-27,2024-01-14,,Ongoing,29.5,AGENCY_0093,25.315913,93.845772,NORMAL
PRJ000373,Borewell Drilling & Submersible Pump Supply at Ujjain Block-1,WATER_SUPPLY,DR. LATA WANKHEDE,MP_00373,SAGAR,Madhya Pradesh,MP,Ujjain,MP_UJJAIN,Block-1,Locality-1,7060000.0,7060000.0,2023-06-16,2023-07-30,2024-01-30,,Ongoing,31.0,AGENCY_0050,22.555896,78.954548,DOCUMENT_MISMATCH
PRJ000374,Inter-village Link Road Construction at Jabalpur Block-2,ROAD_CONSTRUCTION,DR. LATA WANKHEDE,MP_00374,SAGAR,Madhya Pradesh,MP,Jabalpur,MP_JABALPUR,Block-2,Locality-2,1450000.0,1450000.0,2023-05-27,2023-06-25,2022-09-12,,Ongoing,17.5,AGENCY_0049,23.114637,78.275631,PROJECT_DELAY
PRJ000375,Flood Control Channel at Gwalior Block-3,DRAINAGE,DR. LATA WANKHEDE,MP_00375,SAGAR,Madhya Pradesh,MP,Gwalior,MP_GWALIOR,Block-3,Locality-3,6450000.0,6450000.0,2022-07-23,2022-05-12,2022-12-20,,Ongoing,2.4,AGENCY_0052,22.568055,77.935124,LOW_UTILIZATION
PRJ000376,Borewell Drilling & Submersible Pump Supply at Guntur Block-1,WATER_SUPPLY,Shri Bhashyam Rama Krishna (2026-32) (2026-2032),MP_00376,Andhra Pradesh (RS),Andhra Pradesh,AP,Guntur,AP_GUNTUR,Block-1,Locality-1,3480000.0,3480000.0,2023-08-14,2023-09-17,2024-05-24,2024-05-24,Completed,100.0,AGENCY_0055,15.272673,79.229715,NORMAL
PRJ000377,RCC Underground Sewage Network at Vijayawada Block-2,SANITATION,Shri Bhashyam Rama Krishna (2026-32) (2026-2032),MP_00377,Andhra Pradesh (RS),Andhra Pradesh,AP,Vijayawada,AP_VIJAYAWADA,Block-2,Locality-2,1420000.0,1420000.0,2023-05-10,2023-06-01,2024-05-18,,Ongoing,49.6,AGENCY_0055,16.258654,79.947238,DOCUMENT_MISMATCH
PRJ000378,Solar High-Mast Street Lighting at Kolkata Block-1,SOLAR_ENERGY,Shri Shantanu Thakur,MP_00378,BANGAON(SC),West Bengal,WB,Kolkata,WB_KOLKATA,Block-1,Locality-1,5620000.0,5620000.0,2022-12-09,2023-01-04,2023-09-02,,Ongoing,51.9,AGENCY_0014,23.536407,88.005362,COST_OVERRUN
PRJ000379,Concrete Village Connecting Road at Siliguri Block-2,ROAD_CONSTRUCTION,Shri Shantanu Thakur,MP_00379,BANGAON(SC),West Bengal,WB,Siliguri,WB_SILIGURI,Block-2,Locality-2,1400000.0,1400000.0,2022-11-24,2022-12-14,2022-07-25,,Ongoing,11.7,AGENCY_0016,22.647242,87.772701,PROJECT_DELAY
PRJ000380,Children Playground Equipment at Kolkata Block-3 Park,SPORTS_FACILITY,Shri Shantanu Thakur,MP_00380,BANGAON(SC),West Bengal,WB,Kolkata,WB_KOLKATA,Block-3,Locality-3,7890000.0,7890000.0,2022-11-10,2022-12-09,2023-09-15,2023-09-15,Completed,100.0,AGENCY_0016,22.924221,88.646476,NORMAL
PRJ000381,Medical Equipment Procurement for Tirunelveli Block-1 PHC,HEALTHCARE,Shri Praveen Chakravarthy (2026-28) (2026-2028),MP_00381,Tamil Nadu (RS),Tamil Nadu,TN,Tirunelveli,TN_TIRUNELVELI,Block-1,Locality-1,7140000.0,7140000.0,2022-05-07,2022-06-02,2022-12-22,,Ongoing,65.1,AGENCY_0006,11.886991,79.089962,COST_OVERRUN
PRJ000382,Children Playground Equipment at Tiruchirappalli Block-2 Park,SPORTS_FACILITY,Shri Praveen Chakravarthy (2026-28) (2026-2028),MP_00382,Tamil Nadu (RS),Tamil Nadu,TN,Tiruchirappalli,TN_TIRUCHIRAPPALLI,Block-2,Locality-2,6370000.0,6370000.0,2023-01-01,2023-02-09,2024-01-04,,Sanctioned,72.4,AGENCY_0006,11.788143,79.021951,NORMAL
PRJ000383,Overhead Water Tank Construction & Pipeline Network at Madurai Block-3,WATER_SUPPLY,Shri Praveen Chakravarthy (2026-28) (2026-2028),MP_00383,Tamil Nadu (RS),Tamil Nadu,TN,Madurai,TN_MADURAI,Block-3,Locality-3,7290000.0,7290000.0,2022-07-29,2022-09-08,2023-05-12,,Ongoing,47.9,AGENCY_0006,10.512167,78.758744,COST_OVERRUN
PRJ000384,Pothole Repair & Road Resurfacing at Chennai Block-4,ROAD_REPAIR,Shri Praveen Chakravarthy (2026-28) (2026-2028),MP_00384,Tamil Nadu (RS),Tamil Nadu,TN,Chennai,TN_CHENNAI,Block-4,Locality-4,5700000.0,5700000.0,2022-09-20,2022-10-29,2023-07-28,,Sanctioned,75.1,AGENCY_0008,11.635611,77.910627,NORMAL
PRJ000385,Solar High-Mast Street Lighting at Bhagalpur Block-1,SOLAR_ENERGY,SUDHAKAR SINGH,MP_00385,BUXAR,Bihar,BR,Bhagalpur,BR_BHAGALPUR,Block-1,Locality-1,3610000.0,3610000.0,2023-01-08,2023-02-03,2023-08-27,,Ongoing,16.6,AGENCY_0018,25.499033,86.029405,FIN_PHYS_MISMATCH
PRJ000386,RCC Underground Sewage Network at Darbhanga Block-2,SANITATION,SUDHAKAR SINGH,MP_00386,BUXAR,Bihar,BR,Darbhanga,BR_DARBHANGA,Block-2,Locality-2,2140000.0,2140000.0,2023-03-03,2023-03-22,2024-01-31,,Ongoing,47.5,AGENCY_0018,25.834685,85.60862,NORMAL
PRJ000387,Digital Smart Classroom & IT Lab Setup at Darbhanga Block-3,SCHOOL_INFRASTRUCTURE,SUDHAKAR SINGH,MP_00387,BUXAR,Bihar,BR,Darbhanga,BR_DARBHANGA,Block-3,Locality-3,5730000.0,5730000.0,2022-09-21,2022-10-06,2023-09-30,2023-09-30,Completed,100.0,AGENCY_0018,24.870493,85.639079,NORMAL
PRJ000388,Concrete Village Connecting Road at Patna Block-4,ROAD_CONSTRUCTION,SUDHAKAR SINGH,MP_00388,BUXAR,Bihar,BR,Patna,BR_PATNA,Block-4,Locality-4,4140000.0,4140000.0,2022-11-12,2022-11-27,2023-07-13,,Ongoing,59.0,AGENCY_0018,25.009896,85.825824,DOCUMENT_MISMATCH
PRJ000389,Indoor Sports Hall at Muzaffarpur Block-1,SPORTS_FACILITY,RAJESH RANJAN ALIAS PAPPU YADAV,MP_00389,PURNEA,Bihar,BR,Muzaffarpur,BR_MUZAFFARPUR,Block-1,Locality-1,6740000.0,6740000.0,2022-11-23,2023-01-02,2023-07-01,,Ongoing,30.6,AGENCY_0020,25.096856,85.562894,NORMAL
PRJ000390,Digital Smart Classroom & IT Lab Setup at Darbhanga Block-2,SCHOOL_INFRASTRUCTURE,RAJESH RANJAN ALIAS PAPPU YADAV,MP_00390,PURNEA,Bihar,BR,Darbhanga,BR_DARBHANGA,Block-2,Locality-2,1240000.0,1240000.0,2023-11-14,2023-12-17,2024-07-16,,Ongoing,10.6,AGENCY_0018,24.49548,85.718408,FIN_PHYS_MISMATCH
PRJ000391,Overhead Water Tank Construction & Pipeline Network at Muzaffarpur Block-3,WATER_SUPPLY,RAJESH RANJAN ALIAS PAPPU YADAV,MP_00391,PURNEA,Bihar,BR,Muzaffarpur,BR_MUZAFFARPUR,Block-3,Locality-3,5210000.0,5210000.0,2022-07-19,2022-06-10,2023-02-12,,Ongoing,1.7,AGENCY_0017,24.58297,85.782114,LOW_UTILIZATION
PRJ000392,Village Bus Stand & Commuter Amenities at Patna Block-4,BUS_SHELTER,RAJESH RANJAN ALIAS PAPPU YADAV,MP_00392,PURNEA,Bihar,BR,Patna,BR_PATNA,Block-4,Locality-4,5850000.0,5850000.0,2022-11-03,2022-11-29,2023-11-05,,Sanctioned,84.2,AGENCY_0018,24.497742,85.759122,NORMAL
PRJ000393,Footbridge for Villagers at Gaya Block-5,BRIDGE,RAJESH RANJAN ALIAS PAPPU YADAV,MP_00393,PURNEA,Bihar,BR,Gaya,BR_GAYA,Block-5,Locality-5,3770000.0,3770000.0,2023-04-12,2023-05-12,2024-01-03,,Ongoing,75.2,AGENCY_0020,24.475884,85.228799,NORMAL
PRJ000394,Road Widening & Strengthening at Kalaburagi Block-1,ROAD_REPAIR,JAGADISH SHETTAR,MP_00394,BELGAUM,Karnataka,KA,Kalaburagi,KA_KALABURAGI,Block-1,Locality-1,3010000.0,3010000.0,2023-07-12,2023-08-05,2024-08-03,,Ongoing,35.0,AGENCY_0023,14.630223,76.490243,NORMAL
PRJ000395,Covered Concrete Drain Network at Belagavi Block-2,DRAINAGE,JAGADISH SHETTAR,MP_00395,BELGAUM,Karnataka,KA,Belagavi,KA_BELAGAVI,Block-2,Locality-2,2950000.0,2950000.0,2023-10-15,2023-11-28,2024-07-22,2024-07-22,Completed,100.0,AGENCY_0022,15.552733,76.276913,NORMAL
PRJ000396,Flood Control Channel at Jaipur Block-1,DRAINAGE,LUMBARAM,MP_00396,JALORE,Rajasthan,RJ,Jaipur,RJ_JAIPUR,Block-1,Locality-1,3740000.0,3740000.0,2022-05-07,2022-06-02,2022-07-02,,Ongoing,19.7,AGENCY_0029,27.475644,73.98339,PROJECT_DELAY
PRJ000397,Multi-purpose Sports Ground Levelling at Udaipur Block-2,SPORTS_FACILITY,LUMBARAM,MP_00397,JALORE,Rajasthan,RJ,Udaipur,RJ_UDAIPUR,Block-2,Locality-2,6820000.0,6820000.0,2022-11-09,2022-12-21,2023-10-16,,Ongoing,29.2,AGENCY_0030,27.032633,74.675196,VENDOR_COLLUSION
PRJ000398,Solar High-Mast Street Lighting at Aurangabad Block-1,SOLAR_ENERGY,Smt Veena Devi,MP_00398,VAISHALI,Bihar,BR,Aurangabad,BR_AURANGABAD,Block-1,Locality-1,5740000.0,5740000.0,2023-04-15,2023-05-26,2024-03-05,,Ongoing,42.2,AGENCY_0020,25.831646,86.104454,DUPLICATE_PAYMENT
PRJ000399,Overhead Water Tank Construction & Pipeline Network at Patna Block-2,WATER_SUPPLY,Smt Veena Devi,MP_00399,VAISHALI,Bihar,BR,Patna,BR_PATNA,Block-2,Locality-2,7690000.0,7690000.0,2022-08-04,2022-08-29,2023-07-20,,Ongoing,42.6,AGENCY_0018,25.778567,84.699819,VENDOR_COLLUSION
PRJ000400,Children Playground Equipment at Muzaffarpur Block-3 Park,SPORTS_FACILITY,Smt Veena Devi,MP_00400,VAISHALI,Bihar,BR,Muzaffarpur,BR_MUZAFFARPUR,Block-3,Locality-3,7450000.0,7450000.0,2023-11-03,2023-12-02,2024-08-24,,Ongoing,19.0,AGENCY_0018,24.846883,86.005565,FIN_PHYS_MISMATCH
PRJ000401,Community Toilet Complex at Nashik Block-1 Market Area,SANITATION,Shrirang Appa Barne,MP_00401,MAVAL,Maharashtra,MH,Nashik,MH_NASHIK,Block-1,Locality-1,2030000.0,2030000.0,2022-06-06,2022-07-18,2022-07-04,,Ongoing,23.5,AGENCY_0002,19.075286,76.446115,PROJECT_DELAY
PRJ000402,Concrete Village Connecting Road at Pune Block-2,ROAD_CONSTRUCTION,Shrirang Appa Barne,MP_00402,MAVAL,Maharashtra,MH,Pune,MH_PUNE,Block-2,Locality-2,5030000.0,5030000.0,2022-10-26,2022-11-26,2023-11-06,,Ongoing,51.5,AGENCY_0003,19.129075,75.086584,NORMAL
PRJ000403,Road Widening & Strengthening at Nagpur Block-3,ROAD_REPAIR,Shrirang Appa Barne,MP_00403,MAVAL,Maharashtra,MH,Nagpur,MH_NAGPUR,Block-3,Locality-3,3680000.0,3680000.0,2022-11-27,2022-12-28,2023-07-21,2023-07-21,Completed,100.0,AGENCY_0004,19.274977,75.239774,NORMAL
PRJ000404,Covered Concrete Drain Network at Nashik Block-4,DRAINAGE,Shrirang Appa Barne,MP_00404,MAVAL,Maharashtra,MH,Nashik,MH_NASHIK,Block-4,Locality-4,2700000.0,2700000.0,2023-07-29,2023-08-29,2024-06-06,,Ongoing,25.5,AGENCY_0002,19.077535,76.208431,VENDOR_COLLUSION
PRJ000405,Passenger Bus Waiting Shelter at Pune Block-5,BUS_SHELTER,Shrirang Appa Barne,MP_00405,MAVAL,Maharashtra,MH,Pune,MH_PUNE,Block-5,Locality-5,1780000.0,1780000.0,2022-09-15,2022-10-25,2023-05-26,,Ongoing,43.6,AGENCY_0002,20.203233,75.026436,DOCUMENT_MISMATCH
PRJ000406,Medical Equipment Procurement for Salem Block-1 PHC,HEALTHCARE,Thirumaa Valavan Thol,MP_00406,CHIDAMBARAM(SC),Tamil Nadu,TN,Salem,TN_SALEM,Block-1,Locality-1,5080000.0,5080000.0,2022-08-23,2022-09-11,2023-05-25,,Ongoing,64.6,AGENCY_0006,11.564287,79.283267,COST_OVERRUN
PRJ000407,Bituminous Road Construction from Tiruchirappalli Block-2 to Panchayat HQ,ROAD_CONSTRUCTION,Thirumaa Valavan Thol,MP_00407,CHIDAMBARAM(SC),Tamil Nadu,TN,Tiruchirappalli,TN_TIRUCHIRAPPALLI,Block-2,Locality-2,4860000.0,4860000.0,2023-08-09,2023-09-19,2024-04-01,,Ongoing,81.6,AGENCY_0007,11.505446,78.785958,NORMAL
PRJ000408,Storm Water Drain Construction at Tiruchirappalli Block-3,DRAINAGE,Thirumaa Valavan Thol,MP_00408,CHIDAMBARAM(SC),Tamil Nadu,TN,Tiruchirappalli,TN_TIRUCHIRAPPALLI,Block-3,Locality-3,3600000.0,3600000.0,2022-04-24,2022-05-18,2023-04-19,,Ongoing,41.5,AGENCY_0008,11.006676,78.68424,NORMAL
PRJ000409,Village Auditorium & Public Address System at Gaya Block-1,COMMUNITY_HALL,SURENDRA PRASAD YADAV,MP_00409,JAHANABAD,Bihar,BR,Gaya,BR_GAYA,Block-1,Locality-1,4990000.0,4990000.0,2023-09-06,2023-10-06,2024-04-27,,Ongoing,77.5,AGENCY_0017,24.368402,85.474666,NORMAL
PRJ000410,Highway Toilet Block near Darbhanga Block-2,PUBLIC_TOILET,SURENDRA PRASAD YADAV,MP_00410,JAHANABAD,Bihar,BR,Darbhanga,BR_DARBHANGA,Block-2,Locality-2,4680000.0,4680000.0,2023-01-03,2023-01-18,2023-11-11,,Sanctioned,64.3,AGENCY_0017,25.564463,85.233083,NORMAL
PRJ000411,Bridge Deck Repair & Railing at Jaipur Block-1,ROAD_REPAIR,Shri Arjun Ram Meghwal,MP_00411,BIKANER(SC),Rajasthan,RJ,Jaipur,RJ_JAIPUR,Block-1,Locality-1,7310000.0,7310000.0,2023-10-14,2023-11-20,2024-06-05,,Ongoing,50.2,AGENCY_0029,27.277488,73.74385,DOCUMENT_MISMATCH
PRJ000412,Modern Steel Bus Canopy at Bikaner Block-2 Junction,BUS_SHELTER,Shri Arjun Ram Meghwal,MP_00412,BIKANER(SC),Rajasthan,RJ,Bikaner,RJ_BIKANER,Block-2,Locality-2,3120000.0,3120000.0,2023-02-03,2023-02-28,2023-12-24,,Sanctioned,62.0,AGENCY_0031,27.410586,74.769654,NORMAL
PRJ000413,Box Culvert Bridge at Kota Block-3 Nala,BRIDGE,Shri Arjun Ram Meghwal,MP_00413,BIKANER(SC),Rajasthan,RJ,Kota,RJ_KOTA,Block-3,Locality-3,2070000.0,2070000.0,2022-08-07,2022-09-06,2023-05-21,,Ongoing,9.6,AGENCY_0030,27.685173,73.59083,FIN_PHYS_MISMATCH
PRJ000414,Covered Concrete Drain Network at Bikaner Block-4,DRAINAGE,Shri Arjun Ram Meghwal,MP_00414,BIKANER(SC),Rajasthan,RJ,Bikaner,RJ_BIKANER,Block-4,Locality-4,6170000.0,6170000.0,2022-12-19,2023-01-16,2024-01-03,,Ongoing,49.9,AGENCY_0030,27.362742,74.864766,NORMAL
PRJ000415,Ambulance Purchase for Chennai Block-1 Health Centre,HEALTHCARE,Dr. M. Dhanapal (2025-31) (2025-2031),MP_00415,Tamil Nadu (RS),Tamil Nadu,TN,Chennai,TN_CHENNAI,Block-1,Locality-1,4980000.0,4980000.0,2022-08-03,2022-08-24,2022-09-16,,Ongoing,38.9,AGENCY_0008,11.535253,78.445691,PROJECT_DELAY
PRJ000416,Borewell Drilling & Submersible Pump Supply at Coimbatore Block-2,WATER_SUPPLY,Dr. M. Dhanapal (2025-31) (2025-2031),MP_00416,Tamil Nadu (RS),Tamil Nadu,TN,Coimbatore,TN_COIMBATORE,Block-2,Locality-2,5030000.0,5030000.0,2023-03-18,2022-05-25,2023-01-22,,Ongoing,0.1,AGENCY_0007,11.106957,78.536908,LOW_UTILIZATION
PRJ000417,Inter-village Link Road Construction at Tiruchirappalli Block-3,ROAD_CONSTRUCTION,Dr. M. Dhanapal (2025-31) (2025-2031),MP_00417,Tamil Nadu (RS),Tamil Nadu,TN,Tiruchirappalli,TN_TIRUCHIRAPPALLI,Block-3,Locality-3,7700000.0,7700000.0,2023-03-23,2023-04-16,2024-01-03,,Ongoing,13.2,AGENCY_0006,10.526766,78.199308,FIN_PHYS_MISMATCH
PRJ000418,Maternity Ward Upgradation at Tirunelveli Block-4 District Hospital,HEALTHCARE,Dr. M. Dhanapal (2025-31) (2025-2031),MP_00418,Tamil Nadu (RS),Tamil Nadu,TN,Tirunelveli,TN_TIRUNELVELI,Block-4,Locality-4,2240000.0,2240000.0,2022-07-05,2022-08-16,2023-03-11,,Ongoing,24.3,AGENCY_0008,10.43481,79.118659,NORMAL
PRJ000419,Storm Water Drain Construction at Roorkee Block-1,DRAINAGE,ANIL BALUNI,MP_00419,GARHWAL,Uttarakhand,UK,Roorkee,UK_ROORKEE,Block-1,Locality-1,3120000.0,3120000.0,2023-06-22,2023-07-24,2024-03-17,,Ongoing,35.0,AGENCY_0082,30.545928,78.874232,NORMAL
PRJ000420,Market Public Toilet Unit at Rishikesh Block-2,PUBLIC_TOILET,ANIL BALUNI,MP_00420,GARHWAL,Uttarakhand,UK,Rishikesh,UK_RISHIKESH,Block-2,Locality-2,4850000.0,4850000.0,2022-06-10,2022-07-03,2023-04-27,,Ongoing,42.7,AGENCY_0082,29.46887,78.670239,DOCUMENT_MISMATCH
PRJ000421,Construction of Additional Classrooms at Nagpur Block-1 Government School,SCHOOL_INFRASTRUCTURE,MOHITE PATIL DHAIRYASHEEL RAJSINH,MP_00421,MADHA,Maharashtra,MH,Nagpur,MH_NAGPUR,Block-1,Locality-1,3610000.0,3610000.0,2022-08-23,2022-09-18,2023-04-26,,Ongoing,44.0,AGENCY_0003,19.792969,75.249045,NORMAL
PRJ000422,Multi-purpose Sports Ground Levelling at Nashik Block-2,SPORTS_FACILITY,MOHITE PATIL DHAIRYASHEEL RAJSINH,MP_00422,MADHA,Maharashtra,MH,Nashik,MH_NASHIK,Block-2,Locality-2,3190000.0,3190000.0,2022-11-06,2022-12-01,2023-09-12,2023-09-12,Completed,100.0,AGENCY_0004,19.126061,76.398976,NORMAL
PRJ000423,Digital Smart Classroom & IT Lab Setup at Ahmedabad Block-1,SCHOOL_INFRASTRUCTURE,PARSHOTTAMBHAI RUPALA,MP_00423,RAJKOT,Gujarat,GJ,Ahmedabad,GJ_AHMEDABAD,Block-1,Locality-1,1150000.0,1150000.0,2022-09-16,2022-06-05,2023-02-01,,Ongoing,2.4,AGENCY_0026,22.602423,70.81985,LOW_UTILIZATION
PRJ000424,Digital Smart Classroom & IT Lab Setup at Bhavnagar Block-2,SCHOOL_INFRASTRUCTURE,PARSHOTTAMBHAI RUPALA,MP_00424,RAJKOT,Gujarat,GJ,Bhavnagar,GJ_BHAVNAGAR,Block-2,Locality-2,1790000.0,1790000.0,2023-03-10,2023-04-13,2024-01-16,,Ongoing,15.5,AGENCY_0026,22.860087,70.932384,FIN_PHYS_MISMATCH
PRJ000425,RCC Bridge Construction over Jalandhar Block-1 River,BRIDGE,Shri Sant Balbir Singh (2022-28) (2022-2028),MP_00425,Punjab (RS),Punjab,PB,Jalandhar,PB_JALANDHAR,Block-1,Locality-1,3730000.0,3730000.0,2023-08-11,2023-09-08,2024-03-24,,Ongoing,65.7,AGENCY_0038,30.560348,75.407626,NORMAL
PRJ000426,Solar High-Mast Street Lighting at Amritsar Block-2,SOLAR_ENERGY,Shri Sant Balbir Singh (2022-28) (2022-2028),MP_00426,Punjab (RS),Punjab,PB,Amritsar,PB_AMRITSAR,Block-2,Locality-2,3130000.0,3130000.0,2022-07-06,2022-07-28,2023-04-20,,Ongoing,53.3,AGENCY_0039,31.499125,75.340028,DUPLICATE_PAYMENT
PRJ000427,Public Sanitation Complex at Coimbatore Block-1 Bus Stand,PUBLIC_TOILET,Smt. Rajathi (2025-31) (2025-2031),MP_00427,Tamil Nadu (RS),Tamil Nadu,TN,Coimbatore,TN_COIMBATORE,Block-1,Locality-1,7870000.0,7870000.0,2022-06-16,2022-07-20,2023-03-25,,Ongoing,30.6,AGENCY_0005,10.510424,77.873662,DOCUMENT_MISMATCH
PRJ000428,Indoor Sports Hall at Chennai Block-2,SPORTS_FACILITY,Smt. Rajathi (2025-31) (2025-2031),MP_00428,Tamil Nadu (RS),Tamil Nadu,TN,Chennai,TN_CHENNAI,Block-2,Locality-2,4350000.0,4350000.0,2023-08-04,2022-06-11,2023-04-04,,Ongoing,3.2,AGENCY_0008,11.226845,79.304307,LOW_UTILIZATION
PRJ000429,Multipurpose Community Hall at Salem Block-3,COMMUNITY_HALL,Smt. Rajathi (2025-31) (2025-2031),MP_00429,Tamil Nadu (RS),Tamil Nadu,TN,Salem,TN_SALEM,Block-3,Locality-3,6660000.0,6660000.0,2022-06-07,2022-06-29,2023-03-25,,Ongoing,73.2,AGENCY_0005,11.134136,78.533508,NORMAL
PRJ000430,Construction of Additional Classrooms at Chennai Block-4 Government School,SCHOOL_INFRASTRUCTURE,Smt. Rajathi (2025-31) (2025-2031),MP_00430,Tamil Nadu (RS),Tamil Nadu,TN,Chennai,TN_CHENNAI,Block-4,Locality-4,4750000.0,4750000.0,2022-10-24,2022-11-09,2022-07-24,,Ongoing,31.7,AGENCY_0007,11.553041,78.383199,PROJECT_DELAY
PRJ000431,Road Widening & Strengthening at Chennai Block-5,ROAD_REPAIR,Smt. Rajathi (2025-31) (2025-2031),MP_00431,Tamil Nadu (RS),Tamil Nadu,TN,Chennai,TN_CHENNAI,Block-5,Locality-5,4390000.0,4390000.0,2023-11-14,2022-04-29,2022-11-15,,Ongoing,4.7,AGENCY_0008,10.509079,79.304265,LOW_UTILIZATION
PRJ000432,Maternity Ward Upgradation at Berhampur Block-1 District Hospital,HEALTHCARE,Shri Bhartruhari Mahtab,MP_00432,CUTTACK,Odisha,OD,Berhampur,OD_BERHAMPUR,Block-1,Locality-1,5600000.0,5600000.0,2023-08-21,2023-09-12,2024-06-05,,Ongoing,81.4,AGENCY_0064,20.341046,84.305102,NORMAL
PRJ000433,Indoor Sports Hall at Bhubaneswar Block-2,SPORTS_FACILITY,Shri Bhartruhari Mahtab,MP_00433,CUTTACK,Odisha,OD,Bhubaneswar,OD_BHUBANESWAR,Block-2,Locality-2,5040000.0,5040000.0,2023-03-15,2023-04-25,2024-03-08,,Ongoing,32.3,AGENCY_0062,21.46308,85.798339,NORMAL
PRJ000434,Inter-village Link Road Construction at Bhubaneswar Block-3,ROAD_CONSTRUCTION,Shri Bhartruhari Mahtab,MP_00434,CUTTACK,Odisha,OD,Bhubaneswar,OD_BHUBANESWAR,Block-3,Locality-3,3910000.0,3910000.0,2022-09-02,2022-10-04,2023-05-05,,Ongoing,44.7,AGENCY_0063,20.181738,84.612347,NORMAL
PRJ000435,Highway Toilet Block near Jaipur Block-1,PUBLIC_TOILET,UMMEDA RAM BENIWAL,MP_00435,BARMER,Rajasthan,RJ,Jaipur,RJ_JAIPUR,Block-1,Locality-1,850000.0,850000.0,2022-09-15,2022-10-01,2023-08-26,2023-08-26,Completed,100.0,AGENCY_0031,26.794521,74.186111,NORMAL
PRJ000436,Flood Control Channel at Kota Block-2,DRAINAGE,UMMEDA RAM BENIWAL,MP_00436,BARMER,Rajasthan,RJ,Kota,RJ_KOTA,Block-2,Locality-2,4180000.0,4180000.0,2023-05-27,2023-06-20,2024-01-02,2024-01-02,Completed,100.0,AGENCY_0032,27.811392,74.138382,NORMAL
PRJ000437,Community Toilet Complex at Jaipur Block-3 Market Area,SANITATION,UMMEDA RAM BENIWAL,MP_00437,BARMER,Rajasthan,RJ,Jaipur,RJ_JAIPUR,Block-3,Locality-3,1920000.0,1920000.0,2022-10-05,2022-11-19,2023-06-13,,Ongoing,56.1,AGENCY_0030,26.281757,73.503047,COST_OVERRUN
PRJ000438,Footbridge for Villagers at Ajmer Block-4,BRIDGE,UMMEDA RAM BENIWAL,MP_00438,BARMER,Rajasthan,RJ,Ajmer,RJ_AJMER,Block-4,Locality-4,1030000.0,1030000.0,2023-01-31,2023-03-13,2024-01-28,2024-01-28,Completed,100.0,AGENCY_0029,27.247323,74.126186,NORMAL
PRJ000439,Bridge Deck Repair & Railing at Udaipur Block-5,ROAD_REPAIR,UMMEDA RAM BENIWAL,MP_00439,BARMER,Rajasthan,RJ,Udaipur,RJ_UDAIPUR,Block-5,Locality-5,4210000.0,4210000.0,2023-04-28,2023-06-01,2024-04-14,,Sanctioned,61.3,AGENCY_0029,26.37335,74.283122,NORMAL
PRJ000440,Passenger Bus Waiting Shelter at Bhagalpur Block-1,BUS_SHELTER,LOVELY ANAND,MP_00440,SHEOHAR,Bihar,BR,Bhagalpur,BR_BHAGALPUR,Block-1,Locality-1,2050000.0,2050000.0,2023-06-28,2023-07-28,2024-05-09,,Ongoing,38.3,AGENCY_0018,25.318257,85.638362,VENDOR_COLLUSION
PRJ000441,Indoor Sports Hall at Darbhanga Block-2,SPORTS_FACILITY,LOVELY ANAND,MP_00441,SHEOHAR,Bihar,BR,Darbhanga,BR_DARBHANGA,Block-2,Locality-2,6850000.0,6850000.0,2023-01-22,2023-02-06,2023-08-24,,Ongoing,51.5,AGENCY_0017,24.881525,85.00189,NORMAL
PRJ000442,Overhead Water Tank Construction & Pipeline Network at Aurangabad Block-3,WATER_SUPPLY,LOVELY ANAND,MP_00442,SHEOHAR,Bihar,BR,Aurangabad,BR_AURANGABAD,Block-3,Locality-3,1620000.0,1620000.0,2023-04-04,2023-05-01,2024-04-23,,Ongoing,73.5,AGENCY_0019,25.697228,85.299114,NORMAL
PRJ000443,Village Bus Stand & Commuter Amenities at Darbhanga Block-4,BUS_SHELTER,LOVELY ANAND,MP_00443,SHEOHAR,Bihar,BR,Darbhanga,BR_DARBHANGA,Block-4,Locality-4,7590000.0,7590000.0,2023-02-19,2023-03-26,2023-10-27,2023-10-27,Completed,100.0,AGENCY_0018,24.728974,84.6162,NORMAL
PRJ000444,Installation of RO Drinking Water Plant at Agra Block-1,WATER_SUPPLY,Shri Narendra Modi,MP_00444,VARANASI,Uttar Pradesh,UP,Agra,UP_AGRA,Block-1,Locality-1,3600000.0,3600000.0,2022-06-23,2022-07-12,2023-03-30,2023-03-30,Completed,100.0,AGENCY_0010,26.62874,81.595193,NORMAL
PRJ000445,Multi-purpose Sports Ground Levelling at Meerut Block-2,SPORTS_FACILITY,Shri Narendra Modi,MP_00445,VARANASI,Uttar Pradesh,UP,Meerut,UP_MEERUT,Block-2,Locality-2,4010000.0,4010000.0,2022-10-20,2022-11-29,2023-07-21,,Ongoing,24.2,AGENCY_0011,26.627098,81.544114,NORMAL
PRJ000446,Borewell Drilling & Submersible Pump Supply at Varanasi Block-3,WATER_SUPPLY,Shri Narendra Modi,MP_00446,VARANASI,Uttar Pradesh,UP,Varanasi,UP_VARANASI,Block-3,Locality-3,5930000.0,5930000.0,2023-05-13,2023-06-24,2023-12-31,,Sanctioned,63.1,AGENCY_0012,26.304128,81.235603,NORMAL
PRJ000447,Digital Smart Classroom & IT Lab Setup at Ramagundam Block-1,SCHOOL_INFRASTRUCTURE,GODAM NAGESH,MP_00447,ADILABAD(ST),Telangana,TS,Ramagundam,TS_RAMAGUNDAM,Block-1,Locality-1,2250000.0,2250000.0,2022-09-30,2022-11-09,2022-08-21,,Ongoing,20.7,AGENCY_0059,18.055125,78.788223,PROJECT_DELAY
PRJ000448,Multipurpose Community Hall at Hyderabad Block-2,COMMUNITY_HALL,GODAM NAGESH,MP_00448,ADILABAD(ST),Telangana,TS,Hyderabad,TS_HYDERABAD,Block-2,Locality-2,5180000.0,5180000.0,2023-08-10,2023-09-08,2024-09-18,,Ongoing,49.5,AGENCY_0058,17.526416,79.678424,VENDOR_COLLUSION
PRJ000449,Passenger Bus Waiting Shelter at Hyderabad Block-3,BUS_SHELTER,GODAM NAGESH,MP_00449,ADILABAD(ST),Telangana,TS,Hyderabad,TS_HYDERABAD,Block-3,Locality-3,3210000.0,3210000.0,2022-05-30,2022-06-16,2023-04-09,,Sanctioned,20.3,AGENCY_0060,17.589727,78.220027,NORMAL
PRJ000450,Digital Smart Classroom & IT Lab Setup at Tirupati Block-1,SCHOOL_INFRASTRUCTURE,Shri Ryaga Krishnaiah (2024-28) (2024-2028),MP_00450,Andhra Pradesh (RS),Andhra Pradesh,AP,Tirupati,AP_TIRUPATI,Block-1,Locality-1,7260000.0,7260000.0,2022-05-09,2022-05-28,2023-04-26,,Ongoing,49.7,AGENCY_0053,16.153343,79.621242,DOCUMENT_MISMATCH
PRJ000451,Rooftop Solar Panel Installation at Vijayawada Block-2 Government Building,SOLAR_ENERGY,Shri Ryaga Krishnaiah (2024-28) (2024-2028),MP_00451,Andhra Pradesh (RS),Andhra Pradesh,AP,Vijayawada,AP_VIJAYAWADA,Block-2,Locality-2,6010000.0,6010000.0,2022-09-15,2022-10-22,2023-06-10,,Ongoing,8.7,AGENCY_0054,15.951055,79.788622,FIN_PHYS_MISMATCH
PRJ000452,Bituminous Road Construction from Kurnool Block-3 to Panchayat HQ,ROAD_CONSTRUCTION,Shri Ryaga Krishnaiah (2024-28) (2024-2028),MP_00452,Andhra Pradesh (RS),Andhra Pradesh,AP,Kurnool,AP_KURNOOL,Block-3,Locality-3,6330000.0,6330000.0,2022-08-13,2022-05-25,2023-01-24,,Ongoing,3.6,AGENCY_0054,15.641978,79.70779,LOW_UTILIZATION
PRJ000453,Indoor Sports Hall at Guntur Block-4,SPORTS_FACILITY,Shri Ryaga Krishnaiah (2024-28) (2024-2028),MP_00453,Andhra Pradesh (RS),Andhra Pradesh,AP,Guntur,AP_GUNTUR,Block-4,Locality-4,4370000.0,4370000.0,2022-08-02,2022-08-18,2023-06-30,,Sanctioned,31.9,AGENCY_0056,15.522271,79.451657,NORMAL
PRJ000454,RCC Bridge Construction over Vijayawada Block-5 River,BRIDGE,Shri Ryaga Krishnaiah (2024-28) (2024-2028),MP_00454,Andhra Pradesh (RS),Andhra Pradesh,AP,Vijayawada,AP_VIJAYAWADA,Block-5,Locality-5,1000000.0,1000000.0,2023-10-18,2023-11-19,2024-06-28,,Ongoing,15.7,AGENCY_0054,15.671213,79.371545,FIN_PHYS_MISMATCH
PRJ000455,Concrete Village Connecting Road at Siliguri Block-1,ROAD_CONSTRUCTION,Shri Mohammed Nadimul Haque (2024-30) (2024-2030),MP_00455,West Bengal (RS),West Bengal,WB,Siliguri,WB_SILIGURI,Block-1,Locality-1,1830000.0,1830000.0,2022-08-08,2022-08-31,2023-04-22,,Ongoing,53.4,AGENCY_0016,23.089989,88.607278,DUPLICATE_PAYMENT
PRJ000456,Covered Concrete Drain Network at Siliguri Block-2,DRAINAGE,Shri Mohammed Nadimul Haque (2024-30) (2024-2030),MP_00456,West Bengal (RS),West Bengal,WB,Siliguri,WB_SILIGURI,Block-2,Locality-2,5850000.0,5850000.0,2023-11-19,2023-12-18,2024-07-19,,Ongoing,47.7,AGENCY_0015,22.74514,87.910956,NORMAL
PRJ000457,Multi-purpose Sports Ground Levelling at Darjeeling Block-3,SPORTS_FACILITY,Shri Mohammed Nadimul Haque (2024-30) (2024-2030),MP_00457,West Bengal (RS),West Bengal,WB,Darjeeling,WB_DARJEELING,Block-3,Locality-3,4090000.0,4090000.0,2023-09-09,2023-10-11,2024-07-03,,Ongoing,28.3,AGENCY_0014,23.033342,87.988535,VENDOR_COLLUSION
PRJ000458,Flood Control Channel at Howrah Block-4,DRAINAGE,Shri Mohammed Nadimul Haque (2024-30) (2024-2030),MP_00458,West Bengal (RS),West Bengal,WB,Howrah,WB_HOWRAH,Block-4,Locality-4,7080000.0,7080000.0,2022-08-16,2022-09-12,2022-07-30,,Ongoing,14.5,AGENCY_0014,23.73363,87.869132,PROJECT_DELAY
PRJ000459,Highway Toilet Block near Siliguri Block-1,PUBLIC_TOILET,BAG MITALI,MP_00459,ARAMBAG(SC),West Bengal,WB,Siliguri,WB_SILIGURI,Block-1,Locality-1,1010000.0,1010000.0,2022-04-07,2022-05-01,2023-02-06,,Ongoing,3.2,AGENCY_0016,22.251877,88.40202,LOW_UTILIZATION
PRJ000460,Solar High-Mast Street Lighting at Durgapur Block-2,SOLAR_ENERGY,BAG MITALI,MP_00460,ARAMBAG(SC),West Bengal,WB,Durgapur,WB_DURGAPUR,Block-2,Locality-2,2830000.0,2830000.0,2023-03-20,2023-04-29,2024-01-07,2024-01-07,Completed,100.0,AGENCY_0014,22.757116,88.171938,NORMAL
PRJ000461,Medical Equipment Procurement for Durgapur Block-3 PHC,HEALTHCARE,BAG MITALI,MP_00461,ARAMBAG(SC),West Bengal,WB,Durgapur,WB_DURGAPUR,Block-3,Locality-3,5730000.0,5730000.0,2023-08-04,2023-08-24,2024-06-17,2024-06-17,Completed,100.0,AGENCY_0014,22.962817,87.997744,NORMAL
PRJ000462,Public Sanitation Complex at Darjeeling Block-4 Bus Stand,PUBLIC_TOILET,BAG MITALI,MP_00462,ARAMBAG(SC),West Bengal,WB,Darjeeling,WB_DARJEELING,Block-4,Locality-4,1840000.0,1840000.0,2022-04-04,2022-04-26,2023-01-19,,Ongoing,49.6,AGENCY_0014,23.161825,87.991346,VENDOR_COLLUSION
PRJ000463,Solid Waste Processing Plant at Jabalpur Block-1,SANITATION,Mahendra Singh Solanky,MP_00463,DEWAS(SC),Madhya Pradesh,MP,Jabalpur,MP_JABALPUR,Block-1,Locality-1,2320000.0,2320000.0,2023-04-17,2023-05-05,2023-11-26,,Ongoing,54.6,AGENCY_0049,22.821778,78.541106,DUPLICATE_PAYMENT
PRJ000464,Concrete Village Connecting Road at Indore Block-2,ROAD_CONSTRUCTION,Mahendra Singh Solanky,MP_00464,DEWAS(SC),Madhya Pradesh,MP,Indore,MP_INDORE,Block-2,Locality-2,3980000.0,3980000.0,2023-04-04,2023-05-02,2024-04-09,,Sanctioned,26.4,AGENCY_0050,22.52281,78.839801,NORMAL
PRJ000465,Medical Equipment Procurement for Ujjain Block-3 PHC,HEALTHCARE,Mahendra Singh Solanky,MP_00465,DEWAS(SC),Madhya Pradesh,MP,Ujjain,MP_UJJAIN,Block-3,Locality-3,2220000.0,2220000.0,2022-12-02,2023-01-16,2022-06-15,,Ongoing,15.4,AGENCY_0051,22.663405,78.600311,PROJECT_DELAY
PRJ000466,Indoor Sports Hall at Bhopal Block-4,SPORTS_FACILITY,Mahendra Singh Solanky,MP_00466,DEWAS(SC),Madhya Pradesh,MP,Bhopal,MP_BHOPAL,Block-4,Locality-4,5640000.0,5640000.0,2022-05-13,2022-06-07,2023-03-04,2023-03-04,Completed,100.0,AGENCY_0052,22.240378,79.38597,NORMAL
PRJ000467,Village Bus Stand & Commuter Amenities at Jabalpur Block-5,BUS_SHELTER,Mahendra Singh Solanky,MP_00467,DEWAS(SC),Madhya Pradesh,MP,Jabalpur,MP_JABALPUR,Block-5,Locality-5,5650000.0,5650000.0,2023-05-28,2023-07-12,2024-02-25,,Ongoing,34.8,AGENCY_0052,23.118553,79.204153,DUPLICATE_PAYMENT
PRJ000468,Passenger Bus Waiting Shelter at Gandhinagar Block-1,BUS_SHELTER,Shri S. Jaishankar (2023-29) (2023-2029),MP_00468,Gujarat (RS),Gujarat,GJ,Gandhinagar,GJ_GANDHINAGAR,Block-1,Locality-1,7590000.0,7590000.0,2022-06-02,2022-06-18,2022-12-18,,Ongoing,23.8,AGENCY_0025,22.548652,70.842784,DOCUMENT_MISMATCH
PRJ000469,School Boundary Wall & Sanitation Block at Rajkot Block-2,SCHOOL_INFRASTRUCTURE,Shri S. Jaishankar (2023-29) (2023-2029),MP_00469,Gujarat (RS),Gujarat,GJ,Rajkot,GJ_RAJKOT,Block-2,Locality-2,1930000.0,1930000.0,2023-11-13,2023-12-26,2024-08-30,,Ongoing,5.4,AGENCY_0026,22.635914,70.482743,FIN_PHYS_MISMATCH
PRJ000470,Children Playground Equipment at Rajkot Block-3 Park,SPORTS_FACILITY,Shri S. Jaishankar (2023-29) (2023-2029),MP_00470,Gujarat (RS),Gujarat,GJ,Rajkot,GJ_RAJKOT,Block-3,Locality-3,1360000.0,1360000.0,2022-07-26,2022-08-22,2023-04-17,,Ongoing,13.8,AGENCY_0026,22.166795,71.542939,FIN_PHYS_MISMATCH
PRJ000471,Bridge Deck Repair & Railing at Vadodara Block-4,ROAD_REPAIR,Shri S. Jaishankar (2023-29) (2023-2029),MP_00471,Gujarat (RS),Gujarat,GJ,Vadodara,GJ_VADODARA,Block-4,Locality-4,1360000.0,1360000.0,2022-08-16,2022-09-20,2023-04-03,,Ongoing,61.5,AGENCY_0026,21.918755,70.393353,COST_OVERRUN
PRJ000472,Rooftop Solar Panel Installation at Bhavnagar Block-5 Government Building,SOLAR_ENERGY,Shri S. Jaishankar (2023-29) (2023-2029),MP_00472,Gujarat (RS),Gujarat,GJ,Bhavnagar,GJ_BHAVNAGAR,Block-5,Locality-5,3840000.0,3840000.0,2022-05-17,2022-06-19,2022-07-19,,Ongoing,29.8,AGENCY_0027,23.046767,71.042264,PROJECT_DELAY
PRJ000473,Community Toilet Complex at Lucknow Block-1 Market Area,SANITATION,RAM PRASAD CHAUDHARY,MP_00473,BASTI,Uttar Pradesh,UP,Lucknow,UP_LUCKNOW,Block-1,Locality-1,5440000.0,5440000.0,2023-04-16,2023-05-27,2024-01-28,,Ongoing,24.6,AGENCY_0010,26.484673,80.261382,NORMAL
PRJ000474,School Boundary Wall & Sanitation Block at Agra Block-2,SCHOOL_INFRASTRUCTURE,RAM PRASAD CHAUDHARY,MP_00474,BASTI,Uttar Pradesh,UP,Agra,UP_AGRA,Block-2,Locality-2,3700000.0,3700000.0,2022-12-02,2022-12-17,2023-09-25,,Sanctioned,21.3,AGENCY_0009,27.472528,80.737952,NORMAL
PRJ000475,Borewell Drilling & Submersible Pump Supply at Jabalpur Block-1,WATER_SUPPLY,BUNTY VIVEK SAHU,MP_00475,CHHINDWARA,Madhya Pradesh,MP,Jabalpur,MP_JABALPUR,Block-1,Locality-1,2240000.0,2240000.0,2022-07-12,2022-08-18,2023-02-20,,Ongoing,7.2,AGENCY_0050,23.43008,78.308942,FIN_PHYS_MISMATCH
PRJ000476,Panchayat Bhawan Construction at Sagar Block-2,COMMUNITY_HALL,BUNTY VIVEK SAHU,MP_00476,CHHINDWARA,Madhya Pradesh,MP,Sagar,MP_SAGAR,Block-2,Locality-2,4650000.0,4650000.0,2023-02-07,2023-03-03,2023-09-01,,Ongoing,12.0,AGENCY_0050,23.771117,77.961139,FIN_PHYS_MISMATCH
PRJ000477,RCC Bridge Construction over Sagar Block-3 River,BRIDGE,BUNTY VIVEK SAHU,MP_00477,CHHINDWARA,Madhya Pradesh,MP,Sagar,MP_SAGAR,Block-3,Locality-3,1870000.0,1870000.0,2023-01-31,2023-03-01,2023-10-09,,Ongoing,21.2,AGENCY_0050,23.197545,78.88061,DOCUMENT_MISMATCH
PRJ000478,Panchayat Bhawan Construction at Gwalior Block-4,COMMUNITY_HALL,BUNTY VIVEK SAHU,MP_00478,CHHINDWARA,Madhya Pradesh,MP,Gwalior,MP_GWALIOR,Block-4,Locality-4,5570000.0,5570000.0,2023-01-25,2023-02-24,2022-07-06,,Ongoing,18.7,AGENCY_0052,22.730157,78.062575,PROJECT_DELAY
PRJ000479,Village Auditorium & Public Address System at Jabalpur Block-5,COMMUNITY_HALL,BUNTY VIVEK SAHU,MP_00479,CHHINDWARA,Madhya Pradesh,MP,Jabalpur,MP_JABALPUR,Block-5,Locality-5,1920000.0,1920000.0,2023-09-02,2023-10-11,2024-07-14,2024-07-14,Completed,100.0,AGENCY_0049,23.417284,78.115089,NORMAL
PRJ000480,Village Auditorium & Public Address System at Varanasi Block-1,COMMUNITY_HALL,IMRAN MASOOD,MP_00480,SAHARANPUR,Uttar Pradesh,UP,Varanasi,UP_VARANASI,Block-1,Locality-1,6840000.0,6840000.0,2022-12-04,2022-12-27,2023-07-08,,Ongoing,37.7,AGENCY_0010,26.656669,81.1537,COST_OVERRUN
PRJ000481,Solid Waste Processing Plant at Agra Block-2,SANITATION,IMRAN MASOOD,MP_00481,SAHARANPUR,Uttar Pradesh,UP,Agra,UP_AGRA,Block-2,Locality-2,1710000.0,1710000.0,2022-09-16,2022-10-15,2023-05-26,,Sanctioned,67.8,AGENCY_0010,26.863657,81.219625,NORMAL
PRJ000482,Covered Concrete Drain Network at Kolkata Block-1,DRAINAGE,Saumitra khan,MP_00482,BISHNUPUR(SC),West Bengal,WB,Kolkata,WB_KOLKATA,Block-1,Locality-1,6930000.0,6930000.0,2022-08-19,2022-09-21,2023-05-12,,Ongoing,10.3,AGENCY_0014,22.581039,87.768795,FIN_PHYS_MISMATCH
PRJ000483,Public Sanitation Complex at Asansol Block-2 Bus Stand,PUBLIC_TOILET,Saumitra khan,MP_00483,BISHNUPUR(SC),West Bengal,WB,Asansol,WB_ASANSOL,Block-2,Locality-2,6880000.0,6880000.0,2022-11-20,2022-12-21,2023-11-20,,Sanctioned,62.7,AGENCY_0015,22.951993,87.512303,NORMAL
PRJ000484,Panchayat Bhawan Construction at Rajkot Block-1,COMMUNITY_HALL,DR. HEMANG JOSHI,MP_00484,VADODARA,Gujarat,GJ,Rajkot,GJ_RAJKOT,Block-1,Locality-1,3710000.0,3710000.0,2023-07-05,2023-07-22,2022-07-01,,Ongoing,14.5,AGENCY_0026,21.89091,71.532871,PROJECT_DELAY
PRJ000485,Modern Steel Bus Canopy at Rajkot Block-2 Junction,BUS_SHELTER,DR. HEMANG JOSHI,MP_00485,VADODARA,Gujarat,GJ,Rajkot,GJ_RAJKOT,Block-2,Locality-2,7740000.0,7740000.0,2023-10-22,2023-11-07,2024-07-06,,Ongoing,6.0,AGENCY_0026,22.502046,70.709479,FIN_PHYS_MISMATCH
PRJ000486,Village Auditorium & Public Address System at Gandhinagar Block-3,COMMUNITY_HALL,DR. HEMANG JOSHI,MP_00486,VADODARA,Gujarat,GJ,Gandhinagar,GJ_GANDHINAGAR,Block-3,Locality-3,1170000.0,1170000.0,2022-12-17,2023-01-31,2023-11-15,,Ongoing,52.6,AGENCY_0026,21.912752,71.290532,COST_OVERRUN
PRJ000487,Village Bus Stand & Commuter Amenities at Agra Block-1,BUS_SHELTER,Smt. Geeta alias Chandraprabha (2020-26) (2020-2026),MP_00487,Uttar Pradesh (RS),Uttar Pradesh,UP,Agra,UP_AGRA,Block-1,Locality-1,650000.0,650000.0,2023-05-12,2023-05-27,2024-02-23,,Ongoing,45.4,AGENCY_0010,26.253408,80.156992,COST_OVERRUN
PRJ000488,Medical Equipment Procurement for Lucknow Block-2 PHC,HEALTHCARE,Smt. Geeta alias Chandraprabha (2020-26) (2020-2026),MP_00488,Uttar Pradesh (RS),Uttar Pradesh,UP,Lucknow,UP_LUCKNOW,Block-2,Locality-2,1140000.0,1140000.0,2022-10-08,2022-10-23,2023-06-22,,Ongoing,10.2,AGENCY_0010,27.350263,80.501456,FIN_PHYS_MISMATCH
PRJ000489,Bridge Deck Repair & Railing at Aurangabad Block-1,ROAD_REPAIR,Ajay Kumar Mandal,MP_00489,BHAGALPUR,Bihar,BR,Aurangabad,BR_AURANGABAD,Block-1,Locality-1,1610000.0,1610000.0,2023-06-25,2023-07-25,2024-07-11,,Ongoing,37.3,AGENCY_0019,24.90942,85.175977,DOCUMENT_MISMATCH
PRJ000490,Road Widening & Strengthening at Aurangabad Block-2,ROAD_REPAIR,Ajay Kumar Mandal,MP_00490,BHAGALPUR,Bihar,BR,Aurangabad,BR_AURANGABAD,Block-2,Locality-2,2240000.0,2240000.0,2022-08-01,2022-08-26,2023-03-21,,Ongoing,35.4,AGENCY_0018,24.614222,85.915723,COST_OVERRUN
PRJ000491,Children Playground Equipment at Aurangabad Block-3 Park,SPORTS_FACILITY,Ajay Kumar Mandal,MP_00491,BHAGALPUR,Bihar,BR,Aurangabad,BR_AURANGABAD,Block-3,Locality-3,6900000.0,6900000.0,2023-10-12,2023-11-18,2024-07-23,,Ongoing,36.0,AGENCY_0018,25.540679,85.127882,COST_OVERRUN
PRJ000492,Inter-village Link Road Construction at Darbhanga Block-4,ROAD_CONSTRUCTION,Ajay Kumar Mandal,MP_00492,BHAGALPUR,Bihar,BR,Darbhanga,BR_DARBHANGA,Block-4,Locality-4,6370000.0,6370000.0,2022-12-17,2023-01-03,2023-10-09,,Ongoing,67.0,AGENCY_0018,24.485989,85.462108,COST_OVERRUN
PRJ000493,Indoor Sports Hall at Khowai Block-1,SPORTS_FACILITY,BIPLAB KUMAR DEB,MP_00493,TRIPURA WEST,Tripura,TR,Khowai,TR_KHOWAI,Block-1,Locality-1,7360000.0,7360000.0,2022-08-04,2022-09-05,2023-09-27,,Ongoing,46.0,AGENCY_0110,24.109316,92.462556,VENDOR_COLLUSION
PRJ000494,Multipurpose Community Hall at Agartala Block-2,COMMUNITY_HALL,BIPLAB KUMAR DEB,MP_00494,TRIPURA WEST,Tripura,TR,Agartala,TR_AGARTALA,Block-2,Locality-2,3220000.0,3220000.0,2022-06-11,2022-07-08,2023-01-08,,Ongoing,55.2,AGENCY_0109,24.676409,92.175369,DUPLICATE_PAYMENT
PRJ000495,Indoor Sports Hall at Udaipur Block-3,SPORTS_FACILITY,BIPLAB KUMAR DEB,MP_00495,TRIPURA WEST,Tripura,TR,Udaipur,TR_UDAIPUR,Block-3,Locality-3,5090000.0,5090000.0,2023-04-23,2023-06-02,2024-01-15,,Ongoing,37.2,AGENCY_0112,24.086474,91.371412,DUPLICATE_PAYMENT
PRJ000496,Village Bus Stand & Commuter Amenities at Agartala Block-4,BUS_SHELTER,BIPLAB KUMAR DEB,MP_00496,TRIPURA WEST,Tripura,TR,Agartala,TR_AGARTALA,Block-4,Locality-4,2430000.0,2430000.0,2023-08-23,2023-09-09,2024-05-05,2024-05-05,Completed,100.0,AGENCY_0112,24.699403,92.156257,NORMAL
PRJ000497,RCC Underground Sewage Network at Mumbai Block-1,SANITATION,AASHTIKAR PATIL NAGESH BAPURAO,MP_00497,HINGOLI,Maharashtra,MH,Mumbai,MH_MUMBAI,Block-1,Locality-1,1860000.0,1860000.0,2023-08-10,2023-09-20,2024-07-05,,Sanctioned,44.6,AGENCY_0001,19.954142,75.071938,NORMAL
PRJ000498,Inter-village Link Road Construction at Thane Block-2,ROAD_CONSTRUCTION,AASHTIKAR PATIL NAGESH BAPURAO,MP_00498,HINGOLI,Maharashtra,MH,Thane,MH_THANE,Block-2,Locality-2,1370000.0,1370000.0,2023-03-10,2023-04-09,2023-12-11,,Ongoing,64.7,AGENCY_0002,19.916954,76.447806,COST_OVERRUN
PRJ000499,Road Widening & Strengthening at Aurangabad Block-3,ROAD_REPAIR,AASHTIKAR PATIL NAGESH BAPURAO,MP_00499,HINGOLI,Maharashtra,MH,Aurangabad,MH_AURANGABAD,Block-3,Locality-3,3950000.0,3950000.0,2022-10-12,2022-11-06,2023-07-30,2023-07-30,Completed,100.0,AGENCY_0001,20.418293,75.336416,NORMAL
PRJ000500,RCC Underground Sewage Network at Nashik Block-4,SANITATION,AASHTIKAR PATIL NAGESH BAPURAO,MP_00500,HINGOLI,Maharashtra,MH,Nashik,MH_NASHIK,Block-4,Locality-4,580000.0,580000.0,2023-02-03,2023-03-17,2023-12-19,,Ongoing,41.2,AGENCY_0004,19.278466,75.634915,DUPLICATE_PAYMENT
PRJ000501,Box Culvert Bridge at Kochi Block-1 Nala,BRIDGE,Shri M K Raghavan,MP_00501,KOZHIKODE,Kerala,KL,Kochi,KL_KOCHI,Block-1,Locality-1,2720000.0,2720000.0,2023-10-29,2023-11-22,2024-06-11,,Ongoing,41.8,AGENCY_0035,8.5729,77.024819,DOCUMENT_MISMATCH
PRJ000502,Multipurpose Community Hall at Kollam Block-2,COMMUNITY_HALL,Shri M K Raghavan,MP_00502,KOZHIKODE,Kerala,KL,Kollam,KL_KOLLAM,Block-2,Locality-2,2100000.0,2100000.0,2023-07-12,2023-08-16,2024-05-13,2024-05-13,Completed,100.0,AGENCY_0034,8.379339,77.593689,NORMAL
PRJ000503,Inter-village Link Road Construction at Alappuzha Block-3,ROAD_CONSTRUCTION,Shri M K Raghavan,MP_00503,KOZHIKODE,Kerala,KL,Alappuzha,KL_ALAPPUZHA,Block-3,Locality-3,3120000.0,3120000.0,2022-12-10,2023-01-21,2023-09-11,2023-09-11,Completed,100.0,AGENCY_0034,8.821358,76.77911,NORMAL
PRJ000504,Covered Concrete Drain Network at Kozhikode Block-1,DRAINAGE,Shri Abdul Wahab (2021-27) (2021-2027),MP_00504,Kerala (RS),Kerala,KL,Kozhikode,KL_KOZHIKODE,Block-1,Locality-1,4030000.0,4030000.0,2022-12-13,2023-01-17,2022-09-26,,Ongoing,30.3,AGENCY_0035,8.203425,77.634631,PROJECT_DELAY
PRJ000505,Maternity Ward Upgradation at Thrissur Block-2 District Hospital,HEALTHCARE,Shri Abdul Wahab (2021-27) (2021-2027),MP_00505,Kerala (RS),Kerala,KL,Thrissur,KL_THRISSUR,Block-2,Locality-2,6720000.0,6720000.0,2022-05-04,2022-06-23,2023-03-11,,Ongoing,1.7,AGENCY_0035,7.847102,76.88297,LOW_UTILIZATION
PRJ000506,Installation of RO Drinking Water Plant at Thiruvananthapuram Block-3,WATER_SUPPLY,Shri Abdul Wahab (2021-27) (2021-2027),MP_00506,Kerala (RS),Kerala,KL,Thiruvananthapuram,KL_THIRUVANANTHAPURAM,Block-3,Locality-3,1730000.0,1730000.0,2022-10-19,2022-11-09,2023-09-13,,Ongoing,59.6,AGENCY_0035,9.273027,76.629899,NORMAL
PRJ000507,Bridge Deck Repair & Railing at Kollam Block-4,ROAD_REPAIR,Shri Abdul Wahab (2021-27) (2021-2027),MP_00507,Kerala (RS),Kerala,KL,Kollam,KL_KOLLAM,Block-4,Locality-4,2410000.0,2410000.0,2023-03-31,2023-05-07,2022-07-06,,Ongoing,38.5,AGENCY_0036,8.910919,76.346163,PROJECT_DELAY
PRJ000508,Highway Toilet Block near Aurangabad Block-1,PUBLIC_TOILET,Dr. Bhim Singh (2024-30) (2024-2030),MP_00508,Bihar (RS),Bihar,BR,Aurangabad,BR_AURANGABAD,Block-1,Locality-1,1500000.0,1500000.0,2023-07-08,2023-08-02,2024-03-18,,Ongoing,6.2,AGENCY_0018,25.788744,85.906923,FIN_PHYS_MISMATCH
PRJ000509,Solid Waste Processing Plant at Bhagalpur Block-2,SANITATION,Dr. Bhim Singh (2024-30) (2024-2030),MP_00509,Bihar (RS),Bihar,BR,Bhagalpur,BR_BHAGALPUR,Block-2,Locality-2,6660000.0,6660000.0,2022-07-22,2022-08-07,2023-03-23,,Ongoing,75.6,AGENCY_0017,24.74572,84.757782,NORMAL
PRJ000510,Panchayat Bhawan Construction at Aurangabad Block-3,COMMUNITY_HALL,Dr. Bhim Singh (2024-30) (2024-2030),MP_00510,Bihar (RS),Bihar,BR,Aurangabad,BR_AURANGABAD,Block-3,Locality-3,1580000.0,1580000.0,2022-04-09,2022-05-09,2023-05-02,,Sanctioned,33.3,AGENCY_0018,25.780056,86.072294,NORMAL
PRJ000511,Bridge Deck Repair & Railing at Durg Block-1,ROAD_REPAIR,BHOJRAJ NAG,MP_00511,KANKER(ST),Chhattisgarh,CG,Durg,CG_DURG,Block-1,Locality-1,3280000.0,3280000.0,2023-05-17,2023-06-02,2023-11-29,2023-11-29,Completed,100.0,AGENCY_0077,21.920558,81.292515,NORMAL
PRJ000512,Community Toilet Complex at Bhilai Block-2 Market Area,SANITATION,BHOJRAJ NAG,MP_00512,KANKER(ST),Chhattisgarh,CG,Bhilai,CG_BHILAI,Block-2,Locality-2,2690000.0,2690000.0,2022-06-12,2022-07-23,2023-06-28,2023-06-28,Completed,100.0,AGENCY_0080,21.103895,82.053062,NORMAL
PRJ000513,RCC Underground Sewage Network at Kolkata Block-1,SANITATION,JAGADISH CHANDRA BARMA BASUNIA,MP_00513,COOCHBEHAR(SC),West Bengal,WB,Kolkata,WB_KOLKATA,Block-1,Locality-1,5280000.0,5280000.0,2022-07-24,2022-09-02,2023-08-23,,Ongoing,70.4,AGENCY_0016,23.111925,87.922473,NORMAL
PRJ000514,Covered Concrete Drain Network at Asansol Block-2,DRAINAGE,JAGADISH CHANDRA BARMA BASUNIA,MP_00514,COOCHBEHAR(SC),West Bengal,WB,Asansol,WB_ASANSOL,Block-2,Locality-2,7840000.0,7840000.0,2023-05-17,2023-06-27,2024-02-15,,Sanctioned,66.4,AGENCY_0014,23.085968,87.755516,NORMAL
PRJ000515,Construction of Additional Classrooms at Ramagundam Block-1 Government School,SCHOOL_INFRASTRUCTURE,KONDA VISHWESHWAR REDDY,MP_00515,CHELVELLA,Telangana,TS,Ramagundam,TS_RAMAGUNDAM,Block-1,Locality-1,1820000.0,1820000.0,2022-05-30,2022-06-22,2022-07-28,,Ongoing,11.3,AGENCY_0059,17.866325,78.545134,PROJECT_DELAY
PRJ000516,Covered Concrete Drain Network at Khammam Block-2,DRAINAGE,KONDA VISHWESHWAR REDDY,MP_00516,CHELVELLA,Telangana,TS,Khammam,TS_KHAMMAM,Block-2,Locality-2,6280000.0,6280000.0,2023-04-25,2023-05-19,2024-01-31,,Ongoing,63.3,AGENCY_0058,18.553083,78.547524,NORMAL
PRJ000517,Modern Steel Bus Canopy at Khammam Block-3 Junction,BUS_SHELTER,KONDA VISHWESHWAR REDDY,MP_00517,CHELVELLA,Telangana,TS,Khammam,TS_KHAMMAM,Block-3,Locality-3,5730000.0,5730000.0,2022-08-06,2022-09-03,2023-08-22,2023-08-22,Completed,100.0,AGENCY_0058,18.226011,79.213865,NORMAL
PRJ000518,Indoor Sports Hall at Jabalpur Block-1,SPORTS_FACILITY,DARSHAN SINGH CHOUDHARY,MP_00518,HOSHANGABAD,Madhya Pradesh,MP,Jabalpur,MP_JABALPUR,Block-1,Locality-1,7540000.0,7540000.0,2023-05-15,2023-06-18,2024-03-23,,Ongoing,56.8,AGENCY_0052,23.621035,79.122178,DOCUMENT_MISMATCH
PRJ000519,RCC Underground Sewage Network at Gwalior Block-2,SANITATION,DARSHAN SINGH CHOUDHARY,MP_00519,HOSHANGABAD,Madhya Pradesh,MP,Gwalior,MP_GWALIOR,Block-2,Locality-2,1720000.0,1720000.0,2023-11-04,2023-12-13,2024-10-18,,Sanctioned,26.1,AGENCY_0049,22.555434,78.152945,NORMAL
PRJ000520,Road Widening & Strengthening at Gwalior Block-3,ROAD_REPAIR,DARSHAN SINGH CHOUDHARY,MP_00520,HOSHANGABAD,Madhya Pradesh,MP,Gwalior,MP_GWALIOR,Block-3,Locality-3,3250000.0,3250000.0,2022-07-20,2022-08-10,2023-03-26,,Ongoing,52.1,AGENCY_0049,22.196359,78.450326,DUPLICATE_PAYMENT
PRJ000521,Construction of Additional Classrooms at Ujjain Block-4 Government School,SCHOOL_INFRASTRUCTURE,DARSHAN SINGH CHOUDHARY,MP_00521,HOSHANGABAD,Madhya Pradesh,MP,Ujjain,MP_UJJAIN,Block-4,Locality-4,6180000.0,6180000.0,2023-05-05,2023-06-16,2024-05-12,,Ongoing,45.2,AGENCY_0050,22.983671,78.729113,VENDOR_COLLUSION
PRJ000522,Storm Water Drain Construction at Muzaffarpur Block-1,DRAINAGE,ARUN BHARTI,MP_00522,JAMUI(SC),Bihar,BR,Muzaffarpur,BR_MUZAFFARPUR,Block-1,Locality-1,3900000.0,3900000.0,2023-06-30,2023-08-11,2024-06-10,,Sanctioned,29.4,AGENCY_0020,24.903256,85.592874,NORMAL
PRJ000523,RCC Underground Sewage Network at Aurangabad Block-2,SANITATION,ARUN BHARTI,MP_00523,JAMUI(SC),Bihar,BR,Aurangabad,BR_AURANGABAD,Block-2,Locality-2,2740000.0,2740000.0,2022-11-27,2022-12-16,2023-10-10,,Sanctioned,45.9,AGENCY_0020,24.585935,84.802783,NORMAL
PRJ000524,Road Widening & Strengthening at Nashik Block-1,ROAD_REPAIR,Shri Dhananjay Bhimrao Mahadik (2022-28) (2022-2028),MP_00524,Maharashtra (RS),Maharashtra,MH,Nashik,MH_NASHIK,Block-1,Locality-1,3200000.0,3200000.0,2022-08-25,2022-09-13,2023-08-10,,Ongoing,27.7,AGENCY_0002,19.659694,75.565613,VENDOR_COLLUSION
PRJ000525,Bituminous Road Construction from Aurangabad Block-2 to Panchayat HQ,ROAD_CONSTRUCTION,Shri Dhananjay Bhimrao Mahadik (2022-28) (2022-2028),MP_00525,Maharashtra (RS),Maharashtra,MH,Aurangabad,MH_AURANGABAD,Block-2,Locality-2,1110000.0,1110000.0,2023-01-17,2023-02-11,2023-09-21,,Ongoing,54.7,AGENCY_0002,19.629984,75.316405,NORMAL
PRJ000526,Box Culvert Bridge at Aurangabad Block-3 Nala,BRIDGE,Shri Dhananjay Bhimrao Mahadik (2022-28) (2022-2028),MP_00526,Maharashtra (RS),Maharashtra,MH,Aurangabad,MH_AURANGABAD,Block-3,Locality-3,7460000.0,7460000.0,2022-11-28,2022-06-22,2022-12-28,,Ongoing,4.3,AGENCY_0001,19.239812,75.622888,LOW_UTILIZATION
PRJ000527,Bituminous Road Construction from Nagpur Block-4 to Panchayat HQ,ROAD_CONSTRUCTION,Shri Dhananjay Bhimrao Mahadik (2022-28) (2022-2028),MP_00527,Maharashtra (RS),Maharashtra,MH,Nagpur,MH_NAGPUR,Block-4,Locality-4,1630000.0,1630000.0,2022-08-08,2022-04-19,2022-10-22,,Ongoing,2.5,AGENCY_0004,20.142267,76.190863,LOW_UTILIZATION
PRJ000528,Market Public Toilet Unit at Thane Block-1,PUBLIC_TOILET,Hon'ble MP,MP_00528,Maharashtra,Maharashtra,MH,Thane,MH_THANE,Block-1,Locality-1,7690000.0,7690000.0,2022-12-28,2023-01-22,2022-06-05,,Ongoing,30.9,AGENCY_0004,19.634578,75.615314,PROJECT_DELAY
PRJ000529,Installation of RO Drinking Water Plant at Mumbai Block-2,WATER_SUPPLY,Hon'ble MP,MP_00529,Maharashtra,Maharashtra,MH,Mumbai,MH_MUMBAI,Block-2,Locality-2,6210000.0,6210000.0,2022-09-23,2022-11-04,2023-05-19,,Ongoing,79.3,AGENCY_0002,20.049455,76.210443,NORMAL
PRJ000530,Multi-purpose Sports Ground Levelling at Pune Block-3,SPORTS_FACILITY,Hon'ble MP,MP_00530,Maharashtra,Maharashtra,MH,Pune,MH_PUNE,Block-3,Locality-3,4220000.0,4220000.0,2022-10-12,2022-11-14,2022-08-06,,Ongoing,20.8,AGENCY_0004,19.403067,76.133847,PROJECT_DELAY
PRJ000531,Concrete Village Connecting Road at Coimbatore Block-1,ROAD_CONSTRUCTION,Shri Tiruchi Siva (2026-32) (2026-2032),MP_00531,Tamil Nadu (RS),Tamil Nadu,TN,Coimbatore,TN_COIMBATORE,Block-1,Locality-1,7470000.0,7470000.0,2023-01-18,2023-02-07,2022-06-13,,Ongoing,28.4,AGENCY_0005,11.846146,77.892426,PROJECT_DELAY
PRJ000532,Ambulance Purchase for Tiruchirappalli Block-2 Health Centre,HEALTHCARE,Shri Tiruchi Siva (2026-32) (2026-2032),MP_00532,Tamil Nadu (RS),Tamil Nadu,TN,Tiruchirappalli,TN_TIRUCHIRAPPALLI,Block-2,Locality-2,2280000.0,2280000.0,2022-10-19,2022-11-17,2023-10-23,,Ongoing,47.6,AGENCY_0008,11.564979,78.459765,NORMAL
PRJ000533,Passenger Bus Waiting Shelter at Tiruchirappalli Block-3,BUS_SHELTER,Shri Tiruchi Siva (2026-32) (2026-2032),MP_00533,Tamil Nadu (RS),Tamil Nadu,TN,Tiruchirappalli,TN_TIRUCHIRAPPALLI,Block-3,Locality-3,3590000.0,3590000.0,2023-01-08,2023-02-09,2023-11-18,2023-11-18,Completed,100.0,AGENCY_0008,11.747358,78.431791,NORMAL
PRJ000534,Covered Concrete Drain Network at Nagpur Block-1,DRAINAGE,DR. PRASHANT YADAORAO PADOLE,MP_00534,BHANDARA-GONDIYA,Maharashtra,MH,Nagpur,MH_NAGPUR,Block-1,Locality-1,1390000.0,1390000.0,2023-03-31,2023-05-11,2023-12-28,,Ongoing,10.5,AGENCY_0002,19.832057,74.972661,FIN_PHYS_MISMATCH
PRJ000535,RCC Underground Sewage Network at Pune Block-2,SANITATION,DR. PRASHANT YADAORAO PADOLE,MP_00535,BHANDARA-GONDIYA,Maharashtra,MH,Pune,MH_PUNE,Block-2,Locality-2,4900000.0,4900000.0,2023-06-30,2023-08-11,2024-05-03,,Sanctioned,39.5,AGENCY_0001,19.359259,76.225224,NORMAL
PRJ000536,Borewell Drilling & Submersible Pump Supply at Siliguri Block-1,WATER_SUPPLY,ADHIKARI SOUMENDU,MP_00536,KANTHI,West Bengal,WB,Siliguri,WB_SILIGURI,Block-1,Locality-1,4470000.0,4470000.0,2023-01-08,2022-06-10,2023-03-30,,Ongoing,3.1,AGENCY_0016,23.437257,88.262739,LOW_UTILIZATION
PRJ000537,Flood Control Channel at Siliguri Block-2,DRAINAGE,ADHIKARI SOUMENDU,MP_00537,KANTHI,West Bengal,WB,Siliguri,WB_SILIGURI,Block-2,Locality-2,4570000.0,4570000.0,2023-02-20,2022-06-03,2022-12-28,,Ongoing,4.5,AGENCY_0014,23.530477,87.132112,LOW_UTILIZATION
PRJ000538,Ambulance Purchase for Darjeeling Block-3 Health Centre,HEALTHCARE,ADHIKARI SOUMENDU,MP_00538,KANTHI,West Bengal,WB,Darjeeling,WB_DARJEELING,Block-3,Locality-3,7620000.0,7620000.0,2023-07-02,2023-07-24,2024-02-02,,Ongoing,50.6,AGENCY_0014,22.857011,88.478663,COST_OVERRUN
PRJ000539,Bituminous Road Construction from Aurangabad Block-1 to Panchayat HQ,ROAD_CONSTRUCTION,Omprakash Bhupalsinh Alias Pawan Rajenimbalkar,MP_00539,OSMANABAD,Maharashtra,MH,Aurangabad,MH_AURANGABAD,Block-1,Locality-1,5350000.0,5350000.0,2023-04-14,2023-05-05,2024-02-06,,Ongoing,14.3,AGENCY_0002,19.713112,75.404225,FIN_PHYS_MISMATCH
PRJ000540,Footbridge for Villagers at Nagpur Block-2,BRIDGE,Omprakash Bhupalsinh Alias Pawan Rajenimbalkar,MP_00540,OSMANABAD,Maharashtra,MH,Nagpur,MH_NAGPUR,Block-2,Locality-2,6010000.0,6010000.0,2022-07-01,2022-07-26,2023-04-22,,Ongoing,30.3,AGENCY_0002,18.980006,75.983247,VENDOR_COLLUSION
PRJ000541,Village Auditorium & Public Address System at Mumbai Block-3,COMMUNITY_HALL,Omprakash Bhupalsinh Alias Pawan Rajenimbalkar,MP_00541,OSMANABAD,Maharashtra,MH,Mumbai,MH_MUMBAI,Block-3,Locality-3,6940000.0,6940000.0,2023-02-24,2023-04-05,2023-11-13,,Ongoing,73.8,AGENCY_0004,19.139466,75.656811,NORMAL
PRJ000542,Digital Smart Classroom & IT Lab Setup at Nagpur Block-4,SCHOOL_INFRASTRUCTURE,Omprakash Bhupalsinh Alias Pawan Rajenimbalkar,MP_00542,OSMANABAD,Maharashtra,MH,Nagpur,MH_NAGPUR,Block-4,Locality-4,5750000.0,5750000.0,2022-11-23,2023-01-03,2023-11-05,,Ongoing,23.2,AGENCY_0003,19.84549,75.738931,NORMAL
PRJ000543,Solar Micro-Grid for Nagpur Block-5 Village Power Supply,SOLAR_ENERGY,Omprakash Bhupalsinh Alias Pawan Rajenimbalkar,MP_00543,OSMANABAD,Maharashtra,MH,Nagpur,MH_NAGPUR,Block-5,Locality-5,2450000.0,2450000.0,2023-04-15,2023-05-20,2024-02-14,,Sanctioned,68.8,AGENCY_0002,19.305224,75.076841,NORMAL
PRJ000544,Multipurpose Community Hall at Aurangabad Block-1,COMMUNITY_HALL,Shri Akhilesh Prasad Singh (2024-30) (2024-2030),MP_00544,Bihar (RS),Bihar,BR,Aurangabad,BR_AURANGABAD,Block-1,Locality-1,3390000.0,3390000.0,2023-07-02,2023-08-16,2024-07-17,,Ongoing,58.9,AGENCY_0017,24.62207,85.554794,NORMAL
PRJ000545,Covered Concrete Drain Network at Aurangabad Block-2,DRAINAGE,Shri Akhilesh Prasad Singh (2024-30) (2024-2030),MP_00545,Bihar (RS),Bihar,BR,Aurangabad,BR_AURANGABAD,Block-2,Locality-2,3770000.0,3770000.0,2022-08-08,2022-09-19,2023-04-07,,Sanctioned,64.2,AGENCY_0020,25.494442,85.591001,NORMAL
PRJ000546,Construction of Additional Classrooms at Darbhanga Block-3 Government School,SCHOOL_INFRASTRUCTURE,Shri Akhilesh Prasad Singh (2024-30) (2024-2030),MP_00546,Bihar (RS),Bihar,BR,Darbhanga,BR_DARBHANGA,Block-3,Locality-3,4400000.0,4400000.0,2022-05-28,2022-06-13,2023-02-10,2023-02-10,Completed,100.0,AGENCY_0018,25.678442,86.106733,NORMAL
PRJ000547,Children Playground Equipment at Patiala Block-1 Park,SPORTS_FACILITY,Dr. Vikramjit Singh Sahney (2022-28) (2022-2028),MP_00547,Punjab (RS),Punjab,PB,Patiala,PB_PATIALA,Block-1,Locality-1,6510000.0,6510000.0,2022-07-25,2022-08-20,2022-06-23,,Ongoing,31.6,AGENCY_0037,30.560443,75.31612,PROJECT_DELAY
PRJ000548,Panchayat Bhawan Construction at Amritsar Block-2,COMMUNITY_HALL,Dr. Vikramjit Singh Sahney (2022-28) (2022-2028),MP_00548,Punjab (RS),Punjab,PB,Amritsar,PB_AMRITSAR,Block-2,Locality-2,7670000.0,7670000.0,2023-10-23,2023-11-19,2024-06-12,,Ongoing,41.6,AGENCY_0039,31.087109,75.97334,DUPLICATE_PAYMENT
PRJ000549,Storm Water Drain Construction at Patiala Block-3,DRAINAGE,Dr. Vikramjit Singh Sahney (2022-28) (2022-2028),MP_00549,Punjab (RS),Punjab,PB,Patiala,PB_PATIALA,Block-3,Locality-3,7010000.0,7010000.0,2023-05-28,2023-06-14,2024-06-13,,Ongoing,41.2,AGENCY_0040,31.484413,75.133366,NORMAL
PRJ000550,Bridge Deck Repair & Railing at Jalandhar Block-4,ROAD_REPAIR,Dr. Vikramjit Singh Sahney (2022-28) (2022-2028),MP_00550,Punjab (RS),Punjab,PB,Jalandhar,PB_JALANDHAR,Block-4,Locality-4,3950000.0,3950000.0,2023-06-04,2023-07-08,2024-05-08,,Ongoing,43.5,AGENCY_0039,30.509817,74.993555,DOCUMENT_MISMATCH
PRJ000551,School Boundary Wall & Sanitation Block at Bhubaneswar Block-1,SCHOOL_INFRASTRUCTURE,SUKANTA KUMAR PANIGRAHI,MP_00551,KANDHAMAL,Odisha,OD,Bhubaneswar,OD_BHUBANESWAR,Block-1,Locality-1,1980000.0,1980000.0,2023-01-30,2022-06-06,2022-12-06,,Ongoing,0.6,AGENCY_0061,21.43273,85.318785,LOW_UTILIZATION
PRJ000552,Footbridge for Villagers at Berhampur Block-2,BRIDGE,SUKANTA KUMAR PANIGRAHI,MP_00552,KANDHAMAL,Odisha,OD,Berhampur,OD_BERHAMPUR,Block-2,Locality-2,3680000.0,3680000.0,2023-08-14,2022-04-21,2022-11-06,,Ongoing,4.5,AGENCY_0063,20.44479,84.774862,LOW_UTILIZATION
PRJ000553,Village Auditorium & Public Address System at Berhampur Block-3,COMMUNITY_HALL,SUKANTA KUMAR PANIGRAHI,MP_00553,KANDHAMAL,Odisha,OD,Berhampur,OD_BERHAMPUR,Block-3,Locality-3,1960000.0,1960000.0,2022-07-26,2022-08-31,2023-04-24,,Ongoing,8.3,AGENCY_0062,21.414346,85.387816,FIN_PHYS_MISMATCH
PRJ000554,Flood Control Channel at Cuttack Block-4,DRAINAGE,SUKANTA KUMAR PANIGRAHI,MP_00554,KANDHAMAL,Odisha,OD,Cuttack,OD_CUTTACK,Block-4,Locality-4,7580000.0,7580000.0,2022-06-30,2022-07-15,2023-04-01,,Ongoing,65.1,AGENCY_0062,21.497422,85.08036,COST_OVERRUN
PRJ000555,Covered Concrete Drain Network at Berhampur Block-5,DRAINAGE,SUKANTA KUMAR PANIGRAHI,MP_00555,KANDHAMAL,Odisha,OD,Berhampur,OD_BERHAMPUR,Block-5,Locality-5,3530000.0,3530000.0,2023-01-17,2023-02-06,2023-12-19,,Ongoing,51.4,AGENCY_0064,20.210974,85.104496,NORMAL
PRJ000556,Solid Waste Processing Plant at Nellore Block-1,SANITATION,DR BYREDDY SHABARI,MP_00556,NANDYAL,Andhra Pradesh,AP,Nellore,AP_NELLORE,Block-1,Locality-1,5070000.0,5070000.0,2022-08-22,2022-09-23,2023-08-22,,Ongoing,48.7,AGENCY_0056,15.207337,79.414542,NORMAL
PRJ000557,Village Bus Stand & Commuter Amenities at Nellore Block-2,BUS_SHELTER,DR BYREDDY SHABARI,MP_00557,NANDYAL,Andhra Pradesh,AP,Nellore,AP_NELLORE,Block-2,Locality-2,3690000.0,3690000.0,2023-05-30,2023-06-27,2024-03-07,,Ongoing,38.5,AGENCY_0054,15.397178,79.956592,VENDOR_COLLUSION
PRJ000558,Bridge Deck Repair & Railing at Nellore Block-3,ROAD_REPAIR,DR BYREDDY SHABARI,MP_00558,NANDYAL,Andhra Pradesh,AP,Nellore,AP_NELLORE,Block-3,Locality-3,5400000.0,5400000.0,2023-01-19,2023-02-22,2023-09-11,,Ongoing,55.5,AGENCY_0055,15.639804,79.144236,DOCUMENT_MISMATCH
PRJ000559,Installation of RO Drinking Water Plant at Guntur Block-4,WATER_SUPPLY,DR BYREDDY SHABARI,MP_00559,NANDYAL,Andhra Pradesh,AP,Guntur,AP_GUNTUR,Block-4,Locality-4,3510000.0,3510000.0,2023-09-09,2023-10-21,2024-09-04,2024-09-04,Completed,100.0,AGENCY_0056,16.271238,79.793754,NORMAL
PRJ000560,School Boundary Wall & Sanitation Block at Lucknow Block-1,SCHOOL_INFRASTRUCTURE,Shri Neeraj Shekhar (2020-26) (2020-2026),MP_00560,Uttar Pradesh (RS),Uttar Pradesh,UP,Lucknow,UP_LUCKNOW,Block-1,Locality-1,2040000.0,2040000.0,2023-11-02,2022-06-15,2023-01-02,,Ongoing,0.7,AGENCY_0010,26.246581,81.01103,LOW_UTILIZATION
PRJ000561,Rooftop Solar Panel Installation at Kanpur Block-2 Government Building,SOLAR_ENERGY,Shri Neeraj Shekhar (2020-26) (2020-2026),MP_00561,Uttar Pradesh (RS),Uttar Pradesh,UP,Kanpur,UP_KANPUR,Block-2,Locality-2,5630000.0,5630000.0,2023-04-09,2023-05-14,2023-12-11,,Ongoing,6.0,AGENCY_0010,26.297208,81.468123,FIN_PHYS_MISMATCH
PRJ000562,Rooftop Solar Panel Installation at Varanasi Block-1 Government Building,SOLAR_ENERGY,Smt. Sangeeta Yadav (2022-28) (2022-2028),MP_00562,Uttar Pradesh (RS),Uttar Pradesh,UP,Varanasi,UP_VARANASI,Block-1,Locality-1,4050000.0,4050000.0,2022-07-26,2022-08-21,2023-07-10,,Sanctioned,32.2,AGENCY_0010,27.284048,81.512796,NORMAL
PRJ000563,Village Bus Stand & Commuter Amenities at Lucknow Block-2,BUS_SHELTER,Smt. Sangeeta Yadav (2022-28) (2022-2028),MP_00563,Uttar Pradesh (RS),Uttar Pradesh,UP,Lucknow,UP_LUCKNOW,Block-2,Locality-2,5590000.0,5590000.0,2022-11-13,2022-12-14,2023-07-24,,Sanctioned,80.1,AGENCY_0012,26.126964,80.912415,NORMAL
PRJ000564,RCC Underground Sewage Network at Agra Block-3,SANITATION,Smt. Sangeeta Yadav (2022-28) (2022-2028),MP_00564,Uttar Pradesh (RS),Uttar Pradesh,UP,Agra,UP_AGRA,Block-3,Locality-3,3560000.0,3560000.0,2023-11-02,2023-12-15,2024-08-15,,Ongoing,22.8,AGENCY_0010,27.230941,80.996591,NORMAL
PRJ000565,Medical Equipment Procurement for Kanpur Block-4 PHC,HEALTHCARE,Smt. Sangeeta Yadav (2022-28) (2022-2028),MP_00565,Uttar Pradesh (RS),Uttar Pradesh,UP,Kanpur,UP_KANPUR,Block-4,Locality-4,1130000.0,1130000.0,2023-08-16,2023-09-28,2024-08-11,2024-08-11,Completed,100.0,AGENCY_0010,27.570895,80.476459,NORMAL
PRJ000566,Concrete Village Connecting Road at Varanasi Block-5,ROAD_CONSTRUCTION,Smt. Sangeeta Yadav (2022-28) (2022-2028),MP_00566,Uttar Pradesh (RS),Uttar Pradesh,UP,Varanasi,UP_VARANASI,Block-5,Locality-5,1960000.0,1960000.0,2022-05-05,2022-06-11,2023-02-10,,Ongoing,45.7,AGENCY_0010,26.660131,81.270631,COST_OVERRUN
PRJ000567,RCC Bridge Construction over Meerut Block-1 River,BRIDGE,Smt Dimple Yadav,MP_00567,MAINPURI,Uttar Pradesh,UP,Meerut,UP_MEERUT,Block-1,Locality-1,6760000.0,6760000.0,2023-11-11,2023-12-11,2024-09-25,,Ongoing,32.7,AGENCY_0009,27.542112,80.388101,NORMAL
PRJ000568,Community Toilet Complex at Lucknow Block-2 Market Area,SANITATION,Smt Dimple Yadav,MP_00568,MAINPURI,Uttar Pradesh,UP,Lucknow,UP_LUCKNOW,Block-2,Locality-2,1800000.0,1800000.0,2022-06-08,2022-07-23,2023-04-20,,Ongoing,47.0,AGENCY_0012,27.321841,80.994439,DUPLICATE_PAYMENT
PRJ000569,Concrete Village Connecting Road at Varanasi Block-3,ROAD_CONSTRUCTION,Smt Dimple Yadav,MP_00569,MAINPURI,Uttar Pradesh,UP,Varanasi,UP_VARANASI,Block-3,Locality-3,7480000.0,7480000.0,2022-07-30,2022-09-11,2023-07-11,,Ongoing,41.2,AGENCY_0010,27.005247,81.264926,VENDOR_COLLUSION
PRJ000570,Inter-village Link Road Construction at Varanasi Block-4,ROAD_CONSTRUCTION,Smt Dimple Yadav,MP_00570,MAINPURI,Uttar Pradesh,UP,Varanasi,UP_VARANASI,Block-4,Locality-4,7780000.0,7780000.0,2023-01-18,2022-06-16,2023-03-11,,Ongoing,0.8,AGENCY_0011,26.079399,80.242967,LOW_UTILIZATION
PRJ000571,Market Public Toilet Unit at Meerut Block-5,PUBLIC_TOILET,Smt Dimple Yadav,MP_00571,MAINPURI,Uttar Pradesh,UP,Meerut,UP_MEERUT,Block-5,Locality-5,5060000.0,5060000.0,2022-07-15,2022-08-21,2023-04-17,,Ongoing,13.0,AGENCY_0010,26.905804,80.695798,FIN_PHYS_MISMATCH
PRJ000572,Borewell Drilling & Submersible Pump Supply at Gwalior Block-1,WATER_SUPPLY,Shri Ashok Singh (2024-30) (2024-2030),MP_00572,Madhya Pradesh (RS),Madhya Pradesh,MP,Gwalior,MP_GWALIOR,Block-1,Locality-1,5280000.0,5280000.0,2022-12-17,2023-01-08,2023-10-11,,Ongoing,45.0,AGENCY_0050,23.55259,79.359698,DUPLICATE_PAYMENT
PRJ000573,School Boundary Wall & Sanitation Block at Gwalior Block-2,SCHOOL_INFRASTRUCTURE,Shri Ashok Singh (2024-30) (2024-2030),MP_00573,Madhya Pradesh (RS),Madhya Pradesh,MP,Gwalior,MP_GWALIOR,Block-2,Locality-2,5700000.0,5700000.0,2022-04-27,2022-05-21,2023-02-01,,Sanctioned,65.8,AGENCY_0052,23.257916,79.25322,NORMAL
PRJ000574,Covered Concrete Drain Network at Jabalpur Block-3,DRAINAGE,Shri Ashok Singh (2024-30) (2024-2030),MP_00574,Madhya Pradesh (RS),Madhya Pradesh,MP,Jabalpur,MP_JABALPUR,Block-3,Locality-3,7860000.0,7860000.0,2023-02-22,2023-03-10,2023-10-30,,Ongoing,11.4,AGENCY_0050,23.245833,77.913638,FIN_PHYS_MISMATCH
PRJ000575,Installation of RO Drinking Water Plant at Bhopal Block-4,WATER_SUPPLY,Shri Ashok Singh (2024-30) (2024-2030),MP_00575,Madhya Pradesh (RS),Madhya Pradesh,MP,Bhopal,MP_BHOPAL,Block-4,Locality-4,5470000.0,5470000.0,2023-01-27,2023-02-21,2023-10-01,,Sanctioned,62.0,AGENCY_0051,23.393699,79.002259,NORMAL
PRJ000576,Storm Water Drain Construction at Patna Block-1,DRAINAGE,Dileshwar Kamait,MP_00576,SUPAUL,Bihar,BR,Patna,BR_PATNA,Block-1,Locality-1,1890000.0,1890000.0,2022-11-20,2022-12-30,2023-07-27,,Ongoing,58.1,AGENCY_0017,24.302778,85.134055,NORMAL
PRJ000577,Medical Equipment Procurement for Darbhanga Block-2 PHC,HEALTHCARE,Dileshwar Kamait,MP_00577,SUPAUL,Bihar,BR,Darbhanga,BR_DARBHANGA,Block-2,Locality-2,4200000.0,4200000.0,2022-12-13,2023-01-21,2023-10-06,,Ongoing,41.6,AGENCY_0018,25.085747,85.439152,COST_OVERRUN
PRJ000578,Solid Waste Processing Plant at Lucknow Block-1,SANITATION,TANUJ PUNIA,MP_00578,BARABANKI(SC),Uttar Pradesh,UP,Lucknow,UP_LUCKNOW,Block-1,Locality-1,3150000.0,3150000.0,2022-11-24,2022-12-11,2023-08-12,,Ongoing,41.4,AGENCY_0010,26.728025,80.629726,VENDOR_COLLUSION
PRJ000579,Indoor Sports Hall at Agra Block-2,SPORTS_FACILITY,TANUJ PUNIA,MP_00579,BARABANKI(SC),Uttar Pradesh,UP,Agra,UP_AGRA,Block-2,Locality-2,7690000.0,7690000.0,2023-09-27,2023-10-17,2024-09-14,,Ongoing,56.8,AGENCY_0012,26.093028,80.234519,DOCUMENT_MISMATCH
PRJ000580,Covered Concrete Drain Network at Allahabad Block-3,DRAINAGE,TANUJ PUNIA,MP_00580,BARABANKI(SC),Uttar Pradesh,UP,Allahabad,UP_ALLAHABAD,Block-3,Locality-3,2690000.0,2690000.0,2023-05-04,2023-06-05,2024-04-01,,Ongoing,21.1,AGENCY_0010,27.124095,80.166874,NORMAL
PRJ000581,Bituminous Road Construction from Kanpur Block-4 to Panchayat HQ,ROAD_CONSTRUCTION,TANUJ PUNIA,MP_00581,BARABANKI(SC),Uttar Pradesh,UP,Kanpur,UP_KANPUR,Block-4,Locality-4,7610000.0,7610000.0,2022-10-15,2022-11-15,2023-05-16,,Ongoing,84.7,AGENCY_0012,26.109451,80.163578,NORMAL
PRJ000582,Box Culvert Bridge at Lucknow Block-5 Nala,BRIDGE,TANUJ PUNIA,MP_00582,BARABANKI(SC),Uttar Pradesh,UP,Lucknow,UP_LUCKNOW,Block-5,Locality-5,4490000.0,4490000.0,2022-04-30,2022-05-23,2023-01-21,2023-01-21,Completed,100.0,AGENCY_0011,26.491571,80.298279,NORMAL
PRJ000583,Community Toilet Complex at Chennai Block-1 Market Area,SANITATION,Shri Kamal Haasan (2025-31) (2025-2031),MP_00583,Tamil Nadu (RS),Tamil Nadu,TN,Chennai,TN_CHENNAI,Block-1,Locality-1,7980000.0,7980000.0,2022-10-26,2022-12-02,2023-08-09,,Sanctioned,78.9,AGENCY_0006,10.44913,78.580446,NORMAL
PRJ000584,Covered Concrete Drain Network at Tiruchirappalli Block-2,DRAINAGE,Shri Kamal Haasan (2025-31) (2025-2031),MP_00584,Tamil Nadu (RS),Tamil Nadu,TN,Tiruchirappalli,TN_TIRUCHIRAPPALLI,Block-2,Locality-2,7440000.0,7440000.0,2023-08-12,2023-09-18,2024-08-08,,Ongoing,28.6,AGENCY_0006,11.021815,78.088857,NORMAL
PRJ000585,RCC Underground Sewage Network at Kanpur Block-1,SANITATION,Bhola Singh,MP_00585,BULANDSHAHR(SC),Uttar Pradesh,UP,Kanpur,UP_KANPUR,Block-1,Locality-1,5780000.0,5780000.0,2023-08-05,2023-08-20,2022-07-21,,Ongoing,31.0,AGENCY_0009,26.350301,80.317716,PROJECT_DELAY
PRJ000586,Solar Micro-Grid for Meerut Block-2 Village Power Supply,SOLAR_ENERGY,Bhola Singh,MP_00586,BULANDSHAHR(SC),Uttar Pradesh,UP,Meerut,UP_MEERUT,Block-2,Locality-2,2560000.0,2560000.0,2022-06-11,2022-07-12,2023-04-05,,Ongoing,26.8,AGENCY_0010,26.732124,81.421724,VENDOR_COLLUSION
PRJ000587,Solar Micro-Grid for Salem Block-1 Village Power Supply,SOLAR_ENERGY,SELVARAJ V,MP_00587,NAGAPATTINAM(SC),Tamil Nadu,TN,Salem,TN_SALEM,Block-1,Locality-1,7890000.0,7890000.0,2023-10-08,2023-11-14,2024-06-13,,Ongoing,5.1,AGENCY_0006,10.993383,78.484973,FIN_PHYS_MISMATCH
PRJ000588,Road Widening & Strengthening at Coimbatore Block-2,ROAD_REPAIR,SELVARAJ V,MP_00588,NAGAPATTINAM(SC),Tamil Nadu,TN,Coimbatore,TN_COIMBATORE,Block-2,Locality-2,2740000.0,2740000.0,2023-02-03,2023-03-09,2024-02-19,,Ongoing,59.5,AGENCY_0008,10.898855,78.838407,NORMAL
PRJ000589,Box Culvert Bridge at Belagavi Block-1 Nala,BRIDGE,DR.K.SUDHAKAR,MP_00589,CHIKBALLAPUR,Karnataka,KA,Belagavi,KA_BELAGAVI,Block-1,Locality-1,2390000.0,2390000.0,2023-08-21,2023-09-12,2024-06-27,,Ongoing,60.4,AGENCY_0022,15.710608,75.240642,COST_OVERRUN
PRJ000590,Medical Equipment Procurement for Hubballi Block-2 PHC,HEALTHCARE,DR.K.SUDHAKAR,MP_00590,CHIKBALLAPUR,Karnataka,KA,Hubballi,KA_HUBBALLI,Block-2,Locality-2,1570000.0,1570000.0,2022-12-11,2022-12-27,2022-06-07,,Ongoing,37.3,AGENCY_0021,15.153591,75.868255,PROJECT_DELAY
PRJ000591,Public Sanitation Complex at Kalaburagi Block-3 Bus Stand,PUBLIC_TOILET,DR.K.SUDHAKAR,MP_00591,CHIKBALLAPUR,Karnataka,KA,Kalaburagi,KA_KALABURAGI,Block-3,Locality-3,5260000.0,5260000.0,2023-01-23,2023-02-24,2024-01-10,,Ongoing,79.1,AGENCY_0023,14.657773,75.518276,NORMAL
PRJ000592,Bridge Deck Repair & Railing at Hubballi Block-4,ROAD_REPAIR,DR.K.SUDHAKAR,MP_00592,CHIKBALLAPUR,Karnataka,KA,Hubballi,KA_HUBBALLI,Block-4,Locality-4,1560000.0,1560000.0,2022-08-12,2022-08-28,2023-05-05,,Sanctioned,39.7,AGENCY_0024,14.750388,76.256759,NORMAL
PRJ000593,Passenger Bus Waiting Shelter at Lucknow Block-1,BUS_SHELTER,Shri Baburam Nishad (2022-28) (2022-2028),MP_00593,Uttar Pradesh (RS),Uttar Pradesh,UP,Lucknow,UP_LUCKNOW,Block-1,Locality-1,7690000.0,7690000.0,2023-09-16,2023-10-10,2024-08-04,,Sanctioned,26.8,AGENCY_0010,26.987753,80.550188,NORMAL
PRJ000594,Rooftop Solar Panel Installation at Allahabad Block-2 Government Building,SOLAR_ENERGY,Shri Baburam Nishad (2022-28) (2022-2028),MP_00594,Uttar Pradesh (RS),Uttar Pradesh,UP,Allahabad,UP_ALLAHABAD,Block-2,Locality-2,5360000.0,5360000.0,2022-11-02,2022-11-29,2022-07-07,,Ongoing,12.1,AGENCY_0012,26.261964,80.529428,PROJECT_DELAY
PRJ000595,Modern Steel Bus Canopy at Varanasi Block-3 Junction,BUS_SHELTER,Shri Baburam Nishad (2022-28) (2022-2028),MP_00595,Uttar Pradesh (RS),Uttar Pradesh,UP,Varanasi,UP_VARANASI,Block-3,Locality-3,3530000.0,3530000.0,2022-12-05,2023-01-05,2023-12-15,,Ongoing,49.4,AGENCY_0009,27.066104,80.80313,NORMAL
PRJ000596,Village Auditorium & Public Address System at Meerut Block-4,COMMUNITY_HALL,Shri Baburam Nishad (2022-28) (2022-2028),MP_00596,Uttar Pradesh (RS),Uttar Pradesh,UP,Meerut,UP_MEERUT,Block-4,Locality-4,5840000.0,5840000.0,2022-08-05,2022-09-04,2023-04-13,,Ongoing,7.2,AGENCY_0010,26.604014,81.610058,FIN_PHYS_MISMATCH
PRJ000597,Multipurpose Community Hall at Allahabad Block-1,COMMUNITY_HALL,NEERAJ MAURYA,MP_00597,AONLA,Uttar Pradesh,UP,Allahabad,UP_ALLAHABAD,Block-1,Locality-1,2310000.0,2310000.0,2023-07-05,2023-07-28,2022-06-13,,Ongoing,23.8,AGENCY_0012,26.926212,81.339842,PROJECT_DELAY
PRJ000598,Borewell Drilling & Submersible Pump Supply at Agra Block-2,WATER_SUPPLY,NEERAJ MAURYA,MP_00598,AONLA,Uttar Pradesh,UP,Agra,UP_AGRA,Block-2,Locality-2,1950000.0,1950000.0,2023-08-30,2023-10-02,2024-06-28,,Ongoing,45.5,AGENCY_0012,26.78543,80.193261,NORMAL
PRJ000599,Concrete Village Connecting Road at Allahabad Block-3,ROAD_CONSTRUCTION,NEERAJ MAURYA,MP_00599,AONLA,Uttar Pradesh,UP,Allahabad,UP_ALLAHABAD,Block-3,Locality-3,2150000.0,2150000.0,2023-03-12,2023-04-05,2024-01-07,,Ongoing,28.3,AGENCY_0010,27.64594,80.675686,NORMAL
PRJ000600,Multi-purpose Sports Ground Levelling at Kanpur Block-4,SPORTS_FACILITY,NEERAJ MAURYA,MP_00600,AONLA,Uttar Pradesh,UP,Kanpur,UP_KANPUR,Block-4,Locality-4,1860000.0,1860000.0,2023-03-21,2023-04-18,2023-12-12,,Ongoing,56.2,AGENCY_0012,27.298121,80.62729,DUPLICATE_PAYMENT
PRJ000601,Footbridge for Villagers at Lucknow Block-5,BRIDGE,NEERAJ MAURYA,MP_00601,AONLA,Uttar Pradesh,UP,Lucknow,UP_LUCKNOW,Block-5,Locality-5,7790000.0,7790000.0,2022-09-25,2022-10-10,2023-08-19,,Ongoing,29.4,AGENCY_0011,26.195273,80.971198,NORMAL
PRJ000602,Rooftop Solar Panel Installation at Tiruchirappalli Block-1 Government Building,SOLAR_ENERGY,Thalikkottai Rajuthevar Baalu,MP_00602,SRIPERUMBUDUR,Tamil Nadu,TN,Tiruchirappalli,TN_TIRUCHIRAPPALLI,Block-1,Locality-1,4900000.0,4900000.0,2023-03-05,2023-04-19,2022-08-27,,Ongoing,11.2,AGENCY_0006,11.221434,79.402105,PROJECT_DELAY
PRJ000603,Digital Smart Classroom & IT Lab Setup at Coimbatore Block-2,SCHOOL_INFRASTRUCTURE,Thalikkottai Rajuthevar Baalu,MP_00603,SRIPERUMBUDUR,Tamil Nadu,TN,Coimbatore,TN_COIMBATORE,Block-2,Locality-2,2320000.0,2320000.0,2023-10-25,2023-11-23,2024-08-14,,Ongoing,54.6,AGENCY_0006,11.013152,79.444411,DOCUMENT_MISMATCH
PRJ000604,Children Playground Equipment at Salem Block-3 Park,SPORTS_FACILITY,Thalikkottai Rajuthevar Baalu,MP_00604,SRIPERUMBUDUR,Tamil Nadu,TN,Salem,TN_SALEM,Block-3,Locality-3,7970000.0,7970000.0,2023-08-29,2023-10-07,2024-04-30,,Ongoing,30.2,AGENCY_0006,10.709084,79.373809,NORMAL
PRJ000605,Overhead Water Tank Construction & Pipeline Network at Jammu Block-1,WATER_SUPPLY,Shri Gurwinder Singh Oberoi (2025-31) (2025-2031),MP_00605,Jammu And Kashmir (RS),Jammu And Kashmir,JK,Jammu,JK_JAMMU,Block-1,Locality-1,720000.0,720000.0,2023-07-16,2023-08-27,2024-06-05,,Sanctioned,23.1,AGENCY_0071,34.212676,76.966818,NORMAL
PRJ000606,Maternity Ward Upgradation at Kathua Block-2 District Hospital,HEALTHCARE,Shri Gurwinder Singh Oberoi (2025-31) (2025-2031),MP_00606,Jammu And Kashmir (RS),Jammu And Kashmir,JK,Kathua,JK_KATHUA,Block-2,Locality-2,6540000.0,6540000.0,2023-10-08,2023-10-29,2024-06-22,2024-06-22,Completed,100.0,AGENCY_0072,33.301083,75.852801,NORMAL
PRJ000607,Covered Concrete Drain Network at Jammu Block-3,DRAINAGE,Shri Gurwinder Singh Oberoi (2025-31) (2025-2031),MP_00607,Jammu And Kashmir (RS),Jammu And Kashmir,JK,Jammu,JK_JAMMU,Block-3,Locality-3,580000.0,580000.0,2022-07-20,2022-08-12,2022-07-22,,Ongoing,38.8,AGENCY_0071,34.164003,76.328915,PROJECT_DELAY
PRJ000608,Box Culvert Bridge at Jammu Block-4 Nala,BRIDGE,Shri Gurwinder Singh Oberoi (2025-31) (2025-2031),MP_00608,Jammu And Kashmir (RS),Jammu And Kashmir,JK,Jammu,JK_JAMMU,Block-4,Locality-4,7600000.0,7600000.0,2023-10-09,2023-11-10,2024-07-02,,Ongoing,24.7,AGENCY_0072,33.8377,76.094968,NORMAL
PRJ000609,Solar Micro-Grid for Bhilai Block-1 Village Power Supply,SOLAR_ENERGY,ROOP KUMARI CHOUDHARY,MP_00609,MAHASAMUND,Chhattisgarh,CG,Bhilai,CG_BHILAI,Block-1,Locality-1,6130000.0,6130000.0,2023-01-20,2023-02-15,2023-11-14,,Ongoing,25.5,AGENCY_0078,21.994589,82.543389,NORMAL
PRJ000610,Borewell Drilling & Submersible Pump Supply at Bhilai Block-2,WATER_SUPPLY,ROOP KUMARI CHOUDHARY,MP_00610,MAHASAMUND,Chhattisgarh,CG,Bhilai,CG_BHILAI,Block-2,Locality-2,7890000.0,7890000.0,2022-06-27,2022-07-17,2023-06-03,,Ongoing,67.3,AGENCY_0080,21.609117,82.649793,NORMAL
PRJ000611,Overhead Water Tank Construction & Pipeline Network at Rajnandgaon Block-3,WATER_SUPPLY,ROOP KUMARI CHOUDHARY,MP_00611,MAHASAMUND,Chhattisgarh,CG,Rajnandgaon,CG_RAJNANDGAON,Block-3,Locality-3,3100000.0,3100000.0,2022-05-25,2022-06-15,2022-05-31,,Ongoing,31.5,AGENCY_0079,21.542069,82.170484,PROJECT_DELAY
PRJ000612,Indoor Sports Hall at Bilaspur Block-4,SPORTS_FACILITY,ROOP KUMARI CHOUDHARY,MP_00612,MAHASAMUND,Chhattisgarh,CG,Bilaspur,CG_BILASPUR,Block-4,Locality-4,3300000.0,3300000.0,2022-04-17,2022-05-11,2023-03-09,2023-03-09,Completed,100.0,AGENCY_0080,21.621673,82.169366,NORMAL
PRJ000613,Panchayat Bhawan Construction at Raipur Block-5,COMMUNITY_HALL,ROOP KUMARI CHOUDHARY,MP_00613,MAHASAMUND,Chhattisgarh,CG,Raipur,CG_RAIPUR,Block-5,Locality-5,5020000.0,5020000.0,2023-05-25,2023-07-08,2024-01-30,2024-01-30,Completed,100.0,AGENCY_0080,21.068343,82.513992,NORMAL
PRJ000614,Children Playground Equipment at Nagpur Block-1 Park,SPORTS_FACILITY,Hon'ble MP,MP_00614,Maharashtra,Maharashtra,MH,Nagpur,MH_NAGPUR,Block-1,Locality-1,3990000.0,3990000.0,2022-11-22,2023-01-04,2023-09-07,,Ongoing,33.3,AGENCY_0001,20.132293,76.505663,DOCUMENT_MISMATCH
PRJ000615,Solar High-Mast Street Lighting at Nagpur Block-2,SOLAR_ENERGY,Hon'ble MP,MP_00615,Maharashtra,Maharashtra,MH,Nagpur,MH_NAGPUR,Block-2,Locality-2,3870000.0,3870000.0,2022-11-18,2022-12-28,2023-08-24,,Ongoing,65.3,AGENCY_0002,20.003791,76.471545,COST_OVERRUN
PRJ000616,Road Widening & Strengthening at Rohtak Block-1,ROAD_REPAIR,VARUN CHAUDHRY,MP_00616,AMBALA (SC),Haryana,HR,Rohtak,HR_ROHTAK,Block-1,Locality-1,790000.0,790000.0,2023-02-11,2023-02-26,2023-09-09,,Ongoing,57.7,AGENCY_0044,28.576064,75.558805,NORMAL
PRJ000617,Rooftop Solar Panel Installation at Hisar Block-2 Government Building,SOLAR_ENERGY,VARUN CHAUDHRY,MP_00617,AMBALA (SC),Haryana,HR,Hisar,HR_HISAR,Block-2,Locality-2,6110000.0,6110000.0,2022-10-11,2022-11-04,2023-06-26,,Ongoing,60.0,AGENCY_0042,28.42225,75.962432,COST_OVERRUN
PRJ000618,Construction of Additional Classrooms at Lucknow Block-1 Government School,SCHOOL_INFRASTRUCTURE,IQRA CHOUDHARY,MP_00618,KAIRANA,Uttar Pradesh,UP,Lucknow,UP_LUCKNOW,Block-1,Locality-1,610000.0,610000.0,2023-02-06,2023-03-10,2023-12-09,,Ongoing,39.2,AGENCY_0010,26.948036,81.566342,VENDOR_COLLUSION
PRJ000619,Maternity Ward Upgradation at Kanpur Block-2 District Hospital,HEALTHCARE,IQRA CHOUDHARY,MP_00619,KAIRANA,Uttar Pradesh,UP,Kanpur,UP_KANPUR,Block-2,Locality-2,670000.0,670000.0,2022-07-16,2022-08-05,2023-04-28,,Ongoing,43.5,AGENCY_0010,27.447079,81.690087,VENDOR_COLLUSION
PRJ000620,RCC Bridge Construction over Varanasi Block-3 River,BRIDGE,IQRA CHOUDHARY,MP_00620,KAIRANA,Uttar Pradesh,UP,Varanasi,UP_VARANASI,Block-3,Locality-3,710000.0,710000.0,2022-11-12,2022-12-05,2023-10-23,,Ongoing,79.1,AGENCY_0010,27.526638,81.009289,NORMAL
PRJ000621,Modern Steel Bus Canopy at Agra Block-4 Junction,BUS_SHELTER,IQRA CHOUDHARY,MP_00621,KAIRANA,Uttar Pradesh,UP,Agra,UP_AGRA,Block-4,Locality-4,700000.0,700000.0,2022-12-21,2023-01-20,2023-10-24,,Ongoing,27.3,AGENCY_0012,26.524091,81.013206,NORMAL
PRJ000622,Bridge Deck Repair & Railing at Allahabad Block-5,ROAD_REPAIR,IQRA CHOUDHARY,MP_00622,KAIRANA,Uttar Pradesh,UP,Allahabad,UP_ALLAHABAD,Block-5,Locality-5,6430000.0,6430000.0,2023-03-08,2023-04-06,2023-11-12,,Ongoing,46.3,AGENCY_0012,26.119494,81.141989,NORMAL
PRJ000623,Panchayat Bhawan Construction at Nagaon Block-1,COMMUNITY_HALL,Shri Terash Gowalla (2026-32) (2026-2032),MP_00623,Assam (RS),Assam,AS,Nagaon,AS_NAGAON,Block-1,Locality-1,1230000.0,1230000.0,2023-03-21,2023-04-13,2023-11-29,,Ongoing,24.8,AGENCY_0067,25.645813,93.70207,NORMAL
PRJ000624,Digital Smart Classroom & IT Lab Setup at Jorhat Block-2,SCHOOL_INFRASTRUCTURE,Shri Terash Gowalla (2026-32) (2026-2032),MP_00624,Assam (RS),Assam,AS,Jorhat,AS_JORHAT,Block-2,Locality-2,1570000.0,1570000.0,2022-11-28,2023-01-02,2023-11-14,,Sanctioned,77.0,AGENCY_0065,26.924271,92.484659,NORMAL
PRJ000625,Footbridge for Villagers at Tezpur Block-3,BRIDGE,Shri Terash Gowalla (2026-32) (2026-2032),MP_00625,Assam (RS),Assam,AS,Tezpur,AS_TEZPUR,Block-3,Locality-3,7570000.0,7570000.0,2023-02-19,2023-03-16,2022-09-18,,Ongoing,18.0,AGENCY_0067,25.669637,92.196372,PROJECT_DELAY
PRJ000626,Digital Smart Classroom & IT Lab Setup at Nagaon Block-4,SCHOOL_INFRASTRUCTURE,Shri Terash Gowalla (2026-32) (2026-2032),MP_00626,Assam (RS),Assam,AS,Nagaon,AS_NAGAON,Block-4,Locality-4,4680000.0,4680000.0,2022-09-27,2022-10-26,2023-07-12,,Sanctioned,28.3,AGENCY_0066,26.138824,93.736533,NORMAL
PRJ000627,Maternity Ward Upgradation at Guwahati Block-5 District Hospital,HEALTHCARE,Shri Terash Gowalla (2026-32) (2026-2032),MP_00627,Assam (RS),Assam,AS,Guwahati,AS_GUWAHATI,Block-5,Locality-5,4560000.0,4560000.0,2022-07-07,2022-08-03,2022-09-28,,Ongoing,10.4,AGENCY_0066,25.802286,92.834729,PROJECT_DELAY
PRJ000628,Passenger Bus Waiting Shelter at Asansol Block-1,BUS_SHELTER,Smt. Mamata Thakur (2024-30) (2024-2030),MP_00628,West Bengal (RS),West Bengal,WB,Asansol,WB_ASANSOL,Block-1,Locality-1,6430000.0,6430000.0,2022-06-21,2022-07-20,2023-04-29,,Sanctioned,60.6,AGENCY_0014,23.365666,87.445867,NORMAL
PRJ000629,Borewell Drilling & Submersible Pump Supply at Siliguri Block-2,WATER_SUPPLY,Smt. Mamata Thakur (2024-30) (2024-2030),MP_00629,West Bengal (RS),West Bengal,WB,Siliguri,WB_SILIGURI,Block-2,Locality-2,3440000.0,3440000.0,2023-06-15,2023-07-08,2024-01-07,,Sanctioned,68.2,AGENCY_0015,22.241912,88.27381,NORMAL
PRJ000630,Indoor Sports Hall at Amritsar Block-1,SPORTS_FACILITY,CHARANJIT SINGH CHANNI,MP_00630,JALANDHAR(SC),Punjab,PB,Amritsar,PB_AMRITSAR,Block-1,Locality-1,6410000.0,6410000.0,2023-03-18,2023-04-05,2023-12-20,2023-12-20,Completed,100.0,AGENCY_0040,31.54581,74.577829,NORMAL
PRJ000631,Solar Micro-Grid for Bathinda Block-2 Village Power Supply,SOLAR_ENERGY,CHARANJIT SINGH CHANNI,MP_00631,JALANDHAR(SC),Punjab,PB,Bathinda,PB_BATHINDA,Block-2,Locality-2,4030000.0,4030000.0,2023-10-12,2023-11-12,2024-07-02,,Ongoing,71.9,AGENCY_0040,30.483531,74.87408,NORMAL
PRJ000632,Inter-village Link Road Construction at Jalandhar Block-3,ROAD_CONSTRUCTION,CHARANJIT SINGH CHANNI,MP_00632,JALANDHAR(SC),Punjab,PB,Jalandhar,PB_JALANDHAR,Block-3,Locality-3,3870000.0,3870000.0,2022-08-29,2022-09-25,2023-04-13,,Ongoing,63.9,AGENCY_0038,30.954878,75.217725,COST_OVERRUN
PRJ000633,Indoor Sports Hall at Amritsar Block-4,SPORTS_FACILITY,CHARANJIT SINGH CHANNI,MP_00633,JALANDHAR(SC),Punjab,PB,Amritsar,PB_AMRITSAR,Block-4,Locality-4,770000.0,770000.0,2022-08-20,2022-09-05,2023-03-09,,Ongoing,53.9,AGENCY_0038,31.708719,75.536822,COST_OVERRUN
PRJ000634,Bridge Deck Repair & Railing at Ujjain Block-1,ROAD_REPAIR,Rodmal Nagar,MP_00634,RAJGARH,Madhya Pradesh,MP,Ujjain,MP_UJJAIN,Block-1,Locality-1,3910000.0,3910000.0,2022-08-01,2022-09-02,2023-05-12,,Ongoing,10.4,AGENCY_0050,23.570541,78.302043,FIN_PHYS_MISMATCH
PRJ000635,Village Bus Stand & Commuter Amenities at Indore Block-2,BUS_SHELTER,Rodmal Nagar,MP_00635,RAJGARH,Madhya Pradesh,MP,Indore,MP_INDORE,Block-2,Locality-2,1860000.0,1860000.0,2022-10-07,2022-11-08,2023-08-03,,Ongoing,31.0,AGENCY_0049,22.418778,78.93119,DOCUMENT_MISMATCH
PRJ000636,Village Bus Stand & Commuter Amenities at Bhopal Block-3,BUS_SHELTER,Rodmal Nagar,MP_00636,RAJGARH,Madhya Pradesh,MP,Bhopal,MP_BHOPAL,Block-3,Locality-3,4330000.0,4330000.0,2022-08-22,2022-10-03,2023-04-24,,Ongoing,34.8,AGENCY_0049,23.374087,79.353755,DOCUMENT_MISMATCH
PRJ000637,Bridge Deck Repair & Railing at Sagar Block-4,ROAD_REPAIR,Rodmal Nagar,MP_00637,RAJGARH,Madhya Pradesh,MP,Sagar,MP_SAGAR,Block-4,Locality-4,2390000.0,2390000.0,2023-03-29,2023-04-16,2024-01-16,,Ongoing,39.8,AGENCY_0049,22.334451,78.883985,DUPLICATE_PAYMENT
PRJ000638,Overhead Water Tank Construction & Pipeline Network at Belagavi Block-1,WATER_SUPPLY,BASAVARAJ BOMMAI,MP_00638,HAVERI,Karnataka,KA,Belagavi,KA_BELAGAVI,Block-1,Locality-1,5720000.0,5720000.0,2022-06-04,2022-06-30,2023-04-24,,Ongoing,54.7,AGENCY_0023,15.26494,76.436694,DUPLICATE_PAYMENT
PRJ000639,Community Toilet Complex at Bengaluru Block-2 Market Area,SANITATION,BASAVARAJ BOMMAI,MP_00639,HAVERI,Karnataka,KA,Bengaluru,KA_BENGALURU,Block-2,Locality-2,7750000.0,7750000.0,2023-03-10,2023-03-31,2024-02-25,2024-02-25,Completed,100.0,AGENCY_0021,16.030957,75.892992,NORMAL
PRJ000640,Bituminous Road Construction from Belagavi Block-3 to Panchayat HQ,ROAD_CONSTRUCTION,BASAVARAJ BOMMAI,MP_00640,HAVERI,Karnataka,KA,Belagavi,KA_BELAGAVI,Block-3,Locality-3,3450000.0,3450000.0,2023-08-28,2023-10-01,2024-07-29,2024-07-29,Completed,100.0,AGENCY_0022,15.882029,75.874917,NORMAL
PRJ000641,Box Culvert Bridge at Ramagundam Block-1 Nala,BRIDGE,Asaduddin Owaisi,MP_00641,HYDERABAD,Telangana,TS,Ramagundam,TS_RAMAGUNDAM,Block-1,Locality-1,4290000.0,4290000.0,2022-10-21,2022-12-05,2023-07-23,,Ongoing,11.4,AGENCY_0058,18.820161,78.554221,FIN_PHYS_MISMATCH
PRJ000642,Community Toilet Complex at Karimnagar Block-2 Market Area,SANITATION,Asaduddin Owaisi,MP_00642,HYDERABAD,Telangana,TS,Karimnagar,TS_KARIMNAGAR,Block-2,Locality-2,2090000.0,2090000.0,2023-10-05,2023-11-13,2022-06-06,,Ongoing,17.6,AGENCY_0059,17.57395,78.629018,PROJECT_DELAY
PRJ000643,Solar High-Mast Street Lighting at Karimnagar Block-3,SOLAR_ENERGY,Asaduddin Owaisi,MP_00643,HYDERABAD,Telangana,TS,Karimnagar,TS_KARIMNAGAR,Block-3,Locality-3,5930000.0,5930000.0,2023-09-04,2023-09-21,2024-09-11,,Ongoing,21.9,AGENCY_0059,18.506932,78.626515,NORMAL
PRJ000644,Solid Waste Processing Plant at Nizamabad Block-4,SANITATION,Asaduddin Owaisi,MP_00644,HYDERABAD,Telangana,TS,Nizamabad,TS_NIZAMABAD,Block-4,Locality-4,5000000.0,5000000.0,2023-06-26,2023-07-14,2024-05-19,,Sanctioned,33.1,AGENCY_0058,18.702657,78.315867,NORMAL
PRJ000645,Indoor Sports Hall at Khammam Block-5,SPORTS_FACILITY,Asaduddin Owaisi,MP_00645,HYDERABAD,Telangana,TS,Khammam,TS_KHAMMAM,Block-5,Locality-5,1810000.0,1810000.0,2022-08-21,2022-09-07,2023-08-20,,Ongoing,30.9,AGENCY_0058,18.736728,79.592848,VENDOR_COLLUSION
PRJ000646,Market Public Toilet Unit at Muzaffarpur Block-1,PUBLIC_TOILET,Radha Mohan Singh,MP_00646,PURVI CHAMPARAN,Bihar,BR,Muzaffarpur,BR_MUZAFFARPUR,Block-1,Locality-1,3350000.0,3350000.0,2022-10-05,2022-10-28,2023-07-12,,Ongoing,35.4,AGENCY_0019,25.533501,85.22937,DOCUMENT_MISMATCH
PRJ000647,Solar Micro-Grid for Darbhanga Block-2 Village Power Supply,SOLAR_ENERGY,Radha Mohan Singh,MP_00647,PURVI CHAMPARAN,Bihar,BR,Darbhanga,BR_DARBHANGA,Block-2,Locality-2,5760000.0,5760000.0,2022-09-02,2022-10-03,2022-06-14,,Ongoing,17.4,AGENCY_0017,25.107175,84.6968,PROJECT_DELAY
PRJ000648,Market Public Toilet Unit at Aurangabad Block-1,PUBLIC_TOILET,RAJ BHUSHAN CHOUDHARY,MP_00648,MUZAFFARPUR,Bihar,BR,Aurangabad,BR_AURANGABAD,Block-1,Locality-1,3680000.0,3680000.0,2022-07-03,2022-07-31,2023-02-18,,Ongoing,45.7,AGENCY_0018,24.708879,84.674575,COST_OVERRUN
PRJ000649,Pothole Repair & Road Resurfacing at Darbhanga Block-2,ROAD_REPAIR,RAJ BHUSHAN CHOUDHARY,MP_00649,MUZAFFARPUR,Bihar,BR,Darbhanga,BR_DARBHANGA,Block-2,Locality-2,5950000.0,5950000.0,2022-12-15,2023-01-10,2023-11-07,,Ongoing,21.1,AGENCY_0017,25.851498,85.169253,NORMAL
PRJ000650,Construction of Additional Classrooms at Bhagalpur Block-3 Government School,SCHOOL_INFRASTRUCTURE,RAJ BHUSHAN CHOUDHARY,MP_00650,MUZAFFARPUR,Bihar,BR,Bhagalpur,BR_BHAGALPUR,Block-3,Locality-3,7260000.0,7260000.0,2022-09-27,2022-10-18,2023-08-21,,Ongoing,28.1,AGENCY_0018,24.572591,85.312078,NORMAL
PRJ000651,Highway Toilet Block near Patna Block-4,PUBLIC_TOILET,RAJ BHUSHAN CHOUDHARY,MP_00651,MUZAFFARPUR,Bihar,BR,Patna,BR_PATNA,Block-4,Locality-4,4780000.0,4780000.0,2022-08-17,2022-09-28,2023-07-19,2023-07-19,Completed,100.0,AGENCY_0020,24.861121,86.020759,NORMAL
PRJ000652,Village Bus Stand & Commuter Amenities at Patna Block-5,BUS_SHELTER,RAJ BHUSHAN CHOUDHARY,MP_00652,MUZAFFARPUR,Bihar,BR,Patna,BR_PATNA,Block-5,Locality-5,4810000.0,4810000.0,2023-01-29,2023-02-26,2022-08-03,,Ongoing,34.3,AGENCY_0019,24.61827,84.830991,PROJECT_DELAY
PRJ000653,Panchayat Bhawan Construction at Ajmer Block-1,COMMUNITY_HALL,AMRARAM,MP_00653,SIKAR,Rajasthan,RJ,Ajmer,RJ_AJMER,Block-1,Locality-1,5570000.0,5570000.0,2022-06-20,2022-07-29,2023-02-22,,Ongoing,68.7,AGENCY_0030,26.848288,73.59779,COST_OVERRUN
PRJ000654,Storm Water Drain Construction at Kota Block-2,DRAINAGE,AMRARAM,MP_00654,SIKAR,Rajasthan,RJ,Kota,RJ_KOTA,Block-2,Locality-2,4080000.0,4080000.0,2023-08-15,2023-09-16,2024-06-22,,Ongoing,46.4,AGENCY_0030,27.348149,73.516833,COST_OVERRUN
PRJ000655,Solar Micro-Grid for Udaipur Block-3 Village Power Supply,SOLAR_ENERGY,AMRARAM,MP_00655,SIKAR,Rajasthan,RJ,Udaipur,RJ_UDAIPUR,Block-3,Locality-3,2060000.0,2060000.0,2023-09-04,2023-09-29,2024-04-22,,Ongoing,32.3,AGENCY_0031,27.726361,73.600761,DUPLICATE_PAYMENT
PRJ000656,Solar Micro-Grid for Udaipur Block-4 Village Power Supply,SOLAR_ENERGY,AMRARAM,MP_00656,SIKAR,Rajasthan,RJ,Udaipur,RJ_UDAIPUR,Block-4,Locality-4,1970000.0,1970000.0,2023-04-16,2023-05-26,2024-03-23,,Sanctioned,38.0,AGENCY_0029,27.289546,74.461691,NORMAL
PRJ000657,Construction of Additional Classrooms at Jaipur Block-5 Government School,SCHOOL_INFRASTRUCTURE,AMRARAM,MP_00657,SIKAR,Rajasthan,RJ,Jaipur,RJ_JAIPUR,Block-5,Locality-5,1650000.0,1650000.0,2022-08-09,2022-08-28,2023-04-15,,Ongoing,6.1,AGENCY_0030,26.390869,73.686862,FIN_PHYS_MISMATCH
PRJ000658,Bituminous Road Construction from Dhanbad Block-1 to Panchayat HQ,ROAD_CONSTRUCTION,Dr. Sarfraz Ahmad (2024-30) (2024-2030),MP_00658,Jharkhand (RS),Jharkhand,JH,Dhanbad,JH_DHANBAD,Block-1,Locality-1,890000.0,890000.0,2022-09-25,2022-10-10,2023-08-05,,Ongoing,76.1,AGENCY_0074,23.186726,84.954913,NORMAL
PRJ000659,Maternity Ward Upgradation at Ranchi Block-2 District Hospital,HEALTHCARE,Dr. Sarfraz Ahmad (2024-30) (2024-2030),MP_00659,Jharkhand (RS),Jharkhand,JH,Ranchi,JH_RANCHI,Block-2,Locality-2,520000.0,520000.0,2023-05-29,2023-06-18,2024-03-11,,Ongoing,53.8,AGENCY_0076,23.919476,84.59341,DUPLICATE_PAYMENT
PRJ000660,Market Public Toilet Unit at Hazaribagh Block-3,PUBLIC_TOILET,Dr. Sarfraz Ahmad (2024-30) (2024-2030),MP_00660,Jharkhand (RS),Jharkhand,JH,Hazaribagh,JH_HAZARIBAGH,Block-3,Locality-3,5520000.0,5520000.0,2023-04-05,2023-05-08,2023-12-29,2023-12-29,Completed,100.0,AGENCY_0076,22.836731,85.407257,NORMAL
PRJ000661,Installation of RO Drinking Water Plant at Madurai Block-1,WATER_SUPPLY,Thiru Dayanidhi Maran,MP_00661,CHENNAI CENTRAL,Tamil Nadu,TN,Madurai,TN_MADURAI,Block-1,Locality-1,4070000.0,4070000.0,2023-06-19,2023-07-10,2024-01-31,,Ongoing,8.2,AGENCY_0006,11.519452,78.835971,FIN_PHYS_MISMATCH
PRJ000662,Public Sanitation Complex at Coimbatore Block-2 Bus Stand,PUBLIC_TOILET,Thiru Dayanidhi Maran,MP_00662,CHENNAI CENTRAL,Tamil Nadu,TN,Coimbatore,TN_COIMBATORE,Block-2,Locality-2,7410000.0,7410000.0,2023-02-19,2023-03-25,2024-02-05,,Ongoing,43.5,AGENCY_0007,11.440158,78.547143,NORMAL
PRJ000663,Construction of Additional Classrooms at Madurai Block-3 Government School,SCHOOL_INFRASTRUCTURE,Thiru Dayanidhi Maran,MP_00663,CHENNAI CENTRAL,Tamil Nadu,TN,Madurai,TN_MADURAI,Block-3,Locality-3,6260000.0,6260000.0,2023-01-15,2023-02-01,2023-09-23,,Sanctioned,45.2,AGENCY_0005,10.417093,78.29657,NORMAL
PRJ000664,Multipurpose Community Hall at Tiruchirappalli Block-4,COMMUNITY_HALL,Thiru Dayanidhi Maran,MP_00664,CHENNAI CENTRAL,Tamil Nadu,TN,Tiruchirappalli,TN_TIRUCHIRAPPALLI,Block-4,Locality-4,6270000.0,6270000.0,2023-05-06,2023-06-09,2022-09-25,,Ongoing,29.8,AGENCY_0007,10.675193,77.951831,PROJECT_DELAY
PRJ000665,Box Culvert Bridge at Coimbatore Block-5 Nala,BRIDGE,Thiru Dayanidhi Maran,MP_00665,CHENNAI CENTRAL,Tamil Nadu,TN,Coimbatore,TN_COIMBATORE,Block-5,Locality-5,4510000.0,4510000.0,2022-11-05,2022-12-09,2023-10-30,,Ongoing,24.3,AGENCY_0006,11.488088,79.254472,NORMAL
PRJ000666,Flood Control Channel at Allahabad Block-1,DRAINAGE,Smt Hema Malini,MP_00666,MATHURA,Uttar Pradesh,UP,Allahabad,UP_ALLAHABAD,Block-1,Locality-1,4860000.0,4860000.0,2022-07-24,2022-08-13,2023-03-03,2023-03-03,Completed,100.0,AGENCY_0012,27.528628,80.501074,NORMAL
PRJ000667,Maternity Ward Upgradation at Lucknow Block-2 District Hospital,HEALTHCARE,Smt Hema Malini,MP_00667,MATHURA,Uttar Pradesh,UP,Lucknow,UP_LUCKNOW,Block-2,Locality-2,880000.0,880000.0,2022-05-26,2022-06-24,2023-02-05,,Ongoing,47.4,AGENCY_0012,26.950224,80.997604,NORMAL
PRJ000668,Covered Concrete Drain Network at Allahabad Block-3,DRAINAGE,Smt Hema Malini,MP_00668,MATHURA,Uttar Pradesh,UP,Allahabad,UP_ALLAHABAD,Block-3,Locality-3,6600000.0,6600000.0,2022-11-23,2022-12-24,2023-10-13,,Ongoing,33.8,AGENCY_0010,27.128325,81.331594,VENDOR_COLLUSION
PRJ000669,Digital Smart Classroom & IT Lab Setup at Meerut Block-4,SCHOOL_INFRASTRUCTURE,Smt Hema Malini,MP_00669,MATHURA,Uttar Pradesh,UP,Meerut,UP_MEERUT,Block-4,Locality-4,5960000.0,5960000.0,2022-10-12,2022-11-19,2023-10-29,2023-10-29,Completed,100.0,AGENCY_0010,26.39466,81.116673,NORMAL
PRJ000670,Concrete Village Connecting Road at Berhampur Block-1,ROAD_CONSTRUCTION,PRADEEP PUROHIT,MP_00670,BARGARH,Odisha,OD,Berhampur,OD_BERHAMPUR,Block-1,Locality-1,5250000.0,5250000.0,2023-11-21,2023-12-28,2024-09-04,,Ongoing,13.2,AGENCY_0062,21.334656,85.524247,FIN_PHYS_MISMATCH
PRJ000671,Concrete Village Connecting Road at Puri Block-2,ROAD_CONSTRUCTION,PRADEEP PUROHIT,MP_00671,BARGARH,Odisha,OD,Puri,OD_PURI,Block-2,Locality-2,2230000.0,2230000.0,2023-10-29,2022-06-16,2022-12-15,,Ongoing,1.3,AGENCY_0064,20.946241,85.598048,LOW_UTILIZATION
PRJ000672,Passenger Bus Waiting Shelter at Rourkela Block-3,BUS_SHELTER,PRADEEP PUROHIT,MP_00672,BARGARH,Odisha,OD,Rourkela,OD_ROURKELA,Block-3,Locality-3,4670000.0,4670000.0,2022-04-09,2022-05-19,2023-01-02,,Ongoing,33.4,AGENCY_0062,21.353715,84.525751,NORMAL
PRJ000673,Highway Toilet Block near Cuttack Block-4,PUBLIC_TOILET,PRADEEP PUROHIT,MP_00673,BARGARH,Odisha,OD,Cuttack,OD_CUTTACK,Block-4,Locality-4,540000.0,540000.0,2022-06-08,2022-07-17,2023-04-22,,Ongoing,20.6,AGENCY_0062,20.206023,85.227004,NORMAL
PRJ000674,Maternity Ward Upgradation at Lucknow Block-1 District Hospital,HEALTHCARE,NARESH CHANDRA UTTAM PATEL,MP_00674,FATEHPUR,Uttar Pradesh,UP,Lucknow,UP_LUCKNOW,Block-1,Locality-1,2090000.0,2090000.0,2022-09-26,2022-10-13,2022-08-19,,Ongoing,38.8,AGENCY_0012,26.291291,80.850894,PROJECT_DELAY
PRJ000675,Installation of RO Drinking Water Plant at Lucknow Block-2,WATER_SUPPLY,NARESH CHANDRA UTTAM PATEL,MP_00675,FATEHPUR,Uttar Pradesh,UP,Lucknow,UP_LUCKNOW,Block-2,Locality-2,1410000.0,1410000.0,2023-08-14,2023-09-19,2022-09-16,,Ongoing,30.3,AGENCY_0011,26.234968,81.385076,PROJECT_DELAY
PRJ000676,Flood Control Channel at Varanasi Block-3,DRAINAGE,NARESH CHANDRA UTTAM PATEL,MP_00676,FATEHPUR,Uttar Pradesh,UP,Varanasi,UP_VARANASI,Block-3,Locality-3,3930000.0,3930000.0,2022-07-22,2022-08-08,2023-05-28,,Ongoing,59.2,AGENCY_0010,27.384199,81.338932,COST_OVERRUN
PRJ000677,Village Auditorium & Public Address System at Gandhinagar Block-1,COMMUNITY_HALL,Shri Govindbhai Laljibhai Dholakia (2024-30) (2024-2030),MP_00677,Gujarat (RS),Gujarat,GJ,Gandhinagar,GJ_GANDHINAGAR,Block-1,Locality-1,1640000.0,1640000.0,2022-09-04,2022-10-15,2023-05-13,,Ongoing,56.1,AGENCY_0025,21.542267,70.448513,DUPLICATE_PAYMENT
PRJ000678,Storm Water Drain Construction at Surat Block-2,DRAINAGE,Shri Govindbhai Laljibhai Dholakia (2024-30) (2024-2030),MP_00678,Gujarat (RS),Gujarat,GJ,Surat,GJ_SURAT,Block-2,Locality-2,770000.0,770000.0,2022-09-02,2022-10-13,2023-08-04,2023-08-04,Completed,100.0,AGENCY_0028,22.299728,71.685443,NORMAL
PRJ000679,Solar High-Mast Street Lighting at Rajkot Block-3,SOLAR_ENERGY,Shri Govindbhai Laljibhai Dholakia (2024-30) (2024-2030),MP_00679,Gujarat (RS),Gujarat,GJ,Rajkot,GJ_RAJKOT,Block-3,Locality-3,6730000.0,6730000.0,2022-04-27,2022-05-13,2023-06-09,,Ongoing,39.5,AGENCY_0026,21.858003,71.127317,VENDOR_COLLUSION
PRJ000680,Inter-village Link Road Construction at Vadodara Block-4,ROAD_CONSTRUCTION,Shri Govindbhai Laljibhai Dholakia (2024-30) (2024-2030),MP_00680,Gujarat (RS),Gujarat,GJ,Vadodara,GJ_VADODARA,Block-4,Locality-4,7770000.0,7770000.0,2022-11-04,2022-11-23,2023-08-16,,Ongoing,36.8,AGENCY_0026,22.492095,71.559323,VENDOR_COLLUSION
PRJ000681,Inter-village Link Road Construction at Bhavnagar Block-5,ROAD_CONSTRUCTION,Shri Govindbhai Laljibhai Dholakia (2024-30) (2024-2030),MP_00681,Gujarat (RS),Gujarat,GJ,Bhavnagar,GJ_BHAVNAGAR,Block-5,Locality-5,4540000.0,4540000.0,2023-02-25,2023-04-08,2023-11-17,2023-11-17,Completed,100.0,AGENCY_0028,22.915256,71.424638,NORMAL
PRJ000682,Solar Micro-Grid for Nagaon Block-1 Village Power Supply,SOLAR_ENERGY,Pradan Baruah,MP_00682,LAKHIMPUR,Assam,AS,Nagaon,AS_NAGAON,Block-1,Locality-1,3050000.0,3050000.0,2023-06-17,2023-07-30,2024-03-17,,Ongoing,54.5,AGENCY_0066,25.782095,92.761244,COST_OVERRUN
PRJ000683,Ambulance Purchase for Guwahati Block-2 Health Centre,HEALTHCARE,Pradan Baruah,MP_00683,LAKHIMPUR,Assam,AS,Guwahati,AS_GUWAHATI,Block-2,Locality-2,550000.0,550000.0,2022-04-16,2022-05-27,2023-03-30,2023-03-30,Completed,100.0,AGENCY_0066,26.387508,92.529115,NORMAL
PRJ000684,Concrete Village Connecting Road at Tezpur Block-3,ROAD_CONSTRUCTION,Pradan Baruah,MP_00684,LAKHIMPUR,Assam,AS,Tezpur,AS_TEZPUR,Block-3,Locality-3,6480000.0,6480000.0,2023-09-04,2023-09-30,2024-06-05,,Ongoing,18.9,AGENCY_0066,26.006017,93.579729,FIN_PHYS_MISMATCH
PRJ000685,Village Bus Stand & Commuter Amenities at Thrissur Block-1,BUS_SHELTER,Shri P. P. Suneer (2024-30) (2024-2030),MP_00685,Kerala (RS),Kerala,KL,Thrissur,KL_THRISSUR,Block-1,Locality-1,2010000.0,2010000.0,2022-08-04,2022-08-20,2023-05-10,,Ongoing,35.8,AGENCY_0035,7.870117,76.468547,DOCUMENT_MISMATCH
PRJ000686,Box Culvert Bridge at Kozhikode Block-2 Nala,BRIDGE,Shri P. P. Suneer (2024-30) (2024-2030),MP_00686,Kerala (RS),Kerala,KL,Kozhikode,KL_KOZHIKODE,Block-2,Locality-2,6590000.0,6590000.0,2023-08-08,2022-06-07,2023-01-26,,Ongoing,3.0,AGENCY_0035,8.9202,77.573386,LOW_UTILIZATION
PRJ000687,Pothole Repair & Road Resurfacing at Ambala Block-1,ROAD_REPAIR,Shri Kartikeya Sharma (2022-28) (2022-2028),MP_00687,Haryana (RS),Haryana,HR,Ambala,HR_AMBALA,Block-1,Locality-1,5010000.0,5010000.0,2023-04-02,2023-04-21,2024-02-14,,Ongoing,67.4,AGENCY_0042,28.60582,76.775183,COST_OVERRUN
PRJ000688,Bridge Deck Repair & Railing at Rohtak Block-2,ROAD_REPAIR,Shri Kartikeya Sharma (2022-28) (2022-2028),MP_00688,Haryana (RS),Haryana,HR,Rohtak,HR_ROHTAK,Block-2,Locality-2,6950000.0,6950000.0,2023-08-24,2023-09-24,2024-09-13,,Ongoing,76.8,AGENCY_0042,29.7979,75.742925,NORMAL
PRJ000689,Box Culvert Bridge at Kolasib Block-1 Nala,BRIDGE,Shri Khiangte Laltluangkima (2026-32) (2026-2032),MP_00689,Mizoram (RS),Mizoram,MZ,Kolasib,MZ_KOLASIB,Block-1,Locality-1,7970000.0,7970000.0,2023-02-22,2023-03-13,2023-11-25,,Sanctioned,51.2,AGENCY_0099,23.707815,93.009833,NORMAL
PRJ000690,Rooftop Solar Panel Installation at Mamit Block-2 Government Building,SOLAR_ENERGY,Shri Khiangte Laltluangkima (2026-32) (2026-2032),MP_00690,Mizoram (RS),Mizoram,MZ,Mamit,MZ_MAMIT,Block-2,Locality-2,1860000.0,1860000.0,2023-02-08,2023-03-25,2023-12-08,,Ongoing,46.6,AGENCY_0098,23.743023,92.633974,DUPLICATE_PAYMENT
PRJ000691,Solid Waste Processing Plant at Serchhip Block-3,SANITATION,Shri Khiangte Laltluangkima (2026-32) (2026-2032),MP_00691,Mizoram (RS),Mizoram,MZ,Serchhip,MZ_SERCHHIP,Block-3,Locality-3,2170000.0,2170000.0,2023-02-21,2023-03-08,2023-09-20,,Ongoing,52.7,AGENCY_0098,23.04803,92.374777,COST_OVERRUN
PRJ000692,Concrete Village Connecting Road at Mamit Block-4,ROAD_CONSTRUCTION,Shri Khiangte Laltluangkima (2026-32) (2026-2032),MP_00692,Mizoram (RS),Mizoram,MZ,Mamit,MZ_MAMIT,Block-4,Locality-4,5330000.0,5330000.0,2022-08-20,2022-09-15,2023-07-06,,Ongoing,51.2,AGENCY_0097,23.117778,93.53137,DUPLICATE_PAYMENT
PRJ000693,School Boundary Wall & Sanitation Block at Mysuru Block-1,SCHOOL_INFRASTRUCTURE,G. KUMAR NAIK,MP_00693,RAICHUR(ST),Karnataka,KA,Mysuru,KA_MYSURU,Block-1,Locality-1,5680000.0,5680000.0,2022-05-31,2022-07-08,2023-07-06,,Ongoing,49.0,AGENCY_0022,15.1723,75.822969,DOCUMENT_MISMATCH
PRJ000694,Multi-purpose Sports Ground Levelling at Kalaburagi Block-2,SPORTS_FACILITY,G. KUMAR NAIK,MP_00694,RAICHUR(ST),Karnataka,KA,Kalaburagi,KA_KALABURAGI,Block-2,Locality-2,1560000.0,1560000.0,2023-05-15,2023-06-28,2024-04-17,,Sanctioned,79.8,AGENCY_0022,15.976507,76.062708,NORMAL
PRJ000695,Flood Control Channel at Bengaluru Block-3,DRAINAGE,G. KUMAR NAIK,MP_00695,RAICHUR(ST),Karnataka,KA,Bengaluru,KA_BENGALURU,Block-3,Locality-3,7280000.0,7280000.0,2022-10-27,2022-12-02,2022-07-18,,Ongoing,34.0,AGENCY_0022,15.244706,75.331736,PROJECT_DELAY
PRJ000696,Borewell Drilling & Submersible Pump Supply at Mysuru Block-4,WATER_SUPPLY,G. KUMAR NAIK,MP_00696,RAICHUR(ST),Karnataka,KA,Mysuru,KA_MYSURU,Block-4,Locality-4,5320000.0,5320000.0,2022-09-24,2022-10-15,2023-09-22,,Ongoing,60.0,AGENCY_0022,15.30349,75.074816,NORMAL
PRJ000697,School Boundary Wall & Sanitation Block at Sambalpur Block-1,SCHOOL_INFRASTRUCTURE,DR. PRADEEP KUMAR PANIGRAHY,MP_00697,BERHAMPUR,Odisha,OD,Sambalpur,OD_SAMBALPUR,Block-1,Locality-1,7570000.0,7570000.0,2023-09-21,2023-10-26,2024-04-25,,Ongoing,37.8,AGENCY_0062,21.094711,84.92516,COST_OVERRUN
PRJ000698,Construction of Additional Classrooms at Berhampur Block-2 Government School,SCHOOL_INFRASTRUCTURE,DR. PRADEEP KUMAR PANIGRAHY,MP_00698,BERHAMPUR,Odisha,OD,Berhampur,OD_BERHAMPUR,Block-2,Locality-2,2210000.0,2210000.0,2023-08-09,2023-09-17,2022-08-04,,Ongoing,37.1,AGENCY_0063,21.287237,84.380336,PROJECT_DELAY
PRJ000699,Rooftop Solar Panel Installation at Berhampur Block-3 Government Building,SOLAR_ENERGY,DR. PRADEEP KUMAR PANIGRAHY,MP_00699,BERHAMPUR,Odisha,OD,Berhampur,OD_BERHAMPUR,Block-3,Locality-3,5230000.0,5230000.0,2022-10-28,2022-11-26,2023-09-01,2023-09-01,Completed,100.0,AGENCY_0064,20.454722,85.358806,NORMAL
PRJ000700,Multi-purpose Sports Ground Levelling at Sambalpur Block-4,SPORTS_FACILITY,DR. PRADEEP KUMAR PANIGRAHY,MP_00700,BERHAMPUR,Odisha,OD,Sambalpur,OD_SAMBALPUR,Block-4,Locality-4,7190000.0,7190000.0,2023-04-10,2023-05-12,2024-02-27,,Ongoing,48.2,AGENCY_0062,21.264878,85.203603,COST_OVERRUN
PRJ000701,Market Public Toilet Unit at Berhampur Block-5,PUBLIC_TOILET,DR. PRADEEP KUMAR PANIGRAHY,MP_00701,BERHAMPUR,Odisha,OD,Berhampur,OD_BERHAMPUR,Block-5,Locality-5,5190000.0,5190000.0,2023-05-01,2023-05-28,2024-03-17,,Ongoing,9.7,AGENCY_0062,21.311367,85.306596,FIN_PHYS_MISMATCH
PRJ000702,Indoor Sports Hall at Nagpur Block-1,SPORTS_FACILITY,Shri Sanjay Raut (2022-28) (2022-2028),MP_00702,Maharashtra (RS),Maharashtra,MH,Nagpur,MH_NAGPUR,Block-1,Locality-1,3960000.0,3960000.0,2022-05-01,2022-06-08,2023-02-23,,Ongoing,34.3,AGENCY_0004,19.450558,76.511295,DUPLICATE_PAYMENT
PRJ000703,Rooftop Solar Panel Installation at Thane Block-2 Government Building,SOLAR_ENERGY,Shri Sanjay Raut (2022-28) (2022-2028),MP_00703,Maharashtra (RS),Maharashtra,MH,Thane,MH_THANE,Block-2,Locality-2,5800000.0,5800000.0,2023-05-27,2023-07-10,2024-05-21,,Sanctioned,22.6,AGENCY_0004,19.929326,74.942819,NORMAL
PRJ000704,Overhead Water Tank Construction & Pipeline Network at Thane Block-3,WATER_SUPPLY,Shri Sanjay Raut (2022-28) (2022-2028),MP_00704,Maharashtra (RS),Maharashtra,MH,Thane,MH_THANE,Block-3,Locality-3,7270000.0,7270000.0,2022-10-26,2022-11-16,2023-05-23,,Sanctioned,81.3,AGENCY_0004,20.453871,75.101781,NORMAL
PRJ000705,Solar High-Mast Street Lighting at Aurangabad Block-4,SOLAR_ENERGY,Shri Sanjay Raut (2022-28) (2022-2028),MP_00705,Maharashtra (RS),Maharashtra,MH,Aurangabad,MH_AURANGABAD,Block-4,Locality-4,6560000.0,6560000.0,2022-09-29,2022-10-19,2022-07-14,,Ongoing,10.3,AGENCY_0001,19.367611,75.525765,PROJECT_DELAY
PRJ000706,Market Public Toilet Unit at Rajkot Block-1,PUBLIC_TOILET,Jaswantsinh Sumanbhai Bhabhor,MP_00706,DAHOD(ST),Gujarat,GJ,Rajkot,GJ_RAJKOT,Block-1,Locality-1,5410000.0,5410000.0,2023-02-03,2023-03-14,2024-02-02,2024-02-02,Completed,100.0,AGENCY_0028,21.735069,71.062956,NORMAL
PRJ000707,Community Toilet Complex at Surat Block-2 Market Area,SANITATION,Jaswantsinh Sumanbhai Bhabhor,MP_00707,DAHOD(ST),Gujarat,GJ,Surat,GJ_SURAT,Block-2,Locality-2,2150000.0,2150000.0,2023-06-14,2023-07-14,2022-07-11,,Ongoing,38.8,AGENCY_0028,22.59775,70.816614,PROJECT_DELAY
PRJ000708,Passenger Bus Waiting Shelter at Rajkot Block-3,BUS_SHELTER,Jaswantsinh Sumanbhai Bhabhor,MP_00708,DAHOD(ST),Gujarat,GJ,Rajkot,GJ_RAJKOT,Block-3,Locality-3,7350000.0,7350000.0,2023-03-24,2023-05-05,2023-12-12,,Ongoing,13.9,AGENCY_0026,21.885425,71.596677,FIN_PHYS_MISMATCH
PRJ000709,School Boundary Wall & Sanitation Block at Surat Block-4,SCHOOL_INFRASTRUCTURE,Jaswantsinh Sumanbhai Bhabhor,MP_00709,DAHOD(ST),Gujarat,GJ,Surat,GJ_SURAT,Block-4,Locality-4,3250000.0,3250000.0,2022-05-18,2022-06-04,2023-03-21,,Ongoing,8.5,AGENCY_0026,22.578776,71.448233,FIN_PHYS_MISMATCH
PRJ000710,Multi-purpose Sports Ground Levelling at Ahmedabad Block-5,SPORTS_FACILITY,Jaswantsinh Sumanbhai Bhabhor,MP_00710,DAHOD(ST),Gujarat,GJ,Ahmedabad,GJ_AHMEDABAD,Block-5,Locality-5,4110000.0,4110000.0,2022-12-23,2023-02-04,2022-07-07,,Ongoing,12.4,AGENCY_0027,21.66173,70.805665,PROJECT_DELAY
PRJ000711,Ambulance Purchase for Ambala Block-1 Health Centre,HEALTHCARE,Shri Karamvir Singh Singh Boudh (2026-32) (2026-2032),MP_00711,Haryana (RS),Haryana,HR,Ambala,HR_AMBALA,Block-1,Locality-1,7500000.0,7500000.0,2022-08-05,2022-09-15,2023-05-01,,Ongoing,23.0,AGENCY_0042,28.930308,76.734575,NORMAL
PRJ000712,Covered Concrete Drain Network at Hisar Block-2,DRAINAGE,Shri Karamvir Singh Singh Boudh (2026-32) (2026-2032),MP_00712,Haryana (RS),Haryana,HR,Hisar,HR_HISAR,Block-2,Locality-2,1140000.0,1140000.0,2023-05-27,2023-06-29,2022-08-24,,Ongoing,35.9,AGENCY_0042,28.756637,75.763405,PROJECT_DELAY
PRJ000713,Multi-purpose Sports Ground Levelling at Panipat Block-3,SPORTS_FACILITY,Shri Karamvir Singh Singh Boudh (2026-32) (2026-2032),MP_00713,Haryana (RS),Haryana,HR,Panipat,HR_PANIPAT,Block-3,Locality-3,4680000.0,4680000.0,2022-12-13,2022-12-28,2022-06-09,,Ongoing,29.3,AGENCY_0041,28.511787,76.160275,PROJECT_DELAY
PRJ000714,Modern Steel Bus Canopy at Hisar Block-4 Junction,BUS_SHELTER,Shri Karamvir Singh Singh Boudh (2026-32) (2026-2032),MP_00714,Haryana (RS),Haryana,HR,Hisar,HR_HISAR,Block-4,Locality-4,6330000.0,6330000.0,2022-10-14,2022-11-12,2023-08-21,2023-08-21,Completed,100.0,AGENCY_0044,29.851508,75.672653,NORMAL
PRJ000715,Medical Equipment Procurement for Agra Block-1 PHC,HEALTHCARE,PRAVEEN PATEL,MP_00715,PHULPUR,Uttar Pradesh,UP,Agra,UP_AGRA,Block-1,Locality-1,5220000.0,5220000.0,2023-07-10,2023-08-16,2024-07-03,,Ongoing,35.5,AGENCY_0010,26.251732,81.582362,VENDOR_COLLUSION
PRJ000716,Solar High-Mast Street Lighting at Kanpur Block-2,SOLAR_ENERGY,PRAVEEN PATEL,MP_00716,PHULPUR,Uttar Pradesh,UP,Kanpur,UP_KANPUR,Block-2,Locality-2,6010000.0,6010000.0,2023-11-07,2023-12-18,2024-06-19,,Ongoing,48.2,AGENCY_0012,26.714882,80.796935,DOCUMENT_MISMATCH
PRJ000717,Overhead Water Tank Construction & Pipeline Network at Meerut Block-3,WATER_SUPPLY,PRAVEEN PATEL,MP_00717,PHULPUR,Uttar Pradesh,UP,Meerut,UP_MEERUT,Block-3,Locality-3,4760000.0,4760000.0,2023-09-09,2022-05-17,2023-01-29,,Ongoing,4.4,AGENCY_0010,26.483995,80.841784,LOW_UTILIZATION
PRJ000718,Rooftop Solar Panel Installation at Kanpur Block-4 Government Building,SOLAR_ENERGY,PRAVEEN PATEL,MP_00718,PHULPUR,Uttar Pradesh,UP,Kanpur,UP_KANPUR,Block-4,Locality-4,6670000.0,6670000.0,2023-07-25,2023-08-31,2024-05-01,,Ongoing,45.6,AGENCY_0010,27.112985,81.206136,VENDOR_COLLUSION
PRJ000719,Covered Concrete Drain Network at Agra Block-5,DRAINAGE,PRAVEEN PATEL,MP_00719,PHULPUR,Uttar Pradesh,UP,Agra,UP_AGRA,Block-5,Locality-5,4670000.0,4670000.0,2023-06-15,2023-07-02,2024-02-06,,Ongoing,37.6,AGENCY_0012,27.256838,81.507224,NORMAL
PRJ000720,Maternity Ward Upgradation at Dehradun Block-1 District Hospital,HEALTHCARE,Shri Mahendra Bhatt (2024-30) (2024-2030),MP_00720,Uttarakhand (RS),Uttarakhand,UK,Dehradun,UK_DEHRADUN,Block-1,Locality-1,5400000.0,5400000.0,2022-05-11,2022-05-26,2023-04-11,,Ongoing,78.6,AGENCY_0084,29.402724,79.028884,NORMAL
PRJ000721,Bridge Deck Repair & Railing at Rishikesh Block-2,ROAD_REPAIR,Shri Mahendra Bhatt (2024-30) (2024-2030),MP_00721,Uttarakhand (RS),Uttarakhand,UK,Rishikesh,UK_RISHIKESH,Block-2,Locality-2,6670000.0,6670000.0,2022-11-07,2022-11-28,2023-07-17,2023-07-17,Completed,100.0,AGENCY_0081,30.086156,79.111753,NORMAL
PRJ000722,Concrete Village Connecting Road at Dehradun Block-3,ROAD_CONSTRUCTION,Shri Mahendra Bhatt (2024-30) (2024-2030),MP_00722,Uttarakhand (RS),Uttarakhand,UK,Dehradun,UK_DEHRADUN,Block-3,Locality-3,4310000.0,4310000.0,2023-05-06,2023-06-09,2023-12-18,,Ongoing,51.3,AGENCY_0081,30.72691,79.41856,NORMAL
PRJ000723,Concrete Village Connecting Road at Meerut Block-1,ROAD_CONSTRUCTION,Kamlesh Paswan,MP_00723,BANSGAON(SC),Uttar Pradesh,UP,Meerut,UP_MEERUT,Block-1,Locality-1,4410000.0,4410000.0,2023-11-06,2023-12-06,2024-08-17,,Sanctioned,78.9,AGENCY_0012,26.248885,80.409666,NORMAL
PRJ000724,RCC Underground Sewage Network at Agra Block-2,SANITATION,Kamlesh Paswan,MP_00724,BANSGAON(SC),Uttar Pradesh,UP,Agra,UP_AGRA,Block-2,Locality-2,1910000.0,1910000.0,2022-10-25,2022-11-18,2023-08-01,2023-08-01,Completed,100.0,AGENCY_0009,27.334682,81.38151,NORMAL
PRJ000725,Road Widening & Strengthening at Varanasi Block-3,ROAD_REPAIR,Kamlesh Paswan,MP_00725,BANSGAON(SC),Uttar Pradesh,UP,Varanasi,UP_VARANASI,Block-3,Locality-3,1790000.0,1790000.0,2022-08-22,2022-09-09,2023-06-06,2023-06-06,Completed,100.0,AGENCY_0012,27.080339,80.159183,NORMAL
PRJ000726,Construction of Additional Classrooms at Varanasi Block-4 Government School,SCHOOL_INFRASTRUCTURE,Kamlesh Paswan,MP_00726,BANSGAON(SC),Uttar Pradesh,UP,Varanasi,UP_VARANASI,Block-4,Locality-4,6030000.0,6030000.0,2022-11-15,2022-12-19,2023-08-31,,Ongoing,17.9,AGENCY_0010,26.704099,80.243363,FIN_PHYS_MISMATCH
PRJ000727,Community Toilet Complex at Nagpur Block-1 Market Area,SANITATION,BALWANT BASWANT WANKHADE,MP_00727,AMRAVATI(SC),Maharashtra,MH,Nagpur,MH_NAGPUR,Block-1,Locality-1,5990000.0,5990000.0,2023-04-21,2023-05-22,2024-01-24,,Ongoing,69.2,AGENCY_0002,20.515186,75.039799,COST_OVERRUN
PRJ000728,Storm Water Drain Construction at Aurangabad Block-2,DRAINAGE,BALWANT BASWANT WANKHADE,MP_00728,AMRAVATI(SC),Maharashtra,MH,Aurangabad,MH_AURANGABAD,Block-2,Locality-2,1980000.0,1980000.0,2023-08-27,2023-09-22,2024-04-10,,Ongoing,79.1,AGENCY_0004,20.21569,75.041422,NORMAL
PRJ000729,Multi-purpose Sports Ground Levelling at Pune Block-3,SPORTS_FACILITY,BALWANT BASWANT WANKHADE,MP_00729,AMRAVATI(SC),Maharashtra,MH,Pune,MH_PUNE,Block-3,Locality-3,1630000.0,1630000.0,2023-08-01,2023-08-26,2024-03-02,,Ongoing,9.0,AGENCY_0002,20.275301,76.330636,FIN_PHYS_MISMATCH
PRJ000730,Digital Smart Classroom & IT Lab Setup at Raipur Block-1,SCHOOL_INFRASTRUCTURE,Smt. Ranjeet Ranjan (2022-28) (2022-2028),MP_00730,Chhattisgarh (RS),Chhattisgarh,CG,Raipur,CG_RAIPUR,Block-1,Locality-1,1610000.0,1610000.0,2023-10-19,2023-11-24,2022-08-27,,Ongoing,29.3,AGENCY_0078,21.766068,81.352879,PROJECT_DELAY
PRJ000731,School Boundary Wall & Sanitation Block at Bilaspur Block-2,SCHOOL_INFRASTRUCTURE,Smt. Ranjeet Ranjan (2022-28) (2022-2028),MP_00731,Chhattisgarh (RS),Chhattisgarh,CG,Bilaspur,CG_BILASPUR,Block-2,Locality-2,2940000.0,2940000.0,2022-06-11,2022-07-25,2023-04-30,2023-04-30,Completed,100.0,AGENCY_0078,20.672543,81.111058,NORMAL
PRJ000732,Community Toilet Complex at Rajnandgaon Block-3 Market Area,SANITATION,Smt. Ranjeet Ranjan (2022-28) (2022-2028),MP_00732,Chhattisgarh (RS),Chhattisgarh,CG,Rajnandgaon,CG_RAJNANDGAON,Block-3,Locality-3,6670000.0,6670000.0,2022-08-28,2022-09-13,2023-06-06,,Ongoing,68.1,AGENCY_0078,20.582842,81.944278,COST_OVERRUN
PRJ000733,Road Widening & Strengthening at Vasco Block-1,ROAD_REPAIR,Shri Sadanand Mhalu Shet Tanavade (2023-29) (2023-2029),MP_00733,Goa (RS),Goa,GA,Vasco,GA_VASCO,Block-1,Locality-1,3070000.0,3070000.0,2022-04-07,2022-05-05,2023-01-07,,Ongoing,52.8,AGENCY_0090,14.78587,73.557833,COST_OVERRUN
PRJ000734,Modern Steel Bus Canopy at Ponda Block-2 Junction,BUS_SHELTER,Shri Sadanand Mhalu Shet Tanavade (2023-29) (2023-2029),MP_00734,Goa (RS),Goa,GA,Ponda,GA_PONDA,Block-2,Locality-2,6910000.0,6910000.0,2022-12-26,2023-01-26,2023-08-26,,Sanctioned,26.1,AGENCY_0090,15.022867,73.429379,NORMAL
PRJ000735,Passenger Bus Waiting Shelter at Mapusa Block-3,BUS_SHELTER,Shri Sadanand Mhalu Shet Tanavade (2023-29) (2023-2029),MP_00735,Goa (RS),Goa,GA,Mapusa,GA_MAPUSA,Block-3,Locality-3,670000.0,670000.0,2023-06-27,2023-08-03,2024-06-29,,Ongoing,35.4,AGENCY_0090,14.797355,74.746607,DOCUMENT_MISMATCH
PRJ000736,Solar Micro-Grid for Margao Block-4 Village Power Supply,SOLAR_ENERGY,Shri Sadanand Mhalu Shet Tanavade (2023-29) (2023-2029),MP_00736,Goa (RS),Goa,GA,Margao,GA_MARGAO,Block-4,Locality-4,2430000.0,2430000.0,2022-08-19,2022-09-05,2023-05-12,,Ongoing,71.4,AGENCY_0092,14.77696,73.6951,NORMAL
PRJ000737,Overhead Water Tank Construction & Pipeline Network at Tezpur Block-1,WATER_SUPPLY,Shri Kanad Purkayastha (2025-31) (2025-2031),MP_00737,Assam (RS),Assam,AS,Tezpur,AS_TEZPUR,Block-1,Locality-1,7630000.0,7630000.0,2022-08-06,2022-09-20,2023-06-19,,Ongoing,50.7,AGENCY_0066,25.665962,92.858578,NORMAL
PRJ000738,Village Auditorium & Public Address System at Dibrugarh Block-2,COMMUNITY_HALL,Shri Kanad Purkayastha (2025-31) (2025-2031),MP_00738,Assam (RS),Assam,AS,Dibrugarh,AS_DIBRUGARH,Block-2,Locality-2,2690000.0,2690000.0,2023-07-03,2023-08-05,2024-04-10,,Ongoing,14.1,AGENCY_0066,26.39319,93.141224,FIN_PHYS_MISMATCH
PRJ000739,Borewell Drilling & Submersible Pump Supply at Nagaon Block-3,WATER_SUPPLY,Shri Kanad Purkayastha (2025-31) (2025-2031),MP_00739,Assam (RS),Assam,AS,Nagaon,AS_NAGAON,Block-3,Locality-3,1160000.0,1160000.0,2023-07-28,2023-08-29,2024-05-10,,Ongoing,56.9,AGENCY_0068,26.437234,92.71335,NORMAL
PRJ000740,Pothole Repair & Road Resurfacing at Jorhat Block-4,ROAD_REPAIR,Shri Kanad Purkayastha (2025-31) (2025-2031),MP_00740,Assam (RS),Assam,AS,Jorhat,AS_JORHAT,Block-4,Locality-4,3430000.0,3430000.0,2023-09-12,2023-10-18,2024-06-01,2024-06-01,Completed,100.0,AGENCY_0068,25.682508,92.613693,NORMAL
PRJ000741,Rooftop Solar Panel Installation at Rangpo Block-1 Government Building,SOLAR_ENERGY,Indra Hang Subba,MP_00741,SIKKIM,Sikkim,SK,Rangpo,SK_RANGPO,Block-1,Locality-1,1790000.0,1790000.0,2023-05-18,2023-06-09,2024-02-07,2024-02-07,Completed,100.0,AGENCY_0103,27.657969,88.569434,NORMAL
PRJ000742,Children Playground Equipment at Gyalshing Block-2 Park,SPORTS_FACILITY,Indra Hang Subba,MP_00742,SIKKIM,Sikkim,SK,Gyalshing,SK_GYALSHING,Block-2,Locality-2,7720000.0,7720000.0,2022-12-10,2023-01-05,2023-10-06,,Ongoing,46.6,AGENCY_0102,28.184387,89.273846,COST_OVERRUN
PRJ000743,Public Sanitation Complex at Namchi Block-3 Bus Stand,PUBLIC_TOILET,Indra Hang Subba,MP_00743,SIKKIM,Sikkim,SK,Namchi,SK_NAMCHI,Block-3,Locality-3,820000.0,820000.0,2022-08-24,2022-09-21,2023-09-21,,Sanctioned,32.5,AGENCY_0104,27.209595,88.853728,NORMAL
PRJ000744,Footbridge for Villagers at Namchi Block-4,BRIDGE,Indra Hang Subba,MP_00744,SIKKIM,Sikkim,SK,Namchi,SK_NAMCHI,Block-4,Locality-4,1730000.0,1730000.0,2023-03-13,2023-04-19,2024-03-19,,Ongoing,34.6,AGENCY_0103,27.731577,88.5119,DOCUMENT_MISMATCH
PRJ000745,Construction of Additional Classrooms at Jorethang Block-5 Government School,SCHOOL_INFRASTRUCTURE,Indra Hang Subba,MP_00745,SIKKIM,Sikkim,SK,Jorethang,SK_JORETHANG,Block-5,Locality-5,740000.0,740000.0,2023-10-24,2023-11-21,2024-08-04,,Ongoing,6.0,AGENCY_0102,27.085142,88.242278,FIN_PHYS_MISMATCH
PRJ000746,Medical Equipment Procurement for Kota Block-1 PHC,HEALTHCARE,Gajendra Singh Shekhawat,MP_00746,JODHPUR,Rajasthan,RJ,Kota,RJ_KOTA,Block-1,Locality-1,5720000.0,5720000.0,2022-10-20,2022-11-05,2023-08-11,,Ongoing,34.5,AGENCY_0031,27.317195,74.511229,NORMAL
PRJ000747,Digital Smart Classroom & IT Lab Setup at Kota Block-2,SCHOOL_INFRASTRUCTURE,Gajendra Singh Shekhawat,MP_00747,JODHPUR,Rajasthan,RJ,Kota,RJ_KOTA,Block-2,Locality-2,850000.0,850000.0,2023-02-28,2023-03-22,2024-03-10,,Sanctioned,59.0,AGENCY_0032,26.783728,73.825004,NORMAL
PRJ000748,Rooftop Solar Panel Installation at Allahabad Block-1 Government Building,SOLAR_ENERGY,ARUN GOVIL,MP_00748,MEERUT,Uttar Pradesh,UP,Allahabad,UP_ALLAHABAD,Block-1,Locality-1,2840000.0,2840000.0,2022-12-21,2023-01-30,2023-08-13,,Ongoing,49.4,AGENCY_0009,26.623261,81.689584,NORMAL
PRJ000749,Inter-village Link Road Construction at Meerut Block-2,ROAD_CONSTRUCTION,ARUN GOVIL,MP_00749,MEERUT,Uttar Pradesh,UP,Meerut,UP_MEERUT,Block-2,Locality-2,4570000.0,4570000.0,2022-04-08,2022-05-18,2023-01-09,,Ongoing,45.8,AGENCY_0009,26.056852,80.23901,DOCUMENT_MISMATCH
PRJ000750,Concrete Village Connecting Road at Allahabad Block-3,ROAD_CONSTRUCTION,ARUN GOVIL,MP_00750,MEERUT,Uttar Pradesh,UP,Allahabad,UP_ALLAHABAD,Block-3,Locality-3,5270000.0,5270000.0,2023-09-28,2023-10-20,2024-06-28,,Ongoing,9.5,AGENCY_0010,27.037802,80.383851,FIN_PHYS_MISMATCH
PRJ000751,Village Auditorium & Public Address System at Kanpur Block-4,COMMUNITY_HALL,ARUN GOVIL,MP_00751,MEERUT,Uttar Pradesh,UP,Kanpur,UP_KANPUR,Block-4,Locality-4,1530000.0,1530000.0,2022-07-20,2022-08-16,2023-03-03,,Ongoing,38.2,AGENCY_0010,26.446382,80.804965,COST_OVERRUN
PRJ000752,Passenger Bus Waiting Shelter at Siliguri Block-1,BUS_SHELTER,ARUP CHAKRABORTY,MP_00752,BANKURA,West Bengal,WB,Siliguri,WB_SILIGURI,Block-1,Locality-1,1940000.0,1940000.0,2023-08-24,2023-09-20,2024-07-19,,Sanctioned,75.0,AGENCY_0014,22.747207,88.434671,NORMAL
PRJ000753,Inter-village Link Road Construction at Asansol Block-2,ROAD_CONSTRUCTION,ARUP CHAKRABORTY,MP_00753,BANKURA,West Bengal,WB,Asansol,WB_ASANSOL,Block-2,Locality-2,6880000.0,6880000.0,2023-08-20,2023-09-26,2022-06-05,,Ongoing,30.2,AGENCY_0015,23.612475,88.590925,PROJECT_DELAY
PRJ000754,Children Playground Equipment at Asansol Block-3 Park,SPORTS_FACILITY,ARUP CHAKRABORTY,MP_00754,BANKURA,West Bengal,WB,Asansol,WB_ASANSOL,Block-3,Locality-3,6490000.0,6490000.0,2022-06-27,2022-07-18,2023-04-01,,Ongoing,44.6,AGENCY_0014,23.452979,87.986683,COST_OVERRUN
PRJ000755,Modern Steel Bus Canopy at Gangtok Block-1 Junction,BUS_SHELTER,Shri Dorjee Tshering Lepcha (2024-30) (2024-2030),MP_00755,Sikkim (RS),Sikkim,SK,Gangtok,SK_GANGTOK,Block-1,Locality-1,2490000.0,2490000.0,2022-12-02,2023-01-14,2023-08-19,,Ongoing,49.4,AGENCY_0101,27.235666,88.27043,DUPLICATE_PAYMENT
PRJ000756,Flood Control Channel at Gyalshing Block-2,DRAINAGE,Shri Dorjee Tshering Lepcha (2024-30) (2024-2030),MP_00756,Sikkim (RS),Sikkim,SK,Gyalshing,SK_GYALSHING,Block-2,Locality-2,2450000.0,2450000.0,2022-12-30,2023-01-15,2023-07-14,,Ongoing,48.9,AGENCY_0102,27.961145,88.373691,COST_OVERRUN
PRJ000757,Flood Control Channel at Hubballi Block-1,DRAINAGE,H.D. KUMARASWAMY,MP_00757,MANDYA,Karnataka,KA,Hubballi,KA_HUBBALLI,Block-1,Locality-1,5710000.0,5710000.0,2022-10-29,2022-11-24,2023-10-02,,Ongoing,79.3,AGENCY_0024,15.42754,76.184831,NORMAL
PRJ000758,Installation of RO Drinking Water Plant at Mangaluru Block-2,WATER_SUPPLY,H.D. KUMARASWAMY,MP_00758,MANDYA,Karnataka,KA,Mangaluru,KA_MANGALURU,Block-2,Locality-2,1500000.0,1500000.0,2022-12-12,2023-01-08,2023-08-08,,Sanctioned,20.7,AGENCY_0022,14.529736,75.251377,NORMAL
PRJ000759,Village Auditorium & Public Address System at Bengaluru Block-3,COMMUNITY_HALL,H.D. KUMARASWAMY,MP_00759,MANDYA,Karnataka,KA,Bengaluru,KA_BENGALURU,Block-3,Locality-3,7500000.0,7500000.0,2023-06-01,2023-06-26,2024-04-12,,Ongoing,46.2,AGENCY_0022,15.143289,76.150135,COST_OVERRUN
PRJ000760,Bridge Deck Repair & Railing at Hubballi Block-4,ROAD_REPAIR,H.D. KUMARASWAMY,MP_00760,MANDYA,Karnataka,KA,Hubballi,KA_HUBBALLI,Block-4,Locality-4,4160000.0,4160000.0,2022-09-28,2022-10-29,2022-07-02,,Ongoing,16.0,AGENCY_0024,15.585897,75.205293,PROJECT_DELAY
PRJ000761,Box Culvert Bridge at Belagavi Block-5 Nala,BRIDGE,H.D. KUMARASWAMY,MP_00761,MANDYA,Karnataka,KA,Belagavi,KA_BELAGAVI,Block-5,Locality-5,6840000.0,6840000.0,2023-10-08,2023-10-26,2024-06-06,,Sanctioned,25.2,AGENCY_0023,15.059143,75.927032,NORMAL
PRJ000762,Rooftop Solar Panel Installation at Asansol Block-1 Government Building,SOLAR_ENERGY,Smt Satabdi Roy (Banerjee),MP_00762,BIRBHUM,West Bengal,WB,Asansol,WB_ASANSOL,Block-1,Locality-1,1790000.0,1790000.0,2023-05-25,2023-06-11,2024-05-27,2024-05-27,Completed,100.0,AGENCY_0014,22.603011,87.638429,NORMAL
PRJ000763,Village Bus Stand & Commuter Amenities at Siliguri Block-2,BUS_SHELTER,Smt Satabdi Roy (Banerjee),MP_00763,BIRBHUM,West Bengal,WB,Siliguri,WB_SILIGURI,Block-2,Locality-2,2410000.0,2410000.0,2023-09-15,2023-10-12,2024-06-08,,Ongoing,61.4,AGENCY_0014,23.185613,87.673513,NORMAL
PRJ000764,Bituminous Road Construction from Gaya Block-1 to Panchayat HQ,ROAD_CONSTRUCTION,Alok Kumar Suman,MP_00764,GOPALGANJ (SC),Bihar,BR,Gaya,BR_GAYA,Block-1,Locality-1,3810000.0,3810000.0,2022-06-20,2022-07-10,2023-06-17,2023-06-17,Completed,100.0,AGENCY_0019,25.26413,85.368555,NORMAL
PRJ000765,RCC Underground Sewage Network at Darbhanga Block-2,SANITATION,Alok Kumar Suman,MP_00765,GOPALGANJ (SC),Bihar,BR,Darbhanga,BR_DARBHANGA,Block-2,Locality-2,6050000.0,6050000.0,2022-12-01,2022-12-29,2023-12-13,2023-12-13,Completed,100.0,AGENCY_0018,25.83239,85.620263,NORMAL
PRJ000766,Borewell Drilling & Submersible Pump Supply at Aurangabad Block-3,WATER_SUPPLY,Alok Kumar Suman,MP_00766,GOPALGANJ (SC),Bihar,BR,Aurangabad,BR_AURANGABAD,Block-3,Locality-3,1060000.0,1060000.0,2023-02-13,2023-03-15,2022-06-11,,Ongoing,25.5,AGENCY_0018,25.464461,85.61766,PROJECT_DELAY
PRJ000767,Borewell Drilling & Submersible Pump Supply at Bhagalpur Block-4,WATER_SUPPLY,Alok Kumar Suman,MP_00767,GOPALGANJ (SC),Bihar,BR,Bhagalpur,BR_BHAGALPUR,Block-4,Locality-4,7260000.0,7260000.0,2023-01-03,2023-01-29,2023-11-10,,Ongoing,37.5,AGENCY_0020,25.515674,85.220579,DUPLICATE_PAYMENT
PRJ000768,Road Widening & Strengthening at Tirunelveli Block-1,ROAD_REPAIR,Shri R. Girirajan (2022-28) (2022-2028),MP_00768,Tamil Nadu (RS),Tamil Nadu,TN,Tirunelveli,TN_TIRUNELVELI,Block-1,Locality-1,1640000.0,1640000.0,2022-06-18,2022-07-30,2023-03-07,,Ongoing,13.9,AGENCY_0006,11.210048,78.869448,FIN_PHYS_MISMATCH
PRJ000769,Flood Control Channel at Coimbatore Block-2,DRAINAGE,Shri R. Girirajan (2022-28) (2022-2028),MP_00769,Tamil Nadu (RS),Tamil Nadu,TN,Coimbatore,TN_COIMBATORE,Block-2,Locality-2,5130000.0,5130000.0,2023-05-27,2023-07-02,2024-05-11,2024-05-11,Completed,100.0,AGENCY_0007,10.757615,78.352029,NORMAL
PRJ000770,Covered Concrete Drain Network at Thane Block-1,DRAINAGE,VISHAL,MP_00770,SANGLI,Maharashtra,MH,Thane,MH_THANE,Block-1,Locality-1,6450000.0,6450000.0,2023-08-06,2023-09-04,2024-08-22,,Ongoing,37.2,AGENCY_0002,19.593773,75.303121,VENDOR_COLLUSION
PRJ000771,Ambulance Purchase for Nashik Block-2 Health Centre,HEALTHCARE,VISHAL,MP_00771,SANGLI,Maharashtra,MH,Nashik,MH_NASHIK,Block-2,Locality-2,5750000.0,5750000.0,2022-08-14,2022-09-21,2023-04-14,,Ongoing,37.1,AGENCY_0001,19.770015,75.851528,NORMAL
PRJ000772,Digital Smart Classroom & IT Lab Setup at Kollam Block-1,SCHOOL_INFRASTRUCTURE,K RADHAKRISHNAN,MP_00772,ALATHUR(SC),Kerala,KL,Kollam,KL_KOLLAM,Block-1,Locality-1,7400000.0,7400000.0,2022-05-25,2022-07-07,2022-07-04,,Ongoing,19.5,AGENCY_0034,7.776146,77.068945,PROJECT_DELAY
PRJ000773,Bridge Deck Repair & Railing at Kochi Block-2,ROAD_REPAIR,K RADHAKRISHNAN,MP_00773,ALATHUR(SC),Kerala,KL,Kochi,KL_KOCHI,Block-2,Locality-2,1780000.0,1780000.0,2022-12-24,2023-01-23,2023-08-28,,Ongoing,45.4,AGENCY_0036,8.262965,77.039794,DOCUMENT_MISMATCH
PRJ000774,Medical Equipment Procurement for Madurai Block-1 PHC,HEALTHCARE,V S Matheswaran,MP_00774,NAMAKKAL,Tamil Nadu,TN,Madurai,TN_MADURAI,Block-1,Locality-1,6240000.0,6240000.0,2022-07-13,2022-08-11,2023-05-14,,Sanctioned,71.9,AGENCY_0005,10.677665,78.122237,NORMAL
PRJ000775,Flood Control Channel at Salem Block-2,DRAINAGE,V S Matheswaran,MP_00775,NAMAKKAL,Tamil Nadu,TN,Salem,TN_SALEM,Block-2,Locality-2,7510000.0,7510000.0,2023-06-15,2022-04-15,2022-11-09,,Ongoing,0.1,AGENCY_0005,11.242082,79.171367,LOW_UTILIZATION
PRJ000776,Flood Control Channel at Tirunelveli Block-3,DRAINAGE,V S Matheswaran,MP_00776,NAMAKKAL,Tamil Nadu,TN,Tirunelveli,TN_TIRUNELVELI,Block-3,Locality-3,3360000.0,3360000.0,2023-05-01,2023-06-07,2024-01-06,2024-01-06,Completed,100.0,AGENCY_0005,11.297647,78.770015,NORMAL
PRJ000777,Solid Waste Processing Plant at Coimbatore Block-4,SANITATION,V S Matheswaran,MP_00777,NAMAKKAL,Tamil Nadu,TN,Coimbatore,TN_COIMBATORE,Block-4,Locality-4,520000.0,520000.0,2023-04-18,2023-05-14,2024-03-12,,Ongoing,21.0,AGENCY_0008,11.920256,79.37315,NORMAL
PRJ000778,Maternity Ward Upgradation at Tirunelveli Block-5 District Hospital,HEALTHCARE,V S Matheswaran,MP_00778,NAMAKKAL,Tamil Nadu,TN,Tirunelveli,TN_TIRUNELVELI,Block-5,Locality-5,7310000.0,7310000.0,2022-11-12,2022-12-16,2023-08-08,,Ongoing,57.2,AGENCY_0007,11.230435,78.270563,NORMAL
PRJ000779,Storm Water Drain Construction at Jalandhar Block-1,DRAINAGE,DR DHARAMVIRA GANDHI,MP_00779,PATIALA,Punjab,PB,Jalandhar,PB_JALANDHAR,Block-1,Locality-1,3880000.0,3880000.0,2022-05-04,2022-05-25,2023-03-14,,Ongoing,16.4,AGENCY_0038,31.819796,75.097607,FIN_PHYS_MISMATCH
PRJ000780,Medical Equipment Procurement for Chandigarh Block-2 PHC,HEALTHCARE,DR DHARAMVIRA GANDHI,MP_00780,PATIALA,Punjab,PB,Chandigarh,PB_CHANDIGARH,Block-2,Locality-2,4170000.0,4170000.0,2023-01-23,2023-03-07,2024-02-19,,Sanctioned,27.8,AGENCY_0040,31.578046,75.098986,NORMAL
PRJ000781,Digital Smart Classroom & IT Lab Setup at Warangal Block-1,SCHOOL_INFRASTRUCTURE,DR.MALLU RAVI,MP_00781,NAGARKURNOOL(SC),Telangana,TS,Warangal,TS_WARANGAL,Block-1,Locality-1,4040000.0,4040000.0,2022-07-26,2022-08-26,2023-04-02,,Ongoing,9.6,AGENCY_0058,17.683849,78.927692,FIN_PHYS_MISMATCH
PRJ000782,Market Public Toilet Unit at Ramagundam Block-2,PUBLIC_TOILET,DR.MALLU RAVI,MP_00782,NAGARKURNOOL(SC),Telangana,TS,Ramagundam,TS_RAMAGUNDAM,Block-2,Locality-2,1980000.0,1980000.0,2022-09-15,2022-10-26,2022-06-15,,Ongoing,32.4,AGENCY_0059,17.480421,78.52845,PROJECT_DELAY
PRJ000783,Footbridge for Villagers at Karimnagar Block-3,BRIDGE,DR.MALLU RAVI,MP_00783,NAGARKURNOOL(SC),Telangana,TS,Karimnagar,TS_KARIMNAGAR,Block-3,Locality-3,4880000.0,4880000.0,2023-05-31,2023-07-05,2024-01-27,,Sanctioned,54.9,AGENCY_0058,18.101183,78.981675,NORMAL
PRJ000784,Storm Water Drain Construction at Hyderabad Block-4,DRAINAGE,DR.MALLU RAVI,MP_00784,NAGARKURNOOL(SC),Telangana,TS,Hyderabad,TS_HYDERABAD,Block-4,Locality-4,7710000.0,7710000.0,2023-05-09,2023-06-19,2024-01-26,,Ongoing,24.0,AGENCY_0057,18.426063,78.615217,NORMAL
PRJ000785,Bridge Deck Repair & Railing at Guntur Block-1,ROAD_REPAIR,Gumma Thanuja Rani,MP_00785,ARAKU(ST),Andhra Pradesh,AP,Guntur,AP_GUNTUR,Block-1,Locality-1,1460000.0,1460000.0,2023-11-10,2023-11-30,2024-09-20,,Ongoing,57.4,AGENCY_0053,16.059168,80.005608,DOCUMENT_MISMATCH
PRJ000786,Borewell Drilling & Submersible Pump Supply at Tirupati Block-2,WATER_SUPPLY,Gumma Thanuja Rani,MP_00786,ARAKU(ST),Andhra Pradesh,AP,Tirupati,AP_TIRUPATI,Block-2,Locality-2,7990000.0,7990000.0,2022-07-22,2022-08-15,2023-03-17,,Ongoing,48.7,AGENCY_0055,15.205261,80.008521,NORMAL
PRJ000787,Multi-purpose Sports Ground Levelling at Guntur Block-3,SPORTS_FACILITY,Gumma Thanuja Rani,MP_00787,ARAKU(ST),Andhra Pradesh,AP,Guntur,AP_GUNTUR,Block-3,Locality-3,3400000.0,3400000.0,2023-01-25,2023-02-12,2022-08-19,,Ongoing,13.5,AGENCY_0056,15.308939,80.141691,PROJECT_DELAY
PRJ000788,Multi-purpose Sports Ground Levelling at Kollam Block-1,SPORTS_FACILITY,Shri A. A. Rahim (2022-28) (2022-2028),MP_00788,Kerala (RS),Kerala,KL,Kollam,KL_KOLLAM,Block-1,Locality-1,4940000.0,4940000.0,2023-05-02,2023-05-28,2024-06-27,,Ongoing,38.3,AGENCY_0034,9.067923,77.002892,VENDOR_COLLUSION
PRJ000789,Pothole Repair & Road Resurfacing at Kochi Block-2,ROAD_REPAIR,Shri A. A. Rahim (2022-28) (2022-2028),MP_00789,Kerala (RS),Kerala,KL,Kochi,KL_KOCHI,Block-2,Locality-2,6830000.0,6830000.0,2022-06-25,2022-08-02,2023-03-07,2023-03-07,Completed,100.0,AGENCY_0034,9.137449,77.099379,NORMAL
PRJ000790,Installation of RO Drinking Water Plant at Madurai Block-1,WATER_SUPPLY,MALAIYARASAN D,MP_00790,KALLAKURICHI,Tamil Nadu,TN,Madurai,TN_MADURAI,Block-1,Locality-1,6310000.0,6310000.0,2022-04-08,2022-05-16,2022-06-15,,Ongoing,23.2,AGENCY_0006,11.391032,79.33419,PROJECT_DELAY
PRJ000791,Passenger Bus Waiting Shelter at Madurai Block-2,BUS_SHELTER,MALAIYARASAN D,MP_00791,KALLAKURICHI,Tamil Nadu,TN,Madurai,TN_MADURAI,Block-2,Locality-2,2210000.0,2210000.0,2022-08-20,2022-09-14,2023-04-17,2023-04-17,Completed,100.0,AGENCY_0007,11.229867,78.454919,NORMAL
PRJ000792,Multi-purpose Sports Ground Levelling at Coimbatore Block-3,SPORTS_FACILITY,MALAIYARASAN D,MP_00792,KALLAKURICHI,Tamil Nadu,TN,Coimbatore,TN_COIMBATORE,Block-3,Locality-3,1800000.0,1800000.0,2023-07-31,2023-08-25,2024-06-02,,Ongoing,46.7,AGENCY_0007,11.693077,78.971615,NORMAL
PRJ000793,Children Playground Equipment at Mumbai Block-1 Park,SPORTS_FACILITY,Shri Imran Pratapgarhi (2022-28) (2022-2028),MP_00793,Maharashtra (RS),Maharashtra,MH,Mumbai,MH_MUMBAI,Block-1,Locality-1,3780000.0,3780000.0,2022-11-05,2022-11-29,2023-06-26,,Ongoing,45.5,AGENCY_0002,20.161463,76.410429,COST_OVERRUN
PRJ000794,Borewell Drilling & Submersible Pump Supply at Pune Block-2,WATER_SUPPLY,Shri Imran Pratapgarhi (2022-28) (2022-2028),MP_00794,Maharashtra (RS),Maharashtra,MH,Pune,MH_PUNE,Block-2,Locality-2,3870000.0,3870000.0,2023-06-06,2023-06-28,2022-08-05,,Ongoing,35.4,AGENCY_0002,20.326688,76.149237,PROJECT_DELAY
PRJ000795,Construction of Additional Classrooms at Nashik Block-3 Government School,SCHOOL_INFRASTRUCTURE,Shri Imran Pratapgarhi (2022-28) (2022-2028),MP_00795,Maharashtra (RS),Maharashtra,MH,Nashik,MH_NASHIK,Block-3,Locality-3,2660000.0,2660000.0,2022-06-01,2022-07-02,2023-01-07,,Ongoing,6.6,AGENCY_0002,19.426352,75.453488,FIN_PHYS_MISMATCH
PRJ000796,Modern Steel Bus Canopy at Thane Block-4 Junction,BUS_SHELTER,Shri Imran Pratapgarhi (2022-28) (2022-2028),MP_00796,Maharashtra (RS),Maharashtra,MH,Thane,MH_THANE,Block-4,Locality-4,7560000.0,7560000.0,2023-03-10,2023-04-15,2023-12-01,2023-12-01,Completed,100.0,AGENCY_0004,19.996308,75.591042,NORMAL
PRJ000797,Multi-purpose Sports Ground Levelling at Thane Block-1,SPORTS_FACILITY,Hon'ble MP,MP_00797,Maharashtra,Maharashtra,MH,Thane,MH_THANE,Block-1,Locality-1,570000.0,570000.0,2023-10-12,2023-11-24,2024-11-25,,Ongoing,24.2,AGENCY_0002,19.48459,76.472942,VENDOR_COLLUSION
PRJ000798,Public Sanitation Complex at Nashik Block-2 Bus Stand,PUBLIC_TOILET,Hon'ble MP,MP_00798,Maharashtra,Maharashtra,MH,Nashik,MH_NASHIK,Block-2,Locality-2,3220000.0,3220000.0,2023-06-18,2023-07-26,2024-06-20,,Ongoing,58.3,AGENCY_0004,19.926008,76.02395,NORMAL
PRJ000799,Bridge Deck Repair & Railing at Mumbai Block-3,ROAD_REPAIR,Hon'ble MP,MP_00799,Maharashtra,Maharashtra,MH,Mumbai,MH_MUMBAI,Block-3,Locality-3,1760000.0,1760000.0,2022-09-13,2022-10-04,2023-07-27,,Ongoing,47.9,AGENCY_0003,20.226829,74.99264,NORMAL
PRJ000800,Covered Concrete Drain Network at Nagpur Block-4,DRAINAGE,Hon'ble MP,MP_00800,Maharashtra,Maharashtra,MH,Nagpur,MH_NAGPUR,Block-4,Locality-4,2890000.0,2890000.0,2022-07-22,2022-09-03,2023-06-13,,Ongoing,55.3,AGENCY_0001,19.834639,75.139083,NORMAL
PRJ000801,Bituminous Road Construction from Surat Block-1 to Panchayat HQ,ROAD_CONSTRUCTION,BHARATBHAI MANUBHAI SUTARIYA,MP_00801,AMRELI,Gujarat,GJ,Surat,GJ_SURAT,Block-1,Locality-1,3920000.0,3920000.0,2022-07-14,2022-08-10,2023-04-14,,Ongoing,69.0,AGENCY_0026,22.894013,71.977471,COST_OVERRUN
PRJ000802,Panchayat Bhawan Construction at Surat Block-2,COMMUNITY_HALL,BHARATBHAI MANUBHAI SUTARIYA,MP_00802,AMRELI,Gujarat,GJ,Surat,GJ_SURAT,Block-2,Locality-2,4900000.0,4900000.0,2023-11-13,2023-12-11,2024-09-23,,Ongoing,38.5,AGENCY_0026,22.009155,70.825307,COST_OVERRUN
PRJ000803,Maternity Ward Upgradation at Gandhinagar Block-3 District Hospital,HEALTHCARE,BHARATBHAI MANUBHAI SUTARIYA,MP_00803,AMRELI,Gujarat,GJ,Gandhinagar,GJ_GANDHINAGAR,Block-3,Locality-3,2630000.0,2630000.0,2023-11-19,2024-01-03,2024-08-22,,Ongoing,6.2,AGENCY_0026,22.521963,71.036438,FIN_PHYS_MISMATCH
PRJ000804,Multipurpose Community Hall at Aurangabad Block-1,COMMUNITY_HALL,RAVINDRA DATTARAM WAIKAR,MP_00804,MUMBAI NORTH WEST,Maharashtra,MH,Aurangabad,MH_AURANGABAD,Block-1,Locality-1,1810000.0,1810000.0,2022-10-21,2022-11-07,2023-06-16,2023-06-16,Completed,100.0,AGENCY_0001,19.128476,75.315966,NORMAL
PRJ000805,Overhead Water Tank Construction & Pipeline Network at Pune Block-2,WATER_SUPPLY,RAVINDRA DATTARAM WAIKAR,MP_00805,MUMBAI NORTH WEST,Maharashtra,MH,Pune,MH_PUNE,Block-2,Locality-2,2010000.0,2010000.0,2023-07-26,2023-08-23,2024-04-15,,Ongoing,31.2,AGENCY_0004,19.882454,75.654496,NORMAL
PRJ000806,Bituminous Road Construction from Nagpur Block-3 to Panchayat HQ,ROAD_CONSTRUCTION,RAVINDRA DATTARAM WAIKAR,MP_00806,MUMBAI NORTH WEST,Maharashtra,MH,Nagpur,MH_NAGPUR,Block-3,Locality-3,7990000.0,7990000.0,2022-12-04,2023-01-12,2022-07-17,,Ongoing,16.8,AGENCY_0001,19.928526,74.996285,PROJECT_DELAY
PRJ000807,Maternity Ward Upgradation at Faridabad Block-1 District Hospital,HEALTHCARE,NAVEEN JINDAL,MP_00807,KURUKSHETRA,Haryana,HR,Faridabad,HR_FARIDABAD,Block-1,Locality-1,7320000.0,7320000.0,2022-09-14,2022-10-13,2022-07-07,,Ongoing,25.6,AGENCY_0044,28.275227,76.591071,PROJECT_DELAY
PRJ000808,Solar High-Mast Street Lighting at Hisar Block-2,SOLAR_ENERGY,NAVEEN JINDAL,MP_00808,KURUKSHETRA,Haryana,HR,Hisar,HR_HISAR,Block-2,Locality-2,7560000.0,7560000.0,2023-04-22,2023-05-11,2024-01-07,,Ongoing,32.4,AGENCY_0043,29.286718,75.63,DUPLICATE_PAYMENT
PRJ000809,Children Playground Equipment at Rohtak Block-3 Park,SPORTS_FACILITY,NAVEEN JINDAL,MP_00809,KURUKSHETRA,Haryana,HR,Rohtak,HR_ROHTAK,Block-3,Locality-3,1980000.0,1980000.0,2022-07-14,2022-08-08,2023-05-24,2023-05-24,Completed,100.0,AGENCY_0042,29.290479,75.994133,NORMAL
PRJ000810,Medical Equipment Procurement for Faridabad Block-4 PHC,HEALTHCARE,NAVEEN JINDAL,MP_00810,KURUKSHETRA,Haryana,HR,Faridabad,HR_FARIDABAD,Block-4,Locality-4,5040000.0,5040000.0,2023-07-16,2023-08-27,2024-05-17,,Ongoing,62.1,AGENCY_0042,29.619629,76.820508,NORMAL
PRJ000811,Community Toilet Complex at Ludhiana Block-1 Market Area,SANITATION,GURMEET SINGH MEET HAYER,MP_00811,SANGRUR,Punjab,PB,Ludhiana,PB_LUDHIANA,Block-1,Locality-1,5940000.0,5940000.0,2022-04-15,2022-05-14,2023-03-13,,Sanctioned,49.7,AGENCY_0040,31.164916,75.744607,NORMAL
PRJ000812,Village Auditorium & Public Address System at Amritsar Block-2,COMMUNITY_HALL,GURMEET SINGH MEET HAYER,MP_00812,SANGRUR,Punjab,PB,Amritsar,PB_AMRITSAR,Block-2,Locality-2,2640000.0,2640000.0,2022-10-31,2022-11-30,2022-08-07,,Ongoing,26.6,AGENCY_0039,30.911579,75.731006,PROJECT_DELAY
PRJ000813,Box Culvert Bridge at Ludhiana Block-3 Nala,BRIDGE,GURMEET SINGH MEET HAYER,MP_00813,SANGRUR,Punjab,PB,Ludhiana,PB_LUDHIANA,Block-3,Locality-3,4810000.0,4810000.0,2022-07-20,2022-08-13,2023-03-02,,Sanctioned,75.1,AGENCY_0040,30.665552,75.436001,NORMAL
PRJ000814,Installation of RO Drinking Water Plant at Jalandhar Block-4,WATER_SUPPLY,GURMEET SINGH MEET HAYER,MP_00814,SANGRUR,Punjab,PB,Jalandhar,PB_JALANDHAR,Block-4,Locality-4,3330000.0,3330000.0,2022-10-09,2022-11-17,2023-08-21,,Ongoing,59.4,AGENCY_0038,30.445969,75.315355,COST_OVERRUN
PRJ000815,Installation of RO Drinking Water Plant at Allahabad Block-1,WATER_SUPPLY,R.K. CHAUDHARY,MP_00815,MOHANLALGANJ(SC),Uttar Pradesh,UP,Allahabad,UP_ALLAHABAD,Block-1,Locality-1,4400000.0,4400000.0,2023-08-31,2023-09-21,2024-03-26,,Sanctioned,76.8,AGENCY_0010,27.637802,81.706049,NORMAL
PRJ000816,Multipurpose Community Hall at Kanpur Block-2,COMMUNITY_HALL,R.K. CHAUDHARY,MP_00816,MOHANLALGANJ(SC),Uttar Pradesh,UP,Kanpur,UP_KANPUR,Block-2,Locality-2,6330000.0,6330000.0,2022-04-24,2022-05-22,2023-03-09,,Ongoing,61.7,AGENCY_0010,26.518385,81.027287,NORMAL
PRJ000817,Multi-purpose Sports Ground Levelling at Allahabad Block-3,SPORTS_FACILITY,R.K. CHAUDHARY,MP_00817,MOHANLALGANJ(SC),Uttar Pradesh,UP,Allahabad,UP_ALLAHABAD,Block-3,Locality-3,4840000.0,4840000.0,2022-04-03,2022-05-05,2022-12-12,,Sanctioned,28.5,AGENCY_0012,26.494565,81.324195,NORMAL
PRJ000818,Solar High-Mast Street Lighting at Meerut Block-4,SOLAR_ENERGY,R.K. CHAUDHARY,MP_00818,MOHANLALGANJ(SC),Uttar Pradesh,UP,Meerut,UP_MEERUT,Block-4,Locality-4,690000.0,690000.0,2023-10-11,2023-11-12,2024-05-30,,Ongoing,55.2,AGENCY_0012,27.107323,80.729731,NORMAL
PRJ000819,Concrete Village Connecting Road at Lucknow Block-5,ROAD_CONSTRUCTION,R.K. CHAUDHARY,MP_00819,MOHANLALGANJ(SC),Uttar Pradesh,UP,Lucknow,UP_LUCKNOW,Block-5,Locality-5,5140000.0,5140000.0,2023-05-09,2023-06-07,2024-03-23,,Ongoing,47.5,AGENCY_0011,27.419708,80.821074,NORMAL
PRJ000820,Village Auditorium & Public Address System at Tirunelveli Block-1,COMMUNITY_HALL,GANAPATHY RAJKUMAR P,MP_00820,COIMBATORE,Tamil Nadu,TN,Tirunelveli,TN_TIRUNELVELI,Block-1,Locality-1,570000.0,570000.0,2023-06-14,2023-07-11,2024-01-14,,Sanctioned,61.3,AGENCY_0006,10.991399,78.761216,NORMAL
PRJ000821,Highway Toilet Block near Salem Block-2,PUBLIC_TOILET,GANAPATHY RAJKUMAR P,MP_00821,COIMBATORE,Tamil Nadu,TN,Salem,TN_SALEM,Block-2,Locality-2,2550000.0,2550000.0,2022-07-17,2022-08-13,2023-05-26,2023-05-26,Completed,100.0,AGENCY_0007,10.830602,78.141418,NORMAL
PRJ000822,Public Sanitation Complex at Coimbatore Block-3 Bus Stand,PUBLIC_TOILET,GANAPATHY RAJKUMAR P,MP_00822,COIMBATORE,Tamil Nadu,TN,Coimbatore,TN_COIMBATORE,Block-3,Locality-3,7800000.0,7800000.0,2023-06-25,2023-07-28,2024-05-16,,Ongoing,72.7,AGENCY_0008,10.485824,79.029499,NORMAL
PRJ000823,Road Widening & Strengthening at Guntur Block-1,ROAD_REPAIR,Maddila Gurumoorthy,MP_00823,TIRUPATI(SC),Andhra Pradesh,AP,Guntur,AP_GUNTUR,Block-1,Locality-1,4550000.0,4550000.0,2022-12-09,2023-01-11,2023-11-30,,Ongoing,27.6,AGENCY_0054,15.801035,80.528001,VENDOR_COLLUSION
PRJ000824,Inter-village Link Road Construction at Vijayawada Block-2,ROAD_CONSTRUCTION,Maddila Gurumoorthy,MP_00824,TIRUPATI(SC),Andhra Pradesh,AP,Vijayawada,AP_VIJAYAWADA,Block-2,Locality-2,1090000.0,1090000.0,2022-08-10,2022-09-03,2023-06-11,,Ongoing,74.0,AGENCY_0055,15.570453,79.705469,NORMAL
PRJ000825,Highway Toilet Block near Aurangabad Block-1,PUBLIC_TOILET,PRATAPSINHAMAHARAJ BHONSLE,MP_00825,Maharashtra,Maharashtra,MH,Aurangabad,MH_AURANGABAD,Block-1,Locality-1,1030000.0,1030000.0,2023-07-18,2023-08-28,2024-06-14,,Ongoing,52.4,AGENCY_0002,20.127845,76.205981,NORMAL
PRJ000826,Solar High-Mast Street Lighting at Nagpur Block-2,SOLAR_ENERGY,PRATAPSINHAMAHARAJ BHONSLE,MP_00826,Maharashtra,Maharashtra,MH,Nagpur,MH_NAGPUR,Block-2,Locality-2,1760000.0,1760000.0,2023-05-03,2023-06-09,2022-06-15,,Ongoing,18.2,AGENCY_0001,19.732731,75.75336,PROJECT_DELAY
PRJ000827,Road Widening & Strengthening at Mumbai Block-3,ROAD_REPAIR,PRATAPSINHAMAHARAJ BHONSLE,MP_00827,Maharashtra,Maharashtra,MH,Mumbai,MH_MUMBAI,Block-3,Locality-3,5300000.0,5300000.0,2023-10-05,2023-11-06,2024-08-26,,Ongoing,29.3,AGENCY_0002,20.413284,76.449673,DOCUMENT_MISMATCH
PRJ000828,Overhead Water Tank Construction & Pipeline Network at Aurangabad Block-4,WATER_SUPPLY,PRATAPSINHAMAHARAJ BHONSLE,MP_00828,Maharashtra,Maharashtra,MH,Aurangabad,MH_AURANGABAD,Block-4,Locality-4,2100000.0,2100000.0,2023-03-23,2023-04-27,2023-12-23,,Sanctioned,25.5,AGENCY_0001,20.371315,75.856098,NORMAL
PRJ000829,Community Toilet Complex at Coimbatore Block-1 Market Area,SANITATION,Dr. M. Thambi Durai (2026-32) (2026-2032),MP_00829,Tamil Nadu (RS),Tamil Nadu,TN,Coimbatore,TN_COIMBATORE,Block-1,Locality-1,5000000.0,5000000.0,2022-07-28,2022-09-08,2023-03-27,,Sanctioned,53.2,AGENCY_0005,11.621887,79.295275,NORMAL
PRJ000830,Children Playground Equipment at Tiruchirappalli Block-2 Park,SPORTS_FACILITY,Dr. M. Thambi Durai (2026-32) (2026-2032),MP_00830,Tamil Nadu (RS),Tamil Nadu,TN,Tiruchirappalli,TN_TIRUCHIRAPPALLI,Block-2,Locality-2,1640000.0,1640000.0,2022-11-19,2022-12-06,2023-08-17,,Ongoing,55.1,AGENCY_0007,10.847107,78.74312,NORMAL
PRJ000831,Overhead Water Tank Construction & Pipeline Network at Madurai Block-3,WATER_SUPPLY,Dr. M. Thambi Durai (2026-32) (2026-2032),MP_00831,Tamil Nadu (RS),Tamil Nadu,TN,Madurai,TN_MADURAI,Block-3,Locality-3,1770000.0,1770000.0,2022-05-05,2022-06-18,2022-06-30,,Ongoing,39.5,AGENCY_0007,11.005684,78.797905,PROJECT_DELAY
PRJ000832,Highway Toilet Block near Tiruchirappalli Block-4,PUBLIC_TOILET,Dr. M. Thambi Durai (2026-32) (2026-2032),MP_00832,Tamil Nadu (RS),Tamil Nadu,TN,Tiruchirappalli,TN_TIRUCHIRAPPALLI,Block-4,Locality-4,1870000.0,1870000.0,2023-09-02,2023-09-18,2024-06-28,2024-06-28,Completed,100.0,AGENCY_0007,10.378688,77.964692,NORMAL
PRJ000833,Storm Water Drain Construction at Madurai Block-5,DRAINAGE,Dr. M. Thambi Durai (2026-32) (2026-2032),MP_00833,Tamil Nadu (RS),Tamil Nadu,TN,Madurai,TN_MADURAI,Block-5,Locality-5,5900000.0,5900000.0,2023-03-06,2022-05-27,2023-02-20,,Ongoing,1.0,AGENCY_0005,10.66793,79.315732,LOW_UTILIZATION
PRJ000834,Covered Concrete Drain Network at Gurugram Block-1,DRAINAGE,SELJA,MP_00834,SIRSA(SC),Haryana,HR,Gurugram,HR_GURUGRAM,Block-1,Locality-1,3290000.0,3290000.0,2023-02-07,2023-03-24,2024-01-12,,Ongoing,57.9,AGENCY_0041,28.810543,75.934728,NORMAL
PRJ000835,Children Playground Equipment at Rohtak Block-2 Park,SPORTS_FACILITY,SELJA,MP_00835,SIRSA(SC),Haryana,HR,Rohtak,HR_ROHTAK,Block-2,Locality-2,6830000.0,6830000.0,2022-08-26,2022-10-05,2023-09-06,2023-09-06,Completed,100.0,AGENCY_0042,29.013934,75.663541,NORMAL
PRJ000836,Community Toilet Complex at Jammu Block-1 Market Area,SANITATION,Shri Sat Paul Sharma (2025-31) (2025-2031),MP_00836,Jammu And Kashmir (RS),Jammu And Kashmir,JK,Jammu,JK_JAMMU,Block-1,Locality-1,2390000.0,2390000.0,2022-12-05,2022-12-21,2022-07-04,,Ongoing,31.4,AGENCY_0072,34.38846,76.450159,PROJECT_DELAY
PRJ000837,Village Bus Stand & Commuter Amenities at Jammu Block-2,BUS_SHELTER,Shri Sat Paul Sharma (2025-31) (2025-2031),MP_00837,Jammu And Kashmir (RS),Jammu And Kashmir,JK,Jammu,JK_JAMMU,Block-2,Locality-2,1400000.0,1400000.0,2023-09-15,2022-04-16,2023-01-13,,Ongoing,4.1,AGENCY_0069,33.802614,76.598345,LOW_UTILIZATION
PRJ000838,School Boundary Wall & Sanitation Block at Srinagar Block-3,SCHOOL_INFRASTRUCTURE,Shri Sat Paul Sharma (2025-31) (2025-2031),MP_00838,Jammu And Kashmir (RS),Jammu And Kashmir,JK,Srinagar,JK_SRINAGAR,Block-3,Locality-3,4730000.0,4730000.0,2023-05-13,2023-06-11,2024-03-21,,Ongoing,45.6,AGENCY_0070,34.110185,76.653158,NORMAL
PRJ000839,Ambulance Purchase for Pune Block-1 Health Centre,HEALTHCARE,Shyamkumar,MP_00839,RAMTEK(SC),Maharashtra,MH,Pune,MH_PUNE,Block-1,Locality-1,2930000.0,2930000.0,2022-06-30,2022-07-30,2023-05-29,,Sanctioned,28.5,AGENCY_0003,19.416104,75.565936,NORMAL
PRJ000840,Solid Waste Processing Plant at Mumbai Block-2,SANITATION,Shyamkumar,MP_00840,RAMTEK(SC),Maharashtra,MH,Mumbai,MH_MUMBAI,Block-2,Locality-2,7650000.0,7650000.0,2022-12-17,2023-01-30,2023-08-23,,Ongoing,58.3,AGENCY_0002,19.861335,76.058227,COST_OVERRUN
PRJ000841,Village Bus Stand & Commuter Amenities at Aurangabad Block-3,BUS_SHELTER,Shyamkumar,MP_00841,RAMTEK(SC),Maharashtra,MH,Aurangabad,MH_AURANGABAD,Block-3,Locality-3,3600000.0,3600000.0,2023-05-02,2023-06-02,2022-06-17,,Ongoing,23.7,AGENCY_0003,19.165927,76.144859,PROJECT_DELAY
PRJ000842,Box Culvert Bridge at Nashik Block-4 Nala,BRIDGE,Shyamkumar,MP_00842,RAMTEK(SC),Maharashtra,MH,Nashik,MH_NASHIK,Block-4,Locality-4,6520000.0,6520000.0,2023-09-26,2023-10-27,2024-05-13,,Ongoing,7.7,AGENCY_0002,19.041603,76.320172,FIN_PHYS_MISMATCH
PRJ000843,Bridge Deck Repair & Railing at Silchar Block-1,ROAD_REPAIR,GAURAV GOGOI,MP_00843,JORHAT,Assam,AS,Silchar,AS_SILCHAR,Block-1,Locality-1,7740000.0,7740000.0,2022-09-07,2022-06-21,2023-01-10,,Ongoing,1.5,AGENCY_0068,26.475377,93.395109,LOW_UTILIZATION
PRJ000844,Concrete Village Connecting Road at Jorhat Block-2,ROAD_CONSTRUCTION,GAURAV GOGOI,MP_00844,JORHAT,Assam,AS,Jorhat,AS_JORHAT,Block-2,Locality-2,3880000.0,3880000.0,2023-10-16,2023-11-04,2024-06-01,,Ongoing,69.3,AGENCY_0066,26.270964,93.186569,COST_OVERRUN
PRJ000845,Solid Waste Processing Plant at Silchar Block-3,SANITATION,GAURAV GOGOI,MP_00845,JORHAT,Assam,AS,Silchar,AS_SILCHAR,Block-3,Locality-3,7820000.0,7820000.0,2022-11-20,2022-12-08,2023-11-08,,Ongoing,81.1,AGENCY_0065,25.954551,92.972585,NORMAL
PRJ000846,Multipurpose Community Hall at North Delhi Block-1,COMMUNITY_HALL,Dr. Meenakshi Jain (2025-31) (2025-2031),MP_00846,Delhi (RS),Delhi,DL,North Delhi,DL_NORTH_DELHI,Block-1,Locality-1,3670000.0,3670000.0,2022-05-04,2022-06-08,2023-01-10,2023-01-10,Completed,100.0,AGENCY_0046,28.081378,76.458054,NORMAL
PRJ000847,Construction of Additional Classrooms at South Delhi Block-2 Government School,SCHOOL_INFRASTRUCTURE,Dr. Meenakshi Jain (2025-31) (2025-2031),MP_00847,Delhi (RS),Delhi,DL,South Delhi,DL_SOUTH_DELHI,Block-2,Locality-2,2300000.0,2300000.0,2023-06-06,2023-07-14,2022-08-02,,Ongoing,12.2,AGENCY_0046,28.529306,76.704264,PROJECT_DELAY
PRJ000848,Indoor Sports Hall at Tezpur Block-1,SPORTS_FACILITY,Shri Pabitra Margherita (2022-28) (2022-2028),MP_00848,Assam (RS),Assam,AS,Tezpur,AS_TEZPUR,Block-1,Locality-1,3450000.0,3450000.0,2022-04-19,2022-05-15,2022-11-21,,Ongoing,4.4,AGENCY_0068,26.380861,92.281045,LOW_UTILIZATION
PRJ000849,RCC Underground Sewage Network at Dibrugarh Block-2,SANITATION,Shri Pabitra Margherita (2022-28) (2022-2028),MP_00849,Assam (RS),Assam,AS,Dibrugarh,AS_DIBRUGARH,Block-2,Locality-2,1720000.0,1720000.0,2022-08-16,2022-09-09,2023-05-07,,Ongoing,5.3,AGENCY_0066,26.181034,93.309065,FIN_PHYS_MISMATCH
PRJ000850,Solar High-Mast Street Lighting at Mumbai Block-1,SOLAR_ENERGY,Hon'ble MP,MP_00850,Maharashtra,Maharashtra,MH,Mumbai,MH_MUMBAI,Block-1,Locality-1,7090000.0,7090000.0,2023-03-15,2023-03-31,2023-10-31,,Ongoing,81.8,AGENCY_0001,20.316728,75.00977,NORMAL
PRJ000851,Construction of Additional Classrooms at Thane Block-2 Government School,SCHOOL_INFRASTRUCTURE,Hon'ble MP,MP_00851,Maharashtra,Maharashtra,MH,Thane,MH_THANE,Block-2,Locality-2,3060000.0,3060000.0,2023-11-11,2023-12-21,2024-10-06,,Ongoing,5.6,AGENCY_0002,19.145477,75.406223,FIN_PHYS_MISMATCH
PRJ000852,Bituminous Road Construction from Aurangabad Block-3 to Panchayat HQ,ROAD_CONSTRUCTION,Hon'ble MP,MP_00852,Maharashtra,Maharashtra,MH,Aurangabad,MH_AURANGABAD,Block-3,Locality-3,3780000.0,3780000.0,2023-11-04,2023-12-09,2024-11-10,,Ongoing,20.2,AGENCY_0003,19.894516,76.171641,NORMAL
PRJ000853,Village Bus Stand & Commuter Amenities at Nagpur Block-4,BUS_SHELTER,Hon'ble MP,MP_00853,Maharashtra,Maharashtra,MH,Nagpur,MH_NAGPUR,Block-4,Locality-4,4870000.0,4870000.0,2022-06-25,2022-08-01,2023-06-26,2023-06-26,Completed,100.0,AGENCY_0003,19.613238,75.812926,NORMAL
PRJ000854,Storm Water Drain Construction at Varanasi Block-1,DRAINAGE,DAROGA PRASAD SAROJ,MP_00854,LALGANJ (SC),Uttar Pradesh,UP,Varanasi,UP_VARANASI,Block-1,Locality-1,7870000.0,7870000.0,2022-12-24,2023-02-01,2023-08-22,,Sanctioned,73.4,AGENCY_0010,26.209919,81.684637,NORMAL
PRJ000855,RCC Underground Sewage Network at Meerut Block-2,SANITATION,DAROGA PRASAD SAROJ,MP_00855,LALGANJ (SC),Uttar Pradesh,UP,Meerut,UP_MEERUT,Block-2,Locality-2,1020000.0,1020000.0,2023-06-29,2023-07-14,2024-04-17,2024-04-17,Completed,100.0,AGENCY_0010,26.773106,80.859573,NORMAL
PRJ000856,Community Toilet Complex at Varanasi Block-3 Market Area,SANITATION,DAROGA PRASAD SAROJ,MP_00856,LALGANJ (SC),Uttar Pradesh,UP,Varanasi,UP_VARANASI,Block-3,Locality-3,7820000.0,7820000.0,2022-10-02,2022-10-26,2023-05-01,,Ongoing,15.7,AGENCY_0010,26.253867,81.086471,FIN_PHYS_MISMATCH
PRJ000857,Village Bus Stand & Commuter Amenities at Bhubaneswar Block-1,BUS_SHELTER,MALVIKA DEVI,MP_00857,KALAHANDI,Odisha,OD,Bhubaneswar,OD_BHUBANESWAR,Block-1,Locality-1,5610000.0,5610000.0,2022-06-10,2022-07-09,2023-06-08,,Ongoing,30.3,AGENCY_0062,20.803149,85.37852,VENDOR_COLLUSION
PRJ000858,Maternity Ward Upgradation at Rourkela Block-2 District Hospital,HEALTHCARE,MALVIKA DEVI,MP_00858,KALAHANDI,Odisha,OD,Rourkela,OD_ROURKELA,Block-2,Locality-2,3770000.0,3770000.0,2022-09-10,2022-10-02,2023-05-23,,Ongoing,60.0,AGENCY_0062,21.117317,85.760028,COST_OVERRUN
PRJ000859,Bituminous Road Construction from Cuttack Block-3 to Panchayat HQ,ROAD_CONSTRUCTION,MALVIKA DEVI,MP_00859,KALAHANDI,Odisha,OD,Cuttack,OD_CUTTACK,Block-3,Locality-3,7870000.0,7870000.0,2022-08-30,2022-10-12,2023-04-10,,Ongoing,31.6,AGENCY_0063,20.761944,84.311059,DOCUMENT_MISMATCH
PRJ000860,Bridge Deck Repair & Railing at Ajmer Block-1,ROAD_REPAIR,BRIJENDRA SINGH OLA,MP_00860,JHUNJHUNU,Rajasthan,RJ,Ajmer,RJ_AJMER,Block-1,Locality-1,7780000.0,7780000.0,2023-07-30,2023-09-06,2024-05-01,,Ongoing,22.3,AGENCY_0031,26.688084,74.758538,NORMAL
PRJ000861,Bridge Deck Repair & Railing at Jodhpur Block-2,ROAD_REPAIR,BRIJENDRA SINGH OLA,MP_00861,JHUNJHUNU,Rajasthan,RJ,Jodhpur,RJ_JODHPUR,Block-2,Locality-2,3790000.0,3790000.0,2023-11-09,2023-11-27,2024-09-21,,Ongoing,49.7,AGENCY_0032,26.595757,74.904605,DUPLICATE_PAYMENT
PRJ000862,Construction of Additional Classrooms at Jodhpur Block-3 Government School,SCHOOL_INFRASTRUCTURE,BRIJENDRA SINGH OLA,MP_00862,JHUNJHUNU,Rajasthan,RJ,Jodhpur,RJ_JODHPUR,Block-3,Locality-3,2970000.0,2970000.0,2022-11-02,2022-12-08,2023-07-11,2023-07-11,Completed,100.0,AGENCY_0029,27.431286,74.25117,NORMAL
PRJ000863,Footbridge for Villagers at Jaipur Block-4,BRIDGE,BRIJENDRA SINGH OLA,MP_00863,JHUNJHUNU,Rajasthan,RJ,Jaipur,RJ_JAIPUR,Block-4,Locality-4,5350000.0,5350000.0,2023-09-09,2023-10-10,2024-10-24,,Ongoing,20.7,AGENCY_0030,27.407595,73.997538,VENDOR_COLLUSION
PRJ000864,Passenger Bus Waiting Shelter at Jaipur Block-5,BUS_SHELTER,BRIJENDRA SINGH OLA,MP_00864,JHUNJHUNU,Rajasthan,RJ,Jaipur,RJ_JAIPUR,Block-5,Locality-5,7380000.0,7380000.0,2022-05-18,2022-06-13,2023-05-23,,Sanctioned,45.4,AGENCY_0032,27.692678,74.11199,NORMAL
PRJ000865,Solid Waste Processing Plant at Kolkata Block-1,SANITATION,JUNE MALIAH,MP_00865,MEDINIPUR,West Bengal,WB,Kolkata,WB_KOLKATA,Block-1,Locality-1,2460000.0,2460000.0,2023-08-28,2023-09-20,2024-09-07,,Ongoing,30.8,AGENCY_0016,22.399195,88.468572,NORMAL
PRJ000866,Storm Water Drain Construction at Kolkata Block-2,DRAINAGE,JUNE MALIAH,MP_00866,MEDINIPUR,West Bengal,WB,Kolkata,WB_KOLKATA,Block-2,Locality-2,2890000.0,2890000.0,2022-07-30,2022-08-17,2023-08-16,2023-08-16,Completed,100.0,AGENCY_0016,22.555564,88.065375,NORMAL
PRJ000867,Overhead Water Tank Construction & Pipeline Network at Darjeeling Block-3,WATER_SUPPLY,JUNE MALIAH,MP_00867,MEDINIPUR,West Bengal,WB,Darjeeling,WB_DARJEELING,Block-3,Locality-3,7080000.0,7080000.0,2023-08-14,2023-08-30,2024-03-13,,Ongoing,66.9,AGENCY_0014,22.70767,88.469845,COST_OVERRUN
PRJ000868,Borewell Drilling & Submersible Pump Supply at Howrah Block-4,WATER_SUPPLY,JUNE MALIAH,MP_00868,MEDINIPUR,West Bengal,WB,Howrah,WB_HOWRAH,Block-4,Locality-4,7300000.0,7300000.0,2023-04-19,2023-05-27,2023-11-23,,Ongoing,56.7,AGENCY_0014,23.572029,87.92239,COST_OVERRUN
PRJ000869,Solar High-Mast Street Lighting at Central Delhi Block-1,SOLAR_ENERGY,Kamaljeet Sehrawat,MP_00869,WEST DELHI,Delhi,DL,Central Delhi,DL_CENTRAL_DELHI,Block-1,Locality-1,7420000.0,7420000.0,2023-09-19,2022-06-06,2023-03-16,,Ongoing,3.9,AGENCY_0045,28.830775,77.544618,LOW_UTILIZATION
PRJ000870,Bridge Deck Repair & Railing at New Delhi Block-2,ROAD_REPAIR,Kamaljeet Sehrawat,MP_00870,WEST DELHI,Delhi,DL,New Delhi,DL_NEW_DELHI,Block-2,Locality-2,4130000.0,4130000.0,2023-10-22,2023-11-06,2022-08-27,,Ongoing,37.0,AGENCY_0048,29.296012,76.937984,PROJECT_DELAY
PRJ000871,School Boundary Wall & Sanitation Block at Allahabad Block-1,SCHOOL_INFRASTRUCTURE,Shri Brij Lal (2020-26) (2020-2026),MP_00871,Uttar Pradesh (RS),Uttar Pradesh,UP,Allahabad,UP_ALLAHABAD,Block-1,Locality-1,6540000.0,6540000.0,2022-07-28,2022-08-17,2023-03-11,,Ongoing,39.9,AGENCY_0009,27.103848,81.08869,DUPLICATE_PAYMENT
PRJ000872,Digital Smart Classroom & IT Lab Setup at Kanpur Block-2,SCHOOL_INFRASTRUCTURE,Shri Brij Lal (2020-26) (2020-2026),MP_00872,Uttar Pradesh (RS),Uttar Pradesh,UP,Kanpur,UP_KANPUR,Block-2,Locality-2,1660000.0,1660000.0,2022-10-06,2022-10-27,2023-08-23,2023-08-23,Completed,100.0,AGENCY_0012,27.644546,80.424929,NORMAL
PRJ000873,Inter-village Link Road Construction at Thane Block-1,ROAD_CONSTRUCTION,Hon'ble MP,MP_00873,ISLANDS,Maharashtra,MH,Thane,MH_THANE,Block-1,Locality-1,2700000.0,2700000.0,2023-11-02,2023-12-09,2024-08-15,,Sanctioned,72.5,AGENCY_0001,18.964939,75.866543,NORMAL
PRJ000874,Multi-purpose Sports Ground Levelling at Nashik Block-2,SPORTS_FACILITY,Hon'ble MP,MP_00874,ISLANDS,Maharashtra,MH,Nashik,MH_NASHIK,Block-2,Locality-2,5530000.0,5530000.0,2023-10-25,2023-11-14,2024-10-04,2024-10-04,Completed,100.0,AGENCY_0004,20.240352,74.953753,NORMAL
PRJ000875,RCC Underground Sewage Network at Mumbai Block-3,SANITATION,Hon'ble MP,MP_00875,ISLANDS,Maharashtra,MH,Mumbai,MH_MUMBAI,Block-3,Locality-3,5120000.0,5120000.0,2023-07-13,2023-08-02,2024-05-30,,Sanctioned,53.3,AGENCY_0003,20.282307,75.412014,NORMAL
PRJ000876,Bituminous Road Construction from Nagpur Block-4 to Panchayat HQ,ROAD_CONSTRUCTION,Hon'ble MP,MP_00876,ISLANDS,Maharashtra,MH,Nagpur,MH_NAGPUR,Block-4,Locality-4,5940000.0,5940000.0,2023-02-24,2023-04-01,2023-12-25,,Ongoing,48.5,AGENCY_0002,19.822157,75.885887,COST_OVERRUN
PRJ000877,RCC Bridge Construction over Mumbai Block-5 River,BRIDGE,Hon'ble MP,MP_00877,ISLANDS,Maharashtra,MH,Mumbai,MH_MUMBAI,Block-5,Locality-5,5560000.0,5560000.0,2023-10-06,2022-06-27,2022-12-24,,Ongoing,3.3,AGENCY_0002,20.382685,75.223591,LOW_UTILIZATION
PRJ000878,Solid Waste Processing Plant at Ajmer Block-1,SANITATION,Shri PP Chaudhary,MP_00878,PALI,Rajasthan,RJ,Ajmer,RJ_AJMER,Block-1,Locality-1,6200000.0,6200000.0,2023-01-03,2022-05-26,2023-02-24,,Ongoing,1.8,AGENCY_0030,26.609795,74.311781,LOW_UTILIZATION
PRJ000879,Footbridge for Villagers at Udaipur Block-2,BRIDGE,Shri PP Chaudhary,MP_00879,PALI,Rajasthan,RJ,Udaipur,RJ_UDAIPUR,Block-2,Locality-2,3650000.0,3650000.0,2022-09-06,2022-09-25,2023-05-04,,Ongoing,61.5,AGENCY_0031,26.349773,73.893298,NORMAL
PRJ000880,Solar Micro-Grid for Ajmer Block-3 Village Power Supply,SOLAR_ENERGY,Shri PP Chaudhary,MP_00880,PALI,Rajasthan,RJ,Ajmer,RJ_AJMER,Block-3,Locality-3,4730000.0,4730000.0,2022-06-26,2022-07-23,2023-02-13,,Ongoing,55.8,AGENCY_0030,26.944909,73.840077,NORMAL
PRJ000881,Rooftop Solar Panel Installation at Bikaner Block-4 Government Building,SOLAR_ENERGY,Shri PP Chaudhary,MP_00881,PALI,Rajasthan,RJ,Bikaner,RJ_BIKANER,Block-4,Locality-4,2890000.0,2890000.0,2022-04-15,2022-05-10,2023-01-08,,Ongoing,60.8,AGENCY_0030,27.712846,74.45425,COST_OVERRUN
PRJ000882,Panchayat Bhawan Construction at Pune Block-1,COMMUNITY_HALL,PRANITI SUSHILKUMAR SHINDE,MP_00882,SOLAPUR(SC),Maharashtra,MH,Pune,MH_PUNE,Block-1,Locality-1,5030000.0,5030000.0,2023-04-24,2023-05-10,2024-02-13,,Ongoing,34.2,AGENCY_0002,19.031648,75.60793,VENDOR_COLLUSION
PRJ000883,Concrete Village Connecting Road at Aurangabad Block-2,ROAD_CONSTRUCTION,PRANITI SUSHILKUMAR SHINDE,MP_00883,SOLAPUR(SC),Maharashtra,MH,Aurangabad,MH_AURANGABAD,Block-2,Locality-2,1760000.0,1760000.0,2023-04-19,2023-05-15,2023-12-01,2023-12-01,Completed,100.0,AGENCY_0004,19.996032,76.472706,NORMAL
PRJ000884,Multipurpose Community Hall at Aurangabad Block-3,COMMUNITY_HALL,PRANITI SUSHILKUMAR SHINDE,MP_00884,SOLAPUR(SC),Maharashtra,MH,Aurangabad,MH_AURANGABAD,Block-3,Locality-3,7100000.0,7100000.0,2023-03-26,2023-04-15,2023-12-25,,Ongoing,33.9,AGENCY_0002,19.482459,75.022494,VENDOR_COLLUSION
PRJ000885,Borewell Drilling & Submersible Pump Supply at Nagpur Block-4,WATER_SUPPLY,PRANITI SUSHILKUMAR SHINDE,MP_00885,SOLAPUR(SC),Maharashtra,MH,Nagpur,MH_NAGPUR,Block-4,Locality-4,2560000.0,2560000.0,2022-05-16,2022-06-21,2023-05-07,,Ongoing,60.8,AGENCY_0001,19.160519,74.918805,NORMAL
PRJ000886,Village Auditorium & Public Address System at Puri Block-1,COMMUNITY_HALL,Saptagiri Sankar Ulaka,MP_00886,KORAPUT(ST),Odisha,OD,Puri,OD_PURI,Block-1,Locality-1,4870000.0,4870000.0,2022-12-24,2022-05-26,2022-12-08,,Ongoing,3.6,AGENCY_0064,20.727888,85.847,LOW_UTILIZATION
PRJ000887,Village Bus Stand & Commuter Amenities at Rourkela Block-2,BUS_SHELTER,Saptagiri Sankar Ulaka,MP_00887,KORAPUT(ST),Odisha,OD,Rourkela,OD_ROURKELA,Block-2,Locality-2,1360000.0,1360000.0,2022-06-19,2022-07-16,2023-07-03,,Ongoing,31.6,AGENCY_0062,20.334888,85.164752,VENDOR_COLLUSION
PRJ000888,Multi-purpose Sports Ground Levelling at Sambalpur Block-3,SPORTS_FACILITY,Saptagiri Sankar Ulaka,MP_00888,KORAPUT(ST),Odisha,OD,Sambalpur,OD_SAMBALPUR,Block-3,Locality-3,7960000.0,7960000.0,2022-04-18,2022-05-25,2023-02-24,,Ongoing,54.3,AGENCY_0061,21.03399,85.115381,DOCUMENT_MISMATCH
PRJ000889,Solid Waste Processing Plant at Sambalpur Block-4,SANITATION,Saptagiri Sankar Ulaka,MP_00889,KORAPUT(ST),Odisha,OD,Sambalpur,OD_SAMBALPUR,Block-4,Locality-4,3900000.0,3900000.0,2022-11-12,2022-12-02,2023-10-14,2023-10-14,Completed,100.0,AGENCY_0061,20.620922,84.474423,NORMAL
PRJ000890,Flood Control Channel at Visakhapatnam Block-1,DRAINAGE,GM Harish Balayogi,MP_00890,AMALAPURAM(SC),Andhra Pradesh,AP,Visakhapatnam,AP_VISAKHAPATNAM,Block-1,Locality-1,1370000.0,1370000.0,2023-03-09,2023-04-19,2024-02-14,,Ongoing,75.3,AGENCY_0054,15.720358,79.480287,NORMAL
PRJ000891,Inter-village Link Road Construction at Nellore Block-2,ROAD_CONSTRUCTION,GM Harish Balayogi,MP_00891,AMALAPURAM(SC),Andhra Pradesh,AP,Nellore,AP_NELLORE,Block-2,Locality-2,620000.0,620000.0,2023-08-25,2023-09-23,2024-08-13,,Ongoing,31.2,AGENCY_0054,16.429578,79.377732,VENDOR_COLLUSION
PRJ000892,Borewell Drilling & Submersible Pump Supply at Bathinda Block-1,WATER_SUPPLY,AMRINDER SINGH RAJA WARRING,MP_00892,LUDHIANA,Punjab,PB,Bathinda,PB_BATHINDA,Block-1,Locality-1,1670000.0,1670000.0,2023-08-30,2023-09-23,2024-06-24,,Ongoing,7.3,AGENCY_0038,30.501279,75.006969,FIN_PHYS_MISMATCH
PRJ000893,Storm Water Drain Construction at Chandigarh Block-2,DRAINAGE,AMRINDER SINGH RAJA WARRING,MP_00893,LUDHIANA,Punjab,PB,Chandigarh,PB_CHANDIGARH,Block-2,Locality-2,6770000.0,6770000.0,2023-09-09,2023-10-10,2024-06-13,,Sanctioned,36.3,AGENCY_0039,31.633214,75.202344,NORMAL
PRJ000894,Bituminous Road Construction from Jalandhar Block-3 to Panchayat HQ,ROAD_CONSTRUCTION,AMRINDER SINGH RAJA WARRING,MP_00894,LUDHIANA,Punjab,PB,Jalandhar,PB_JALANDHAR,Block-3,Locality-3,6910000.0,6910000.0,2022-08-23,2022-09-26,2023-07-03,,Ongoing,67.2,AGENCY_0039,31.900822,75.367364,NORMAL
PRJ000895,Rooftop Solar Panel Installation at Bhopal Block-1 Government Building,SOLAR_ENERGY,RAHUL SINGH LODHI,MP_00895,DAMOH,Madhya Pradesh,MP,Bhopal,MP_BHOPAL,Block-1,Locality-1,5560000.0,5560000.0,2022-06-05,2022-06-24,2023-05-21,,Ongoing,46.2,AGENCY_0052,22.662217,78.061199,NORMAL
PRJ000896,Solid Waste Processing Plant at Indore Block-2,SANITATION,RAHUL SINGH LODHI,MP_00896,DAMOH,Madhya Pradesh,MP,Indore,MP_INDORE,Block-2,Locality-2,4620000.0,4620000.0,2023-02-26,2023-03-17,2023-11-21,,Ongoing,32.2,AGENCY_0052,23.190457,79.180441,DUPLICATE_PAYMENT
PRJ000897,Village Bus Stand & Commuter Amenities at Ujjain Block-3,BUS_SHELTER,RAHUL SINGH LODHI,MP_00897,DAMOH,Madhya Pradesh,MP,Ujjain,MP_UJJAIN,Block-3,Locality-3,7550000.0,7550000.0,2022-07-22,2022-08-13,2022-06-30,,Ongoing,28.1,AGENCY_0050,22.712481,78.95951,PROJECT_DELAY
PRJ000898,Indoor Sports Hall at Chandigarh Block-1,SPORTS_FACILITY,SHER SINGH GHUBAYA,MP_00898,FIROZPUR,Punjab,PB,Chandigarh,PB_CHANDIGARH,Block-1,Locality-1,2210000.0,2210000.0,2023-05-20,2023-06-19,2024-01-17,,Ongoing,41.4,AGENCY_0037,31.006013,76.032387,NORMAL
PRJ000899,Indoor Sports Hall at Bathinda Block-2,SPORTS_FACILITY,SHER SINGH GHUBAYA,MP_00899,FIROZPUR,Punjab,PB,Bathinda,PB_BATHINDA,Block-2,Locality-2,1890000.0,1890000.0,2022-12-10,2022-06-28,2023-04-24,,Ongoing,1.0,AGENCY_0039,30.560759,74.992271,LOW_UTILIZATION
PRJ000900,Solar High-Mast Street Lighting at Patiala Block-3,SOLAR_ENERGY,SHER SINGH GHUBAYA,MP_00900,FIROZPUR,Punjab,PB,Patiala,PB_PATIALA,Block-3,Locality-3,5220000.0,5220000.0,2023-11-19,2024-01-01,2024-09-18,2024-09-18,Completed,100.0,AGENCY_0038,31.537161,76.085636,NORMAL
PRJ000901,School Boundary Wall & Sanitation Block at Varanasi Block-1,SCHOOL_INFRASTRUCTURE,VINOD KUMAR BIND,MP_00901,BHADOHI,Uttar Pradesh,UP,Varanasi,UP_VARANASI,Block-1,Locality-1,2430000.0,2430000.0,2022-11-27,2023-01-02,2023-09-27,,Ongoing,51.0,AGENCY_0010,27.227537,81.190428,COST_OVERRUN
PRJ000902,School Boundary Wall & Sanitation Block at Lucknow Block-2,SCHOOL_INFRASTRUCTURE,VINOD KUMAR BIND,MP_00902,BHADOHI,Uttar Pradesh,UP,Lucknow,UP_LUCKNOW,Block-2,Locality-2,2110000.0,2110000.0,2022-05-14,2022-06-02,2023-04-20,,Ongoing,83.5,AGENCY_0009,26.568764,81.424469,NORMAL
PRJ000903,RCC Underground Sewage Network at Agra Block-3,SANITATION,VINOD KUMAR BIND,MP_00903,BHADOHI,Uttar Pradesh,UP,Agra,UP_AGRA,Block-3,Locality-3,2640000.0,2640000.0,2022-09-25,2022-10-29,2023-05-23,,Ongoing,30.3,AGENCY_0012,26.768366,80.281204,NORMAL
PRJ000904,Children Playground Equipment at Varanasi Block-4 Park,SPORTS_FACILITY,VINOD KUMAR BIND,MP_00904,BHADOHI,Uttar Pradesh,UP,Varanasi,UP_VARANASI,Block-4,Locality-4,3920000.0,3920000.0,2023-03-07,2023-04-17,2023-12-03,2023-12-03,Completed,100.0,AGENCY_0010,26.332196,80.304406,NORMAL
PRJ000905,Modern Steel Bus Canopy at Meerut Block-5 Junction,BUS_SHELTER,VINOD KUMAR BIND,MP_00905,BHADOHI,Uttar Pradesh,UP,Meerut,UP_MEERUT,Block-5,Locality-5,7100000.0,7100000.0,2023-02-15,2023-03-14,2023-12-10,,Ongoing,10.6,AGENCY_0010,26.540804,80.832895,FIN_PHYS_MISMATCH
PRJ000906,Passenger Bus Waiting Shelter at Gwalior Block-1,BUS_SHELTER,Ganesh Singh,MP_00906,SATNA,Madhya Pradesh,MP,Gwalior,MP_GWALIOR,Block-1,Locality-1,5980000.0,5980000.0,2023-05-04,2023-05-22,2024-03-14,2024-03-14,Completed,100.0,AGENCY_0051,23.457222,79.273982,NORMAL
PRJ000907,Storm Water Drain Construction at Sagar Block-2,DRAINAGE,Ganesh Singh,MP_00907,SATNA,Madhya Pradesh,MP,Sagar,MP_SAGAR,Block-2,Locality-2,5770000.0,5770000.0,2022-10-29,2022-11-27,2023-09-08,,Ongoing,26.6,AGENCY_0051,22.767396,78.072589,NORMAL
PRJ000908,Community Toilet Complex at Gwalior Block-3 Market Area,SANITATION,Ganesh Singh,MP_00908,SATNA,Madhya Pradesh,MP,Gwalior,MP_GWALIOR,Block-3,Locality-3,7150000.0,7150000.0,2022-07-30,2022-08-29,2023-08-02,,Sanctioned,60.3,AGENCY_0052,22.84283,78.214443,NORMAL
PRJ000909,Road Widening & Strengthening at Gurugram Block-1,ROAD_REPAIR,MANOHAR LAL,MP_00909,KARNAL,Haryana,HR,Gurugram,HR_GURUGRAM,Block-1,Locality-1,6270000.0,6270000.0,2022-04-28,2022-05-14,2023-04-10,2023-04-10,Completed,100.0,AGENCY_0043,28.683848,75.937395,NORMAL
PRJ000910,Solid Waste Processing Plant at Gurugram Block-2,SANITATION,MANOHAR LAL,MP_00910,KARNAL,Haryana,HR,Gurugram,HR_GURUGRAM,Block-2,Locality-2,1220000.0,1220000.0,2022-07-05,2022-08-02,2023-02-24,,Ongoing,36.3,AGENCY_0044,29.573785,76.119563,DUPLICATE_PAYMENT
PRJ000911,Community Toilet Complex at Faridabad Block-3 Market Area,SANITATION,MANOHAR LAL,MP_00911,KARNAL,Haryana,HR,Faridabad,HR_FARIDABAD,Block-3,Locality-3,2580000.0,2580000.0,2022-10-13,2022-10-29,2023-06-15,,Ongoing,7.9,AGENCY_0042,28.498094,76.826468,FIN_PHYS_MISMATCH
PRJ000912,Passenger Bus Waiting Shelter at Nellore Block-1,BUS_SHELTER,Putta Mahesh Kumar,MP_00912,ELURU,Andhra Pradesh,AP,Nellore,AP_NELLORE,Block-1,Locality-1,1200000.0,1200000.0,2022-09-08,2022-10-07,2023-09-30,,Ongoing,39.2,AGENCY_0054,16.084325,79.652416,VENDOR_COLLUSION
PRJ000913,Installation of RO Drinking Water Plant at Vijayawada Block-2,WATER_SUPPLY,Putta Mahesh Kumar,MP_00913,ELURU,Andhra Pradesh,AP,Vijayawada,AP_VIJAYAWADA,Block-2,Locality-2,3340000.0,3340000.0,2023-10-22,2023-11-16,2024-10-23,,Ongoing,45.5,AGENCY_0054,16.245642,79.351399,VENDOR_COLLUSION
PRJ000914,Box Culvert Bridge at Nellore Block-1 Nala,BRIDGE,Midhun Reddy,MP_00914,RAJAMPET,Andhra Pradesh,AP,Nellore,AP_NELLORE,Block-1,Locality-1,4120000.0,4120000.0,2023-05-05,2023-05-23,2022-07-14,,Ongoing,14.3,AGENCY_0056,15.131665,80.17155,PROJECT_DELAY
PRJ000915,Indoor Sports Hall at Tirupati Block-2,SPORTS_FACILITY,Midhun Reddy,MP_00915,RAJAMPET,Andhra Pradesh,AP,Tirupati,AP_TIRUPATI,Block-2,Locality-2,4570000.0,4570000.0,2023-02-02,2023-03-11,2023-11-07,,Ongoing,46.8,AGENCY_0054,16.690548,80.414269,DUPLICATE_PAYMENT
PRJ000916,Medical Equipment Procurement for Tirunelveli Block-1 PHC,HEALTHCARE,SACHITHANANTHAM R,MP_00916,DINDIGUL,Tamil Nadu,TN,Tirunelveli,TN_TIRUNELVELI,Block-1,Locality-1,5150000.0,5150000.0,2023-07-19,2023-08-20,2024-06-29,,Sanctioned,38.6,AGENCY_0006,11.070101,79.020442,NORMAL
PRJ000917,Installation of RO Drinking Water Plant at Chennai Block-2,WATER_SUPPLY,SACHITHANANTHAM R,MP_00917,DINDIGUL,Tamil Nadu,TN,Chennai,TN_CHENNAI,Block-2,Locality-2,4250000.0,4250000.0,2022-06-29,2022-08-13,2023-03-30,,Ongoing,28.5,AGENCY_0005,10.504541,77.874718,NORMAL
PRJ000918,Village Bus Stand & Commuter Amenities at Tirunelveli Block-3,BUS_SHELTER,SACHITHANANTHAM R,MP_00918,DINDIGUL,Tamil Nadu,TN,Tirunelveli,TN_TIRUNELVELI,Block-3,Locality-3,6420000.0,6420000.0,2023-07-24,2023-08-26,2024-08-12,,Ongoing,33.8,AGENCY_0006,10.506895,78.036518,NORMAL
PRJ000919,Ambulance Purchase for Coimbatore Block-4 Health Centre,HEALTHCARE,SACHITHANANTHAM R,MP_00919,DINDIGUL,Tamil Nadu,TN,Coimbatore,TN_COIMBATORE,Block-4,Locality-4,4490000.0,4490000.0,2023-04-27,2023-05-23,2023-12-03,,Ongoing,51.3,AGENCY_0006,10.567878,78.97976,DUPLICATE_PAYMENT
PRJ000920,Community Toilet Complex at Tirupati Block-1 Market Area,SANITATION,Shri Masthan Rao Yadav Beedha (2024-28) (2024-2028),MP_00920,Andhra Pradesh (RS),Andhra Pradesh,AP,Tirupati,AP_TIRUPATI,Block-1,Locality-1,3960000.0,3960000.0,2023-06-10,2023-06-26,2024-03-31,,Ongoing,56.0,AGENCY_0053,16.292964,79.126905,NORMAL
PRJ000921,Solar High-Mast Street Lighting at Visakhapatnam Block-2,SOLAR_ENERGY,Shri Masthan Rao Yadav Beedha (2024-28) (2024-2028),MP_00921,Andhra Pradesh (RS),Andhra Pradesh,AP,Visakhapatnam,AP_VISAKHAPATNAM,Block-2,Locality-2,5410000.0,5410000.0,2022-09-20,2022-11-01,2023-08-19,,Ongoing,57.6,AGENCY_0054,15.199463,80.302023,COST_OVERRUN
PRJ000922,Digital Smart Classroom & IT Lab Setup at Lucknow Block-1,SCHOOL_INFRASTRUCTURE,CHHATRA PAL SINGH GANGWAR,MP_00922,BAREILLY,Uttar Pradesh,UP,Lucknow,UP_LUCKNOW,Block-1,Locality-1,2650000.0,2650000.0,2022-08-11,2022-08-26,2023-04-15,,Ongoing,32.5,AGENCY_0011,26.052256,80.558951,NORMAL
PRJ000923,Maternity Ward Upgradation at Varanasi Block-2 District Hospital,HEALTHCARE,CHHATRA PAL SINGH GANGWAR,MP_00923,BAREILLY,Uttar Pradesh,UP,Varanasi,UP_VARANASI,Block-2,Locality-2,6790000.0,6790000.0,2023-03-20,2023-04-25,2022-08-28,,Ongoing,37.3,AGENCY_0009,26.376338,81.127738,PROJECT_DELAY
PRJ000924,RCC Bridge Construction over Allahabad Block-3 River,BRIDGE,CHHATRA PAL SINGH GANGWAR,MP_00924,BAREILLY,Uttar Pradesh,UP,Allahabad,UP_ALLAHABAD,Block-3,Locality-3,4560000.0,4560000.0,2023-03-06,2023-04-02,2023-10-15,,Ongoing,65.4,AGENCY_0009,26.640843,80.915738,NORMAL
PRJ000925,Solar Micro-Grid for Kanpur Block-4 Village Power Supply,SOLAR_ENERGY,CHHATRA PAL SINGH GANGWAR,MP_00925,BAREILLY,Uttar Pradesh,UP,Kanpur,UP_KANPUR,Block-4,Locality-4,3180000.0,3180000.0,2022-10-19,2022-11-22,2023-12-07,,Ongoing,31.3,AGENCY_0010,26.546603,80.507376,VENDOR_COLLUSION
PRJ000926,Footbridge for Villagers at Allahabad Block-5,BRIDGE,CHHATRA PAL SINGH GANGWAR,MP_00926,BAREILLY,Uttar Pradesh,UP,Allahabad,UP_ALLAHABAD,Block-5,Locality-5,4650000.0,4650000.0,2022-06-26,2022-07-26,2023-01-27,,Sanctioned,29.5,AGENCY_0010,26.579809,80.868903,NORMAL
PRJ000927,Covered Concrete Drain Network at Siliguri Block-1,DRAINAGE,Asit Kumar Mal,MP_00927,BOLPUR(SC),West Bengal,WB,Siliguri,WB_SILIGURI,Block-1,Locality-1,3580000.0,3580000.0,2022-12-26,2023-01-20,2023-08-27,,Ongoing,35.1,AGENCY_0014,23.732793,88.379145,NORMAL
PRJ000928,RCC Underground Sewage Network at Durgapur Block-2,SANITATION,Asit Kumar Mal,MP_00928,BOLPUR(SC),West Bengal,WB,Durgapur,WB_DURGAPUR,Block-2,Locality-2,4260000.0,4260000.0,2023-04-12,2023-05-05,2023-12-31,,Ongoing,60.7,AGENCY_0013,23.049824,88.252788,NORMAL
PRJ000929,Digital Smart Classroom & IT Lab Setup at Howrah Block-3,SCHOOL_INFRASTRUCTURE,Asit Kumar Mal,MP_00929,BOLPUR(SC),West Bengal,WB,Howrah,WB_HOWRAH,Block-3,Locality-3,7340000.0,7340000.0,2022-11-22,2022-12-13,2023-10-05,,Ongoing,80.5,AGENCY_0016,23.244023,87.663871,NORMAL
PRJ000930,Construction of Additional Classrooms at Durgapur Block-4 Government School,SCHOOL_INFRASTRUCTURE,Asit Kumar Mal,MP_00930,BOLPUR(SC),West Bengal,WB,Durgapur,WB_DURGAPUR,Block-4,Locality-4,1430000.0,1430000.0,2022-08-21,2022-09-06,2023-08-23,,Sanctioned,41.8,AGENCY_0015,22.407472,88.016879,NORMAL
PRJ000931,Storm Water Drain Construction at Mumbai Block-1,DRAINAGE,Nitin Jairam Gadkari,MP_00931,NAGPUR,Maharashtra,MH,Mumbai,MH_MUMBAI,Block-1,Locality-1,2620000.0,2620000.0,2022-04-24,2022-05-27,2023-05-17,,Ongoing,65.7,AGENCY_0001,19.978587,76.208458,NORMAL
PRJ000932,Concrete Village Connecting Road at Nagpur Block-2,ROAD_CONSTRUCTION,Nitin Jairam Gadkari,MP_00932,NAGPUR,Maharashtra,MH,Nagpur,MH_NAGPUR,Block-2,Locality-2,7830000.0,7830000.0,2023-09-29,2023-11-10,2024-10-28,,Ongoing,31.4,AGENCY_0003,19.117706,76.14126,DOCUMENT_MISMATCH
PRJ000933,Digital Smart Classroom & IT Lab Setup at Pune Block-3,SCHOOL_INFRASTRUCTURE,Nitin Jairam Gadkari,MP_00933,NAGPUR,Maharashtra,MH,Pune,MH_PUNE,Block-3,Locality-3,2170000.0,2170000.0,2023-11-02,2023-12-13,2024-08-12,,Ongoing,47.6,AGENCY_0004,19.690905,75.357909,DUPLICATE_PAYMENT
PRJ000934,School Boundary Wall & Sanitation Block at Nagpur Block-4,SCHOOL_INFRASTRUCTURE,Nitin Jairam Gadkari,MP_00934,NAGPUR,Maharashtra,MH,Nagpur,MH_NAGPUR,Block-4,Locality-4,6860000.0,6860000.0,2023-11-22,2023-12-15,2024-10-01,2024-10-01,Completed,100.0,AGENCY_0004,19.491998,76.089345,NORMAL
PRJ000935,Bituminous Road Construction from Pune Block-5 to Panchayat HQ,ROAD_CONSTRUCTION,Nitin Jairam Gadkari,MP_00935,NAGPUR,Maharashtra,MH,Pune,MH_PUNE,Block-5,Locality-5,810000.0,810000.0,2023-10-28,2023-12-12,2024-11-15,,Sanctioned,26.0,AGENCY_0002,19.701173,75.692206,NORMAL
PRJ000936,Multi-purpose Sports Ground Levelling at Manali Block-1,SPORTS_FACILITY,RAJEEV BHARDWAJ,MP_00936,KANGRA,Himachal Pradesh,HP,Manali,HP_MANALI,Block-1,Locality-1,6820000.0,6820000.0,2023-09-08,2023-09-29,2024-08-15,,Sanctioned,77.8,AGENCY_0088,30.681029,76.565239,NORMAL
PRJ000937,Highway Toilet Block near Mandi Block-2,PUBLIC_TOILET,RAJEEV BHARDWAJ,MP_00937,KANGRA,Himachal Pradesh,HP,Mandi,HP_MANDI,Block-2,Locality-2,6680000.0,6680000.0,2023-02-22,2023-04-05,2024-01-01,2024-01-01,Completed,100.0,AGENCY_0087,30.380613,77.303318,NORMAL
PRJ000938,Public Sanitation Complex at Thane Block-1 Bus Stand,PUBLIC_TOILET,DR KALGE SHIVAJI BANDAPPA,MP_00938,LATUR(SC),Maharashtra,MH,Thane,MH_THANE,Block-1,Locality-1,5030000.0,5030000.0,2022-12-25,2023-01-09,2024-01-14,,Ongoing,22.7,AGENCY_0002,19.993752,76.051107,VENDOR_COLLUSION
PRJ000939,Maternity Ward Upgradation at Pune Block-2 District Hospital,HEALTHCARE,DR KALGE SHIVAJI BANDAPPA,MP_00939,LATUR(SC),Maharashtra,MH,Pune,MH_PUNE,Block-2,Locality-2,2500000.0,2500000.0,2022-06-04,2022-07-14,2023-03-06,,Sanctioned,54.0,AGENCY_0004,20.265641,74.992164,NORMAL
PRJ000940,Storm Water Drain Construction at Hazaribagh Block-1,DRAINAGE,MANISH JAISWAL,MP_00940,HAZARIBAGH,Jharkhand,JH,Hazaribagh,JH_HAZARIBAGH,Block-1,Locality-1,4590000.0,4590000.0,2022-12-14,2023-01-05,2023-09-15,,Ongoing,57.2,AGENCY_0074,23.105921,85.655866,DOCUMENT_MISMATCH
PRJ000941,RCC Underground Sewage Network at Hazaribagh Block-2,SANITATION,MANISH JAISWAL,MP_00941,HAZARIBAGH,Jharkhand,JH,Hazaribagh,JH_HAZARIBAGH,Block-2,Locality-2,1860000.0,1860000.0,2022-10-14,2022-10-31,2023-05-01,,Ongoing,44.7,AGENCY_0074,23.444638,85.53733,COST_OVERRUN
PRJ000942,Solar Micro-Grid for Jamshedpur Block-3 Village Power Supply,SOLAR_ENERGY,MANISH JAISWAL,MP_00942,HAZARIBAGH,Jharkhand,JH,Jamshedpur,JH_JAMSHEDPUR,Block-3,Locality-3,1830000.0,1830000.0,2022-07-14,2022-08-16,2023-07-18,,Sanctioned,46.6,AGENCY_0075,22.907465,85.403364,NORMAL
PRJ000943,Multi-purpose Sports Ground Levelling at Dhanbad Block-4,SPORTS_FACILITY,MANISH JAISWAL,MP_00943,HAZARIBAGH,Jharkhand,JH,Dhanbad,JH_DHANBAD,Block-4,Locality-4,5630000.0,5630000.0,2022-05-11,2022-06-14,2023-04-24,,Sanctioned,59.4,AGENCY_0073,23.950123,85.430949,NORMAL
PRJ000944,Market Public Toilet Unit at Lucknow Block-1,PUBLIC_TOILET,RAMESH AWASTHI,MP_00944,KANPUR,Uttar Pradesh,UP,Lucknow,UP_LUCKNOW,Block-1,Locality-1,6960000.0,6960000.0,2022-07-08,2022-08-07,2023-06-20,,Sanctioned,35.7,AGENCY_0009,26.346648,80.335371,NORMAL
PRJ000945,Concrete Village Connecting Road at Allahabad Block-2,ROAD_CONSTRUCTION,RAMESH AWASTHI,MP_00945,KANPUR,Uttar Pradesh,UP,Allahabad,UP_ALLAHABAD,Block-2,Locality-2,2360000.0,2360000.0,2022-11-08,2022-12-17,2023-11-24,2023-11-24,Completed,100.0,AGENCY_0009,27.202928,81.072211,NORMAL
PRJ000946,Pothole Repair & Road Resurfacing at North Delhi Block-1,ROAD_REPAIR,Manoj Tiwari,MP_00946,NORTH EAST DELHI,Delhi,DL,North Delhi,DL_NORTH_DELHI,Block-1,Locality-1,4530000.0,4530000.0,2023-02-03,2023-02-27,2023-10-07,,Ongoing,66.3,AGENCY_0046,29.112785,77.179959,NORMAL
PRJ000947,Bridge Deck Repair & Railing at Central Delhi Block-2,ROAD_REPAIR,Manoj Tiwari,MP_00947,NORTH EAST DELHI,Delhi,DL,Central Delhi,DL_CENTRAL_DELHI,Block-2,Locality-2,4680000.0,4680000.0,2022-06-21,2022-07-20,2023-06-11,,Ongoing,29.3,AGENCY_0047,28.939816,77.882476,NORMAL
PRJ000948,Construction of Additional Classrooms at New Delhi Block-3 Government School,SCHOOL_INFRASTRUCTURE,Manoj Tiwari,MP_00948,NORTH EAST DELHI,Delhi,DL,New Delhi,DL_NEW_DELHI,Block-3,Locality-3,7170000.0,7170000.0,2022-08-14,2022-09-12,2023-05-14,,Ongoing,35.1,AGENCY_0046,28.474349,76.98496,NORMAL
PRJ000949,Overhead Water Tank Construction & Pipeline Network at Agra Block-1,WATER_SUPPLY,Rajnath Singh,MP_00949,LUCKNOW,Uttar Pradesh,UP,Agra,UP_AGRA,Block-1,Locality-1,5160000.0,5160000.0,2023-08-06,2023-09-09,2024-03-25,,Ongoing,42.3,AGENCY_0011,27.150095,81.046128,DOCUMENT_MISMATCH
PRJ000950,Pothole Repair & Road Resurfacing at Varanasi Block-2,ROAD_REPAIR,Rajnath Singh,MP_00950,LUCKNOW,Uttar Pradesh,UP,Varanasi,UP_VARANASI,Block-2,Locality-2,5860000.0,5860000.0,2023-03-23,2023-04-19,2023-12-26,,Sanctioned,27.2,AGENCY_0011,27.128057,80.31361,NORMAL
PRJ000951,Multipurpose Community Hall at Meerut Block-3,COMMUNITY_HALL,Rajnath Singh,MP_00951,LUCKNOW,Uttar Pradesh,UP,Meerut,UP_MEERUT,Block-3,Locality-3,3340000.0,3340000.0,2022-09-15,2022-09-30,2023-08-15,,Ongoing,40.5,AGENCY_0011,26.874821,80.94881,NORMAL
PRJ000952,Storm Water Drain Construction at Agra Block-4,DRAINAGE,Rajnath Singh,MP_00952,LUCKNOW,Uttar Pradesh,UP,Agra,UP_AGRA,Block-4,Locality-4,630000.0,630000.0,2023-08-04,2023-08-22,2024-08-04,2024-08-04,Completed,100.0,AGENCY_0009,26.833769,80.663427,NORMAL
PRJ000953,Medical Equipment Procurement for Allahabad Block-5 PHC,HEALTHCARE,Rajnath Singh,MP_00953,LUCKNOW,Uttar Pradesh,UP,Allahabad,UP_ALLAHABAD,Block-5,Locality-5,1840000.0,1840000.0,2022-09-18,2022-10-25,2022-06-27,,Ongoing,15.8,AGENCY_0011,26.051861,80.817816,PROJECT_DELAY
PRJ000954,Construction of Additional Classrooms at Nashik Block-1 Government School,SCHOOL_INFRASTRUCTURE,CHAVAN VASANTRAO BALWANTRAO,MP_00954,NANDED,Maharashtra,MH,Nashik,MH_NASHIK,Block-1,Locality-1,1760000.0,1760000.0,2022-04-20,2022-05-09,2023-03-20,,Ongoing,81.7,AGENCY_0001,19.743256,74.985006,NORMAL
PRJ000955,Road Widening & Strengthening at Mumbai Block-2,ROAD_REPAIR,CHAVAN VASANTRAO BALWANTRAO,MP_00955,NANDED,Maharashtra,MH,Mumbai,MH_MUMBAI,Block-2,Locality-2,6020000.0,6020000.0,2023-01-07,2023-01-22,2023-10-04,,Sanctioned,76.4,AGENCY_0003,19.999814,75.275828,NORMAL
PRJ000956,Community Toilet Complex at Pune Block-3 Market Area,SANITATION,CHAVAN VASANTRAO BALWANTRAO,MP_00956,NANDED,Maharashtra,MH,Pune,MH_PUNE,Block-3,Locality-3,5980000.0,5980000.0,2022-11-30,2023-01-03,2023-12-15,,Ongoing,62.9,AGENCY_0001,20.38339,76.212735,NORMAL
PRJ000957,Ambulance Purchase for Thane Block-4 Health Centre,HEALTHCARE,CHAVAN VASANTRAO BALWANTRAO,MP_00957,NANDED,Maharashtra,MH,Thane,MH_THANE,Block-4,Locality-4,1850000.0,1850000.0,2022-08-06,2022-08-28,2022-07-26,,Ongoing,25.2,AGENCY_0001,20.30879,75.040931,PROJECT_DELAY
PRJ000958,Community Toilet Complex at Mumbai Block-5 Market Area,SANITATION,CHAVAN VASANTRAO BALWANTRAO,MP_00958,NANDED,Maharashtra,MH,Mumbai,MH_MUMBAI,Block-5,Locality-5,4060000.0,4060000.0,2022-04-19,2022-05-29,2022-12-30,,Sanctioned,40.7,AGENCY_0001,18.973744,75.289839,NORMAL
PRJ000959,Inter-village Link Road Construction at Gandhinagar Block-1,ROAD_CONSTRUCTION,Mansukhbhai Dhanjibhai Vasava,MP_00959,BHARUCH,Gujarat,GJ,Gandhinagar,GJ_GANDHINAGAR,Block-1,Locality-1,3850000.0,3850000.0,2022-10-19,2022-11-24,2023-09-20,,Ongoing,10.4,AGENCY_0026,22.116268,71.416057,FIN_PHYS_MISMATCH
PRJ000960,Overhead Water Tank Construction & Pipeline Network at Vadodara Block-2,WATER_SUPPLY,Mansukhbhai Dhanjibhai Vasava,MP_00960,BHARUCH,Gujarat,GJ,Vadodara,GJ_VADODARA,Block-2,Locality-2,7560000.0,7560000.0,2023-07-09,2023-07-31,2024-07-06,2024-07-06,Completed,100.0,AGENCY_0027,21.487018,71.753058,NORMAL
PRJ000961,Medical Equipment Procurement for Rajkot Block-3 PHC,HEALTHCARE,Mansukhbhai Dhanjibhai Vasava,MP_00961,BHARUCH,Gujarat,GJ,Rajkot,GJ_RAJKOT,Block-3,Locality-3,4590000.0,4590000.0,2022-10-14,2022-11-07,2023-10-21,,Sanctioned,76.7,AGENCY_0027,21.516833,71.421317,NORMAL
PRJ000962,Children Playground Equipment at Vadodara Block-4 Park,SPORTS_FACILITY,Mansukhbhai Dhanjibhai Vasava,MP_00962,BHARUCH,Gujarat,GJ,Vadodara,GJ_VADODARA,Block-4,Locality-4,930000.0,930000.0,2022-09-06,2022-09-21,2023-06-10,2023-06-10,Completed,100.0,AGENCY_0027,21.884215,70.836081,NORMAL
PRJ000963,Footbridge for Villagers at Bhavnagar Block-5,BRIDGE,Mansukhbhai Dhanjibhai Vasava,MP_00963,BHARUCH,Gujarat,GJ,Bhavnagar,GJ_BHAVNAGAR,Block-5,Locality-5,4130000.0,4130000.0,2023-02-20,2023-04-06,2022-07-09,,Ongoing,15.8,AGENCY_0027,21.994056,70.599871,PROJECT_DELAY
PRJ000964,Modern Steel Bus Canopy at Aurangabad Block-1 Junction,BUS_SHELTER,DR. HEMANT VISHNU SAVARA,MP_00964,PALGHAR(ST),Maharashtra,MH,Aurangabad,MH_AURANGABAD,Block-1,Locality-1,3640000.0,3640000.0,2023-05-28,2023-06-19,2024-02-09,,Ongoing,37.9,AGENCY_0001,20.204635,75.761799,DUPLICATE_PAYMENT
PRJ000965,Digital Smart Classroom & IT Lab Setup at Thane Block-2,SCHOOL_INFRASTRUCTURE,DR. HEMANT VISHNU SAVARA,MP_00965,PALGHAR(ST),Maharashtra,MH,Thane,MH_THANE,Block-2,Locality-2,7890000.0,7890000.0,2022-12-10,2023-01-24,2023-08-29,,Sanctioned,56.5,AGENCY_0002,19.583461,75.108418,NORMAL
PRJ000966,Installation of RO Drinking Water Plant at Thane Block-3,WATER_SUPPLY,DR. HEMANT VISHNU SAVARA,MP_00966,PALGHAR(ST),Maharashtra,MH,Thane,MH_THANE,Block-3,Locality-3,4700000.0,4700000.0,2023-02-27,2023-04-09,2024-02-29,,Sanctioned,36.2,AGENCY_0002,20.294251,75.967642,NORMAL
PRJ000967,Bituminous Road Construction from Gaya Block-1 to Panchayat HQ,ROAD_CONSTRUCTION,MANOJ KUMAR,MP_00967,SASARAM(SC),Bihar,BR,Gaya,BR_GAYA,Block-1,Locality-1,3720000.0,3720000.0,2023-07-22,2023-08-08,2022-07-30,,Ongoing,24.7,AGENCY_0020,25.692384,85.466269,PROJECT_DELAY
PRJ000968,Public Sanitation Complex at Aurangabad Block-2 Bus Stand,PUBLIC_TOILET,MANOJ KUMAR,MP_00968,SASARAM(SC),Bihar,BR,Aurangabad,BR_AURANGABAD,Block-2,Locality-2,2970000.0,2970000.0,2023-05-11,2023-06-15,2024-01-01,,Ongoing,12.6,AGENCY_0018,25.467145,85.725207,FIN_PHYS_MISMATCH
PRJ000969,Modern Steel Bus Canopy at Patna Block-3 Junction,BUS_SHELTER,MANOJ KUMAR,MP_00969,SASARAM(SC),Bihar,BR,Patna,BR_PATNA,Block-3,Locality-3,4470000.0,4470000.0,2022-09-18,2022-10-15,2023-05-13,,Ongoing,76.5,AGENCY_0018,25.458841,86.042824,NORMAL
PRJ000970,Community Toilet Complex at Aurangabad Block-4 Market Area,SANITATION,MANOJ KUMAR,MP_00970,SASARAM(SC),Bihar,BR,Aurangabad,BR_AURANGABAD,Block-4,Locality-4,7590000.0,7590000.0,2022-06-08,2022-07-03,2023-01-10,,Ongoing,27.8,AGENCY_0019,25.694952,85.691638,NORMAL
PRJ000971,Passenger Bus Waiting Shelter at Rajkot Block-1,BUS_SHELTER,DINESHBHAI MAKWANA,MP_00971,AHMEDABAD WEST(SC),Gujarat,GJ,Rajkot,GJ_RAJKOT,Block-1,Locality-1,6680000.0,6680000.0,2023-03-15,2023-04-03,2024-01-19,,Ongoing,35.4,AGENCY_0026,22.569514,71.906169,DUPLICATE_PAYMENT
PRJ000972,Covered Concrete Drain Network at Rajkot Block-2,DRAINAGE,DINESHBHAI MAKWANA,MP_00972,AHMEDABAD WEST(SC),Gujarat,GJ,Rajkot,GJ_RAJKOT,Block-2,Locality-2,6830000.0,6830000.0,2022-12-24,2023-02-07,2023-12-26,,Sanctioned,72.5,AGENCY_0027,21.555124,71.945028,NORMAL
PRJ000973,Village Auditorium & Public Address System at South Delhi Block-1,COMMUNITY_HALL,Praveen Khandelwal,MP_00973,CHANDINI CHOWK,Delhi,DL,South Delhi,DL_SOUTH_DELHI,Block-1,Locality-1,7870000.0,7870000.0,2022-07-05,2022-07-30,2023-05-14,,Ongoing,41.8,AGENCY_0046,28.248255,76.461068,COST_OVERRUN
PRJ000974,Flood Control Channel at North Delhi Block-2,DRAINAGE,Praveen Khandelwal,MP_00974,CHANDINI CHOWK,Delhi,DL,North Delhi,DL_NORTH_DELHI,Block-2,Locality-2,760000.0,760000.0,2023-07-21,2023-08-27,2024-03-13,2024-03-13,Completed,100.0,AGENCY_0048,28.270464,76.709414,NORMAL
PRJ000975,Multipurpose Community Hall at East Delhi Block-3,COMMUNITY_HALL,Praveen Khandelwal,MP_00975,CHANDINI CHOWK,Delhi,DL,East Delhi,DL_EAST_DELHI,Block-3,Locality-3,1310000.0,1310000.0,2023-10-02,2023-11-05,2024-07-22,,Ongoing,13.1,AGENCY_0046,28.974665,77.88706,FIN_PHYS_MISMATCH
PRJ000976,Village Bus Stand & Commuter Amenities at North Delhi Block-4,BUS_SHELTER,Praveen Khandelwal,MP_00976,CHANDINI CHOWK,Delhi,DL,North Delhi,DL_NORTH_DELHI,Block-4,Locality-4,3860000.0,3860000.0,2023-10-13,2023-11-17,2024-06-24,,Ongoing,15.3,AGENCY_0046,28.186798,77.556512,FIN_PHYS_MISMATCH
PRJ000977,RCC Underground Sewage Network at Patna Block-1,SANITATION,Shri Khiru Mahto (2022-28) (2022-2028),MP_00977,Bihar (RS),Bihar,BR,Patna,BR_PATNA,Block-1,Locality-1,3380000.0,3380000.0,2023-08-04,2023-09-04,2024-05-23,,Ongoing,45.1,AGENCY_0020,24.83466,85.860161,DUPLICATE_PAYMENT
PRJ000978,School Boundary Wall & Sanitation Block at Gaya Block-2,SCHOOL_INFRASTRUCTURE,Shri Khiru Mahto (2022-28) (2022-2028),MP_00978,Bihar (RS),Bihar,BR,Gaya,BR_GAYA,Block-2,Locality-2,4860000.0,4860000.0,2023-02-25,2023-04-09,2024-01-01,,Ongoing,58.1,AGENCY_0020,24.59071,85.665651,NORMAL
PRJ000979,Children Playground Equipment at Darbhanga Block-3 Park,SPORTS_FACILITY,Shri Khiru Mahto (2022-28) (2022-2028),MP_00979,Bihar (RS),Bihar,BR,Darbhanga,BR_DARBHANGA,Block-3,Locality-3,1380000.0,1380000.0,2022-10-23,2022-11-13,2023-07-31,,Ongoing,59.5,AGENCY_0018,25.222843,85.483195,NORMAL
PRJ000980,Modern Steel Bus Canopy at Nashik Block-1 Junction,BUS_SHELTER,BAJRANG MANOHAR SONWANE,MP_00980,BEED,Maharashtra,MH,Nashik,MH_NASHIK,Block-1,Locality-1,2970000.0,2970000.0,2022-06-03,2022-07-01,2023-04-04,,Ongoing,37.3,AGENCY_0002,18.952591,75.308572,NORMAL
PRJ000981,Indoor Sports Hall at Thane Block-2,SPORTS_FACILITY,BAJRANG MANOHAR SONWANE,MP_00981,BEED,Maharashtra,MH,Thane,MH_THANE,Block-2,Locality-2,4300000.0,4300000.0,2023-01-24,2023-02-13,2023-10-23,2023-10-23,Completed,100.0,AGENCY_0001,19.193138,76.360135,NORMAL
PRJ000982,Public Sanitation Complex at Thane Block-3 Bus Stand,PUBLIC_TOILET,BAJRANG MANOHAR SONWANE,MP_00982,BEED,Maharashtra,MH,Thane,MH_THANE,Block-3,Locality-3,7370000.0,7370000.0,2023-03-17,2023-04-17,2024-01-20,,Ongoing,32.2,AGENCY_0002,19.00552,76.150924,VENDOR_COLLUSION
PRJ000983,Borewell Drilling & Submersible Pump Supply at Nashik Block-4,WATER_SUPPLY,BAJRANG MANOHAR SONWANE,MP_00983,BEED,Maharashtra,MH,Nashik,MH_NASHIK,Block-4,Locality-4,7380000.0,7380000.0,2023-07-27,2023-08-14,2024-05-25,,Sanctioned,51.9,AGENCY_0001,20.43504,75.710057,NORMAL
PRJ000984,Multi-purpose Sports Ground Levelling at Aurangabad Block-1,SPORTS_FACILITY,Arvind Ganpat Sawant,MP_00984,MUMBAI SOUTH,Maharashtra,MH,Aurangabad,MH_AURANGABAD,Block-1,Locality-1,1030000.0,1030000.0,2022-12-04,2022-12-26,2022-06-17,,Ongoing,14.6,AGENCY_0004,19.049396,75.098425,PROJECT_DELAY
PRJ000985,Ambulance Purchase for Nashik Block-2 Health Centre,HEALTHCARE,Arvind Ganpat Sawant,MP_00985,MUMBAI SOUTH,Maharashtra,MH,Nashik,MH_NASHIK,Block-2,Locality-2,940000.0,940000.0,2022-08-05,2022-08-21,2023-06-26,,Sanctioned,43.1,AGENCY_0003,19.351226,76.161555,NORMAL
PRJ000986,Children Playground Equipment at Aurangabad Block-3 Park,SPORTS_FACILITY,Arvind Ganpat Sawant,MP_00986,MUMBAI SOUTH,Maharashtra,MH,Aurangabad,MH_AURANGABAD,Block-3,Locality-3,740000.0,740000.0,2022-09-20,2022-10-28,2023-07-25,,Ongoing,28.3,AGENCY_0002,20.479089,75.303785,DOCUMENT_MISMATCH
PRJ000987,Panchayat Bhawan Construction at Agra Block-1,COMMUNITY_HALL,RUCHI VIRA,MP_00987,MORADABAD,Uttar Pradesh,UP,Agra,UP_AGRA,Block-1,Locality-1,6650000.0,6650000.0,2023-10-26,2023-12-03,2024-09-26,,Ongoing,68.5,AGENCY_0012,26.466129,80.62857,NORMAL
PRJ000988,School Boundary Wall & Sanitation Block at Meerut Block-2,SCHOOL_INFRASTRUCTURE,RUCHI VIRA,MP_00988,MORADABAD,Uttar Pradesh,UP,Meerut,UP_MEERUT,Block-2,Locality-2,710000.0,710000.0,2023-04-01,2023-05-14,2024-01-25,,Ongoing,42.7,AGENCY_0010,27.04803,80.824143,NORMAL
PRJ000989,Village Bus Stand & Commuter Amenities at Allahabad Block-3,BUS_SHELTER,RUCHI VIRA,MP_00989,MORADABAD,Uttar Pradesh,UP,Allahabad,UP_ALLAHABAD,Block-3,Locality-3,1010000.0,1010000.0,2023-03-25,2023-04-09,2024-03-08,,Ongoing,38.5,AGENCY_0012,27.396417,81.345728,NORMAL
PRJ000990,Village Auditorium & Public Address System at Lucknow Block-4,COMMUNITY_HALL,RUCHI VIRA,MP_00990,MORADABAD,Uttar Pradesh,UP,Lucknow,UP_LUCKNOW,Block-4,Locality-4,520000.0,520000.0,2022-12-30,2023-01-20,2023-10-20,,Ongoing,69.4,AGENCY_0009,27.191488,80.15997,NORMAL
PRJ000991,Inter-village Link Road Construction at Tezpur Block-1,ROAD_CONSTRUCTION,Dilip Saikia,MP_00991,Darrang-Udalguri,Assam,AS,Tezpur,AS_TEZPUR,Block-1,Locality-1,3980000.0,3980000.0,2022-10-27,2022-12-07,2023-07-01,,Ongoing,55.1,AGENCY_0066,26.025827,92.171558,DOCUMENT_MISMATCH
PRJ000992,Ambulance Purchase for Dibrugarh Block-2 Health Centre,HEALTHCARE,Dilip Saikia,MP_00992,Darrang-Udalguri,Assam,AS,Dibrugarh,AS_DIBRUGARH,Block-2,Locality-2,2840000.0,2840000.0,2023-04-29,2022-05-19,2022-12-03,,Ongoing,3.8,AGENCY_0066,26.200318,92.243428,LOW_UTILIZATION
PRJ000993,Inter-village Link Road Construction at Mumbai Block-1,ROAD_CONSTRUCTION,Dr. Ajeet Madhavrao Gopchade (2024-30) (2024-2030),MP_00993,Maharashtra (RS),Maharashtra,MH,Mumbai,MH_MUMBAI,Block-1,Locality-1,4920000.0,4920000.0,2023-10-04,2023-10-24,2024-08-23,,Ongoing,21.7,AGENCY_0003,19.360518,74.927886,DOCUMENT_MISMATCH
PRJ000994,Panchayat Bhawan Construction at Nashik Block-2,COMMUNITY_HALL,Dr. Ajeet Madhavrao Gopchade (2024-30) (2024-2030),MP_00994,Maharashtra (RS),Maharashtra,MH,Nashik,MH_NASHIK,Block-2,Locality-2,3670000.0,3670000.0,2023-09-25,2023-10-10,2024-04-28,,Sanctioned,42.2,AGENCY_0001,19.148225,75.121198,NORMAL
PRJ000995,Bituminous Road Construction from Thane Block-3 to Panchayat HQ,ROAD_CONSTRUCTION,Dr. Ajeet Madhavrao Gopchade (2024-30) (2024-2030),MP_00995,Maharashtra (RS),Maharashtra,MH,Thane,MH_THANE,Block-3,Locality-3,710000.0,710000.0,2022-04-23,2022-05-26,2022-12-31,,Sanctioned,66.7,AGENCY_0002,19.030757,76.444784,NORMAL
PRJ000996,Borewell Drilling & Submersible Pump Supply at Kurnool Block-1,WATER_SUPPLY,Y S Avinash Reddy,MP_00996,KADAPA,Andhra Pradesh,AP,Kurnool,AP_KURNOOL,Block-1,Locality-1,4230000.0,4230000.0,2022-04-16,2022-05-03,2022-12-20,,Ongoing,30.3,AGENCY_0053,15.892686,79.72047,DUPLICATE_PAYMENT
PRJ000997,Modern Steel Bus Canopy at Visakhapatnam Block-2 Junction,BUS_SHELTER,Y S Avinash Reddy,MP_00997,KADAPA,Andhra Pradesh,AP,Visakhapatnam,AP_VISAKHAPATNAM,Block-2,Locality-2,4230000.0,4230000.0,2023-04-03,2023-04-24,2022-09-05,,Ongoing,19.1,AGENCY_0055,16.607131,78.984168,PROJECT_DELAY
PRJ000998,Digital Smart Classroom & IT Lab Setup at Visakhapatnam Block-3,SCHOOL_INFRASTRUCTURE,Y S Avinash Reddy,MP_00998,KADAPA,Andhra Pradesh,AP,Visakhapatnam,AP_VISAKHAPATNAM,Block-3,Locality-3,7180000.0,7180000.0,2023-07-23,2023-08-28,2024-05-14,,Ongoing,38.2,AGENCY_0053,16.706512,79.810759,NORMAL
PRJ000999,Modern Steel Bus Canopy at Nellore Block-4 Junction,BUS_SHELTER,Y S Avinash Reddy,MP_00999,KADAPA,Andhra Pradesh,AP,Nellore,AP_NELLORE,Block-4,Locality-4,7300000.0,7300000.0,2023-06-19,2023-08-01,2024-02-11,,Ongoing,12.0,AGENCY_0054,16.645186,79.804131,FIN_PHYS_MISMATCH
PRJ001000,Village Auditorium & Public Address System at Visakhapatnam Block-5,COMMUNITY_HALL,Y S Avinash Reddy,MP_01000,KADAPA,Andhra Pradesh,AP,Visakhapatnam,AP_VISAKHAPATNAM,Block-5,Locality-5,5480000.0,5480000.0,2022-09-21,2022-11-01,2023-09-17,2023-09-17,Completed,100.0,AGENCY_0054,16.13407,79.457601,NORMAL
PRJ001001,Panchayat Bhawan Construction at Aurangabad Block-1,COMMUNITY_HALL,BHUMARE SANDIPANRAO ASARAM,MP_01001,AURANGABAD_MH,Maharashtra,MH,Aurangabad,MH_AURANGABAD,Block-1,Locality-1,1660000.0,1660000.0,2022-11-07,2022-12-11,2023-12-09,,Ongoing,48.0,AGENCY_0002,19.010455,75.416659,VENDOR_COLLUSION
PRJ001002,Bituminous Road Construction from Aurangabad Block-2 to Panchayat HQ,ROAD_CONSTRUCTION,BHUMARE SANDIPANRAO ASARAM,MP_01002,AURANGABAD_MH,Maharashtra,MH,Aurangabad,MH_AURANGABAD,Block-2,Locality-2,4430000.0,4430000.0,2022-08-10,2022-09-18,2023-09-18,,Ongoing,38.1,AGENCY_0003,20.538961,75.437262,NORMAL
PRJ001003,Children Playground Equipment at Pune Block-3 Park,SPORTS_FACILITY,BHUMARE SANDIPANRAO ASARAM,MP_01003,AURANGABAD_MH,Maharashtra,MH,Pune,MH_PUNE,Block-3,Locality-3,7360000.0,7360000.0,2022-08-10,2022-08-31,2023-07-20,2023-07-20,Completed,100.0,AGENCY_0003,19.802527,75.52994,NORMAL
PRJ001004,Storm Water Drain Construction at Pune Block-4,DRAINAGE,BHUMARE SANDIPANRAO ASARAM,MP_01004,AURANGABAD_MH,Maharashtra,MH,Pune,MH_PUNE,Block-4,Locality-4,4810000.0,4810000.0,2022-07-30,2022-09-01,2023-06-06,,Ongoing,39.3,AGENCY_0004,20.332891,76.026405,NORMAL
PRJ001005,Concrete Village Connecting Road at Pune Block-5,ROAD_CONSTRUCTION,BHUMARE SANDIPANRAO ASARAM,MP_01005,AURANGABAD_MH,Maharashtra,MH,Pune,MH_PUNE,Block-5,Locality-5,4140000.0,4140000.0,2022-11-10,2022-12-12,2023-10-19,2023-10-19,Completed,100.0,AGENCY_0001,20.265703,74.980981,NORMAL
PRJ001006,Children Playground Equipment at Varanasi Block-1 Park,SPORTS_FACILITY,Ashok Kumar Rawat,MP_01006,MISRIKH(SC),Uttar Pradesh,UP,Varanasi,UP_VARANASI,Block-1,Locality-1,6550000.0,6550000.0,2023-07-13,2023-08-20,2024-05-07,,Ongoing,51.3,AGENCY_0011,26.959874,80.354105,NORMAL
PRJ001007,Medical Equipment Procurement for Agra Block-2 PHC,HEALTHCARE,Ashok Kumar Rawat,MP_01007,MISRIKH(SC),Uttar Pradesh,UP,Agra,UP_AGRA,Block-2,Locality-2,1630000.0,1630000.0,2023-01-02,2023-02-09,2023-12-17,2023-12-17,Completed,100.0,AGENCY_0009,26.472597,80.828489,NORMAL
PRJ001008,Construction of Additional Classrooms at Meerut Block-3 Government School,SCHOOL_INFRASTRUCTURE,Ashok Kumar Rawat,MP_01008,MISRIKH(SC),Uttar Pradesh,UP,Meerut,UP_MEERUT,Block-3,Locality-3,930000.0,930000.0,2023-04-16,2022-06-16,2023-03-01,,Ongoing,2.5,AGENCY_0010,26.348746,81.292811,LOW_UTILIZATION
PRJ001009,Multipurpose Community Hall at Allahabad Block-4,COMMUNITY_HALL,Ashok Kumar Rawat,MP_01009,MISRIKH(SC),Uttar Pradesh,UP,Allahabad,UP_ALLAHABAD,Block-4,Locality-4,7930000.0,7930000.0,2022-04-24,2022-05-14,2022-12-21,,Ongoing,45.0,AGENCY_0010,26.093567,80.484541,COST_OVERRUN
PRJ001010,Borewell Drilling & Submersible Pump Supply at Kanpur Block-1,WATER_SUPPLY,PUSHPENDRA SAROJ,MP_01010,KAUSHAMBI(SC),Uttar Pradesh,UP,Kanpur,UP_KANPUR,Block-1,Locality-1,7070000.0,7070000.0,2023-05-12,2023-05-27,2024-03-17,,Ongoing,44.8,AGENCY_0010,27.299861,80.159515,COST_OVERRUN
PRJ001011,Village Bus Stand & Commuter Amenities at Lucknow Block-2,BUS_SHELTER,PUSHPENDRA SAROJ,MP_01011,KAUSHAMBI(SC),Uttar Pradesh,UP,Lucknow,UP_LUCKNOW,Block-2,Locality-2,6640000.0,6640000.0,2023-10-16,2022-06-23,2022-12-25,,Ongoing,1.5,AGENCY_0010,26.743437,81.685895,LOW_UTILIZATION
PRJ001012,Market Public Toilet Unit at Agra Block-3,PUBLIC_TOILET,PUSHPENDRA SAROJ,MP_01012,KAUSHAMBI(SC),Uttar Pradesh,UP,Agra,UP_AGRA,Block-3,Locality-3,1900000.0,1900000.0,2022-04-08,2022-04-26,2022-10-28,,Ongoing,26.8,AGENCY_0012,27.102043,80.300973,DOCUMENT_MISMATCH
PRJ001013,Road Widening & Strengthening at Lucknow Block-4,ROAD_REPAIR,PUSHPENDRA SAROJ,MP_01013,KAUSHAMBI(SC),Uttar Pradesh,UP,Lucknow,UP_LUCKNOW,Block-4,Locality-4,7810000.0,7810000.0,2022-04-28,2022-06-05,2023-02-11,,Ongoing,1.4,AGENCY_0009,26.858838,80.819187,LOW_UTILIZATION
PRJ001014,Bridge Deck Repair & Railing at Allahabad Block-5,ROAD_REPAIR,PUSHPENDRA SAROJ,MP_01014,KAUSHAMBI(SC),Uttar Pradesh,UP,Allahabad,UP_ALLAHABAD,Block-5,Locality-5,2590000.0,2590000.0,2023-01-18,2023-03-02,2023-10-22,,Ongoing,45.4,AGENCY_0009,26.985369,80.458913,DOCUMENT_MISMATCH
PRJ001015,Footbridge for Villagers at Lucknow Block-1,BRIDGE,ANAND KUMAR,MP_01015,BAHRAICH(SC),Uttar Pradesh,UP,Lucknow,UP_LUCKNOW,Block-1,Locality-1,1590000.0,1590000.0,2023-05-12,2023-06-14,2024-04-26,2024-04-26,Completed,100.0,AGENCY_0009,27.269636,80.713141,NORMAL
PRJ001016,Solar Micro-Grid for Agra Block-2 Village Power Supply,SOLAR_ENERGY,ANAND KUMAR,MP_01016,BAHRAICH(SC),Uttar Pradesh,UP,Agra,UP_AGRA,Block-2,Locality-2,6310000.0,6310000.0,2022-09-28,2022-10-20,2023-04-28,,Ongoing,15.9,AGENCY_0010,26.52163,81.211493,FIN_PHYS_MISMATCH
PRJ001017,Indoor Sports Hall at Lucknow Block-3,SPORTS_FACILITY,ANAND KUMAR,MP_01017,BAHRAICH(SC),Uttar Pradesh,UP,Lucknow,UP_LUCKNOW,Block-3,Locality-3,1270000.0,1270000.0,2023-03-15,2023-03-30,2024-01-10,,Sanctioned,80.1,AGENCY_0012,27.265068,81.289681,NORMAL
PRJ001018,Rooftop Solar Panel Installation at Varanasi Block-4 Government Building,SOLAR_ENERGY,ANAND KUMAR,MP_01018,BAHRAICH(SC),Uttar Pradesh,UP,Varanasi,UP_VARANASI,Block-4,Locality-4,4680000.0,4680000.0,2023-03-30,2023-04-16,2023-12-19,,Ongoing,62.7,AGENCY_0009,27.361733,80.233025,NORMAL
PRJ001019,Borewell Drilling & Submersible Pump Supply at Nagaon Block-1,WATER_SUPPLY,RANJIT DUTTA,MP_01019,Sonitpur,Assam,AS,Nagaon,AS_NAGAON,Block-1,Locality-1,4380000.0,4380000.0,2022-06-15,2022-07-28,2023-03-09,,Sanctioned,46.0,AGENCY_0066,25.637286,92.453144,NORMAL
PRJ001020,Construction of Additional Classrooms at Guwahati Block-2 Government School,SCHOOL_INFRASTRUCTURE,RANJIT DUTTA,MP_01020,Sonitpur,Assam,AS,Guwahati,AS_GUWAHATI,Block-2,Locality-2,4540000.0,4540000.0,2022-10-15,2022-11-06,2023-07-25,2023-07-25,Completed,100.0,AGENCY_0066,26.412302,92.595265,NORMAL
PRJ001021,Multi-purpose Sports Ground Levelling at Bhavnagar Block-1,SPORTS_FACILITY,GENIBEN NAGAJI THAKOR,MP_01021,BANASKANTHA,Gujarat,GJ,Bhavnagar,GJ_BHAVNAGAR,Block-1,Locality-1,7730000.0,7730000.0,2022-06-05,2022-07-19,2023-03-20,,Ongoing,56.7,AGENCY_0026,21.576306,70.761872,DUPLICATE_PAYMENT
PRJ001022,Rooftop Solar Panel Installation at Ahmedabad Block-2 Government Building,SOLAR_ENERGY,GENIBEN NAGAJI THAKOR,MP_01022,BANASKANTHA,Gujarat,GJ,Ahmedabad,GJ_AHMEDABAD,Block-2,Locality-2,3670000.0,3670000.0,2023-02-23,2023-03-16,2023-12-11,,Sanctioned,84.7,AGENCY_0027,21.509312,71.076222,NORMAL
PRJ001023,Inter-village Link Road Construction at Rajkot Block-3,ROAD_CONSTRUCTION,GENIBEN NAGAJI THAKOR,MP_01023,BANASKANTHA,Gujarat,GJ,Rajkot,GJ_RAJKOT,Block-3,Locality-3,7940000.0,7940000.0,2023-08-02,2023-09-10,2024-08-31,,Ongoing,31.6,AGENCY_0025,23.052716,70.66733,NORMAL
PRJ001024,Indoor Sports Hall at Bhagalpur Block-1,SPORTS_FACILITY,RAJESH VERMA,MP_01024,KHAGARIA,Bihar,BR,Bhagalpur,BR_BHAGALPUR,Block-1,Locality-1,4930000.0,4930000.0,2022-08-14,2022-09-02,2023-03-28,,Ongoing,37.3,AGENCY_0020,24.816567,84.792263,NORMAL
PRJ001025,Solid Waste Processing Plant at Patna Block-2,SANITATION,RAJESH VERMA,MP_01025,KHAGARIA,Bihar,BR,Patna,BR_PATNA,Block-2,Locality-2,7640000.0,7640000.0,2022-04-09,2022-05-02,2022-11-02,,Ongoing,35.3,AGENCY_0020,25.19005,84.908066,DUPLICATE_PAYMENT
PRJ001026,Solar Micro-Grid for Pune Block-1 Village Power Supply,SOLAR_ENERGY,Sanjay Haribhau Jadhav,MP_01026,PARBHANI,Maharashtra,MH,Pune,MH_PUNE,Block-1,Locality-1,6990000.0,6990000.0,2023-09-15,2023-10-29,2024-05-02,,Ongoing,20.6,AGENCY_0004,19.843898,76.214719,NORMAL
PRJ001027,Community Toilet Complex at Mumbai Block-2 Market Area,SANITATION,Sanjay Haribhau Jadhav,MP_01027,PARBHANI,Maharashtra,MH,Mumbai,MH_MUMBAI,Block-2,Locality-2,5350000.0,5350000.0,2023-04-04,2023-04-27,2022-07-09,,Ongoing,15.3,AGENCY_0001,19.370438,75.039247,PROJECT_DELAY
PRJ001028,Medical Equipment Procurement for Nashik Block-3 PHC,HEALTHCARE,Sanjay Haribhau Jadhav,MP_01028,PARBHANI,Maharashtra,MH,Nashik,MH_NASHIK,Block-3,Locality-3,5130000.0,5130000.0,2023-08-10,2023-09-03,2022-09-28,,Ongoing,29.8,AGENCY_0003,19.338697,76.252362,PROJECT_DELAY
PRJ001029,Borewell Drilling & Submersible Pump Supply at Nagpur Block-4,WATER_SUPPLY,Sanjay Haribhau Jadhav,MP_01029,PARBHANI,Maharashtra,MH,Nagpur,MH_NAGPUR,Block-4,Locality-4,6750000.0,6750000.0,2022-06-16,2022-07-01,2023-05-04,,Ongoing,61.3,AGENCY_0001,19.885544,75.887347,NORMAL
PRJ001030,Modern Steel Bus Canopy at Kota Block-1 Junction,BUS_SHELTER,Shri Ghanshyam Tiwari (2022-28) (2022-2028),MP_01030,Rajasthan (RS),Rajasthan,RJ,Kota,RJ_KOTA,Block-1,Locality-1,6700000.0,6700000.0,2022-05-10,2022-06-11,2023-04-22,,Ongoing,37.1,AGENCY_0032,26.663389,74.95876,NORMAL
PRJ001031,Children Playground Equipment at Jaipur Block-2 Park,SPORTS_FACILITY,Shri Ghanshyam Tiwari (2022-28) (2022-2028),MP_01031,Rajasthan (RS),Rajasthan,RJ,Jaipur,RJ_JAIPUR,Block-2,Locality-2,3310000.0,3310000.0,2022-06-24,2022-07-16,2023-02-10,,Ongoing,8.7,AGENCY_0030,27.118975,73.997802,FIN_PHYS_MISMATCH
PRJ001032,Rooftop Solar Panel Installation at Bikaner Block-3 Government Building,SOLAR_ENERGY,Shri Ghanshyam Tiwari (2022-28) (2022-2028),MP_01032,Rajasthan (RS),Rajasthan,RJ,Bikaner,RJ_BIKANER,Block-3,Locality-3,7910000.0,7910000.0,2022-11-05,2022-12-07,2023-09-24,,Ongoing,9.8,AGENCY_0030,27.678358,74.959482,FIN_PHYS_MISMATCH
PRJ001033,Panchayat Bhawan Construction at Kota Block-4,COMMUNITY_HALL,Shri Ghanshyam Tiwari (2022-28) (2022-2028),MP_01033,Rajasthan (RS),Rajasthan,RJ,Kota,RJ_KOTA,Block-4,Locality-4,7860000.0,7860000.0,2022-12-20,2023-01-20,2023-07-19,,Ongoing,18.4,AGENCY_0030,27.725776,74.270139,FIN_PHYS_MISMATCH
PRJ001034,Multipurpose Community Hall at Jodhpur Block-5,COMMUNITY_HALL,Shri Ghanshyam Tiwari (2022-28) (2022-2028),MP_01034,Rajasthan (RS),Rajasthan,RJ,Jodhpur,RJ_JODHPUR,Block-5,Locality-5,2800000.0,2800000.0,2022-09-02,2022-10-08,2023-09-28,,Sanctioned,59.3,AGENCY_0030,26.55559,74.311007,NORMAL
